accident_date,發生日期,發生年度,發生月份,發生時間,事故類別名稱,處理單位名稱警局層,發生地點,天候名稱,光線名稱,道路類別-第1當事者-名稱,速限-第1當事者,道路型態大類別名稱,道路型態子類別名稱,事故位置大類別名稱,事故位置子類別名稱,路面狀況-路面鋪裝名稱,路面狀況-路面狀態名稱,路面狀況-路面缺陷名稱,道路障礙-障礙物名稱,道路障礙-視距品質名稱,道路障礙-視距名稱,號誌-號誌種類名稱,號誌-號誌動作名稱,車道劃分設施-分向設施大類別名稱,車道劃分設施-分向設施子類別名稱,車道劃分設施-分道設施-快車道或一般車道間名稱,車道劃分設施-分道設施-快慢車道間名稱,車道劃分設施-分道設施-路面邊線名稱,事故類型及型態大類別名稱,事故類型及型態子類別名稱,肇因研判大類別名稱-主要,肇因研判子類別名稱-主要,死亡受傷人數,當事者順位,當事者區分-類別-大類別名稱-車種,當事者區分-類別-子類別名稱-車種,當事者屬-性-別名稱,當事者事故發生時年齡,保護裝備名稱,行動電話或電腦或其他相類功能裝置名稱,當事者行動狀態大類別名稱,當事者行動狀態子類別名稱,車輛撞擊部位大類別名稱-最初,車輛撞擊部位子類別名稱-最初,車輛撞擊部位大類別名稱-其他,車輛撞擊部位子類別名稱-其他,肇因研判大類別名稱-個別,肇因研判子類別名稱-個別,肇事逃逸類別名稱-是否肇逃,經度,緯度
20230110,20230110,2023,1,051700,A1,嘉義縣警察局,嘉義縣溪口鄉妙崙村嘉91線1.55公里處,晴,夜間(或隧道、地下道、涵洞)有照明,鄉道,50,單路部分,彎曲路及附近,路段,快車道,柏油,乾燥,無缺陷,無障礙物,良好,良好,無號誌,無號誌,雙向禁止超車線,無標記,未繪設車道線,快慢車道分隔線,有,人與汽(機)車,穿越道路中,行人(或乘客),未依規定行走行人穿越道、地下道、天橋而穿越道路,死亡1;受傷0,1,人,行人,女,78,其他(無需使用保護裝備之人),非駕駛人,人的狀態,步行,其他,非汽(機)車,NA,NA,行人(或乘客),未依規定行走行人穿越道、地下道、天橋而穿越道路,否,120.403941,23.590629
20230110,20230110,2023,1,051700,A1,嘉義縣警察局,嘉義縣溪口鄉妙崙村嘉91線1.55公里處,晴,夜間(或隧道、地下道、涵洞)有照明,鄉道,50,單路部分,彎曲路及附近,路段,快車道,柏油,乾燥,無缺陷,無障礙物,良好,良好,無號誌,無號誌,雙向禁止超車線,無標記,未繪設車道線,快慢車道分隔線,有,人與汽(機)車,穿越道路中,行人(或乘客),未依規定行走行人穿越道、地下道、天橋而穿越道路,死亡1;受傷0,2,小貨車(含客、貨兩用),自用,女,59,戴安全帽或繫安全帶(使用幼童安全椅),未使用,車的狀態,向前直行中,汽車,前車頭,NA,NA,駕駛人,未注意車前狀態,否,120.403941,23.590629
20230110,20230110,2023,1,072000,A1,桃園市政府警察局,桃園市楊梅區金溪路209巷口附近50公尺處),晴,日間自然光線,村里道路,50,單路部分,直路,路段,一般車道(未劃分快慢車道),柏油,乾燥,無缺陷,無障礙物,良好,良好,無號誌,無號誌,行車分向線,無標記,車道線(無標記),未繪設快慢車道分隔線,有,人與汽(機)車,穿越道路中,駕駛人,未注意車前狀態,死亡1;受傷0,1,小客車,自用,男,38,戴安全帽或繫安全帶(使用幼童安全椅),未使用,車的狀態,向前直行中,汽車,前車頭,NA,NA,駕駛人,未注意車前狀態,否,121.172669,24.901374
20230110,20230110,2023,1,072000,A1,桃園市政府警察局,桃園市楊梅區金溪路209巷口附近50公尺處),晴,日間自然光線,村里道路,50,單路部分,直路,路段,一般車道(未劃分快慢車道),柏油,乾燥,無缺陷,無障礙物,良好,良好,無號誌,無號誌,行車分向線,無標記,車道線(無標記),未繪設快慢車道分隔線,有,人與汽(機)車,穿越道路中,駕駛人,未注意車前狀態,死亡1;受傷0,2,人,行人,男,66,其他(無需使用保護裝備之人),非駕駛人,人的狀態,步行,其他,非汽(機)車,NA,NA,行人(或乘客),穿越道路未注意左右來車,否,121.172669,24.901374
20230110,20230110,2023,1,094200,A1,雲林縣警察局,雲林縣大埤鄉大德村前寮25北6西6電桿附近的產業道路,晴,日間自然光線,村里道路,30,單路部分,直路,路段,一般車道(未劃分快慢車道),柏油,乾燥,無缺陷,無障礙物,良好,良好,無號誌,無號誌,無,無分向設施,未繪設車道線,未繪設快慢車道分隔線,有,汽(機)車本身,其他,其他,不明原因肇事,死亡1;受傷0,1,慢車,腳踏自行車,女,73,戴安全帽或繫安全帶(使用幼童安全椅),未使用,車的狀態,向前直行中,其他,非汽(機)車,NA,NA,其他,不明原因肇事,否,120.4144,23.627414
20230110,20230110,2023,1,094200,A1,雲林縣警察局,雲林縣大埤鄉大德村前寮25北6西6電桿附近的產業道路,晴,日間自然光線,村里道路,30,單路部分,直路,路段,一般車道(未劃分快慢車道),柏油,乾燥,無缺陷,無障礙物,良好,良好,無號誌,無號誌,無,無分向設施,未繪設車道線,未繪設快慢車道分隔線,有,汽(機)車本身,其他,其他,不明原因肇事,死亡1;受傷0,2,NA,NA,無或物(動物、堆置物),-1,NA,NA,NA,NA,NA,NA,NA,NA,無(非車輛駕駛人因素),尚未發現肇事因素,否,120.4144,23.627414
20230110,20230110,2023,1,143800,A1,臺南市政府警察局,臺南市龍崎區縣182線 27公里500.0公尺處北側向外側,晴,日間自然光線,縣道,50,單路部分,彎曲路及附近,路段,一般車道(未劃分快慢車道),柏油,乾燥,無缺陷,無障礙物,不良,彎道,無號誌,無號誌,中央分向島,寛式(50公分以上),車道線(無標記),未繪設快慢車道分隔線,有,車與車,追撞,駕駛人,未保持行車安全距離,死亡1;受傷0,1,機車,普通重型,男,21,戴安全帽或繫安全帶(使用幼童安全椅),未使用,車的狀態,向前直行中,機車,前車頭,機車,左側車身,駕駛人,未保持行車安全距離,否,120.421825,22.935814
20230110,20230110,2023,1,143800,A1,臺南市政府警察局,臺南市龍崎區縣182線 27公里500.0公尺處北側向外側,晴,日間自然光線,縣道,50,單路部分,彎曲路及附近,路段,一般車道(未劃分快慢車道),柏油,乾燥,無缺陷,無障礙物,不良,彎道,無號誌,無號誌,中央分向島,寛式(50公分以上),車道線(無標記),未繪設快慢車道分隔線,有,車與車,追撞,駕駛人,未保持行車安全距離,死亡1;受傷0,2,大貨車,營業用,男,39,戴安全帽或繫安全帶(使用幼童安全椅),未使用,車的狀態,向前直行中,汽車,後車尾,NA,NA,無(車輛駕駛人因素),尚未發現肇事因素,否,120.421825,22.935814
20230110,20230110,2023,1,145500,A1,臺南市政府警察局,臺南市北區忠義路三段50號,晴,日間自然光線,市區道路,50,單路部分,直路,路段,快車道,柏油,乾燥,無缺陷,無障礙物,良好,良好,無號誌,無號誌,中央分向島,窄式無柵欄,車道線(無標記),快慢車道分隔線,有,車與車,同向擦撞,駕駛人,未注意車前狀態,死亡1;受傷0,1,機車,普通重型,男,55,戴安全帽或繫安全帶(使用幼童安全椅),未使用,車的狀態,向前直行中,機車,前車頭,NA,NA,駕駛人,未注意車前狀態,否,120.205427,22.999741
20230110,20230110,2023,1,145500,A1,臺南市政府警察局,臺南市北區忠義路三段50號,晴,日間自然光線,市區道路,50,單路部分,直路,路段,快車道,柏油,乾燥,無缺陷,無障礙物,良好,良好,無號誌,無號誌,中央分向島,窄式無柵欄,車道線(無標記),快慢車道分隔線,有,車與車,同向擦撞,駕駛人,未注意車前狀態,死亡1;受傷0,2,小客車,計程車,女,54,戴安全帽或繫安全帶(使用幼童安全椅),未使用,車的狀態,迴轉或橫越道路中,汽車,左後車尾(身),NA,NA,其他,其他引起事故之違規或不當行為,否,120.205427,22.999741
20230110,20230110,2023,1,221900,A1,彰化縣警察局,彰化縣彰化市平和里線東路1段 / 彰化縣彰化市平和里環河街,陰,夜間(或隧道、地下道、涵洞)有照明,市區道路,60,交岔路,四岔路,交叉路口,交叉路口內,柏油,乾燥,無缺陷,無障礙物,良好,良好,行車管制號誌,正常,行車分向線,無標記,車道線(無標記),快慢車道分隔線,有,人與汽(機)車,穿越道路中,行人(或乘客),未依規定行走行人穿越道、地下道、天橋而穿越道路,死亡1;受傷0,1,人,行人,女,61,其他(無需使用保護裝備之人),非駕駛人,人的狀態,奔跑,其他,非汽(機)車,NA,NA,行人(或乘客),未依規定行走行人穿越道、地下道、天橋而穿越道路,否,120.517818,24.068971
20230110,20230110,2023,1,221900,A1,彰化縣警察局,彰化縣彰化市平和里線東路1段 / 彰化縣彰化市平和里環河街,陰,夜間(或隧道、地下道、涵洞)有照明,市區道路,60,交岔路,四岔路,交叉路口,交叉路口內,柏油,乾燥,無缺陷,無障礙物,良好,良好,行車管制號誌,正常,行車分向線,無標記,車道線(無標記),快慢車道分隔線,有,人與汽(機)車,穿越道路中,行人(或乘客),未依規定行走行人穿越道、地下道、天橋而穿越道路,死亡1;受傷0,2,小客車,自用,男,22,戴安全帽或繫安全帶(使用幼童安全椅),未使用,車的狀態,向前直行中,汽車,左前車頭(身),NA,NA,駕駛人,未注意車前狀態,否,120.517818,24.068971
20230110,20230110,2023,1,230600,A1,南投縣政府警察局,南投縣水里鄉台16線 28公里附近,晴,夜間(或隧道、地下道、涵洞)有照明,省道,30,單路部分,直路,路段,一般車道(未劃分快慢車道),柏油,乾燥,無缺陷,無障礙物,良好,良好,無號誌,無號誌,行車分向線,無標記,未繪設車道線,未繪設快慢車道分隔線,有,汽(機)車本身,撞路樹、電桿,其他,不明原因肇事,死亡1;受傷0,1,機車,普通重型,男,69,未戴案全帽或未繫安全帶(未使用幼童安全椅),未使用,車的狀態,向前直行中,機車,前車頭,NA,NA,其他,不明原因肇事,否,120.931634,23.79066
20230110,20230110,2023,1,230600,A1,南投縣政府警察局,南投縣水里鄉台16線 28公里附近,晴,夜間(或隧道、地下道、涵洞)有照明,省道,30,單路部分,直路,路段,一般車道(未劃分快慢車道),柏油,乾燥,無缺陷,無障礙物,良好,良好,無號誌,無號誌,行車分向線,無標記,未繪設車道線,未繪設快慢車道分隔線,有,汽(機)車本身,撞路樹、電桿,其他,不明原因肇事,死亡1;受傷0,2,NA,NA,無或物(動物、堆置物),-1,NA,NA,NA,NA,NA,NA,NA,NA,無(非車輛駕駛人因素),尚未發現肇事因素,否,120.931634,23.79066
20230110,20230110,2023,1,230800,A1,南投縣政府警察局,南投縣埔里鎮西安路一段555巷15號附近,晴,夜間(或隧道、地下道、涵洞)有照明,市區道路,50,單路部分,直路,路段,一般車道(未劃分快慢車道),柏油,乾燥,無缺陷,無障礙物,良好,良好,無號誌,無號誌,無,無分向設施,車道線(無標記),未繪設快慢車道分隔線,有,汽(機)車本身,衝出路外,其他,不明原因肇事,死亡1;受傷0,1,其他車,拼裝車,男,38,不明,不明,人的狀態,不明,其他,不明,NA,NA,其他,不明原因肇事,否,120.962972,23.98915
20230110,20230110,2023,1,230800,A1,南投縣政府警察局,南投縣埔里鎮西安路一段555巷15號附近,晴,夜間(或隧道、地下道、涵洞)有照明,市區道路,50,單路部分,直路,路段,一般車道(未劃分快慢車道),柏油,乾燥,無缺陷,無障礙物,良好,良好,無號誌,無號誌,無,無分向設施,車道線(無標記),未繪設快慢車道分隔線,有,汽(機)車本身,衝出路外,其他,不明原因肇事,死亡1;受傷0,2,NA,NA,無或物(動物、堆置物),-1,NA,NA,NA,NA,NA,NA,NA,NA,無(非車輛駕駛人因素),尚未發現肇事因素,否,120.962972,23.98915
20230111,20230111,2023,1,052800,A1,臺北市政府警察局,臺北市北投區中央北路3段72號前0.0公尺,陰,夜間(或隧道、地下道、涵洞)有照明,市區道路,50,單路部分,直路,路段,一般車道(未劃分快慢車道),柏油,乾燥,無缺陷,無障礙物,良好,良好,無號誌,無號誌,雙向禁止超車線,附標記,車道線(無標記),未繪設快慢車道分隔線,無,人與汽(機)車,穿越道路中,行人(或乘客),未依規定行走行人穿越道、地下道、天橋而穿越道路,死亡1;受傷1,1,人,行人,女,85,其他(無需使用保護裝備之人),非駕駛人,人的狀態,步行,其他,非汽(機)車,其他,非汽(機)車,行人(或乘客),未依規定行走行人穿越道、地下道、天橋而穿越道路,否,121.484736,25.138029
20230111,20230111,2023,1,052800,A1,臺北市政府警察局,臺北市北投區中央北路3段72號前0.0公尺,陰,夜間(或隧道、地下道、涵洞)有照明,市區道路,50,單路部分,直路,路段,一般車道(未劃分快慢車道),柏油,乾燥,無缺陷,無障礙物,良好,良好,無號誌,無號誌,雙向禁止超車線,附標記,車道線(無標記),未繪設快慢車道分隔線,無,人與汽(機)車,穿越道路中,行人(或乘客),未依規定行走行人穿越道、地下道、天橋而穿越道路,死亡1;受傷1,2,機車,普通重型,男,81,戴安全帽或繫安全帶(使用幼童安全椅),未使用,車的狀態,向前直行中,機車,前車頭,機車,前車頭,駕駛人,未注意車前狀態,否,121.484736,25.138029
20230111,20230111,2023,1,075900,A1,彰化縣警察局,彰化縣鹿港鎮溝墘里棋盤巷96號前0.0公尺,陰,日間自然光線,村里道路,50,交岔路,四岔路,交叉路口,交叉路口內,柏油,乾燥,無缺陷,無障礙物,不良,坡道,閃光號誌,正常,雙向禁止超車線,無標記,未繪設車道線,未繪設快慢車道分隔線,有,車與車,路口交岔撞,駕駛人,未依規定讓車,死亡1;受傷0,1,小貨車(含客、貨兩用),自用,男,40,不明,不明,車的狀態,向前直行中,汽車,前車頭,NA,NA,駕駛人,未依規定讓車,否,120.480328,24.069852
20230111,20230111,2023,1,075900,A1,彰化縣警察局,彰化縣鹿港鎮溝墘里棋盤巷96號前0.0公尺,陰,日間自然光線,村里道路,50,交岔路,四岔路,交叉路口,交叉路口內,柏油,乾燥,無缺陷,無障礙物,不良,坡道,閃光號誌,正常,雙向禁止超車線,無標記,未繪設車道線,未繪設快慢車道分隔線,有,車與車,路口交岔撞,駕駛人,未依規定讓車,死亡1;受傷0,2,機車,普通重型,男,27,戴安全帽或繫安全帶(使用幼童安全椅),不明,車的狀態,向前直行中,機車,右側車身,NA,NA,駕駛人,未依規定減速,否,120.480328,24.069852
20230111,20230111,2023,1,153031,A1,臺南市政府警察局,臺南市後壁區竹新里段產業道路〈營竹高幹52右7C1A5往西約250公尺處路口〉,晴,日間自然光線,市區道路,30,交岔路,三岔路,交叉路口,交叉路口內,柏油,乾燥,無缺陷,無障礙物,良好,良好,無號誌,無號誌,無,無分向設施,未繪設車道線,未繪設快慢車道分隔線,無,車與車,側撞,駕駛人,未依規定讓車,死亡1;受傷0,1,機車,普通重型,男,87,戴安全帽或繫安全帶(使用幼童安全椅),未使用,車的狀態,左轉彎,機車,前車頭,機車,前車頭,駕駛人,未依規定讓車,否,120.315288,23.335885
20230111,20230111,2023,1,153031,A1,臺南市政府警察局,臺南市後壁區竹新里段產業道路〈營竹高幹52右7C1A5往西約250公尺處路口〉,晴,日間自然光線,市區道路,30,交岔路,三岔路,交叉路口,交叉路口內,柏油,乾燥,無缺陷,無障礙物,良好,良好,無號誌,無號誌,無,無分向設施,未繪設車道線,未繪設快慢車道分隔線,無,車與車,側撞,駕駛人,未依規定讓車,死亡1;受傷0,2,小客車,自用,男,32,戴安全帽或繫安全帶(使用幼童安全椅),使用免持或未有礙駕駛安全,車的狀態,向前直行中,汽車,前車頭,汽車,前車頭,駕駛人,未依規定減速,否,120.315288,23.335885
20230111,20230111,2023,1,155600,A1,桃園市政府警察局,桃園市大溪區介壽路口 / 桃園市大溪區介壽路口,晴,日間自然光線,市區道路,50,交岔路,三岔路,交叉路口,交叉口附近,柏油,乾燥,無缺陷,無障礙物,良好,良好,無號誌,無號誌,無,無分向設施,未繪設車道線,未繪設快慢車道分隔線,無,人與汽(機)車,穿越道路中,行人(或乘客),未依規定行走行人穿越道、地下道、天橋而穿越道路,死亡1;受傷0,1,人,行人,女,90,其他(無需使用保護裝備之人),非駕駛人,人的狀態,步行,其他,非汽(機)車,NA,NA,行人(或乘客),未依規定行走行人穿越道、地下道、天橋而穿越道路,否,121.283981,24.900127
20230111,20230111,2023,1,155600,A1,桃園市政府警察局,桃園市大溪區介壽路口 / 桃園市大溪區介壽路口,晴,日間自然光線,市區道路,50,交岔路,三岔路,交叉路口,交叉口附近,柏油,乾燥,無缺陷,無障礙物,良好,良好,無號誌,無號誌,無,無分向設施,未繪設車道線,未繪設快慢車道分隔線,無,人與汽(機)車,穿越道路中,行人(或乘客),未依規定行走行人穿越道、地下道、天橋而穿越道路,死亡1;受傷0,2,曳引車,營業用,男,52,戴安全帽或繫安全帶(使用幼童安全椅),未使用,車的狀態,起步,汽車,右前車頭(身),NA,NA,駕駛人,未注意車前狀態,否,121.283981,24.900127
20230111,20230111,2023,1,181059,A1,桃園市政府警察局,桃園市平鎮區雙福路一段66號前0.0公尺附近,陰,夜間(或隧道、地下道、涵洞)有照明,市區道路,50,單路部分,直路,路段,一般車道(未劃分快慢車道),柏油,乾燥,無缺陷,無障礙物,良好,良好,無號誌,無號誌,無,無分向設施,未繪設車道線,未繪設快慢車道分隔線,有,汽(機)車本身,其他,其他,其他引起事故之違規或不當行為,死亡1;受傷0,1,小貨車(含客、貨兩用),自用,男,71,戴安全帽或繫安全帶(使用幼童安全椅),未使用,車的狀態,向前直行中,汽車,左側車身,NA,NA,其他,其他引起事故之違規或不當行為,否,121.188213,24.960911
20230111,20230111,2023,1,181059,A1,桃園市政府警察局,桃園市平鎮區雙福路一段66號前0.0公尺附近,陰,夜間(或隧道、地下道、涵洞)有照明,市區道路,50,單路部分,直路,路段,一般車道(未劃分快慢車道),柏油,乾燥,無缺陷,無障礙物,良好,良好,無號誌,無號誌,無,無分向設施,未繪設車道線,未繪設快慢車道分隔線,有,汽(機)車本身,其他,其他,其他引起事故之違規或不當行為,死亡1;受傷0,2,NA,NA,無或物(動物、堆置物),-1,NA,NA,NA,NA,NA,NA,NA,NA,無(非車輛駕駛人因素),尚未發現肇事因素,否,121.188213,24.960911
20230111,20230111,2023,1,181059,A1,桃園市政府警察局,桃園市平鎮區雙福路一段66號前0.0公尺附近,陰,夜間(或隧道、地下道、涵洞)有照明,市區道路,50,單路部分,直路,路段,一般車道(未劃分快慢車道),柏油,乾燥,無缺陷,無障礙物,良好,良好,無號誌,無號誌,無,無分向設施,未繪設車道線,未繪設快慢車道分隔線,有,汽(機)車本身,其他,其他,其他引起事故之違規或不當行為,死亡1;受傷0,3,機車,普通重型,男,74,戴安全帽或繫安全帶(使用幼童安全椅),未使用,車的狀態,向前直行中,機車,前車頭,NA,NA,駕駛人,未注意車前狀態,否,121.188213,24.960911
20230111,20230111,2023,1,181059,A1,桃園市政府警察局,桃園市平鎮區雙福路一段66號前0.0公尺附近,陰,夜間(或隧道、地下道、涵洞)有照明,市區道路,50,單路部分,直路,路段,一般車道(未劃分快慢車道),柏油,乾燥,無缺陷,無障礙物,良好,良好,無號誌,無號誌,無,無分向設施,未繪設車道線,未繪設快慢車道分隔線,有,汽(機)車本身,其他,其他,其他引起事故之違規或不當行為,死亡1;受傷0,4,小客車,自用,男,23,戴安全帽或繫安全帶(使用幼童安全椅),未使用,車的狀態,向前直行中,汽車,右側車身,NA,NA,無(車輛駕駛人因素),尚未發現肇事因素,否,121.188213,24.960911
20230111,20230111,2023,1,203600,A1,臺東縣警察局,臺東縣臺東市吉林路二段560號前(路燈編號010014),雨,夜間(或隧道、地下道、涵洞)有照明,市區道路,50,單路部分,直路,路段,快車道,柏油,濕潤,無缺陷,無障礙物,良好,良好,無號誌,無號誌,雙向禁止超車線,附標記,未繪設車道線,快慢車道分隔線,有,人與汽(機)車,穿越道路中,行人(或乘客),未依規定行走行人穿越道、地下道、天橋而穿越道路,死亡1;受傷0,1,人,行人,女,68,其他(無需使用保護裝備之人),非駕駛人,人的狀態,步行,其他,非汽(機)車,NA,NA,行人(或乘客),未依規定行走行人穿越道、地下道、天橋而穿越道路,否,121.184025,22.789541
20230111,20230111,2023,1,203600,A1,臺東縣警察局,臺東縣臺東市吉林路二段560號前(路燈編號010014),雨,夜間(或隧道、地下道、涵洞)有照明,市區道路,50,單路部分,直路,路段,快車道,柏油,濕潤,無缺陷,無障礙物,良好,良好,無號誌,無號誌,雙向禁止超車線,附標記,未繪設車道線,快慢車道分隔線,有,人與汽(機)車,穿越道路中,行人(或乘客),未依規定行走行人穿越道、地下道、天橋而穿越道路,死亡1;受傷0,2,小客車,自用,男,70,戴安全帽或繫安全帶(使用幼童安全椅),未使用,車的狀態,向前直行中,汽車,前車頭,NA,NA,駕駛人,未注意車前狀態,否,121.184025,22.789541
20230111,20230111,2023,1,234700,A1,桃園市政府警察局,桃園市平鎮區中興路平鎮段110號前0.0公尺,陰,夜間(或隧道、地下道、涵洞)有照明,市區道路,50,單路部分,直路,路段,一般車道(未劃分快慢車道),柏油,乾燥,無缺陷,無障礙物,良好,良好,無號誌,無號誌,雙向禁止超車線,無標記,未繪設車道線,未繪設快慢車道分隔線,有,汽(機)車本身,撞號誌、標誌桿,駕駛人,超速失控,死亡1;受傷2,1,小客車,自用,男,33,不明,未使用,車的狀態,向前直行中,汽車,前車頭,NA,NA,駕駛人,超速失控,否,121.188608,24.907117
20230111,20230111,2023,1,234700,A1,桃園市政府警察局,桃園市平鎮區中興路平鎮段110號前0.0公尺,陰,夜間(或隧道、地下道、涵洞)有照明,市區道路,50,單路部分,直路,路段,一般車道(未劃分快慢車道),柏油,乾燥,無缺陷,無障礙物,良好,良好,無號誌,無號誌,雙向禁止超車線,無標記,未繪設車道線,未繪設快慢車道分隔線,有,汽(機)車本身,撞號誌、標誌桿,駕駛人,超速失控,死亡1;受傷2,2,NA,NA,無或物(動物、堆置物),-1,NA,NA,NA,NA,NA,NA,NA,NA,無(非車輛駕駛人因素),尚未發現肇事因素,否,121.188608,24.907117
20230111,20230111,2023,1,234700,A1,桃園市政府警察局,桃園市平鎮區中興路平鎮段110號前0.0公尺,陰,夜間(或隧道、地下道、涵洞)有照明,市區道路,50,單路部分,直路,路段,一般車道(未劃分快慢車道),柏油,乾燥,無缺陷,無障礙物,良好,良好,無號誌,無號誌,雙向禁止超車線,無標記,未繪設車道線,未繪設快慢車道分隔線,有,汽(機)車本身,撞號誌、標誌桿,駕駛人,超速失控,死亡1;受傷2,3,NA,NA,無或物(動物、堆置物),-1,NA,NA,NA,NA,NA,NA,NA,NA,無(非車輛駕駛人因素),尚未發現肇事因素,否,121.188608,24.907117
20230111,20230111,2023,1,234700,A1,桃園市政府警察局,桃園市平鎮區中興路平鎮段110號前0.0公尺,陰,夜間(或隧道、地下道、涵洞)有照明,市區道路,50,單路部分,直路,路段,一般車道(未劃分快慢車道),柏油,乾燥,無缺陷,無障礙物,良好,良好,無號誌,無號誌,雙向禁止超車線,無標記,未繪設車道線,未繪設快慢車道分隔線,有,汽(機)車本身,撞號誌、標誌桿,駕駛人,超速失控,死亡1;受傷2,4,人,乘客,男,30,不明,未使用,人的狀態,其他,其他,不明,NA,NA,無(非車輛駕駛人因素),尚未發現肇事因素,否,121.188608,24.907117
20230111,20230111,2023,1,234700,A1,桃園市政府警察局,桃園市平鎮區中興路平鎮段110號前0.0公尺,陰,夜間(或隧道、地下道、涵洞)有照明,市區道路,50,單路部分,直路,路段,一般車道(未劃分快慢車道),柏油,乾燥,無缺陷,無障礙物,良好,良好,無號誌,無號誌,雙向禁止超車線,無標記,未繪設車道線,未繪設快慢車道分隔線,有,汽(機)車本身,撞號誌、標誌桿,駕駛人,超速失控,死亡1;受傷2,5,人,乘客,男,29,不明,未使用,人的狀態,其他,其他,不明,NA,NA,無(非車輛駕駛人因素),尚未發現肇事因素,否,121.188608,24.907117
20230112,20230112,2023,1,045752,A1,金門縣警察局,金門縣金寧鄉頂埔下38-1號前路段(環島西路2段),陰,夜間(或隧道、地下道、涵洞)有照明,鄉道,50,交岔路,三岔路,交叉路口,交叉口附近,柏油,乾燥,無缺陷,無障礙物,良好,良好,無號誌,無號誌,雙向禁止超車線,無標記,未繪設車道線,未繪設快慢車道分隔線,有,車與車,追撞,駕駛人,酒醉(後)駕駛失控,死亡1;受傷0,1,小客車,自用,男,36,不明,不明,車的狀態,向前直行中,汽車,前車頭,NA,NA,駕駛人,酒醉(後)駕駛失控,否,118.319301,24.445135
20230112,20230112,2023,1,045752,A1,金門縣警察局,金門縣金寧鄉頂埔下38-1號前路段(環島西路2段),陰,夜間(或隧道、地下道、涵洞)有照明,鄉道,50,交岔路,三岔路,交叉路口,交叉口附近,柏油,乾燥,無缺陷,無障礙物,良好,良好,無號誌,無號誌,雙向禁止超車線,無標記,未繪設車道線,未繪設快慢車道分隔線,有,車與車,追撞,駕駛人,酒醉(後)駕駛失控,死亡1;受傷0,2,機車,普通重型,男,74,戴安全帽或繫安全帶(使用幼童安全椅),不明,車的狀態,左轉彎,機車,後車尾,NA,NA,無(車輛駕駛人因素),尚未發現肇事因素,否,118.319301,24.445135
20230112,20230112,2023,1,055000,A1,基隆市警察局,基隆市中正區中正路附近 / 基隆市中正區中正路附近,晴,晨或暮光,市區道路,50,交岔路,三岔路,交叉路口,交叉口附近,柏油,乾燥,無缺陷,無障礙物,良好,良好,閃光號誌,正常,無,無分向設施,未繪設車道線,未繪設快慢車道分隔線,無,人與汽(機)車,其他,其他,不明原因肇事,死亡1;受傷0,1,小客車,自用,男,21,不明,不明,人的狀態,不明,其他,不明,其他,不明,其他,不明原因肇事,是,121.767687,25.151447
20230112,20230112,2023,1,055000,A1,基隆市警察局,基隆市中正區中正路附近 / 基隆市中正區中正路附近,晴,晨或暮光,市區道路,50,交岔路,三岔路,交叉路口,交叉口附近,柏油,乾燥,無缺陷,無障礙物,良好,良好,閃光號誌,正常,無,無分向設施,未繪設車道線,未繪設快慢車道分隔線,無,人與汽(機)車,其他,其他,不明原因肇事,死亡1;受傷0,2,人,行人,男,51,其他(無需使用保護裝備之人),非駕駛人,人的狀態,其他,其他,非汽(機)車,其他,非汽(機)車,無(非車輛駕駛人因素),尚未發現肇事因素,否,121.767687,25.151447
20230112,20230112,2023,1,055000,A1,基隆市警察局,基隆市中正區中正路附近 / 基隆市中正區中正路附近,晴,晨或暮光,市區道路,50,交岔路,三岔路,交叉路口,交叉口附近,柏油,乾燥,無缺陷,無障礙物,良好,良好,閃光號誌,正常,無,無分向設施,未繪設車道線,未繪設快慢車道分隔線,無,人與汽(機)車,其他,其他,不明原因肇事,死亡1;受傷0,3,小貨車(含客、貨兩用),自用,男,53,不明,不明,車的狀態,靜止(引擎熄火),汽車,左後車尾(身),汽車,左後車尾(身),其他,違規停車或暫停不當而肇事,否,121.767687,25.151447
20230112,20230112,2023,1,055000,A1,基隆市警察局,基隆市中正區中正路附近 / 基隆市中正區中正路附近,晴,晨或暮光,市區道路,50,交岔路,三岔路,交叉路口,交叉口附近,柏油,乾燥,無缺陷,無障礙物,良好,良好,閃光號誌,正常,無,無分向設施,未繪設車道線,未繪設快慢車道分隔線,無,人與汽(機)車,其他,其他,不明原因肇事,死亡1;受傷0,4,小客車,自用,女,46,不明,不明,車的狀態,靜止(引擎熄火),汽車,左側車身,汽車,左側車身,其他,其他引起事故之違規或不當行為,否,121.767687,25.151447
20230112,20230112,2023,1,100200,A1,高雄市政府警察局,高雄市茄萣區正順北路崎漏281路燈號前0.0公尺,晴,日間自然光線,市區道路,60,單路部分,直路,路段,路肩、路緣,柏油,乾燥,無缺陷,無障礙物,良好,良好,無號誌,無號誌,中央分向島,寛式(50公分以上),車道線(無標記),快慢車道分隔線,有,汽(機)車本身,撞路樹、電桿,駕駛人,超速失控,死亡1;受傷0,1,機車,大型重型1(550C.C.以上),男,20,戴安全帽或繫安全帶(使用幼童安全椅),未使用,車的狀態,向前直行中,機車,右側車身,機車,右側車身,駕駛人,超速失控,否,120.193936,22.882632