accident_date,發生日期,發生年度,發生月份,發生時間,事故類別名稱,處理單位名稱警局層,發生地點,天候名稱,光線名稱,道路類別-第1當事者-名稱,速限-第1當事者,道路型態大類別名稱,道路型態子類別名稱,事故位置大類別名稱,事故位置子類別名稱,路面狀況-路面鋪裝名稱,路面狀況-路面狀態名稱,路面狀況-路面缺陷名稱,道路障礙-障礙物名稱,道路障礙-視距品質名稱,道路障礙-視距名稱,號誌-號誌種類名稱,號誌-號誌動作名稱,車道劃分設施-分向設施大類別名稱,車道劃分設施-分向設施子類別名稱,車道劃分設施-分道設施-快車道或一般車道間名稱,車道劃分設施-分道設施-快慢車道間名稱,車道劃分設施-分道設施-路面邊線名稱,事故類型及型態大類別名稱,事故類型及型態子類別名稱,肇因研判大類別名稱-主要,肇因研判子類別名稱-主要,死亡受傷人數,當事者順位,當事者區分-類別-大類別名稱-車種,當事者區分-類別-子類別名稱-車種,當事者屬-性-別名稱,當事者事故發生時年齡,保護裝備名稱,行動電話或電腦或其他相類功能裝置名稱,當事者行動狀態大類別名稱,當事者行動狀態子類別名稱,車輛撞擊部位大類別名稱-最初,車輛撞擊部位子類別名稱-最初,車輛撞擊部位大類別名稱-其他,車輛撞擊部位子類別名稱-其他,肇因研判大類別名稱-個別,肇因研判子類別名稱-個別,肇事逃逸類別名稱-是否肇逃,經度,緯度
20230213,20230213,2023,2,075500,A1,新北市政府警察局,新北市八里區商港三路 / 新北市八里區十三行路,晴,日間自然光線,市區道路,50,交岔路,四岔路,交叉路口,交叉路口內,柏油,乾燥,無缺陷,無障礙物,良好,良好,行車管制號誌(附設行人專用號誌),正常,中央分向島,寛式(50公分以上),未繪設車道線,未繪設快慢車道分隔線,無,人與汽(機)車,其他,行人(或乘客),未依標誌、標線、號誌或手勢指揮穿越道路,死亡1;受傷1,2,機車,普通重型,男,28,不明,不明,車的狀態,向前直行中,機車,前車頭,機車,前車頭,駕駛人,搶越行人穿越道,否,121.395929,25.145201
20230213,20230213,2023,2,081800,A1,雲林縣警察局,雲林縣大埤鄉南和村中正路大埤246電桿前,晴,日間自然光線,村里道路,50,單路部分,直路,路段,一般車道(未劃分快慢車道),柏油,乾燥,無缺陷,無障礙物,良好,良好,無號誌,無號誌,行車分向線,無標記,車道線(無標記),未繪設快慢車道分隔線,有,汽(機)車本身,撞路樹、電桿,其他,其他引起事故之違規或不當行為,死亡1;受傷0,1,機車,普通重型,男,55,戴安全帽或繫安全帶(使用幼童安全椅),未使用,車的狀態,向前直行中,機車,前車頭,NA,NA,其他,其他引起事故之違規或不當行為,否,120.421195,23.643137
20230213,20230213,2023,2,081800,A1,雲林縣警察局,雲林縣大埤鄉南和村中正路大埤246電桿前,晴,日間自然光線,村里道路,50,單路部分,直路,路段,一般車道(未劃分快慢車道),柏油,乾燥,無缺陷,無障礙物,良好,良好,無號誌,無號誌,行車分向線,無標記,車道線(無標記),未繪設快慢車道分隔線,有,汽(機)車本身,撞路樹、電桿,其他,其他引起事故之違規或不當行為,死亡1;受傷0,2,NA,NA,無或物(動物、堆置物),-1,NA,NA,NA,NA,NA,NA,NA,NA,無(非車輛駕駛人因素),尚未發現肇事因素,否,120.421195,23.643137
20230213,20230213,2023,2,090300,A1,國道公路警察局,臺中市霧峰區國道6號 1公里800.0公尺處東側向槽化線,晴,日間自然光線,國道,90,單路部分,直路,路段,路肩、路緣,柏油,乾燥,無缺陷,無障礙物,良好,良好,無號誌,無號誌,中央分向島,寛式(50公分以上),車道線(附標記),未繪設快慢車道分隔線,有,車與車,同向擦撞,駕駛人,未注意車前狀態,死亡1;受傷0,1,大貨車,營業用,男,36,戴安全帽或繫安全帶(使用幼童安全椅),未使用,車的狀態,向前直行中,汽車,右前車頭(身),汽車,左側車身,駕駛人,未注意車前狀態,否,120.688155,24.016601
20230213,20230213,2023,2,090300,A1,國道公路警察局,臺中市霧峰區國道6號 1公里800.0公尺處東側向槽化線,晴,日間自然光線,國道,90,單路部分,直路,路段,路肩、路緣,柏油,乾燥,無缺陷,無障礙物,良好,良好,無號誌,無號誌,中央分向島,寛式(50公分以上),車道線(附標記),未繪設快慢車道分隔線,有,車與車,同向擦撞,駕駛人,未注意車前狀態,死亡1;受傷0,2,小客車,自用,女,62,不明,不明,車的狀態,靜止(引擎熄火),汽車,左後車尾(身),汽車,後車尾,其他,違規停車或暫停不當而肇事,否,120.688155,24.016601
20230213,20230213,2023,2,090300,A1,國道公路警察局,臺中市霧峰區國道6號 1公里800.0公尺處東側向槽化線,晴,日間自然光線,國道,90,單路部分,直路,路段,路肩、路緣,柏油,乾燥,無缺陷,無障礙物,良好,良好,無號誌,無號誌,中央分向島,寛式(50公分以上),車道線(附標記),未繪設快慢車道分隔線,有,車與車,同向擦撞,駕駛人,未注意車前狀態,死亡1;受傷0,3,人,其他人,女,62,其他(無需使用保護裝備之人),非駕駛人,人的狀態,其他,其他,非汽(機)車,NA,NA,行人(或乘客),其他引起事故之疏失或行為,否,120.688155,24.016601
20230213,20230213,2023,2,090300,A1,國道公路警察局,臺中市霧峰區國道6號 1公里800.0公尺處東側向槽化線,晴,日間自然光線,國道,90,單路部分,直路,路段,路肩、路緣,柏油,乾燥,無缺陷,無障礙物,良好,良好,無號誌,無號誌,中央分向島,寛式(50公分以上),車道線(附標記),未繪設快慢車道分隔線,有,車與車,同向擦撞,駕駛人,未注意車前狀態,死亡1;受傷0,4,NA,NA,無或物(動物、堆置物),-1,NA,NA,NA,NA,NA,NA,NA,NA,無(非車輛駕駛人因素),尚未發現肇事因素,否,120.688155,24.016601
20230213,20230213,2023,2,091000,A1,高雄市政府警察局,高雄市內門區村中正路觀亭127燈桿號前0.0公尺,晴,日間自然光線,市區道路,50,單路部分,直路,路段,一般車道(未劃分快慢車道),柏油,乾燥,無缺陷,無障礙物,良好,良好,無號誌,無號誌,無,無分向設施,車道線(無標記),未繪設快慢車道分隔線,有,汽(機)車本身,撞路樹、電桿,駕駛人,未注意車前狀態,死亡1;受傷0,1,機車,普通重型,男,57,戴安全帽或繫安全帶(使用幼童安全椅),未使用,車的狀態,向前直行中,機車,前車頭,機車,前車頭,駕駛人,未注意車前狀態,否,120.450841,22.913117
20230213,20230213,2023,2,091000,A1,高雄市政府警察局,高雄市內門區村中正路觀亭127燈桿號前0.0公尺,晴,日間自然光線,市區道路,50,單路部分,直路,路段,一般車道(未劃分快慢車道),柏油,乾燥,無缺陷,無障礙物,良好,良好,無號誌,無號誌,無,無分向設施,車道線(無標記),未繪設快慢車道分隔線,有,汽(機)車本身,撞路樹、電桿,駕駛人,未注意車前狀態,死亡1;受傷0,2,NA,NA,無或物(動物、堆置物),112,NA,NA,NA,NA,NA,NA,NA,NA,無(非車輛駕駛人因素),尚未發現肇事因素,否,120.450841,22.913117
20230213,20230213,2023,2,165000,A1,高雄市政府警察局,高雄市桃源區高中里台20省道81.5公里號前0.0公尺,晴,日間自然光線,市區道路,40,單路部分,直路,路段,一般車道(未劃分快慢車道),柏油,乾燥,無缺陷,無障礙物,良好,良好,無號誌,無號誌,無,無分向設施,未繪設車道線,未繪設快慢車道分隔線,有,汽(機)車本身,衝出路外,駕駛人,未注意車前狀態,死亡1;受傷0,1,機車,普通重型,男,73,戴安全帽或繫安全帶(使用幼童安全椅),未使用,車的狀態,向前直行中,機車,右側車身,機車,右側車身,駕駛人,未注意車前狀態,否,120.7151,23.12429
20230213,20230213,2023,2,165000,A1,高雄市政府警察局,高雄市桃源區高中里台20省道81.5公里號前0.0公尺,晴,日間自然光線,市區道路,40,單路部分,直路,路段,一般車道(未劃分快慢車道),柏油,乾燥,無缺陷,無障礙物,良好,良好,無號誌,無號誌,無,無分向設施,未繪設車道線,未繪設快慢車道分隔線,有,汽(機)車本身,衝出路外,駕駛人,未注意車前狀態,死亡1;受傷0,2,NA,NA,無或物(動物、堆置物),0,NA,NA,NA,NA,NA,NA,NA,NA,無(非車輛駕駛人因素),尚未發現肇事因素,否,120.7151,23.12429
20230213,20230213,2023,2,175542,A1,國道公路警察局,彰化縣秀水鄉國道1號 204公里100.0公尺處南側向中線,晴,晨或暮光,國道,110,單路部分,直路,路段,快車道,柏油,乾燥,無缺陷,無障礙物,良好,良好,無號誌,無號誌,中央分向島,寛式(50公分以上),車道線(附標記),未繪設快慢車道分隔線,有,車與車,其他,其他,其他引起事故之違規或不當行為,死亡1;受傷3,1,小客車,租賃車,男,67,戴安全帽或繫安全帶(使用幼童安全椅),未使用,車的狀態,向前直行中,其他,不明,NA,NA,其他,其他引起事故之違規或不當行為,否,120.520708,24.033151
20230213,20230213,2023,2,175542,A1,國道公路警察局,彰化縣秀水鄉國道1號 204公里100.0公尺處南側向中線,晴,晨或暮光,國道,110,單路部分,直路,路段,快車道,柏油,乾燥,無缺陷,無障礙物,良好,良好,無號誌,無號誌,中央分向島,寛式(50公分以上),車道線(附標記),未繪設快慢車道分隔線,有,車與車,其他,其他,其他引起事故之違規或不當行為,死亡1;受傷3,2,小貨車(含客、貨兩用),自用,女,40,戴安全帽或繫安全帶(使用幼童安全椅),未使用,車的狀態,急減速或急停止,汽車,前車頭,汽車,車頂,其他,其他引起事故之違規或不當行為,否,120.520708,24.033151
20230213,20230213,2023,2,175542,A1,國道公路警察局,彰化縣秀水鄉國道1號 204公里100.0公尺處南側向中線,晴,晨或暮光,國道,110,單路部分,直路,路段,快車道,柏油,乾燥,無缺陷,無障礙物,良好,良好,無號誌,無號誌,中央分向島,寛式(50公分以上),車道線(附標記),未繪設快慢車道分隔線,有,車與車,其他,其他,其他引起事故之違規或不當行為,死亡1;受傷3,3,小貨車(含客、貨兩用),自用,女,23,戴安全帽或繫安全帶(使用幼童安全椅),未使用,車的狀態,向前直行中,汽車,左前車頭(身),NA,NA,無(車輛駕駛人因素),尚未發現肇事因素,否,120.520708,24.033151
20230213,20230213,2023,2,175542,A1,國道公路警察局,彰化縣秀水鄉國道1號 204公里100.0公尺處南側向中線,晴,晨或暮光,國道,110,單路部分,直路,路段,快車道,柏油,乾燥,無缺陷,無障礙物,良好,良好,無號誌,無號誌,中央分向島,寛式(50公分以上),車道線(附標記),未繪設快慢車道分隔線,有,車與車,其他,其他,其他引起事故之違規或不當行為,死亡1;受傷3,4,人,乘客,男,5,未戴案全帽或未繫安全帶(未使用幼童安全椅),非駕駛人,人的狀態,不明,其他,非汽(機)車,NA,NA,無(非車輛駕駛人因素),尚未發現肇事因素,否,120.520708,24.033151
20230213,20230213,2023,2,175542,A1,國道公路警察局,彰化縣秀水鄉國道1號 204公里100.0公尺處南側向中線,晴,晨或暮光,國道,110,單路部分,直路,路段,快車道,柏油,乾燥,無缺陷,無障礙物,良好,良好,無號誌,無號誌,中央分向島,寛式(50公分以上),車道線(附標記),未繪設快慢車道分隔線,有,車與車,其他,其他,其他引起事故之違規或不當行為,死亡1;受傷3,5,人,乘客,女,1,戴安全帽或繫安全帶(使用幼童安全椅),非駕駛人,人的狀態,不明,其他,非汽(機)車,NA,NA,無(非車輛駕駛人因素),尚未發現肇事因素,否,120.520708,24.033151
20230213,20230213,2023,2,175542,A1,國道公路警察局,彰化縣秀水鄉國道1號 204公里100.0公尺處南側向中線,晴,晨或暮光,國道,110,單路部分,直路,路段,快車道,柏油,乾燥,無缺陷,無障礙物,良好,良好,無號誌,無號誌,中央分向島,寛式(50公分以上),車道線(附標記),未繪設快慢車道分隔線,有,車與車,其他,其他,其他引起事故之違規或不當行為,死亡1;受傷3,6,人,乘客,女,37,未戴案全帽或未繫安全帶(未使用幼童安全椅),非駕駛人,人的狀態,不明,其他,非汽(機)車,NA,NA,無(非車輛駕駛人因素),尚未發現肇事因素,否,120.520708,24.033151
20230213,20230213,2023,2,194735,A1,國道公路警察局,臺南市白河區國道3號 305公里700.0公尺處北側向路肩,晴,夜間(或隧道、地下道、涵洞)無照明,國道,110,單路部分,直路,路段,路肩、路緣,柏油,乾燥,無缺陷,無障礙物,良好,良好,無號誌,無號誌,中央分向島,寛式(50公分以上),車道線(附標記),未繪設快慢車道分隔線,有,汽(機)車本身,撞護欄(樁),駕駛人,變換車道或方向不當,死亡1;受傷7,1,小貨車(含客、貨兩用),自用,男,63,戴安全帽或繫安全帶(使用幼童安全椅),未使用,車的狀態,向右變換車道,汽車,前車頭,汽車,車頂,駕駛人,變換車道或方向不當,否,120.438903,23.352583
20230213,20230213,2023,2,194735,A1,國道公路警察局,臺南市白河區國道3號 305公里700.0公尺處北側向路肩,晴,夜間(或隧道、地下道、涵洞)無照明,國道,110,單路部分,直路,路段,路肩、路緣,柏油,乾燥,無缺陷,無障礙物,良好,良好,無號誌,無號誌,中央分向島,寛式(50公分以上),車道線(附標記),未繪設快慢車道分隔線,有,汽(機)車本身,撞護欄(樁),駕駛人,變換車道或方向不當,死亡1;受傷7,2,NA,NA,無或物(動物、堆置物),-1,NA,NA,NA,NA,NA,NA,NA,NA,無(非車輛駕駛人因素),尚未發現肇事因素,否,120.438903,23.352583
20230213,20230213,2023,2,194735,A1,國道公路警察局,臺南市白河區國道3號 305公里700.0公尺處北側向路肩,晴,夜間(或隧道、地下道、涵洞)無照明,國道,110,單路部分,直路,路段,路肩、路緣,柏油,乾燥,無缺陷,無障礙物,良好,良好,無號誌,無號誌,中央分向島,寛式(50公分以上),車道線(附標記),未繪設快慢車道分隔線,有,汽(機)車本身,撞護欄(樁),駕駛人,變換車道或方向不當,死亡1;受傷7,3,人,乘客,女,65,未戴案全帽或未繫安全帶(未使用幼童安全椅),非駕駛人,人的狀態,其他,其他,非汽(機)車,NA,NA,無(非車輛駕駛人因素),尚未發現肇事因素,否,120.438903,23.352583
20230213,20230213,2023,2,194735,A1,國道公路警察局,臺南市白河區國道3號 305公里700.0公尺處北側向路肩,晴,夜間(或隧道、地下道、涵洞)無照明,國道,110,單路部分,直路,路段,路肩、路緣,柏油,乾燥,無缺陷,無障礙物,良好,良好,無號誌,無號誌,中央分向島,寛式(50公分以上),車道線(附標記),未繪設快慢車道分隔線,有,汽(機)車本身,撞護欄(樁),駕駛人,變換車道或方向不當,死亡1;受傷7,4,人,乘客,女,57,未戴案全帽或未繫安全帶(未使用幼童安全椅),非駕駛人,人的狀態,其他,其他,非汽(機)車,NA,NA,無(非車輛駕駛人因素),尚未發現肇事因素,否,120.438903,23.352583
20230213,20230213,2023,2,194735,A1,國道公路警察局,臺南市白河區國道3號 305公里700.0公尺處北側向路肩,晴,夜間(或隧道、地下道、涵洞)無照明,國道,110,單路部分,直路,路段,路肩、路緣,柏油,乾燥,無缺陷,無障礙物,良好,良好,無號誌,無號誌,中央分向島,寛式(50公分以上),車道線(附標記),未繪設快慢車道分隔線,有,汽(機)車本身,撞護欄(樁),駕駛人,變換車道或方向不當,死亡1;受傷7,5,人,乘客,女,66,未戴案全帽或未繫安全帶(未使用幼童安全椅),非駕駛人,人的狀態,其他,其他,非汽(機)車,NA,NA,無(非車輛駕駛人因素),尚未發現肇事因素,否,120.438903,23.352583
20230213,20230213,2023,2,194735,A1,國道公路警察局,臺南市白河區國道3號 305公里700.0公尺處北側向路肩,晴,夜間(或隧道、地下道、涵洞)無照明,國道,110,單路部分,直路,路段,路肩、路緣,柏油,乾燥,無缺陷,無障礙物,良好,良好,無號誌,無號誌,中央分向島,寛式(50公分以上),車道線(附標記),未繪設快慢車道分隔線,有,汽(機)車本身,撞護欄(樁),駕駛人,變換車道或方向不當,死亡1;受傷7,6,人,乘客,男,37,戴安全帽或繫安全帶(使用幼童安全椅),非駕駛人,人的狀態,其他,其他,非汽(機)車,NA,NA,無(非車輛駕駛人因素),尚未發現肇事因素,否,120.438903,23.352583
20230213,20230213,2023,2,194735,A1,國道公路警察局,臺南市白河區國道3號 305公里700.0公尺處北側向路肩,晴,夜間(或隧道、地下道、涵洞)無照明,國道,110,單路部分,直路,路段,路肩、路緣,柏油,乾燥,無缺陷,無障礙物,良好,良好,無號誌,無號誌,中央分向島,寛式(50公分以上),車道線(附標記),未繪設快慢車道分隔線,有,汽(機)車本身,撞護欄(樁),駕駛人,變換車道或方向不當,死亡1;受傷7,7,人,乘客,女,33,未戴案全帽或未繫安全帶(未使用幼童安全椅),非駕駛人,人的狀態,其他,其他,非汽(機)車,NA,NA,無(非車輛駕駛人因素),尚未發現肇事因素,否,120.438903,23.352583
20230213,20230213,2023,2,194735,A1,國道公路警察局,臺南市白河區國道3號 305公里700.0公尺處北側向路肩,晴,夜間(或隧道、地下道、涵洞)無照明,國道,110,單路部分,直路,路段,路肩、路緣,柏油,乾燥,無缺陷,無障礙物,良好,良好,無號誌,無號誌,中央分向島,寛式(50公分以上),車道線(附標記),未繪設快慢車道分隔線,有,汽(機)車本身,撞護欄(樁),駕駛人,變換車道或方向不當,死亡1;受傷7,8,人,乘客,女,52,未戴案全帽或未繫安全帶(未使用幼童安全椅),非駕駛人,人的狀態,其他,其他,非汽(機)車,NA,NA,無(非車輛駕駛人因素),尚未發現肇事因素,否,120.438903,23.352583
20230213,20230213,2023,2,194735,A1,國道公路警察局,臺南市白河區國道3號 305公里700.0公尺處北側向路肩,晴,夜間(或隧道、地下道、涵洞)無照明,國道,110,單路部分,直路,路段,路肩、路緣,柏油,乾燥,無缺陷,無障礙物,良好,良好,無號誌,無號誌,中央分向島,寛式(50公分以上),車道線(附標記),未繪設快慢車道分隔線,有,汽(機)車本身,撞護欄(樁),駕駛人,變換車道或方向不當,死亡1;受傷7,9,人,乘客,女,54,未戴案全帽或未繫安全帶(未使用幼童安全椅),非駕駛人,人的狀態,其他,其他,非汽(機)車,NA,NA,無(非車輛駕駛人因素),尚未發現肇事因素,否,120.438903,23.352583
20230213,20230213,2023,2,213000,A1,桃園市政府警察局,桃園市龍潭區中豐路上林段附近 / 桃園市龍潭區中原路一段口,雨,夜間(或隧道、地下道、涵洞)有照明,市區道路,50,交岔路,多岔路,其他,行人穿越道,柏油,濕潤,無缺陷,無障礙物,良好,良好,行車管制號誌(附設行人專用號誌),正常,無,無分向設施,未繪設車道線,未繪設快慢車道分隔線,無,人與汽(機)車,穿越道路中,駕駛人,違反號誌管制或指揮,死亡1;受傷0,1,小客車,自用,男,27,戴安全帽或繫安全帶(使用幼童安全椅),未使用,車的狀態,向前直行中,汽車,前車頭,NA,NA,駕駛人,違反號誌管制或指揮,否,121.202067,24.857971
20230213,20230213,2023,2,213000,A1,桃園市政府警察局,桃園市龍潭區中豐路上林段附近 / 桃園市龍潭區中原路一段口,雨,夜間(或隧道、地下道、涵洞)有照明,市區道路,50,交岔路,多岔路,其他,行人穿越道,柏油,濕潤,無缺陷,無障礙物,良好,良好,行車管制號誌(附設行人專用號誌),正常,無,無分向設施,未繪設車道線,未繪設快慢車道分隔線,無,人與汽(機)車,穿越道路中,駕駛人,違反號誌管制或指揮,死亡1;受傷0,2,人,行人,男,42,其他(無需使用保護裝備之人),非駕駛人,人的狀態,步行,其他,非汽(機)車,NA,NA,無(非車輛駕駛人因素),尚未發現肇事因素,否,121.202067,24.857971
20230214,20230214,2023,2,051100,A1,臺北市政府警察局,臺北市信義區信義路4段 / 臺北市信義區光復南路,晴,夜間(或隧道、地下道、涵洞)有照明,市區道路,50,交岔路,四岔路,交叉路口,交叉路口內,柏油,乾燥,無缺陷,無障礙物,良好,良好,行車管制號誌(附設行人專用號誌),正常,行車分向線,無標記,車道線(無標記),未繪設快慢車道分隔線,無,人與汽(機)車,其他,行人(或乘客),未依標誌、標線、號誌或手勢指揮穿越道路,死亡1;受傷0,1,人,行人,女,82,其他(無需使用保護裝備之人),非駕駛人,人的狀態,步行,其他,非汽(機)車,其他,非汽(機)車,行人(或乘客),未依標誌、標線、號誌或手勢指揮穿越道路,否,121.557529,25.033283
20230214,20230214,2023,2,051100,A1,臺北市政府警察局,臺北市信義區信義路4段 / 臺北市信義區光復南路,晴,夜間(或隧道、地下道、涵洞)有照明,市區道路,50,交岔路,四岔路,交叉路口,交叉路口內,柏油,乾燥,無缺陷,無障礙物,良好,良好,行車管制號誌(附設行人專用號誌),正常,行車分向線,無標記,車道線(無標記),未繪設快慢車道分隔線,無,人與汽(機)車,其他,行人(或乘客),未依標誌、標線、號誌或手勢指揮穿越道路,死亡1;受傷0,2,小客車,自用,男,39,戴安全帽或繫安全帶(使用幼童安全椅),未使用,車的狀態,向前直行中,汽車,右前車頭(身),汽車,右前車頭(身),駕駛人,搶越行人穿越道,否,121.557529,25.033283
20230214,20230214,2023,2,084626,A1,金門縣警察局,金門縣金寧鄉瓊安路(編號21052號燈桿)前路段,晴,日間自然光線,村里道路,60,單路部分,直路,路段,一般車道(未劃分快慢車道),柏油,乾燥,無缺陷,無障礙物,良好,良好,無號誌,無號誌,行車分向線,無標記,未繪設車道線,未繪設快慢車道分隔線,有,車與車,側撞,駕駛人,未注意車前狀態,死亡1;受傷1,1,小客車,自用,女,31,戴安全帽或繫安全帶(使用幼童安全椅),未使用,車的狀態,向前直行中,汽車,前車頭,NA,NA,駕駛人,未注意車前狀態,否,118.358167,24.458953
20230214,20230214,2023,2,084626,A1,金門縣警察局,金門縣金寧鄉瓊安路(編號21052號燈桿)前路段,晴,日間自然光線,村里道路,60,單路部分,直路,路段,一般車道(未劃分快慢車道),柏油,乾燥,無缺陷,無障礙物,良好,良好,無號誌,無號誌,行車分向線,無標記,未繪設車道線,未繪設快慢車道分隔線,有,車與車,側撞,駕駛人,未注意車前狀態,死亡1;受傷1,2,機車,普通重型,男,78,戴安全帽或繫安全帶(使用幼童安全椅),未使用,車的狀態,迴轉或橫越道路中,機車,左側車身,NA,NA,駕駛人,迴轉未依規定,否,118.358167,24.458953
20230214,20230214,2023,2,105000,A1,新北市政府警察局,新北市新莊區新泰路 / 新北市新莊區新泰路,陰,日間自然光線,市區道路,50,交岔路,三岔路,交叉路口,交叉路口內,柏油,乾燥,無缺陷,無障礙物,良好,良好,無號誌,無號誌,無,無分向設施,未繪設車道線,未繪設快慢車道分隔線,有,車與車,側撞,駕駛人,未依規定讓車,死亡1;受傷3,1,小客車,自用,男,68,戴安全帽或繫安全帶(使用幼童安全椅),未使用,車的狀態,左轉彎,汽車,前車頭,汽車,前車頭,駕駛人,未依規定讓車,否,121.44275,25.043285
20230214,20230214,2023,2,105000,A1,新北市政府警察局,新北市新莊區新泰路 / 新北市新莊區新泰路,陰,日間自然光線,市區道路,50,交岔路,三岔路,交叉路口,交叉路口內,柏油,乾燥,無缺陷,無障礙物,良好,良好,無號誌,無號誌,無,無分向設施,未繪設車道線,未繪設快慢車道分隔線,有,車與車,側撞,駕駛人,未依規定讓車,死亡1;受傷3,2,機車,普通重型,男,20,戴安全帽或繫安全帶(使用幼童安全椅),未使用,車的狀態,向前直行中,機車,右側車身,機車,右側車身,駕駛人,超速失控,否,121.44275,25.043285
20230214,20230214,2023,2,105000,A1,新北市政府警察局,新北市新莊區新泰路 / 新北市新莊區新泰路,陰,日間自然光線,市區道路,50,交岔路,三岔路,交叉路口,交叉路口內,柏油,乾燥,無缺陷,無障礙物,良好,良好,無號誌,無號誌,無,無分向設施,未繪設車道線,未繪設快慢車道分隔線,有,車與車,側撞,駕駛人,未依規定讓車,死亡1;受傷3,3,機車,普通重型,男,41,戴安全帽或繫安全帶(使用幼童安全椅),未使用,車的狀態,向前直行中,機車,前車頭,機車,前車頭,無(車輛駕駛人因素),尚未發現肇事因素,否,121.44275,25.043285
20230214,20230214,2023,2,105000,A1,新北市政府警察局,新北市新莊區新泰路 / 新北市新莊區新泰路,陰,日間自然光線,市區道路,50,交岔路,三岔路,交叉路口,交叉路口內,柏油,乾燥,無缺陷,無障礙物,良好,良好,無號誌,無號誌,無,無分向設施,未繪設車道線,未繪設快慢車道分隔線,有,車與車,側撞,駕駛人,未依規定讓車,死亡1;受傷3,4,機車,普通重型,女,33,戴安全帽或繫安全帶(使用幼童安全椅),未使用,車的狀態,向前直行中,機車,前車頭,機車,前車頭,無(車輛駕駛人因素),尚未發現肇事因素,否,121.44275,25.043285
20230214,20230214,2023,2,105000,A1,新北市政府警察局,新北市新莊區新泰路 / 新北市新莊區新泰路,陰,日間自然光線,市區道路,50,交岔路,三岔路,交叉路口,交叉路口內,柏油,乾燥,無缺陷,無障礙物,良好,良好,無號誌,無號誌,無,無分向設施,未繪設車道線,未繪設快慢車道分隔線,有,車與車,側撞,駕駛人,未依規定讓車,死亡1;受傷3,5,機車,普通重型,男,23,戴安全帽或繫安全帶(使用幼童安全椅),未使用,車的狀態,向前直行中,機車,前車頭,機車,前車頭,無(車輛駕駛人因素),尚未發現肇事因素,否,121.44275,25.043285
20230214,20230214,2023,2,105000,A1,新北市政府警察局,新北市新莊區新泰路 / 新北市新莊區新泰路,陰,日間自然光線,市區道路,50,交岔路,三岔路,交叉路口,交叉路口內,柏油,乾燥,無缺陷,無障礙物,良好,良好,無號誌,無號誌,無,無分向設施,未繪設車道線,未繪設快慢車道分隔線,有,車與車,側撞,駕駛人,未依規定讓車,死亡1;受傷3,6,人,乘客,女,20,戴安全帽或繫安全帶(使用幼童安全椅),非駕駛人,人的狀態,其他,其他,非汽(機)車,其他,非汽(機)車,無(非車輛駕駛人因素),尚未發現肇事因素,否,121.44275,25.043285
20230214,20230214,2023,2,150000,A1,臺中市政府警察局,臺中市潭子區大豐里大豐路三段238號前0.0公尺,晴,日間自然光線,市區道路,50,單路部分,彎曲路及附近,路段,快車道,柏油,乾燥,無缺陷,無障礙物,良好,良好,無號誌,無號誌,雙向禁止超車線,無標記,車道線(無標記),快慢車道分隔線,無,車與車,其他,駕駛人,起步未注意其他車(人)安全,死亡1;受傷0,1,機車,普通重型,男,70,戴安全帽或繫安全帶(使用幼童安全椅),未使用,車的狀態,起步,機車,左側車身,NA,NA,駕駛人,起步未注意其他車(人)安全,否,120.692873,24.229574
20230214,20230214,2023,2,150000,A1,臺中市政府警察局,臺中市潭子區大豐里大豐路三段238號前0.0公尺,晴,日間自然光線,市區道路,50,單路部分,彎曲路及附近,路段,快車道,柏油,乾燥,無缺陷,無障礙物,良好,良好,無號誌,無號誌,雙向禁止超車線,無標記,車道線(無標記),快慢車道分隔線,無,車與車,其他,駕駛人,起步未注意其他車(人)安全,死亡1;受傷0,2,小貨車(含客、貨兩用),自用,男,60,戴安全帽或繫安全帶(使用幼童安全椅),未使用,車的狀態,向前直行中,汽車,前車頭,NA,NA,駕駛人,未注意車前狀態,否,120.692873,24.229574
20230214,20230214,2023,2,162000,A1,高雄市政府警察局,高雄市燕巢區安招路1044號前0.0公尺,晴,日間自然光線,市區道路,40,單路部分,直路,路段,慢車道,柏油,乾燥,無缺陷,無障礙物,良好,良好,無號誌,無號誌,中央分向島,寛式(50公分以上),車道線(無標記),快慢車道分隔線,有,車與車,追撞,駕駛人,未注意車前狀態,死亡1;受傷0,1,曳引車,營業用,男,42,戴安全帽或繫安全帶(使用幼童安全椅),未使用,車的狀態,向前直行中,汽車,右前車頭(身),汽車,右前車頭(身),駕駛人,未注意車前狀態,否,120.317046,22.786972
20230214,20230214,2023,2,162000,A1,高雄市政府警察局,高雄市燕巢區安招路1044號前0.0公尺,晴,日間自然光線,市區道路,40,單路部分,直路,路段,慢車道,柏油,乾燥,無缺陷,無障礙物,良好,良好,無號誌,無號誌,中央分向島,寛式(50公分以上),車道線(無標記),快慢車道分隔線,有,車與車,追撞,駕駛人,未注意車前狀態,死亡1;受傷0,2,機車,普通重型,女,60,戴安全帽或繫安全帶(使用幼童安全椅),未使用,車的狀態,向前直行中,機車,後車尾,機車,後車尾,無(車輛駕駛人因素),尚未發現肇事因素,否,120.317046,22.786972