accident_date,發生日期,發生年度,發生月份,發生時間,事故類別名稱,處理單位名稱警局層,發生地點,天候名稱,光線名稱,道路類別-第1當事者-名稱,速限-第1當事者,道路型態大類別名稱,道路型態子類別名稱,事故位置大類別名稱,事故位置子類別名稱,路面狀況-路面鋪裝名稱,路面狀況-路面狀態名稱,路面狀況-路面缺陷名稱,道路障礙-障礙物名稱,道路障礙-視距品質名稱,道路障礙-視距名稱,號誌-號誌種類名稱,號誌-號誌動作名稱,車道劃分設施-分向設施大類別名稱,車道劃分設施-分向設施子類別名稱,車道劃分設施-分道設施-快車道或一般車道間名稱,車道劃分設施-分道設施-快慢車道間名稱,車道劃分設施-分道設施-路面邊線名稱,事故類型及型態大類別名稱,事故類型及型態子類別名稱,肇因研判大類別名稱-主要,肇因研判子類別名稱-主要,死亡受傷人數,當事者順位,當事者區分-類別-大類別名稱-車種,當事者區分-類別-子類別名稱-車種,當事者屬-性-別名稱,當事者事故發生時年齡,保護裝備名稱,行動電話或電腦或其他相類功能裝置名稱,當事者行動狀態大類別名稱,當事者行動狀態子類別名稱,車輛撞擊部位大類別名稱-最初,車輛撞擊部位子類別名稱-最初,車輛撞擊部位大類別名稱-其他,車輛撞擊部位子類別名稱-其他,肇因研判大類別名稱-個別,肇因研判子類別名稱-個別,肇事逃逸類別名稱-是否肇逃,經度,緯度
20230215,20230215,2023,2,060900,A1,臺南市政府警察局,臺南市新市區大社里大社1110號,晴,晨或暮光,村里道路,50,交岔路,四岔路,交叉路口,交叉口附近,柏油,乾燥,無缺陷,無障礙物,良好,良好,無號誌,無號誌,行車分向線,無標記,車道線(無標記),未繪設快慢車道分隔線,有,汽(機)車本身,撞動物,駕駛人,未注意車前狀態,死亡1;受傷0,1,機車,普通重型,男,65,戴安全帽或繫安全帶(使用幼童安全椅),未使用,車的狀態,向前直行中,機車,前車頭,NA,NA,駕駛人,未注意車前狀態,否,120.320069,23.092163
20230215,20230215,2023,2,060900,A1,臺南市政府警察局,臺南市新市區大社里大社1110號,晴,晨或暮光,村里道路,50,交岔路,四岔路,交叉路口,交叉口附近,柏油,乾燥,無缺陷,無障礙物,良好,良好,無號誌,無號誌,行車分向線,無標記,車道線(無標記),未繪設快慢車道分隔線,有,汽(機)車本身,撞動物,駕駛人,未注意車前狀態,死亡1;受傷0,2,NA,NA,無或物(動物、堆置物),-1,NA,NA,NA,NA,NA,NA,NA,NA,無(非車輛駕駛人因素),動物竄出,否,120.320069,23.092163
20230215,20230215,2023,2,101100,A1,臺中市政府警察局,臺中市北屯區水湳里山西路二段 / 臺中市北屯區水湳里崇德二路二段,晴,日間自然光線,市區道路,50,交岔路,四岔路,交叉路口,交叉路口內,柏油,乾燥,無缺陷,無障礙物,良好,良好,行車管制號誌,正常,無,無分向設施,未繪設車道線,未繪設快慢車道分隔線,無,車與車,側撞,駕駛人,左轉彎未依規定,死亡1;受傷1,1,機車,普通重型,女,71,戴安全帽或繫安全帶(使用幼童安全椅),未使用,車的狀態,左轉彎,機車,左側車身,NA,NA,駕駛人,左轉彎未依規定,否,120.676894,24.178435
20230215,20230215,2023,2,101100,A1,臺中市政府警察局,臺中市北屯區水湳里山西路二段 / 臺中市北屯區水湳里崇德二路二段,晴,日間自然光線,市區道路,50,交岔路,四岔路,交叉路口,交叉路口內,柏油,乾燥,無缺陷,無障礙物,良好,良好,行車管制號誌,正常,無,無分向設施,未繪設車道線,未繪設快慢車道分隔線,無,車與車,側撞,駕駛人,左轉彎未依規定,死亡1;受傷1,2,機車,普通重型,男,21,戴安全帽或繫安全帶(使用幼童安全椅),未使用,車的狀態,向前直行中,機車,前車頭,NA,NA,無(車輛駕駛人因素),尚未發現肇事因素,否,120.676894,24.178435
20230215,20230215,2023,2,171000,A1,彰化縣警察局,彰化縣鹿港鎮頂厝里鹿興路 / 彰化縣鹿港鎮頂厝里平和路,晴,日間自然光線,村里道路,50,交岔路,四岔路,交叉路口,交叉路口內,柏油,乾燥,無缺陷,無障礙物,良好,良好,行車管制號誌,正常,雙向禁止超車線,無標記,未繪設車道線,未繪設快慢車道分隔線,有,車與車,路口交岔撞,駕駛人,違反號誌管制或指揮,死亡1;受傷0,1,機車,普通重型,女,58,不明,不明,車的狀態,向前直行中,機車,右側車身,NA,NA,駕駛人,違反號誌管制或指揮,否,120.444486,24.053995
20230215,20230215,2023,2,171000,A1,彰化縣警察局,彰化縣鹿港鎮頂厝里鹿興路 / 彰化縣鹿港鎮頂厝里平和路,晴,日間自然光線,村里道路,50,交岔路,四岔路,交叉路口,交叉路口內,柏油,乾燥,無缺陷,無障礙物,良好,良好,行車管制號誌,正常,雙向禁止超車線,無標記,未繪設車道線,未繪設快慢車道分隔線,有,車與車,路口交岔撞,駕駛人,違反號誌管制或指揮,死亡1;受傷0,2,小客車,自用,男,53,不明,不明,車的狀態,向前直行中,汽車,前車頭,NA,NA,無(車輛駕駛人因素),尚未發現肇事因素,否,120.444486,24.053995
20230215,20230215,2023,2,182400,A1,嘉義縣警察局,嘉義縣六腳鄉蒜南村蒜頭414之15號前,陰,夜間(或隧道、地下道、涵洞)有照明,縣道,50,單路部分,直路,路段,一般車道(未劃分快慢車道),柏油,乾燥,無缺陷,無障礙物,良好,良好,無號誌,無號誌,雙向禁止超車線,附標記,車道線(無標記),未繪設快慢車道分隔線,有,車與車,側撞,駕駛人,左轉彎未依規定,死亡1;受傷1,1,機車,普通重型,女,78,未戴案全帽或未繫安全帶(未使用幼童安全椅),未使用,車的狀態,左轉彎,機車,右側車身,NA,NA,駕駛人,左轉彎未依規定,否,120.288183,23.488485
20230215,20230215,2023,2,182400,A1,嘉義縣警察局,嘉義縣六腳鄉蒜南村蒜頭414之15號前,陰,夜間(或隧道、地下道、涵洞)有照明,縣道,50,單路部分,直路,路段,一般車道(未劃分快慢車道),柏油,乾燥,無缺陷,無障礙物,良好,良好,無號誌,無號誌,雙向禁止超車線,附標記,車道線(無標記),未繪設快慢車道分隔線,有,車與車,側撞,駕駛人,左轉彎未依規定,死亡1;受傷1,2,機車,普通重型,男,29,戴安全帽或繫安全帶(使用幼童安全椅),未使用,車的狀態,向前直行中,機車,前車頭,NA,NA,駕駛人,未注意車前狀態,否,120.288183,23.488485
20230215,20230215,2023,2,182400,A1,嘉義縣警察局,嘉義縣六腳鄉蒜南村蒜頭414之15號前,陰,夜間(或隧道、地下道、涵洞)有照明,縣道,50,單路部分,直路,路段,一般車道(未劃分快慢車道),柏油,乾燥,無缺陷,無障礙物,良好,良好,無號誌,無號誌,雙向禁止超車線,附標記,車道線(無標記),未繪設快慢車道分隔線,有,車與車,側撞,駕駛人,左轉彎未依規定,死亡1;受傷1,3,機車,普通重型,男,20,不明,不明,車的狀態,靜止(引擎熄火),其他,不明,NA,NA,無(車輛駕駛人因素),尚未發現肇事因素,否,120.288183,23.488485
20230215,20230215,2023,2,182400,A1,嘉義縣警察局,嘉義縣六腳鄉蒜南村蒜頭414之15號前,陰,夜間(或隧道、地下道、涵洞)有照明,縣道,50,單路部分,直路,路段,一般車道(未劃分快慢車道),柏油,乾燥,無缺陷,無障礙物,良好,良好,無號誌,無號誌,雙向禁止超車線,附標記,車道線(無標記),未繪設快慢車道分隔線,有,車與車,側撞,駕駛人,左轉彎未依規定,死亡1;受傷1,4,機車,普通重型,女,19,不明,不明,車的狀態,靜止(引擎熄火),其他,不明,NA,NA,無(車輛駕駛人因素),尚未發現肇事因素,否,120.288183,23.488485
20230215,20230215,2023,2,205347,A1,宜蘭縣政府警察局,宜蘭縣員山鄉員山路3段10號前0.0公尺附近,晴,夜間(或隧道、地下道、涵洞)無照明,省道,60,單路部分,直路,路段,慢車道,柏油,乾燥,無缺陷,無障礙物,良好,良好,無號誌,無號誌,雙向禁止超車線,附標記,未繪設車道線,快慢車道分隔線,有,車與車,其他,駕駛人,未注意車前狀態,死亡1;受傷1,1,機車,普通重型,男,42,戴安全帽或繫安全帶(使用幼童安全椅),未使用,車的狀態,向前直行中,機車,前車頭,NA,NA,駕駛人,未注意車前狀態,否,121.675658,24.709678
20230215,20230215,2023,2,205347,A1,宜蘭縣政府警察局,宜蘭縣員山鄉員山路3段10號前0.0公尺附近,晴,夜間(或隧道、地下道、涵洞)無照明,省道,60,單路部分,直路,路段,慢車道,柏油,乾燥,無缺陷,無障礙物,良好,良好,無號誌,無號誌,雙向禁止超車線,附標記,未繪設車道線,快慢車道分隔線,有,車與車,其他,駕駛人,未注意車前狀態,死亡1;受傷1,2,小客車,自用,女,32,戴安全帽或繫安全帶(使用幼童安全椅),未使用,車的狀態,等待(引擎未熄火),汽車,左後車尾(身),NA,NA,其他,違規停車或暫停不當而肇事,否,121.675658,24.709678
20230215,20230215,2023,2,205347,A1,宜蘭縣政府警察局,宜蘭縣員山鄉員山路3段10號前0.0公尺附近,晴,夜間(或隧道、地下道、涵洞)無照明,省道,60,單路部分,直路,路段,慢車道,柏油,乾燥,無缺陷,無障礙物,良好,良好,無號誌,無號誌,雙向禁止超車線,附標記,未繪設車道線,快慢車道分隔線,有,車與車,其他,駕駛人,未注意車前狀態,死亡1;受傷1,3,小客車,自用,男,17,戴安全帽或繫安全帶(使用幼童安全椅),未使用,車的狀態,向前直行中,汽車,右前車頭(身),NA,NA,駕駛人,未注意車前狀態,否,121.675658,24.709678
20230216,20230216,2023,2,132205,A1,花蓮縣警察局,花蓮縣吉安鄉吉豐路5段口 / 花蓮縣吉安鄉吉城二街口,陰,日間自然光線,省道,60,交岔路,三岔路,交叉路口,交叉路口內,柏油,乾燥,無缺陷,無障礙物,良好,良好,行車管制號誌,正常,無,無分向設施,未繪設車道線,未繪設快慢車道分隔線,無,車與車,路口交岔撞,駕駛人,違反號誌管制或指揮,死亡1;受傷0,1,小客車,自用,男,75,戴安全帽或繫安全帶(使用幼童安全椅),未使用,車的狀態,向前直行中,汽車,前車頭,NA,NA,駕駛人,違反號誌管制或指揮,否,121.544873,23.941272
20230216,20230216,2023,2,132205,A1,花蓮縣警察局,花蓮縣吉安鄉吉豐路5段口 / 花蓮縣吉安鄉吉城二街口,陰,日間自然光線,省道,60,交岔路,三岔路,交叉路口,交叉路口內,柏油,乾燥,無缺陷,無障礙物,良好,良好,行車管制號誌,正常,無,無分向設施,未繪設車道線,未繪設快慢車道分隔線,無,車與車,路口交岔撞,駕駛人,違反號誌管制或指揮,死亡1;受傷0,2,機車,普通重型,男,75,戴安全帽或繫安全帶(使用幼童安全椅),未使用,車的狀態,向前直行中,機車,左側車身,NA,NA,無(車輛駕駛人因素),尚未發現肇事因素,否,121.544873,23.941272
20230216,20230216,2023,2,165000,A1,新竹縣政府警察局,新竹縣新豐鄉後湖村9-12鄰產業道路,晴,日間自然光線,縣道,50,交岔路,四岔路,交叉路口,交叉路口內,柏油,乾燥,無缺陷,無障礙物,良好,良好,無號誌,無號誌,無,無分向設施,未繪設車道線,未繪設快慢車道分隔線,有,車與車,路口交岔撞,駕駛人,未依規定讓車,死亡1;受傷0,1,機車,普通重型,男,63,戴安全帽或繫安全帶(使用幼童安全椅),未使用,車的狀態,向前直行中,機車,右側車身,NA,NA,駕駛人,未依規定讓車,否,121.02176300000001,24.930817
20230216,20230216,2023,2,165000,A1,新竹縣政府警察局,新竹縣新豐鄉後湖村9-12鄰產業道路,晴,日間自然光線,縣道,50,交岔路,四岔路,交叉路口,交叉路口內,柏油,乾燥,無缺陷,無障礙物,良好,良好,無號誌,無號誌,無,無分向設施,未繪設車道線,未繪設快慢車道分隔線,有,車與車,路口交岔撞,駕駛人,未依規定讓車,死亡1;受傷0,2,小貨車(含客、貨兩用),自用,男,31,戴安全帽或繫安全帶(使用幼童安全椅),未使用,車的狀態,向前直行中,汽車,前車頭,NA,NA,駕駛人,超速失控,否,121.02176300000001,24.930817
20230216,20230216,2023,2,165000,A1,新竹縣政府警察局,新竹縣新豐鄉後湖村9-12鄰產業道路,晴,日間自然光線,縣道,50,交岔路,四岔路,交叉路口,交叉路口內,柏油,乾燥,無缺陷,無障礙物,良好,良好,無號誌,無號誌,無,無分向設施,未繪設車道線,未繪設快慢車道分隔線,有,車與車,路口交岔撞,駕駛人,未依規定讓車,死亡1;受傷0,3,小貨車(含客、貨兩用),自用,男,48,戴安全帽或繫安全帶(使用幼童安全椅),未使用,車的狀態,等待(引擎未熄火),汽車,前車頭,NA,NA,無(車輛駕駛人因素),尚未發現肇事因素,否,121.02176300000001,24.930817
20230216,20230216,2023,2,190000,A1,桃園市政府警察局,桃園市大園區和平西路2段口 / 桃園市大園區平南路,晴,夜間(或隧道、地下道、涵洞)有照明,市區道路,50,交岔路,三岔路,交叉路口,交叉路口內,柏油,乾燥,無缺陷,無障礙物,良好,良好,閃光號誌,正常,無,無分向設施,未繪設車道線,未繪設快慢車道分隔線,無,車與車,側撞,駕駛人,違規超車,死亡1;受傷1,1,機車,普通重型,男,19,戴安全帽或繫安全帶(使用幼童安全椅),未使用,車的狀態,向前直行中,機車,前車頭,機車,前車頭,駕駛人,違規超車,否,121.182633,25.039043
20230216,20230216,2023,2,190000,A1,桃園市政府警察局,桃園市大園區和平西路2段口 / 桃園市大園區平南路,晴,夜間(或隧道、地下道、涵洞)有照明,市區道路,50,交岔路,三岔路,交叉路口,交叉路口內,柏油,乾燥,無缺陷,無障礙物,良好,良好,閃光號誌,正常,無,無分向設施,未繪設車道線,未繪設快慢車道分隔線,無,車與車,側撞,駕駛人,違規超車,死亡1;受傷1,2,小客車,自用,女,22,戴安全帽或繫安全帶(使用幼童安全椅),未使用,車的狀態,左轉彎,汽車,左前車頭(身),汽車,左前車頭(身),無(車輛駕駛人因素),尚未發現肇事因素,否,121.182633,25.039043
20230216,20230216,2023,2,190000,A1,桃園市政府警察局,桃園市大園區和平西路2段口 / 桃園市大園區平南路,晴,夜間(或隧道、地下道、涵洞)有照明,市區道路,50,交岔路,三岔路,交叉路口,交叉路口內,柏油,乾燥,無缺陷,無障礙物,良好,良好,閃光號誌,正常,無,無分向設施,未繪設車道線,未繪設快慢車道分隔線,無,車與車,側撞,駕駛人,違規超車,死亡1;受傷1,3,NA,NA,無或物(動物、堆置物),-1,NA,NA,NA,NA,NA,NA,NA,NA,無(非車輛駕駛人因素),尚未發現肇事因素,否,121.182633,25.039043
20230216,20230216,2023,2,190000,A1,桃園市政府警察局,桃園市大園區和平西路2段口 / 桃園市大園區平南路,晴,夜間(或隧道、地下道、涵洞)有照明,市區道路,50,交岔路,三岔路,交叉路口,交叉路口內,柏油,乾燥,無缺陷,無障礙物,良好,良好,閃光號誌,正常,無,無分向設施,未繪設車道線,未繪設快慢車道分隔線,無,車與車,側撞,駕駛人,違規超車,死亡1;受傷1,4,人,乘客,女,19,戴安全帽或繫安全帶(使用幼童安全椅),未使用,人的狀態,其他,其他,非汽(機)車,其他,非汽(機)車,無(非車輛駕駛人因素),尚未發現肇事因素,否,121.182633,25.039043
20230216,20230216,2023,2,213900,A1,高雄市政府警察局,高雄市仁武區村澄觀路 / 高雄市仁武區京吉六路,晴,日間自然光線,市區道路,50,交岔路,四岔路,交叉路口,交叉路口內,柏油,乾燥,無缺陷,無障礙物,良好,良好,行車管制號誌,正常,中央分向島,寛式(50公分以上),車道線(無標記),快慢車道分隔線,有,車與車,側撞,駕駛人,違反號誌管制或指揮,死亡1;受傷0,1,小客車,自用,男,68,戴安全帽或繫安全帶(使用幼童安全椅),未使用,車的狀態,左轉彎,汽車,右側車身,汽車,右側車身,駕駛人,違反號誌管制或指揮,否,120.3303,22.67777
20230216,20230216,2023,2,213900,A1,高雄市政府警察局,高雄市仁武區村澄觀路 / 高雄市仁武區京吉六路,晴,日間自然光線,市區道路,50,交岔路,四岔路,交叉路口,交叉路口內,柏油,乾燥,無缺陷,無障礙物,良好,良好,行車管制號誌,正常,中央分向島,寛式(50公分以上),車道線(無標記),快慢車道分隔線,有,車與車,側撞,駕駛人,違反號誌管制或指揮,死亡1;受傷0,2,機車,普通重型,女,27,戴安全帽或繫安全帶(使用幼童安全椅),未使用,車的狀態,向前直行中,機車,前車頭,機車,前車頭,無(車輛駕駛人因素),尚未發現肇事因素,否,120.3303,22.67777
20230216,20230216,2023,2,220600,A1,臺中市政府警察局,臺中市霧峰區峰谷里新生路390號前0.0公尺,晴,夜間(或隧道、地下道、涵洞)有照明,市區道路,50,交岔路,三岔路,交叉路口,交叉口附近,柏油,乾燥,無缺陷,無障礙物,良好,良好,無號誌,無號誌,雙向禁止超車線,無標記,禁止變換車道線(無標記),未繪設快慢車道分隔線,有,汽(機)車本身,撞路樹、電桿,駕駛人,酒醉(後)駕駛失控,死亡1;受傷0,1,機車,普通重型,男,22,戴安全帽或繫安全帶(使用幼童安全椅),不明,車的狀態,向前直行中,機車,前車頭,NA,NA,駕駛人,酒醉(後)駕駛失控,否,120.712721,24.041824
20230216,20230216,2023,2,220600,A1,臺中市政府警察局,臺中市霧峰區峰谷里新生路390號前0.0公尺,晴,夜間(或隧道、地下道、涵洞)有照明,市區道路,50,交岔路,三岔路,交叉路口,交叉口附近,柏油,乾燥,無缺陷,無障礙物,良好,良好,無號誌,無號誌,雙向禁止超車線,無標記,禁止變換車道線(無標記),未繪設快慢車道分隔線,有,汽(機)車本身,撞路樹、電桿,駕駛人,酒醉(後)駕駛失控,死亡1;受傷0,2,NA,NA,無或物(動物、堆置物),0,NA,NA,NA,NA,NA,NA,NA,NA,無(非車輛駕駛人因素),尚未發現肇事因素,否,120.712721,24.041824
20230217,20230217,2023,2,070000,A1,高雄市政府警察局,高雄市茂林區茂林里高132鄉道0.7公里號前0.0公尺,晴,日間自然光線,市區道路,30,單路部分,坡路,路段,一般車道(未劃分快慢車道),柏油,乾燥,無缺陷,無障礙物,良好,良好,無號誌,無號誌,雙向禁止超車線,附標記,未繪設車道線,未繪設快慢車道分隔線,有,汽(機)車本身,路上翻車、摔倒,駕駛人,未依規定減速,死亡1;受傷0,1,曳引車,營業用,男,28,不明,不明,車的狀態,向前直行中,汽車,前車頭,汽車,前車頭,駕駛人,未依規定減速,否,120.650681,22.882368
20230217,20230217,2023,2,070000,A1,高雄市政府警察局,高雄市茂林區茂林里高132鄉道0.7公里號前0.0公尺,晴,日間自然光線,市區道路,30,單路部分,坡路,路段,一般車道(未劃分快慢車道),柏油,乾燥,無缺陷,無障礙物,良好,良好,無號誌,無號誌,雙向禁止超車線,附標記,未繪設車道線,未繪設快慢車道分隔線,有,汽(機)車本身,路上翻車、摔倒,駕駛人,未依規定減速,死亡1;受傷0,2,NA,NA,無或物(動物、堆置物),112,NA,NA,NA,NA,NA,NA,NA,NA,無(非車輛駕駛人因素),尚未發現肇事因素,否,120.650681,22.882368
20230217,20230217,2023,2,130600,A1,花蓮縣警察局,花蓮縣吉安鄉南濱路1段口 / 花蓮縣吉安鄉華中路口,晴,日間自然光線,縣道,50,交岔路,四岔路,交叉路口,交叉路口內,柏油,乾燥,無缺陷,無障礙物,良好,良好,行車管制號誌,正常,無,無分向設施,未繪設車道線,未繪設快慢車道分隔線,無,車與車,側撞,駕駛人,未依規定讓車,死亡1;受傷0,1,半聯結車,營業用,男,44,戴安全帽或繫安全帶(使用幼童安全椅),未使用,車的狀態,右轉彎,汽車,右前車頭(身),NA,NA,駕駛人,未依規定讓車,否,121.59449,23.936458
20230217,20230217,2023,2,130600,A1,花蓮縣警察局,花蓮縣吉安鄉南濱路1段口 / 花蓮縣吉安鄉華中路口,晴,日間自然光線,縣道,50,交岔路,四岔路,交叉路口,交叉路口內,柏油,乾燥,無缺陷,無障礙物,良好,良好,行車管制號誌,正常,無,無分向設施,未繪設車道線,未繪設快慢車道分隔線,無,車與車,側撞,駕駛人,未依規定讓車,死亡1;受傷0,2,機車,普通重型,男,19,戴安全帽或繫安全帶(使用幼童安全椅),未使用,車的狀態,向前直行中,機車,前車頭,NA,NA,駕駛人,未注意車前狀態,否,121.59449,23.936458
20230217,20230217,2023,2,130600,A1,花蓮縣警察局,花蓮縣吉安鄉南濱路1段口 / 花蓮縣吉安鄉華中路口,晴,日間自然光線,縣道,50,交岔路,四岔路,交叉路口,交叉路口內,柏油,乾燥,無缺陷,無障礙物,良好,良好,行車管制號誌,正常,無,無分向設施,未繪設車道線,未繪設快慢車道分隔線,無,車與車,側撞,駕駛人,未依規定讓車,死亡1;受傷0,3,NA,NA,無或物(動物、堆置物),-1,NA,NA,NA,NA,NA,NA,NA,NA,無(非車輛駕駛人因素),尚未發現肇事因素,否,121.59449,23.936458
20230217,20230217,2023,2,153350,A1,嘉義縣警察局,嘉義縣朴子市大葛里朴子七路與祥和三路西段路口,晴,日間自然光線,市區道路,50,單路部分,直路,其他,其他,柏油,乾燥,無缺陷,無障礙物,良好,良好,閃光號誌,正常,雙向禁止超車線,無標記,車道線(無標記),未繪設快慢車道分隔線,有,汽(機)車本身,撞路樹、電桿,其他,不明原因肇事,死亡1;受傷0,1,曳引車,營業用,男,57,未戴案全帽或未繫安全帶(未使用幼童安全椅),不明,車的狀態,向前直行中,汽車,前車頭,NA,NA,其他,不明原因肇事,否,120.28458,23.456071
20230217,20230217,2023,2,153350,A1,嘉義縣警察局,嘉義縣朴子市大葛里朴子七路與祥和三路西段路口,晴,日間自然光線,市區道路,50,單路部分,直路,其他,其他,柏油,乾燥,無缺陷,無障礙物,良好,良好,閃光號誌,正常,雙向禁止超車線,無標記,車道線(無標記),未繪設快慢車道分隔線,有,汽(機)車本身,撞路樹、電桿,其他,不明原因肇事,死亡1;受傷0,2,NA,NA,無或物(動物、堆置物),-1,NA,NA,NA,NA,NA,NA,NA,NA,無(非車輛駕駛人因素),尚未發現肇事因素,否,120.28458,23.456071
20230217,20230217,2023,2,153350,A1,嘉義縣警察局,嘉義縣朴子市大葛里朴子七路與祥和三路西段路口,晴,日間自然光線,市區道路,50,單路部分,直路,其他,其他,柏油,乾燥,無缺陷,無障礙物,良好,良好,閃光號誌,正常,雙向禁止超車線,無標記,車道線(無標記),未繪設快慢車道分隔線,有,汽(機)車本身,撞路樹、電桿,其他,不明原因肇事,死亡1;受傷0,3,NA,NA,無或物(動物、堆置物),-1,NA,NA,NA,NA,NA,NA,NA,NA,無(非車輛駕駛人因素),尚未發現肇事因素,否,120.28458,23.456071
20230217,20230217,2023,2,153350,A1,嘉義縣警察局,嘉義縣朴子市大葛里朴子七路與祥和三路西段路口,晴,日間自然光線,市區道路,50,單路部分,直路,其他,其他,柏油,乾燥,無缺陷,無障礙物,良好,良好,閃光號誌,正常,雙向禁止超車線,無標記,車道線(無標記),未繪設快慢車道分隔線,有,汽(機)車本身,撞路樹、電桿,其他,不明原因肇事,死亡1;受傷0,4,NA,NA,無或物(動物、堆置物),-1,NA,NA,NA,NA,NA,NA,NA,NA,無(非車輛駕駛人因素),尚未發現肇事因素,否,120.28458,23.456071
20230217,20230217,2023,2,153350,A1,嘉義縣警察局,嘉義縣朴子市大葛里朴子七路與祥和三路西段路口,晴,日間自然光線,市區道路,50,單路部分,直路,其他,其他,柏油,乾燥,無缺陷,無障礙物,良好,良好,閃光號誌,正常,雙向禁止超車線,無標記,車道線(無標記),未繪設快慢車道分隔線,有,汽(機)車本身,撞路樹、電桿,其他,不明原因肇事,死亡1;受傷0,5,NA,NA,無或物(動物、堆置物),-1,NA,NA,NA,NA,NA,NA,NA,NA,無(非車輛駕駛人因素),尚未發現肇事因素,否,120.28458,23.456071
20230218,20230218,2023,2,120500,A1,高雄市政府警察局,高雄市仁武區鳳仁路177號前0.0公尺,晴,日間自然光線,市區道路,60,單路部分,直路,路段,慢車道,柏油,乾燥,無缺陷,路上有停車,不良,其他,無號誌,無號誌,中央分向島,寛式(50公分以上),車道線(無標記),快慢車道分隔線,有,車與車,追撞,駕駛人,未注意車前狀態,死亡1;受傷0,1,機車,普通重型,男,21,戴安全帽或繫安全帶(使用幼童安全椅),未使用,車的狀態,向前直行中,機車,前車頭,機車,前車頭,駕駛人,未注意車前狀態,否,120.3486,22.69467
20230218,20230218,2023,2,120500,A1,高雄市政府警察局,高雄市仁武區鳳仁路177號前0.0公尺,晴,日間自然光線,市區道路,60,單路部分,直路,路段,慢車道,柏油,乾燥,無缺陷,路上有停車,不良,其他,無號誌,無號誌,中央分向島,寛式(50公分以上),車道線(無標記),快慢車道分隔線,有,車與車,追撞,駕駛人,未注意車前狀態,死亡1;受傷0,2,曳引車,營業用,男,61,不明,不明,車的狀態,等待(引擎未熄火),汽車,左後車尾(身),汽車,左後車尾(身),其他,違規停車或暫停不當而肇事,否,120.3486,22.69467
20230218,20230218,2023,2,132839,A1,桃園市政府警察局,桃園市大園區台61線平面南下PB48橋墩旁,晴,日間自然光線,市區道路,50,交岔路,四岔路,交叉路口,交叉路口內,柏油,乾燥,無缺陷,無障礙物,良好,良好,無號誌,無號誌,無,無分向設施,未繪設車道線,未繪設快慢車道分隔線,無,車與車,路口交岔撞,駕駛人,未依規定讓車,死亡1;受傷0,1,小貨車(含客、貨兩用),自用,男,69,不明,不明,車的狀態,向前直行中,汽車,前車頭,NA,NA,駕駛人,未依規定讓車,否,121.23475,25.110494
20230218,20230218,2023,2,132839,A1,桃園市政府警察局,桃園市大園區台61線平面南下PB48橋墩旁,晴,日間自然光線,市區道路,50,交岔路,四岔路,交叉路口,交叉路口內,柏油,乾燥,無缺陷,無障礙物,良好,良好,無號誌,無號誌,無,無分向設施,未繪設車道線,未繪設快慢車道分隔線,無,車與車,路口交岔撞,駕駛人,未依規定讓車,死亡1;受傷0,2,機車,普通重型,男,18,不明,使用手持或有礙駕駛安全,車的狀態,向前直行中,機車,前車頭,NA,NA,駕駛人,未注意車前狀態,否,121.23475,25.110494
20230218,20230218,2023,2,191500,A1,高雄市政府警察局,高雄市楠梓區楠梓路 / 高雄市楠梓區楠梓新路,晴,夜間(或隧道、地下道、涵洞)有照明,市區道路,40,交岔路,四岔路,交叉路口,交叉口附近,柏油,乾燥,無缺陷,無障礙物,良好,良好,行車管制號誌,正常,雙向禁止超車線,無標記,車道線(無標記),未繪設快慢車道分隔線,無,車與車,路口交岔撞,駕駛人,違反號誌管制或指揮,死亡1;受傷1,1,機車,普通重型,男,75,戴安全帽或繫安全帶(使用幼童安全椅),未使用,車的狀態,向前直行中,機車,右側車身,機車,右側車身,駕駛人,違反號誌管制或指揮,否,120.326486,22.729011
20230218,20230218,2023,2,191500,A1,高雄市政府警察局,高雄市楠梓區楠梓路 / 高雄市楠梓區楠梓新路,晴,夜間(或隧道、地下道、涵洞)有照明,市區道路,40,交岔路,四岔路,交叉路口,交叉口附近,柏油,乾燥,無缺陷,無障礙物,良好,良好,行車管制號誌,正常,雙向禁止超車線,無標記,車道線(無標記),未繪設快慢車道分隔線,無,車與車,路口交岔撞,駕駛人,違反號誌管制或指揮,死亡1;受傷1,2,機車,普通重型,男,23,戴安全帽或繫安全帶(使用幼童安全椅),未使用,車的狀態,向前直行中,機車,前車頭,機車,前車頭,駕駛人,超速失控,否,120.326486,22.729011
20230218,20230218,2023,2,192752,A1,臺東縣警察局,臺東縣卑南鄉太平路613號前0.0公尺,晴,夜間(或隧道、地下道、涵洞)有照明,村里道路,50,單路部分,直路,路段,一般車道(未劃分快慢車道),柏油,乾燥,無缺陷,無障礙物,良好,良好,無號誌,無號誌,雙向禁止超車線,無標記,未繪設車道線,未繪設快慢車道分隔線,有,車與車,側撞,駕駛人,違反特定標誌(線)禁制,死亡1;受傷2,1,機車,普通重型,女,81,戴安全帽或繫安全帶(使用幼童安全椅),未使用,車的狀態,迴轉或橫越道路中,機車,右側車身,NA,NA,駕駛人,違反特定標誌(線)禁制,否,121.078311,22.7887
20230218,20230218,2023,2,192752,A1,臺東縣警察局,臺東縣卑南鄉太平路613號前0.0公尺,晴,夜間(或隧道、地下道、涵洞)有照明,村里道路,50,單路部分,直路,路段,一般車道(未劃分快慢車道),柏油,乾燥,無缺陷,無障礙物,良好,良好,無號誌,無號誌,雙向禁止超車線,無標記,未繪設車道線,未繪設快慢車道分隔線,有,車與車,側撞,駕駛人,違反特定標誌(線)禁制,死亡1;受傷2,2,小客車,自用,男,21,戴安全帽或繫安全帶(使用幼童安全椅),未使用,車的狀態,向前直行中,汽車,前車頭,NA,NA,駕駛人,未注意車前狀態,否,121.078311,22.7887