accident_date,發生日期,發生年度,發生月份,發生時間,事故類別名稱,處理單位名稱警局層,發生地點,天候名稱,光線名稱,道路類別-第1當事者-名稱,速限-第1當事者,道路型態大類別名稱,道路型態子類別名稱,事故位置大類別名稱,事故位置子類別名稱,路面狀況-路面鋪裝名稱,路面狀況-路面狀態名稱,路面狀況-路面缺陷名稱,道路障礙-障礙物名稱,道路障礙-視距品質名稱,道路障礙-視距名稱,號誌-號誌種類名稱,號誌-號誌動作名稱,車道劃分設施-分向設施大類別名稱,車道劃分設施-分向設施子類別名稱,車道劃分設施-分道設施-快車道或一般車道間名稱,車道劃分設施-分道設施-快慢車道間名稱,車道劃分設施-分道設施-路面邊線名稱,事故類型及型態大類別名稱,事故類型及型態子類別名稱,肇因研判大類別名稱-主要,肇因研判子類別名稱-主要,死亡受傷人數,當事者順位,當事者區分-類別-大類別名稱-車種,當事者區分-類別-子類別名稱-車種,當事者屬-性-別名稱,當事者事故發生時年齡,保護裝備名稱,行動電話或電腦或其他相類功能裝置名稱,當事者行動狀態大類別名稱,當事者行動狀態子類別名稱,車輛撞擊部位大類別名稱-最初,車輛撞擊部位子類別名稱-最初,車輛撞擊部位大類別名稱-其他,車輛撞擊部位子類別名稱-其他,肇因研判大類別名稱-個別,肇因研判子類別名稱-個別,肇事逃逸類別名稱-是否肇逃,經度,緯度
20230218,20230218,2023,2,192752,A1,臺東縣警察局,臺東縣卑南鄉太平路613號前0.0公尺,晴,夜間(或隧道、地下道、涵洞)有照明,村里道路,50,單路部分,直路,路段,一般車道(未劃分快慢車道),柏油,乾燥,無缺陷,無障礙物,良好,良好,無號誌,無號誌,雙向禁止超車線,無標記,未繪設車道線,未繪設快慢車道分隔線,有,車與車,側撞,駕駛人,違反特定標誌(線)禁制,死亡1;受傷2,3,NA,NA,無或物(動物、堆置物),-1,NA,NA,NA,NA,NA,NA,NA,NA,無(非車輛駕駛人因素),尚未發現肇事因素,否,121.078311,22.7887
20230218,20230218,2023,2,192752,A1,臺東縣警察局,臺東縣卑南鄉太平路613號前0.0公尺,晴,夜間(或隧道、地下道、涵洞)有照明,村里道路,50,單路部分,直路,路段,一般車道(未劃分快慢車道),柏油,乾燥,無缺陷,無障礙物,良好,良好,無號誌,無號誌,雙向禁止超車線,無標記,未繪設車道線,未繪設快慢車道分隔線,有,車與車,側撞,駕駛人,違反特定標誌(線)禁制,死亡1;受傷2,4,小客車,自用,女,50,不明,不明,車的狀態,靜止(引擎熄火),汽車,右側車身,NA,NA,無(車輛駕駛人因素),尚未發現肇事因素,否,121.078311,22.7887
20230218,20230218,2023,2,192752,A1,臺東縣警察局,臺東縣卑南鄉太平路613號前0.0公尺,晴,夜間(或隧道、地下道、涵洞)有照明,村里道路,50,單路部分,直路,路段,一般車道(未劃分快慢車道),柏油,乾燥,無缺陷,無障礙物,良好,良好,無號誌,無號誌,雙向禁止超車線,無標記,未繪設車道線,未繪設快慢車道分隔線,有,車與車,側撞,駕駛人,違反特定標誌(線)禁制,死亡1;受傷2,5,小貨車(含客、貨兩用),自用,女,35,不明,不明,車的狀態,靜止(引擎熄火),汽車,右後車尾(身),NA,NA,無(車輛駕駛人因素),尚未發現肇事因素,否,121.078311,22.7887
20230218,20230218,2023,2,192752,A1,臺東縣警察局,臺東縣卑南鄉太平路613號前0.0公尺,晴,夜間(或隧道、地下道、涵洞)有照明,村里道路,50,單路部分,直路,路段,一般車道(未劃分快慢車道),柏油,乾燥,無缺陷,無障礙物,良好,良好,無號誌,無號誌,雙向禁止超車線,無標記,未繪設車道線,未繪設快慢車道分隔線,有,車與車,側撞,駕駛人,違反特定標誌(線)禁制,死亡1;受傷2,6,小客車,自用,男,39,不明,不明,車的狀態,靜止(引擎熄火),汽車,前車頭,NA,NA,無(車輛駕駛人因素),尚未發現肇事因素,否,121.078311,22.7887
20230218,20230218,2023,2,192752,A1,臺東縣警察局,臺東縣卑南鄉太平路613號前0.0公尺,晴,夜間(或隧道、地下道、涵洞)有照明,村里道路,50,單路部分,直路,路段,一般車道(未劃分快慢車道),柏油,乾燥,無缺陷,無障礙物,良好,良好,無號誌,無號誌,雙向禁止超車線,無標記,未繪設車道線,未繪設快慢車道分隔線,有,車與車,側撞,駕駛人,違反特定標誌(線)禁制,死亡1;受傷2,7,人,乘客,男,23,戴安全帽或繫安全帶(使用幼童安全椅),非駕駛人,人的狀態,其他,其他,非汽(機)車,NA,NA,無(非車輛駕駛人因素),尚未發現肇事因素,否,121.078311,22.7887
20230218,20230218,2023,2,200900,A1,高雄市政府警察局,高雄市杉林區台29省道集來201燈桿號前0.0公尺,晴,夜間(或隧道、地下道、涵洞)有照明,市區道路,50,單路部分,彎曲路及附近,路段,一般車道(未劃分快慢車道),柏油,乾燥,無缺陷,無障礙物,良好,良好,無號誌,無號誌,雙向禁止超車線,無標記,車道線(無標記),未繪設快慢車道分隔線,有,車與車,對撞,駕駛人,逆向行駛,死亡1;受傷0,1,機車,普通重型,男,20,戴安全帽或繫安全帶(使用幼童安全椅),不明,車的狀態,向前直行中,機車,左側車身,機車,左側車身,駕駛人,逆向行駛,否,120.5414,22.9745
20230218,20230218,2023,2,200900,A1,高雄市政府警察局,高雄市杉林區台29省道集來201燈桿號前0.0公尺,晴,夜間(或隧道、地下道、涵洞)有照明,市區道路,50,單路部分,彎曲路及附近,路段,一般車道(未劃分快慢車道),柏油,乾燥,無缺陷,無障礙物,良好,良好,無號誌,無號誌,雙向禁止超車線,無標記,車道線(無標記),未繪設快慢車道分隔線,有,車與車,對撞,駕駛人,逆向行駛,死亡1;受傷0,2,小客車,自用,男,32,戴安全帽或繫安全帶(使用幼童安全椅),未使用,車的狀態,向前直行中,汽車,前車頭,汽車,前車頭,無(車輛駕駛人因素),尚未發現肇事因素,否,120.5414,22.9745
20230219,20230219,2023,2,000500,A1,臺南市政府警察局,臺南市麻豆區安業里東溪洲16之2號前(173線4公里處),晴,夜間(或隧道、地下道、涵洞)有照明,市區道路,50,單路部分,直路,路段,路肩、路緣,柏油,乾燥,無缺陷,無障礙物,良好,良好,無號誌,無號誌,雙向禁止超車線,無標記,車道線(無標記),未繪設快慢車道分隔線,有,汽(機)車本身,撞路樹、電桿,駕駛人,未注意車前狀態,死亡2;受傷0,1,機車,普通重型,男,18,未戴案全帽或未繫安全帶(未使用幼童安全椅),不明,車的狀態,向前直行中,機車,前車頭,機車,左側車身,駕駛人,未注意車前狀態,否,120.241319,23.153782
20230219,20230219,2023,2,000500,A1,臺南市政府警察局,臺南市麻豆區安業里東溪洲16之2號前(173線4公里處),晴,夜間(或隧道、地下道、涵洞)有照明,市區道路,50,單路部分,直路,路段,路肩、路緣,柏油,乾燥,無缺陷,無障礙物,良好,良好,無號誌,無號誌,雙向禁止超車線,無標記,車道線(無標記),未繪設快慢車道分隔線,有,汽(機)車本身,撞路樹、電桿,駕駛人,未注意車前狀態,死亡2;受傷0,2,NA,NA,無或物(動物、堆置物),-1,NA,NA,NA,NA,NA,NA,NA,NA,無(非車輛駕駛人因素),尚未發現肇事因素,否,120.241319,23.153782
20230219,20230219,2023,2,000500,A1,臺南市政府警察局,臺南市麻豆區安業里東溪洲16之2號前(173線4公里處),晴,夜間(或隧道、地下道、涵洞)有照明,市區道路,50,單路部分,直路,路段,路肩、路緣,柏油,乾燥,無缺陷,無障礙物,良好,良好,無號誌,無號誌,雙向禁止超車線,無標記,車道線(無標記),未繪設快慢車道分隔線,有,汽(機)車本身,撞路樹、電桿,駕駛人,未注意車前狀態,死亡2;受傷0,3,人,乘客,女,18,未戴案全帽或未繫安全帶(未使用幼童安全椅),非駕駛人,人的狀態,其他,其他,非汽(機)車,NA,NA,無(非車輛駕駛人因素),尚未發現肇事因素,否,120.241319,23.153782
20230219,20230219,2023,2,015300,A1,嘉義縣警察局,嘉義縣朴子市大鄉里縣168線12.4公里處西向,霧或煙,夜間(或隧道、地下道、涵洞)有照明,縣道,50,單路部分,直路,路段,慢車道,柏油,乾燥,無缺陷,路上有停車,不良,其他,無號誌,無號誌,中央分向島,寛式(50公分以上),車道線(無標記),快慢車道分隔線,有,車與車,追撞,駕駛人,酒醉(後)駕駛失控,死亡1;受傷0,1,機車,普通重型,女,46,戴安全帽或繫安全帶(使用幼童安全椅),未使用,車的狀態,向前直行中,機車,前車頭,NA,NA,駕駛人,酒醉(後)駕駛失控,否,120.265242,23.464675
20230219,20230219,2023,2,015300,A1,嘉義縣警察局,嘉義縣朴子市大鄉里縣168線12.4公里處西向,霧或煙,夜間(或隧道、地下道、涵洞)有照明,縣道,50,單路部分,直路,路段,慢車道,柏油,乾燥,無缺陷,路上有停車,不良,其他,無號誌,無號誌,中央分向島,寛式(50公分以上),車道線(無標記),快慢車道分隔線,有,車與車,追撞,駕駛人,酒醉(後)駕駛失控,死亡1;受傷0,2,小貨車(含客、貨兩用),自用,男,49,不明,未使用,車的狀態,等待(引擎未熄火),汽車,左後車尾(身),NA,NA,其他,違規停車或暫停不當而肇事,否,120.265242,23.464675
20230219,20230219,2023,2,131300,A1,臺南市政府警察局,臺南市善化區善化交流道北上匝道口,晴,日間自然光線,市區道路,50,交岔路,四岔路,交叉路口,交叉路口內,柏油,乾燥,無缺陷,無障礙物,良好,良好,行車管制號誌,正常,中央分向島,寛式(50公分以上),禁止變換車道線(無標記),未繪設快慢車道分隔線,有,車與車,側撞,駕駛人,違反號誌管制或指揮,死亡1;受傷0,1,半聯結車,營業用,男,38,戴安全帽或繫安全帶(使用幼童安全椅),未使用,車的狀態,左轉彎,汽車,右後車尾(身),NA,NA,駕駛人,違反號誌管制或指揮,否,120.33221,23.123581
20230219,20230219,2023,2,131300,A1,臺南市政府警察局,臺南市善化區善化交流道北上匝道口,晴,日間自然光線,市區道路,50,交岔路,四岔路,交叉路口,交叉路口內,柏油,乾燥,無缺陷,無障礙物,良好,良好,行車管制號誌,正常,中央分向島,寛式(50公分以上),禁止變換車道線(無標記),未繪設快慢車道分隔線,有,車與車,側撞,駕駛人,違反號誌管制或指揮,死亡1;受傷0,2,機車,大型重型1(550C.C.以上),男,38,戴安全帽或繫安全帶(使用幼童安全椅),未使用,車的狀態,向前直行中,機車,前車頭,NA,NA,駕駛人,超速失控,否,120.33221,23.123581
20230219,20230219,2023,2,140256,A1,屏東縣政府警察局,屏東縣枋山鄉加祿路85-3號前0.0公尺,晴,日間自然光線,市區道路,30,單路部分,直路,路段,一般車道(未劃分快慢車道),柏油,乾燥,無缺陷,無障礙物,良好,良好,無號誌,無號誌,無,無分向設施,未繪設車道線,未繪設快慢車道分隔線,有,車與車,對向擦撞,駕駛人,未注意車前狀態,死亡1;受傷0,1,小貨車(含客、貨兩用),自用,男,20,戴安全帽或繫安全帶(使用幼童安全椅),未使用,車的狀態,向前直行中,汽車,前車頭,NA,NA,駕駛人,未注意車前狀態,否,120.620127,22.333417
20230219,20230219,2023,2,140256,A1,屏東縣政府警察局,屏東縣枋山鄉加祿路85-3號前0.0公尺,晴,日間自然光線,市區道路,30,單路部分,直路,路段,一般車道(未劃分快慢車道),柏油,乾燥,無缺陷,無障礙物,良好,良好,無號誌,無號誌,無,無分向設施,未繪設車道線,未繪設快慢車道分隔線,有,車與車,對向擦撞,駕駛人,未注意車前狀態,死亡1;受傷0,2,機車,普通重型,男,22,未戴案全帽或未繫安全帶(未使用幼童安全椅),未使用,車的狀態,向前直行中,機車,左側車身,NA,NA,駕駛人,未注意車前狀態,否,120.620127,22.333417
20230219,20230219,2023,2,140256,A1,屏東縣政府警察局,屏東縣枋山鄉加祿路85-3號前0.0公尺,晴,日間自然光線,市區道路,30,單路部分,直路,路段,一般車道(未劃分快慢車道),柏油,乾燥,無缺陷,無障礙物,良好,良好,無號誌,無號誌,無,無分向設施,未繪設車道線,未繪設快慢車道分隔線,有,車與車,對向擦撞,駕駛人,未注意車前狀態,死亡1;受傷0,3,人,乘客,男,26,戴安全帽或繫安全帶(使用幼童安全椅),未使用,人的狀態,其他,其他,非汽(機)車,NA,NA,無(非車輛駕駛人因素),尚未發現肇事因素,否,120.620127,22.333417
20230219,20230219,2023,2,140256,A1,屏東縣政府警察局,屏東縣枋山鄉加祿路85-3號前0.0公尺,晴,日間自然光線,市區道路,30,單路部分,直路,路段,一般車道(未劃分快慢車道),柏油,乾燥,無缺陷,無障礙物,良好,良好,無號誌,無號誌,無,無分向設施,未繪設車道線,未繪設快慢車道分隔線,有,車與車,對向擦撞,駕駛人,未注意車前狀態,死亡1;受傷0,4,人,乘客,男,31,戴安全帽或繫安全帶(使用幼童安全椅),未使用,人的狀態,其他,其他,非汽(機)車,NA,NA,無(非車輛駕駛人因素),尚未發現肇事因素,否,120.620127,22.333417
20230219,20230219,2023,2,150600,A1,嘉義縣警察局,嘉義縣大林鎮平林里瑞德路與中正路路口,晴,日間自然光線,村里道路,50,交岔路,四岔路,交叉路口,交叉口附近,柏油,乾燥,無缺陷,無障礙物,良好,良好,閃光號誌,正常,雙向禁止超車線,無標記,未繪設車道線,未繪設快慢車道分隔線,有,車與車,其他,駕駛人,迴轉未依規定,死亡1;受傷0,1,大貨車,營業用,男,42,戴安全帽或繫安全帶(使用幼童安全椅),未使用,車的狀態,迴轉或橫越道路中,汽車,左前車頭(身),NA,NA,駕駛人,迴轉未依規定,否,120.459293,23.605974
20230219,20230219,2023,2,150600,A1,嘉義縣警察局,嘉義縣大林鎮平林里瑞德路與中正路路口,晴,日間自然光線,村里道路,50,交岔路,四岔路,交叉路口,交叉口附近,柏油,乾燥,無缺陷,無障礙物,良好,良好,閃光號誌,正常,雙向禁止超車線,無標記,未繪設車道線,未繪設快慢車道分隔線,有,車與車,其他,駕駛人,迴轉未依規定,死亡1;受傷0,2,慢車,腳踏自行車,男,61,未戴案全帽或未繫安全帶(未使用幼童安全椅),未使用,車的狀態,右轉彎,其他,非汽(機)車,NA,NA,無(車輛駕駛人因素),尚未發現肇事因素,否,120.459293,23.605974
20230219,20230219,2023,2,184100,A1,雲林縣警察局,雲林縣古坑鄉永昌村光興路85號前附近,晴,夜間(或隧道、地下道、涵洞)有照明,市區道路,60,單路部分,直路,路段,慢車道,柏油,乾燥,無缺陷,無障礙物,良好,良好,無號誌,無號誌,雙向禁止超車線,無標記,禁止變換車道線(無標記),快慢車道分隔線,有,車與車,追撞,駕駛人,未注意車前狀態,死亡1;受傷0,1,機車,普通重型,男,42,戴安全帽或繫安全帶(使用幼童安全椅),未使用,車的狀態,向前直行中,機車,前車頭,NA,NA,駕駛人,未注意車前狀態,否,120.549557,23.625238
20230219,20230219,2023,2,184100,A1,雲林縣警察局,雲林縣古坑鄉永昌村光興路85號前附近,晴,夜間(或隧道、地下道、涵洞)有照明,市區道路,60,單路部分,直路,路段,慢車道,柏油,乾燥,無缺陷,無障礙物,良好,良好,無號誌,無號誌,雙向禁止超車線,無標記,禁止變換車道線(無標記),快慢車道分隔線,有,車與車,追撞,駕駛人,未注意車前狀態,死亡1;受傷0,2,小客車,自用,女,55,戴安全帽或繫安全帶(使用幼童安全椅),未使用,車的狀態,等待(引擎未熄火),汽車,左後車尾(身),NA,NA,其他,不明原因肇事,否,120.549557,23.625238
20230220,20230220,2023,2,010800,A1,宜蘭縣政府警察局,宜蘭縣頭城鎮新興路83之2號附近,晴,夜間(或隧道、地下道、涵洞)有照明,村里道路,40,單路部分,其他,其他,其他,柏油,乾燥,無缺陷,無障礙物,良好,良好,無號誌,無號誌,無,無分向設施,未繪設車道線,未繪設快慢車道分隔線,無,汽(機)車本身,撞橋樑、建築物,其他,不明原因肇事,死亡2;受傷0,1,小客車,自用,男,51,未戴案全帽或未繫安全帶(未使用幼童安全椅),未使用,車的狀態,向前直行中,汽車,前車頭,NA,NA,其他,不明原因肇事,否,121.818033,24.851543
20230220,20230220,2023,2,010800,A1,宜蘭縣政府警察局,宜蘭縣頭城鎮新興路83之2號附近,晴,夜間(或隧道、地下道、涵洞)有照明,村里道路,40,單路部分,其他,其他,其他,柏油,乾燥,無缺陷,無障礙物,良好,良好,無號誌,無號誌,無,無分向設施,未繪設車道線,未繪設快慢車道分隔線,無,汽(機)車本身,撞橋樑、建築物,其他,不明原因肇事,死亡2;受傷0,2,NA,NA,無或物(動物、堆置物),-1,NA,NA,NA,NA,NA,NA,NA,NA,無(非車輛駕駛人因素),尚未發現肇事因素,否,121.818033,24.851543
20230220,20230220,2023,2,010800,A1,宜蘭縣政府警察局,宜蘭縣頭城鎮新興路83之2號附近,晴,夜間(或隧道、地下道、涵洞)有照明,村里道路,40,單路部分,其他,其他,其他,柏油,乾燥,無缺陷,無障礙物,良好,良好,無號誌,無號誌,無,無分向設施,未繪設車道線,未繪設快慢車道分隔線,無,汽(機)車本身,撞橋樑、建築物,其他,不明原因肇事,死亡2;受傷0,3,人,乘客,男,43,不明,非駕駛人,人的狀態,不明,其他,不明,NA,NA,無(非車輛駕駛人因素),尚未發現肇事因素,否,121.818033,24.851543
20230220,20230220,2023,2,100748,A1,國道公路警察局,彰化縣彰化市國道3號 200公里100.0公尺處南側向路肩,晴,日間自然光線,國道,90,單路部分,直路,路段,路肩、路緣,柏油,乾燥,無缺陷,無障礙物,良好,良好,無號誌,無號誌,中央分向島,寛式(50公分以上),車道線(附標記),未繪設快慢車道分隔線,有,人與汽(機)車,在路上作業中,駕駛人,未注意車前狀態,死亡1;受傷0,1,大貨車,營業用,男,28,戴安全帽或繫安全帶(使用幼童安全椅),未使用,車的狀態,向前直行中,汽車,右前車頭(身),汽車,右側車身,駕駛人,未注意車前狀態,否,120.584723,24.09996
20230220,20230220,2023,2,100748,A1,國道公路警察局,彰化縣彰化市國道3號 200公里100.0公尺處南側向路肩,晴,日間自然光線,國道,90,單路部分,直路,路段,路肩、路緣,柏油,乾燥,無缺陷,無障礙物,良好,良好,無號誌,無號誌,中央分向島,寛式(50公分以上),車道線(附標記),未繪設快慢車道分隔線,有,人與汽(機)車,在路上作業中,駕駛人,未注意車前狀態,死亡1;受傷0,2,人,其他人,男,60,其他(無需使用保護裝備之人),非駕駛人,人的狀態,其他,其他,非汽(機)車,NA,NA,無(非車輛駕駛人因素),尚未發現肇事因素,否,120.584723,24.09996
20230220,20230220,2023,2,100748,A1,國道公路警察局,彰化縣彰化市國道3號 200公里100.0公尺處南側向路肩,晴,日間自然光線,國道,90,單路部分,直路,路段,路肩、路緣,柏油,乾燥,無缺陷,無障礙物,良好,良好,無號誌,無號誌,中央分向島,寛式(50公分以上),車道線(附標記),未繪設快慢車道分隔線,有,人與汽(機)車,在路上作業中,駕駛人,未注意車前狀態,死亡1;受傷0,3,特種車,其他特種車,男,60,不明,不明,車的狀態,等待(引擎未熄火),汽車,左側車身,NA,NA,無(車輛駕駛人因素),尚未發現肇事因素,否,120.584723,24.09996
20230220,20230220,2023,2,102900,A1,國道公路警察局,苗栗縣竹南鎮國道3號 111公里100.0公尺處北側,晴,日間自然光線,國道,90,單路部分,直路,路段,快車道,柏油,乾燥,無缺陷,無障礙物,良好,良好,無號誌,無號誌,中央分向島,窄式附柵欄,車道線(附標記),未繪設快慢車道分隔線,有,車與車,追撞,駕駛人,未注意車前狀態,死亡1;受傷4,1,半聯結車,營業用,男,43,戴安全帽或繫安全帶(使用幼童安全椅),未使用,車的狀態,向前直行中,汽車,前車頭,NA,NA,駕駛人,未注意車前狀態,否,120.870717,24.702999
20230220,20230220,2023,2,102900,A1,國道公路警察局,苗栗縣竹南鎮國道3號 111公里100.0公尺處北側,晴,日間自然光線,國道,90,單路部分,直路,路段,快車道,柏油,乾燥,無缺陷,無障礙物,良好,良好,無號誌,無號誌,中央分向島,窄式附柵欄,車道線(附標記),未繪設快慢車道分隔線,有,車與車,追撞,駕駛人,未注意車前狀態,死亡1;受傷4,2,大貨車,自用,男,52,戴安全帽或繫安全帶(使用幼童安全椅),未使用,車的狀態,等待(引擎未熄火),汽車,後車尾,NA,NA,無(車輛駕駛人因素),尚未發現肇事因素,否,120.870717,24.702999
20230220,20230220,2023,2,102900,A1,國道公路警察局,苗栗縣竹南鎮國道3號 111公里100.0公尺處北側,晴,日間自然光線,國道,90,單路部分,直路,路段,快車道,柏油,乾燥,無缺陷,無障礙物,良好,良好,無號誌,無號誌,中央分向島,窄式附柵欄,車道線(附標記),未繪設快慢車道分隔線,有,車與車,追撞,駕駛人,未注意車前狀態,死亡1;受傷4,3,小客車,自用,男,60,戴安全帽或繫安全帶(使用幼童安全椅),未使用,車的狀態,等待(引擎未熄火),汽車,右後車尾(身),汽車,後車尾,無(車輛駕駛人因素),尚未發現肇事因素,否,120.870717,24.702999
20230220,20230220,2023,2,102900,A1,國道公路警察局,苗栗縣竹南鎮國道3號 111公里100.0公尺處北側,晴,日間自然光線,國道,90,單路部分,直路,路段,快車道,柏油,乾燥,無缺陷,無障礙物,良好,良好,無號誌,無號誌,中央分向島,窄式附柵欄,車道線(附標記),未繪設快慢車道分隔線,有,車與車,追撞,駕駛人,未注意車前狀態,死亡1;受傷4,4,小客車,自用,男,48,戴安全帽或繫安全帶(使用幼童安全椅),未使用,車的狀態,等待(引擎未熄火),汽車,右後車尾(身),汽車,後車尾,無(車輛駕駛人因素),尚未發現肇事因素,否,120.870717,24.702999
20230220,20230220,2023,2,102900,A1,國道公路警察局,苗栗縣竹南鎮國道3號 111公里100.0公尺處北側,晴,日間自然光線,國道,90,單路部分,直路,路段,快車道,柏油,乾燥,無缺陷,無障礙物,良好,良好,無號誌,無號誌,中央分向島,窄式附柵欄,車道線(附標記),未繪設快慢車道分隔線,有,車與車,追撞,駕駛人,未注意車前狀態,死亡1;受傷4,5,小客車,自用,男,27,戴安全帽或繫安全帶(使用幼童安全椅),未使用,車的狀態,等待(引擎未熄火),汽車,後車尾,NA,NA,無(車輛駕駛人因素),尚未發現肇事因素,否,120.870717,24.702999
20230220,20230220,2023,2,102900,A1,國道公路警察局,苗栗縣竹南鎮國道3號 111公里100.0公尺處北側,晴,日間自然光線,國道,90,單路部分,直路,路段,快車道,柏油,乾燥,無缺陷,無障礙物,良好,良好,無號誌,無號誌,中央分向島,窄式附柵欄,車道線(附標記),未繪設快慢車道分隔線,有,車與車,追撞,駕駛人,未注意車前狀態,死亡1;受傷4,6,小貨車(含客、貨兩用),自用,男,50,戴安全帽或繫安全帶(使用幼童安全椅),未使用,車的狀態,等待(引擎未熄火),汽車,後車尾,NA,NA,無(車輛駕駛人因素),尚未發現肇事因素,否,120.870717,24.702999
20230220,20230220,2023,2,102900,A1,國道公路警察局,苗栗縣竹南鎮國道3號 111公里100.0公尺處北側,晴,日間自然光線,國道,90,單路部分,直路,路段,快車道,柏油,乾燥,無缺陷,無障礙物,良好,良好,無號誌,無號誌,中央分向島,窄式附柵欄,車道線(附標記),未繪設快慢車道分隔線,有,車與車,追撞,駕駛人,未注意車前狀態,死亡1;受傷4,7,小客車,自用,男,60,戴安全帽或繫安全帶(使用幼童安全椅),未使用,車的狀態,等待(引擎未熄火),汽車,後車尾,NA,NA,無(車輛駕駛人因素),尚未發現肇事因素,否,120.870717,24.702999
20230220,20230220,2023,2,102900,A1,國道公路警察局,苗栗縣竹南鎮國道3號 111公里100.0公尺處北側,晴,日間自然光線,國道,90,單路部分,直路,路段,快車道,柏油,乾燥,無缺陷,無障礙物,良好,良好,無號誌,無號誌,中央分向島,窄式附柵欄,車道線(附標記),未繪設快慢車道分隔線,有,車與車,追撞,駕駛人,未注意車前狀態,死亡1;受傷4,8,小貨車(含客、貨兩用),自用,男,44,戴安全帽或繫安全帶(使用幼童安全椅),未使用,車的狀態,等待(引擎未熄火),汽車,右側車身,汽車,後車尾,無(車輛駕駛人因素),尚未發現肇事因素,否,120.870717,24.702999
20230220,20230220,2023,2,102900,A1,國道公路警察局,苗栗縣竹南鎮國道3號 111公里100.0公尺處北側,晴,日間自然光線,國道,90,單路部分,直路,路段,快車道,柏油,乾燥,無缺陷,無障礙物,良好,良好,無號誌,無號誌,中央分向島,窄式附柵欄,車道線(附標記),未繪設快慢車道分隔線,有,車與車,追撞,駕駛人,未注意車前狀態,死亡1;受傷4,9,人,乘客,女,59,戴安全帽或繫安全帶(使用幼童安全椅),非駕駛人,人的狀態,其他,其他,非汽(機)車,NA,NA,無(非車輛駕駛人因素),尚未發現肇事因素,否,120.870717,24.702999
20230220,20230220,2023,2,102900,A1,國道公路警察局,苗栗縣竹南鎮國道3號 111公里100.0公尺處北側,晴,日間自然光線,國道,90,單路部分,直路,路段,快車道,柏油,乾燥,無缺陷,無障礙物,良好,良好,無號誌,無號誌,中央分向島,窄式附柵欄,車道線(附標記),未繪設快慢車道分隔線,有,車與車,追撞,駕駛人,未注意車前狀態,死亡1;受傷4,10,NA,NA,無或物(動物、堆置物),-1,NA,NA,NA,NA,NA,NA,NA,NA,無(非車輛駕駛人因素),尚未發現肇事因素,否,120.870717,24.702999
20230220,20230220,2023,2,102900,A1,國道公路警察局,苗栗縣竹南鎮國道3號 111公里100.0公尺處北側,晴,日間自然光線,國道,90,單路部分,直路,路段,快車道,柏油,乾燥,無缺陷,無障礙物,良好,良好,無號誌,無號誌,中央分向島,窄式附柵欄,車道線(附標記),未繪設快慢車道分隔線,有,車與車,追撞,駕駛人,未注意車前狀態,死亡1;受傷4,10,人,乘客,女,51,不明,非駕駛人,人的狀態,其他,其他,非汽(機)車,NA,NA,無(非車輛駕駛人因素),尚未發現肇事因素,否,120.870717,24.702999
20230220,20230220,2023,2,102900,A1,國道公路警察局,苗栗縣竹南鎮國道3號 111公里100.0公尺處北側,晴,日間自然光線,國道,90,單路部分,直路,路段,快車道,柏油,乾燥,無缺陷,無障礙物,良好,良好,無號誌,無號誌,中央分向島,窄式附柵欄,車道線(附標記),未繪設快慢車道分隔線,有,車與車,追撞,駕駛人,未注意車前狀態,死亡1;受傷4,10,人,乘客,男,54,不明,非駕駛人,人的狀態,其他,其他,非汽(機)車,NA,NA,無(非車輛駕駛人因素),尚未發現肇事因素,否,120.870717,24.702999
20230220,20230220,2023,2,120538,A1,臺南市政府警察局,臺南市安南區安通路4段口 / 臺南市安南區安和路1段口,晴,日間自然光線,市區道路,50,交岔路,四岔路,交叉路口,交叉路口內,柏油,乾燥,無缺陷,無障礙物,良好,良好,行車管制號誌,正常,無,無分向設施,未繪設車道線,未繪設快慢車道分隔線,無,車與車,側撞,駕駛人,左轉彎未依規定,死亡1;受傷0,1,機車,普通重型,男,72,戴安全帽或繫安全帶(使用幼童安全椅),未使用,車的狀態,左轉彎,機車,後車尾,機車,右側車身,駕駛人,左轉彎未依規定,否,120.213583,23.029743
20230220,20230220,2023,2,120538,A1,臺南市政府警察局,臺南市安南區安通路4段口 / 臺南市安南區安和路1段口,晴,日間自然光線,市區道路,50,交岔路,四岔路,交叉路口,交叉路口內,柏油,乾燥,無缺陷,無障礙物,良好,良好,行車管制號誌,正常,無,無分向設施,未繪設車道線,未繪設快慢車道分隔線,無,車與車,側撞,駕駛人,左轉彎未依規定,死亡1;受傷0,2,大貨車,自用,男,27,戴安全帽或繫安全帶(使用幼童安全椅),未使用,車的狀態,向前直行中,汽車,前車頭,汽車,前車頭,駕駛人,未注意車前狀態,否,120.213583,23.029743