accident_date,發生日期,發生年度,發生月份,發生時間,事故類別名稱,處理單位名稱警局層,發生地點,天候名稱,光線名稱,道路類別-第1當事者-名稱,速限-第1當事者,道路型態大類別名稱,道路型態子類別名稱,事故位置大類別名稱,事故位置子類別名稱,路面狀況-路面鋪裝名稱,路面狀況-路面狀態名稱,路面狀況-路面缺陷名稱,道路障礙-障礙物名稱,道路障礙-視距品質名稱,道路障礙-視距名稱,號誌-號誌種類名稱,號誌-號誌動作名稱,車道劃分設施-分向設施大類別名稱,車道劃分設施-分向設施子類別名稱,車道劃分設施-分道設施-快車道或一般車道間名稱,車道劃分設施-分道設施-快慢車道間名稱,車道劃分設施-分道設施-路面邊線名稱,事故類型及型態大類別名稱,事故類型及型態子類別名稱,肇因研判大類別名稱-主要,肇因研判子類別名稱-主要,死亡受傷人數,當事者順位,當事者區分-類別-大類別名稱-車種,當事者區分-類別-子類別名稱-車種,當事者屬-性-別名稱,當事者事故發生時年齡,保護裝備名稱,行動電話或電腦或其他相類功能裝置名稱,當事者行動狀態大類別名稱,當事者行動狀態子類別名稱,車輛撞擊部位大類別名稱-最初,車輛撞擊部位子類別名稱-最初,車輛撞擊部位大類別名稱-其他,車輛撞擊部位子類別名稱-其他,肇因研判大類別名稱-個別,肇因研判子類別名稱-個別,肇事逃逸類別名稱-是否肇逃,經度,緯度
20230220,20230220,2023,2,170200,A1,臺中市政府警察局,臺中市東區精武路口 / 臺中市東區玉皇街口,晴,日間自然光線,市區道路,50,交岔路,四岔路,交叉路口,交叉路口內,柏油,乾燥,無缺陷,無障礙物,良好,良好,無號誌,無號誌,無,無分向設施,未繪設車道線,未繪設快慢車道分隔線,無,人與汽(機)車,穿越道路中,行人(或乘客),未依規定行走行人穿越道、地下道、天橋而穿越道路,死亡1;受傷1,1,人,行人,男,52,其他(無需使用保護裝備之人),非駕駛人,人的狀態,步行,其他,非汽(機)車,NA,NA,行人(或乘客),未依規定行走行人穿越道、地下道、天橋而穿越道路,否,120.693593,24.14798
20230220,20230220,2023,2,170200,A1,臺中市政府警察局,臺中市東區精武路口 / 臺中市東區玉皇街口,晴,日間自然光線,市區道路,50,交岔路,四岔路,交叉路口,交叉路口內,柏油,乾燥,無缺陷,無障礙物,良好,良好,無號誌,無號誌,無,無分向設施,未繪設車道線,未繪設快慢車道分隔線,無,人與汽(機)車,穿越道路中,行人(或乘客),未依規定行走行人穿越道、地下道、天橋而穿越道路,死亡1;受傷1,2,機車,普通重型,男,44,戴安全帽或繫安全帶(使用幼童安全椅),未使用,車的狀態,向前直行中,機車,前車頭,NA,NA,駕駛人,超速失控,否,120.693593,24.14798
20230221,20230221,2023,2,080143,A1,宜蘭縣政府警察局,宜蘭縣礁溪鄉柴圍路(東西向)與柴圍路(南北向)之路口處,陰,日間自然光線,村里道路,40,交岔路,四岔路,交叉路口,交叉路口內,柏油,乾燥,無缺陷,無障礙物,良好,良好,無號誌,無號誌,無,無分向設施,未繪設車道線,未繪設快慢車道分隔線,有,車與車,路口交岔撞,駕駛人,未注意車前狀態,死亡1;受傷0,1,機車,普通重型,女,69,戴安全帽或繫安全帶(使用幼童安全椅),未使用,車的狀態,向前直行中,機車,左側車身,NA,NA,駕駛人,未注意車前狀態,否,121.755042,24.794729
20230221,20230221,2023,2,080143,A1,宜蘭縣政府警察局,宜蘭縣礁溪鄉柴圍路(東西向)與柴圍路(南北向)之路口處,陰,日間自然光線,村里道路,40,交岔路,四岔路,交叉路口,交叉路口內,柏油,乾燥,無缺陷,無障礙物,良好,良好,無號誌,無號誌,無,無分向設施,未繪設車道線,未繪設快慢車道分隔線,有,車與車,路口交岔撞,駕駛人,未注意車前狀態,死亡1;受傷0,2,小客車,自用,男,55,戴安全帽或繫安全帶(使用幼童安全椅),未使用,車的狀態,向前直行中,汽車,前車頭,NA,NA,駕駛人,未注意車前狀態,否,121.755042,24.794729
20230221,20230221,2023,2,080143,A1,宜蘭縣政府警察局,宜蘭縣礁溪鄉柴圍路(東西向)與柴圍路(南北向)之路口處,陰,日間自然光線,村里道路,40,交岔路,四岔路,交叉路口,交叉路口內,柏油,乾燥,無缺陷,無障礙物,良好,良好,無號誌,無號誌,無,無分向設施,未繪設車道線,未繪設快慢車道分隔線,有,車與車,路口交岔撞,駕駛人,未注意車前狀態,死亡1;受傷0,3,人,乘客,女,66,不明,非駕駛人,人的狀態,不明,其他,不明,NA,NA,無(非車輛駕駛人因素),尚未發現肇事因素,否,121.755042,24.794729
20230221,20230221,2023,2,080143,A1,宜蘭縣政府警察局,宜蘭縣礁溪鄉柴圍路(東西向)與柴圍路(南北向)之路口處,陰,日間自然光線,村里道路,40,交岔路,四岔路,交叉路口,交叉路口內,柏油,乾燥,無缺陷,無障礙物,良好,良好,無號誌,無號誌,無,無分向設施,未繪設車道線,未繪設快慢車道分隔線,有,車與車,路口交岔撞,駕駛人,未注意車前狀態,死亡1;受傷0,4,人,乘客,男,5,不明,非駕駛人,人的狀態,不明,其他,不明,NA,NA,無(非車輛駕駛人因素),尚未發現肇事因素,否,121.755042,24.794729
20230221,20230221,2023,2,080143,A1,宜蘭縣政府警察局,宜蘭縣礁溪鄉柴圍路(東西向)與柴圍路(南北向)之路口處,陰,日間自然光線,村里道路,40,交岔路,四岔路,交叉路口,交叉路口內,柏油,乾燥,無缺陷,無障礙物,良好,良好,無號誌,無號誌,無,無分向設施,未繪設車道線,未繪設快慢車道分隔線,有,車與車,路口交岔撞,駕駛人,未注意車前狀態,死亡1;受傷0,5,人,乘客,男,4,不明,非駕駛人,人的狀態,不明,其他,不明,NA,NA,無(非車輛駕駛人因素),尚未發現肇事因素,否,121.755042,24.794729
20230221,20230221,2023,2,080143,A1,宜蘭縣政府警察局,宜蘭縣礁溪鄉柴圍路(東西向)與柴圍路(南北向)之路口處,陰,日間自然光線,村里道路,40,交岔路,四岔路,交叉路口,交叉路口內,柏油,乾燥,無缺陷,無障礙物,良好,良好,無號誌,無號誌,無,無分向設施,未繪設車道線,未繪設快慢車道分隔線,有,車與車,路口交岔撞,駕駛人,未注意車前狀態,死亡1;受傷0,6,人,乘客,男,4,不明,非駕駛人,人的狀態,不明,其他,不明,NA,NA,無(非車輛駕駛人因素),尚未發現肇事因素,否,121.755042,24.794729
20230221,20230221,2023,2,192954,A1,南投縣政府警察局,南投縣竹山鎮中崎里南雲大橋上林內往竹山方向橋樑上700公尺處[路燈編S25處),晴,夜間(或隧道、地下道、涵洞)有照明,省道,60,單路部分,直路,路段,一般車道(未劃分快慢車道),柏油,乾燥,無缺陷,無障礙物,良好,良好,無號誌,無號誌,行車分向線,無標記,車道線(無標記),未繪設快慢車道分隔線,有,車與車,倒車撞,其他,不明原因肇事,死亡1;受傷0,1,小客車,自用,男,50,不明,不明,車的狀態,倒車,汽車,後車尾,NA,NA,其他,不明原因肇事,是,120.65304,23.760197
20230221,20230221,2023,2,192954,A1,南投縣政府警察局,南投縣竹山鎮中崎里南雲大橋上林內往竹山方向橋樑上700公尺處[路燈編S25處),晴,夜間(或隧道、地下道、涵洞)有照明,省道,60,單路部分,直路,路段,一般車道(未劃分快慢車道),柏油,乾燥,無缺陷,無障礙物,良好,良好,無號誌,無號誌,行車分向線,無標記,車道線(無標記),未繪設快慢車道分隔線,有,車與車,倒車撞,其他,不明原因肇事,死亡1;受傷0,2,機車,普通重型,男,36,戴安全帽或繫安全帶(使用幼童安全椅),未使用,車的狀態,向前直行中,機車,前車頭,NA,NA,其他,不明原因肇事,否,120.65304,23.760197
20230222,20230222,2023,2,074500,A1,彰化縣警察局,彰化縣溪州鄉舊眉村中山路4段270號前0.0公尺,晴,日間自然光線,村里道路,70,單路部分,直路,路段,慢車道,柏油,乾燥,無缺陷,無障礙物,良好,良好,行車管制號誌,正常,行車分向線,無標記,車道線(無標記),快慢車道分隔線,有,車與車,同向擦撞,其他,不明原因肇事,死亡1;受傷0,1,小客車,自用,男,58,不明,不明,車的狀態,向前直行中,汽車,右側車身,NA,NA,其他,不明原因肇事,否,120.508269,23.863455
20230222,20230222,2023,2,074500,A1,彰化縣警察局,彰化縣溪州鄉舊眉村中山路4段270號前0.0公尺,晴,日間自然光線,村里道路,70,單路部分,直路,路段,慢車道,柏油,乾燥,無缺陷,無障礙物,良好,良好,行車管制號誌,正常,行車分向線,無標記,車道線(無標記),快慢車道分隔線,有,車與車,同向擦撞,其他,不明原因肇事,死亡1;受傷0,2,機車,普通重型,男,79,不明,不明,車的狀態,向前直行中,機車,左側車身,NA,NA,其他,不明原因肇事,否,120.508269,23.863455
20230222,20230222,2023,2,075500,A1,臺東縣警察局,臺東縣池上鄉台20甲線 5公里200.0公尺處,晴,日間自然光線,省道,50,交岔路,三岔路,交叉路口,交叉路口內,柏油,乾燥,無缺陷,無障礙物,良好,良好,無號誌,無號誌,無,無分向設施,未繪設車道線,未繪設快慢車道分隔線,無,車與車,側撞,駕駛人,未依規定讓車,死亡1;受傷3,1,其他車,拼裝車,男,69,未戴案全帽或未繫安全帶(未使用幼童安全椅),未使用,車的狀態,左轉彎,汽車,左前車頭(身),NA,NA,駕駛人,未依規定讓車,否,121.21127,23.125061
20230222,20230222,2023,2,075500,A1,臺東縣警察局,臺東縣池上鄉台20甲線 5公里200.0公尺處,晴,日間自然光線,省道,50,交岔路,三岔路,交叉路口,交叉路口內,柏油,乾燥,無缺陷,無障礙物,良好,良好,無號誌,無號誌,無,無分向設施,未繪設車道線,未繪設快慢車道分隔線,無,車與車,側撞,駕駛人,未依規定讓車,死亡1;受傷3,2,大貨車,營業用,男,35,戴安全帽或繫安全帶(使用幼童安全椅),未使用,車的狀態,向前直行中,汽車,左前車頭(身),NA,NA,駕駛人,未依規定減速,否,121.21127,23.125061
20230222,20230222,2023,2,075500,A1,臺東縣警察局,臺東縣池上鄉台20甲線 5公里200.0公尺處,晴,日間自然光線,省道,50,交岔路,三岔路,交叉路口,交叉路口內,柏油,乾燥,無缺陷,無障礙物,良好,良好,無號誌,無號誌,無,無分向設施,未繪設車道線,未繪設快慢車道分隔線,無,車與車,側撞,駕駛人,未依規定讓車,死亡1;受傷3,3,人,乘客,女,64,未戴案全帽或未繫安全帶(未使用幼童安全椅),非駕駛人,人的狀態,其他,其他,非汽(機)車,NA,NA,無(非車輛駕駛人因素),尚未發現肇事因素,否,121.21127,23.125061
20230222,20230222,2023,2,075500,A1,臺東縣警察局,臺東縣池上鄉台20甲線 5公里200.0公尺處,晴,日間自然光線,省道,50,交岔路,三岔路,交叉路口,交叉路口內,柏油,乾燥,無缺陷,無障礙物,良好,良好,無號誌,無號誌,無,無分向設施,未繪設車道線,未繪設快慢車道分隔線,無,車與車,側撞,駕駛人,未依規定讓車,死亡1;受傷3,4,人,乘客,女,43,未戴案全帽或未繫安全帶(未使用幼童安全椅),非駕駛人,人的狀態,其他,其他,非汽(機)車,NA,NA,無(非車輛駕駛人因素),尚未發現肇事因素,否,121.21127,23.125061
20230222,20230222,2023,2,100100,A1,嘉義縣警察局,嘉義縣鹿草鄉後堀村後堀65-9號旁路口,晴,日間自然光線,縣道,50,交岔路,四岔路,交叉路口,交叉路口內,柏油,乾燥,無缺陷,無障礙物,良好,良好,閃光號誌,正常,無,無分向設施,未繪設車道線,未繪設快慢車道分隔線,無,車與車,側撞,駕駛人,左轉彎未依規定,死亡1;受傷0,1,機車,普通重型,男,81,戴安全帽或繫安全帶(使用幼童安全椅),未使用,車的狀態,左轉彎,機車,左側車身,NA,NA,駕駛人,左轉彎未依規定,否,120.343853,23.404838
20230222,20230222,2023,2,100100,A1,嘉義縣警察局,嘉義縣鹿草鄉後堀村後堀65-9號旁路口,晴,日間自然光線,縣道,50,交岔路,四岔路,交叉路口,交叉路口內,柏油,乾燥,無缺陷,無障礙物,良好,良好,閃光號誌,正常,無,無分向設施,未繪設車道線,未繪設快慢車道分隔線,無,車與車,側撞,駕駛人,左轉彎未依規定,死亡1;受傷0,2,小客車,自用,男,30,戴安全帽或繫安全帶(使用幼童安全椅),未使用,車的狀態,向前直行中,汽車,前車頭,NA,NA,駕駛人,未注意車前狀態,否,120.343853,23.404838
20230222,20230222,2023,2,122500,A1,嘉義縣警察局,嘉義縣太保市崙頂里縣道168線17.95公里處,晴,日間自然光線,縣道,50,單路部分,直路,路段,路肩、路緣,柏油,乾燥,無缺陷,無障礙物,良好,良好,無號誌,無號誌,中央分向島,寛式(50公分以上),車道線(無標記),未繪設快慢車道分隔線,有,汽(機)車本身,衝出路外,駕駛人,未注意車前狀態,死亡1;受傷0,1,機車,普通重型,女,56,戴安全帽或繫安全帶(使用幼童安全椅),不明,車的狀態,向前直行中,機車,前車頭,NA,NA,駕駛人,未注意車前狀態,否,120.319215,23.455944
20230222,20230222,2023,2,122500,A1,嘉義縣警察局,嘉義縣太保市崙頂里縣道168線17.95公里處,晴,日間自然光線,縣道,50,單路部分,直路,路段,路肩、路緣,柏油,乾燥,無缺陷,無障礙物,良好,良好,無號誌,無號誌,中央分向島,寛式(50公分以上),車道線(無標記),未繪設快慢車道分隔線,有,汽(機)車本身,衝出路外,駕駛人,未注意車前狀態,死亡1;受傷0,2,NA,NA,無或物(動物、堆置物),-1,NA,NA,NA,NA,NA,NA,NA,NA,交通管制(設施),路況危險無安全(警告)設施,否,120.319215,23.455944
20230222,20230222,2023,2,122500,A1,嘉義縣警察局,嘉義縣太保市崙頂里縣道168線17.95公里處,晴,日間自然光線,縣道,50,單路部分,直路,路段,路肩、路緣,柏油,乾燥,無缺陷,無障礙物,良好,良好,無號誌,無號誌,中央分向島,寛式(50公分以上),車道線(無標記),未繪設快慢車道分隔線,有,汽(機)車本身,衝出路外,駕駛人,未注意車前狀態,死亡1;受傷0,3,NA,NA,無或物(動物、堆置物),-1,NA,NA,NA,NA,NA,NA,NA,NA,無(非車輛駕駛人因素),尚未發現肇事因素,否,120.319215,23.455944
20230222,20230222,2023,2,154500,A1,嘉義縣警察局,嘉義縣水上鄉柳鄉村柳子林200-7號,晴,日間自然光線,村里道路,30,交岔路,四岔路,交叉路口,交叉路口內,柏油,乾燥,無缺陷,無障礙物,良好,良好,無號誌,無號誌,無,無分向設施,未繪設車道線,未繪設快慢車道分隔線,無,車與車,路口交岔撞,駕駛人,未依規定讓車,死亡1;受傷1,1,機車,普通重型,男,29,戴安全帽或繫安全帶(使用幼童安全椅),不明,車的狀態,向前直行中,機車,右側車身,NA,NA,駕駛人,未依規定讓車,否,120.417182,23.446133
20230222,20230222,2023,2,154500,A1,嘉義縣警察局,嘉義縣水上鄉柳鄉村柳子林200-7號,晴,日間自然光線,村里道路,30,交岔路,四岔路,交叉路口,交叉路口內,柏油,乾燥,無缺陷,無障礙物,良好,良好,無號誌,無號誌,無,無分向設施,未繪設車道線,未繪設快慢車道分隔線,無,車與車,路口交岔撞,駕駛人,未依規定讓車,死亡1;受傷1,2,小客車,自用,男,56,不明,不明,車的狀態,向前直行中,汽車,前車頭,NA,NA,駕駛人,未注意車前狀態,是,120.417182,23.446133
20230222,20230222,2023,2,200830,A1,臺南市政府警察局,臺南市歸仁區台39線 13公里769.0公尺處附近向機、慢車道,晴,夜間(或隧道、地下道、涵洞)有照明,省道,50,單路部分,直路,路段,慢車道,柏油,乾燥,無缺陷,無障礙物,良好,良好,無號誌,無號誌,中央分向島,寛式(50公分以上),車道線(無標記),寛式快慢車道分隔島(50公分以上),有,汽(機)車本身,撞路樹、電桿,其他,不明原因肇事,死亡1;受傷0,1,機車,普通重型,男,25,戴安全帽或繫安全帶(使用幼童安全椅),不明,人的狀態,不明,機車,前車頭,機車,右側車身,其他,不明原因肇事,否,120.289454,22.919477
20230222,20230222,2023,2,200830,A1,臺南市政府警察局,臺南市歸仁區台39線 13公里769.0公尺處附近向機、慢車道,晴,夜間(或隧道、地下道、涵洞)有照明,省道,50,單路部分,直路,路段,慢車道,柏油,乾燥,無缺陷,無障礙物,良好,良好,無號誌,無號誌,中央分向島,寛式(50公分以上),車道線(無標記),寛式快慢車道分隔島(50公分以上),有,汽(機)車本身,撞路樹、電桿,其他,不明原因肇事,死亡1;受傷0,2,NA,NA,無或物(動物、堆置物),-1,NA,NA,NA,NA,NA,NA,NA,NA,無(非車輛駕駛人因素),尚未發現肇事因素,否,120.289454,22.919477
20230222,20230222,2023,2,201000,A1,苗栗縣警察局,苗栗縣竹南鎮台61線90公里處南下側車道,晴,夜間(或隧道、地下道、涵洞)有照明,省道,40,單路部分,彎曲路及附近,路段,慢車道,柏油,乾燥,無缺陷,無障礙物,良好,良好,無號誌,無號誌,中央分向島,寛式(50公分以上),未繪設車道線,快慢車道分隔線,有,汽(機)車本身,撞護欄(樁),駕駛人,未注意車前狀態,死亡1;受傷0,1,機車,普通重型,男,59,戴安全帽或繫安全帶(使用幼童安全椅),未使用,車的狀態,向前直行中,機車,右側車身,NA,NA,駕駛人,未注意車前狀態,否,120.865808,24.701431
20230222,20230222,2023,2,201000,A1,苗栗縣警察局,苗栗縣竹南鎮台61線90公里處南下側車道,晴,夜間(或隧道、地下道、涵洞)有照明,省道,40,單路部分,彎曲路及附近,路段,慢車道,柏油,乾燥,無缺陷,無障礙物,良好,良好,無號誌,無號誌,中央分向島,寛式(50公分以上),未繪設車道線,快慢車道分隔線,有,汽(機)車本身,撞護欄(樁),駕駛人,未注意車前狀態,死亡1;受傷0,2,NA,NA,無或物(動物、堆置物),-1,NA,NA,NA,NA,NA,NA,NA,NA,無(非車輛駕駛人因素),尚未發現肇事因素,否,120.865808,24.701431
20230222,20230222,2023,2,231418,A1,桃園市政府警察局,桃園市大園區國際路三段口 / 桃園市大園區竹圍街附近,雨,夜間(或隧道、地下道、涵洞)有照明,市區道路,50,交岔路,三岔路,交叉路口,交叉口附近,柏油,濕潤,無缺陷,無障礙物,良好,良好,無號誌,無號誌,行車分向線,無標記,未繪設車道線,未繪設快慢車道分隔線,有,車與車,對撞,駕駛人,逆向行駛,死亡1;受傷3,1,小客車,自用,男,23,不明,不明,車的狀態,向前直行中,汽車,前車頭,NA,NA,駕駛人,逆向行駛,是,121.233551,25.094089
20230222,20230222,2023,2,231418,A1,桃園市政府警察局,桃園市大園區國際路三段口 / 桃園市大園區竹圍街附近,雨,夜間(或隧道、地下道、涵洞)有照明,市區道路,50,交岔路,三岔路,交叉路口,交叉口附近,柏油,濕潤,無缺陷,無障礙物,良好,良好,無號誌,無號誌,行車分向線,無標記,未繪設車道線,未繪設快慢車道分隔線,有,車與車,對撞,駕駛人,逆向行駛,死亡1;受傷3,2,機車,普通重型,男,26,戴安全帽或繫安全帶(使用幼童安全椅),未使用,車的狀態,向前直行中,機車,前車頭,NA,NA,無(車輛駕駛人因素),尚未發現肇事因素,否,121.233551,25.094089
20230222,20230222,2023,2,231418,A1,桃園市政府警察局,桃園市大園區國際路三段口 / 桃園市大園區竹圍街附近,雨,夜間(或隧道、地下道、涵洞)有照明,市區道路,50,交岔路,三岔路,交叉路口,交叉口附近,柏油,濕潤,無缺陷,無障礙物,良好,良好,無號誌,無號誌,行車分向線,無標記,未繪設車道線,未繪設快慢車道分隔線,有,車與車,對撞,駕駛人,逆向行駛,死亡1;受傷3,3,人,乘客,男,40,戴安全帽或繫安全帶(使用幼童安全椅),非駕駛人,人的狀態,其他,其他,非汽(機)車,NA,NA,無(非車輛駕駛人因素),尚未發現肇事因素,否,121.233551,25.094089
20230222,20230222,2023,2,231418,A1,桃園市政府警察局,桃園市大園區國際路三段口 / 桃園市大園區竹圍街附近,雨,夜間(或隧道、地下道、涵洞)有照明,市區道路,50,交岔路,三岔路,交叉路口,交叉口附近,柏油,濕潤,無缺陷,無障礙物,良好,良好,無號誌,無號誌,行車分向線,無標記,未繪設車道線,未繪設快慢車道分隔線,有,車與車,對撞,駕駛人,逆向行駛,死亡1;受傷3,4,人,乘客,男,39,戴安全帽或繫安全帶(使用幼童安全椅),非駕駛人,人的狀態,其他,其他,非汽(機)車,NA,NA,無(非車輛駕駛人因素),尚未發現肇事因素,否,121.233551,25.094089
20230222,20230222,2023,2,231418,A1,桃園市政府警察局,桃園市大園區國際路三段口 / 桃園市大園區竹圍街附近,雨,夜間(或隧道、地下道、涵洞)有照明,市區道路,50,交岔路,三岔路,交叉路口,交叉口附近,柏油,濕潤,無缺陷,無障礙物,良好,良好,無號誌,無號誌,行車分向線,無標記,未繪設車道線,未繪設快慢車道分隔線,有,車與車,對撞,駕駛人,逆向行駛,死亡1;受傷3,5,人,乘客,男,27,戴安全帽或繫安全帶(使用幼童安全椅),未使用,人的狀態,其他,其他,非汽(機)車,NA,NA,無(非車輛駕駛人因素),尚未發現肇事因素,否,121.233551,25.094089
20230222,20230222,2023,2,233200,A1,高雄市政府警察局,高雄市鳳山區村南華一路前0.0公尺,晴,夜間(或隧道、地下道、涵洞)有照明,市區道路,40,單路部分,直路,路段,慢車道,柏油,乾燥,無缺陷,無障礙物,良好,良好,無號誌,無號誌,中央分向島,寛式(50公分以上),車道線(無標記),快慢車道分隔線,無,汽(機)車本身,撞號誌、標誌桿,駕駛人,未注意車前狀態,死亡1;受傷1,1,機車,普通重型,女,45,戴安全帽或繫安全帶(使用幼童安全椅),未使用,車的狀態,向前直行中,機車,右側車身,機車,右側車身,駕駛人,未注意車前狀態,否,120.3453,22.59367
20230222,20230222,2023,2,233200,A1,高雄市政府警察局,高雄市鳳山區村南華一路前0.0公尺,晴,夜間(或隧道、地下道、涵洞)有照明,市區道路,40,單路部分,直路,路段,慢車道,柏油,乾燥,無缺陷,無障礙物,良好,良好,無號誌,無號誌,中央分向島,寛式(50公分以上),車道線(無標記),快慢車道分隔線,無,汽(機)車本身,撞號誌、標誌桿,駕駛人,未注意車前狀態,死亡1;受傷1,2,NA,NA,無或物(動物、堆置物),112,NA,NA,NA,NA,NA,NA,NA,NA,無(非車輛駕駛人因素),尚未發現肇事因素,否,120.3453,22.59367
20230222,20230222,2023,2,233200,A1,高雄市政府警察局,高雄市鳳山區村南華一路前0.0公尺,晴,夜間(或隧道、地下道、涵洞)有照明,市區道路,40,單路部分,直路,路段,慢車道,柏油,乾燥,無缺陷,無障礙物,良好,良好,無號誌,無號誌,中央分向島,寛式(50公分以上),車道線(無標記),快慢車道分隔線,無,汽(機)車本身,撞號誌、標誌桿,駕駛人,未注意車前狀態,死亡1;受傷1,3,人,乘客,女,16,戴安全帽或繫安全帶(使用幼童安全椅),非駕駛人,人的狀態,不明,其他,不明,其他,不明,無(非車輛駕駛人因素),尚未發現肇事因素,否,120.3453,22.59367
20230223,20230223,2023,2,073500,A1,南投縣政府警察局,南投縣名間鄉投44 1公里800.0公尺處附近,晴,日間自然光線,村里道路,50,單路部分,直路,路段,路肩、路緣,柏油,乾燥,無缺陷,無障礙物,良好,良好,無號誌,無號誌,雙向禁止超車線,無標記,車道線(無標記),未繪設快慢車道分隔線,有,汽(機)車本身,撞路樹、電桿,其他,不明原因肇事,死亡1;受傷0,1,機車,普通重型,女,39,不明,不明,車的狀態,向前直行中,機車,前車頭,NA,NA,其他,不明原因肇事,否,120.69465,23.821783
20230223,20230223,2023,2,073500,A1,南投縣政府警察局,南投縣名間鄉投44 1公里800.0公尺處附近,晴,日間自然光線,村里道路,50,單路部分,直路,路段,路肩、路緣,柏油,乾燥,無缺陷,無障礙物,良好,良好,無號誌,無號誌,雙向禁止超車線,無標記,車道線(無標記),未繪設快慢車道分隔線,有,汽(機)車本身,撞路樹、電桿,其他,不明原因肇事,死亡1;受傷0,2,NA,NA,無或物(動物、堆置物),-1,NA,NA,NA,NA,NA,NA,NA,NA,無(非車輛駕駛人因素),尚未發現肇事因素,否,120.69465,23.821783
20230223,20230223,2023,2,082700,A1,桃園市政府警察局,桃園市新屋區後塘路口 / 桃園市新屋區後塘路口,陰,日間自然光線,市區道路,30,交岔路,四岔路,交叉路口,交叉路口內,柏油,濕潤,無缺陷,無障礙物,良好,良好,無號誌,無號誌,無,無分向設施,未繪設車道線,未繪設快慢車道分隔線,無,車與車,路口交岔撞,駕駛人,未依規定讓車,死亡1;受傷0,1,小客車,自用,女,44,戴安全帽或繫安全帶(使用幼童安全椅),未使用,車的狀態,向前直行中,汽車,右側車身,NA,NA,駕駛人,未依規定讓車,否,121.094556,24.98667
20230223,20230223,2023,2,082700,A1,桃園市政府警察局,桃園市新屋區後塘路口 / 桃園市新屋區後塘路口,陰,日間自然光線,市區道路,30,交岔路,四岔路,交叉路口,交叉路口內,柏油,濕潤,無缺陷,無障礙物,良好,良好,無號誌,無號誌,無,無分向設施,未繪設車道線,未繪設快慢車道分隔線,無,車與車,路口交岔撞,駕駛人,未依規定讓車,死亡1;受傷0,2,機車,普通重型,男,35,戴安全帽或繫安全帶(使用幼童安全椅),未使用,車的狀態,向前直行中,機車,前車頭,NA,NA,駕駛人,未依規定減速,否,121.094556,24.98667
20230223,20230223,2023,2,091100,A1,臺南市政府警察局,臺南市仁德區二行里中正西路127號,晴,日間自然光線,市區道路,50,單路部分,直路,路段,一般車道(未劃分快慢車道),柏油,乾燥,無缺陷,無障礙物,良好,良好,無號誌,無號誌,雙向禁止超車線,無標記,車道線(無標記),未繪設快慢車道分隔線,有,車與車,側撞,駕駛人,迴轉未依規定,死亡1;受傷1,1,小貨車(含客、貨兩用),自用,男,40,不明,不明,車的狀態,迴轉或橫越道路中,汽車,右前車頭(身),NA,NA,駕駛人,迴轉未依規定,否,120.222735,22.91791
20230223,20230223,2023,2,091100,A1,臺南市政府警察局,臺南市仁德區二行里中正西路127號,晴,日間自然光線,市區道路,50,單路部分,直路,路段,一般車道(未劃分快慢車道),柏油,乾燥,無缺陷,無障礙物,良好,良好,無號誌,無號誌,雙向禁止超車線,無標記,車道線(無標記),未繪設快慢車道分隔線,有,車與車,側撞,駕駛人,迴轉未依規定,死亡1;受傷1,2,機車,普通重型,男,65,戴安全帽或繫安全帶(使用幼童安全椅),不明,車的狀態,向前直行中,機車,前車頭,NA,NA,駕駛人,未注意車前狀態,否,120.222735,22.91791
20230223,20230223,2023,2,091100,A1,臺南市政府警察局,臺南市仁德區二行里中正西路127號,晴,日間自然光線,市區道路,50,單路部分,直路,路段,一般車道(未劃分快慢車道),柏油,乾燥,無缺陷,無障礙物,良好,良好,無號誌,無號誌,雙向禁止超車線,無標記,車道線(無標記),未繪設快慢車道分隔線,有,車與車,側撞,駕駛人,迴轉未依規定,死亡1;受傷1,3,人,乘客,女,63,戴安全帽或繫安全帶(使用幼童安全椅),不明,人的狀態,靜立(止),其他,非汽(機)車,NA,NA,無(非車輛駕駛人因素),尚未發現肇事因素,否,120.222735,22.91791
20230223,20230223,2023,2,095300,A1,南投縣政府警察局,南投縣名間鄉彰南路246號,晴,日間自然光線,省道,50,單路部分,直路,其他,其他,柏油,乾燥,無缺陷,路上有停車,不良,路上停放車輛,無號誌,無號誌,中央分向島,寛式(50公分以上),車道線(無標記),快慢車道分隔線,有,車與車,追撞,駕駛人,未注意車前狀態,死亡1;受傷0,1,機車,普通重型,男,55,不明,不明,車的狀態,向前直行中,機車,前車頭,NA,NA,駕駛人,未注意車前狀態,否,120.696921,23.848506
20230223,20230223,2023,2,095300,A1,南投縣政府警察局,南投縣名間鄉彰南路246號,晴,日間自然光線,省道,50,單路部分,直路,其他,其他,柏油,乾燥,無缺陷,路上有停車,不良,路上停放車輛,無號誌,無號誌,中央分向島,寛式(50公分以上),車道線(無標記),快慢車道分隔線,有,車與車,追撞,駕駛人,未注意車前狀態,死亡1;受傷0,2,小貨車(含客、貨兩用),自用,男,63,不明,不明,車的狀態,靜止(引擎熄火),汽車,左後車尾(身),NA,NA,其他,違規停車或暫停不當而肇事,否,120.696921,23.848506
20230223,20230223,2023,2,125459,A1,嘉義縣警察局,嘉義縣布袋鎮貴舍里嘉13線0.2公里處,晴,日間自然光線,鄉道,40,交岔路,四岔路,交叉路口,交叉路口內,柏油,乾燥,無缺陷,無障礙物,良好,良好,無號誌,無號誌,無,無分向設施,未繪設車道線,未繪設快慢車道分隔線,無,車與車,路口交岔撞,駕駛人,未依規定讓車,死亡1;受傷0,1,機車,普通重型,男,82,戴安全帽或繫安全帶(使用幼童安全椅),未使用,車的狀態,向前直行中,機車,右側車身,NA,NA,駕駛人,未依規定讓車,否,120.203805,23.446107