accident_date,發生日期,發生年度,發生月份,發生時間,事故類別名稱,處理單位名稱警局層,發生地點,天候名稱,光線名稱,道路類別-第1當事者-名稱,速限-第1當事者,道路型態大類別名稱,道路型態子類別名稱,事故位置大類別名稱,事故位置子類別名稱,路面狀況-路面鋪裝名稱,路面狀況-路面狀態名稱,路面狀況-路面缺陷名稱,道路障礙-障礙物名稱,道路障礙-視距品質名稱,道路障礙-視距名稱,號誌-號誌種類名稱,號誌-號誌動作名稱,車道劃分設施-分向設施大類別名稱,車道劃分設施-分向設施子類別名稱,車道劃分設施-分道設施-快車道或一般車道間名稱,車道劃分設施-分道設施-快慢車道間名稱,車道劃分設施-分道設施-路面邊線名稱,事故類型及型態大類別名稱,事故類型及型態子類別名稱,肇因研判大類別名稱-主要,肇因研判子類別名稱-主要,死亡受傷人數,當事者順位,當事者區分-類別-大類別名稱-車種,當事者區分-類別-子類別名稱-車種,當事者屬-性-別名稱,當事者事故發生時年齡,保護裝備名稱,行動電話或電腦或其他相類功能裝置名稱,當事者行動狀態大類別名稱,當事者行動狀態子類別名稱,車輛撞擊部位大類別名稱-最初,車輛撞擊部位子類別名稱-最初,車輛撞擊部位大類別名稱-其他,車輛撞擊部位子類別名稱-其他,肇因研判大類別名稱-個別,肇因研判子類別名稱-個別,肇事逃逸類別名稱-是否肇逃,經度,緯度
20230501,20230501,2023,5,164300,A1,臺北市政府警察局,臺北市大安區建國南路2段 / 臺北市大安區建國南路2段,晴,日間自然光線,市區道路,50,交岔路,四岔路,交叉路口,交叉路口內,柏油,乾燥,無缺陷,無障礙物,良好,良好,行車管制號誌(附設行人專用號誌),正常,雙向禁止超車線,無標記,車道線(無標記),未繪設快慢車道分隔線,無,車與車,路口交岔撞,駕駛人,違反號誌管制或指揮,死亡1;受傷1,4,NA,NA,無或物(動物、堆置物),0,NA,NA,NA,NA,NA,NA,NA,NA,無(非車輛駕駛人因素),尚未發現肇事因素,否,121.537959,25.028851
20230502,20230502,2023,5,085300,A1,嘉義市政府警察局,嘉義市西區大溪里北港路 / 嘉義市西區大溪里世賢路2段,晴,日間自然光線,市區道路,40,交岔路,四岔路,交叉路口,交叉路口內,柏油,乾燥,無缺陷,無障礙物,良好,良好,行車管制號誌,正常,無,無分向設施,未繪設車道線,未繪設快慢車道分隔線,無,車與車,路口交岔撞,駕駛人,違反號誌管制或指揮,死亡1;受傷0,1,機車,普通重型,男,50,戴安全帽或繫安全帶(使用幼童安全椅),未使用,車的狀態,向前直行中,機車,右側車身,NA,NA,駕駛人,違反號誌管制或指揮,否,120.422299,23.484442
20230502,20230502,2023,5,085300,A1,嘉義市政府警察局,嘉義市西區大溪里北港路 / 嘉義市西區大溪里世賢路2段,晴,日間自然光線,市區道路,40,交岔路,四岔路,交叉路口,交叉路口內,柏油,乾燥,無缺陷,無障礙物,良好,良好,行車管制號誌,正常,無,無分向設施,未繪設車道線,未繪設快慢車道分隔線,無,車與車,路口交岔撞,駕駛人,違反號誌管制或指揮,死亡1;受傷0,2,小客車,計程車,男,55,戴安全帽或繫安全帶(使用幼童安全椅),未使用,車的狀態,向前直行中,汽車,前車頭,NA,NA,無(車輛駕駛人因素),尚未發現肇事因素,否,120.422299,23.484442
20230502,20230502,2023,5,135500,A1,臺東縣警察局,臺東縣鹿野鄉瑞景路3段與瑞興路口,晴,日間自然光線,鄉道,40,交岔路,三岔路,交叉路口,交叉路口內,柏油,乾燥,無缺陷,無障礙物,良好,良好,無號誌,無號誌,無,無分向設施,未繪設車道線,未繪設快慢車道分隔線,有,汽(機)車本身,撞護欄(樁),駕駛人,酒醉(後)駕駛失控,死亡1;受傷0,1,機車,普通重型,男,72,戴安全帽或繫安全帶(使用幼童安全椅),未使用,車的狀態,向前直行中,機車,前車頭,NA,NA,駕駛人,酒醉(後)駕駛失控,否,121.157257,22.97618
20230502,20230502,2023,5,135500,A1,臺東縣警察局,臺東縣鹿野鄉瑞景路3段與瑞興路口,晴,日間自然光線,鄉道,40,交岔路,三岔路,交叉路口,交叉路口內,柏油,乾燥,無缺陷,無障礙物,良好,良好,無號誌,無號誌,無,無分向設施,未繪設車道線,未繪設快慢車道分隔線,有,汽(機)車本身,撞護欄(樁),駕駛人,酒醉(後)駕駛失控,死亡1;受傷0,2,NA,NA,無或物(動物、堆置物),-1,NA,NA,NA,NA,NA,NA,NA,NA,無(非車輛駕駛人因素),尚未發現肇事因素,否,121.157257,22.97618
20230502,20230502,2023,5,135500,A1,臺東縣警察局,臺東縣鹿野鄉瑞景路3段與瑞興路口,晴,日間自然光線,鄉道,40,交岔路,三岔路,交叉路口,交叉路口內,柏油,乾燥,無缺陷,無障礙物,良好,良好,無號誌,無號誌,無,無分向設施,未繪設車道線,未繪設快慢車道分隔線,有,汽(機)車本身,撞護欄(樁),駕駛人,酒醉(後)駕駛失控,死亡1;受傷0,3,NA,NA,無或物(動物、堆置物),-1,NA,NA,NA,NA,NA,NA,NA,NA,無(非車輛駕駛人因素),尚未發現肇事因素,否,121.157257,22.97618
20230502,20230502,2023,5,153900,A1,花蓮縣警察局,花蓮縣吉安鄉慶豐昌加油站,陰,日間自然光線,其他,60,單路部分,其他,其他,其他,柏油,乾燥,無缺陷,無障礙物,良好,良好,無號誌,無號誌,無,無分向設施,未繪設車道線,未繪設快慢車道分隔線,無,車與車,同向擦撞,駕駛人,違反特定標誌(線)禁制,死亡1;受傷0,1,機車,普通重型,女,79,戴安全帽或繫安全帶(使用幼童安全椅),未使用,車的狀態,向前直行中,機車,前車頭,機車,前車頭,駕駛人,違反特定標誌(線)禁制,否,121.576286,23.975561
20230502,20230502,2023,5,153900,A1,花蓮縣警察局,花蓮縣吉安鄉慶豐昌加油站,陰,日間自然光線,其他,60,單路部分,其他,其他,其他,柏油,乾燥,無缺陷,無障礙物,良好,良好,無號誌,無號誌,無,無分向設施,未繪設車道線,未繪設快慢車道分隔線,無,車與車,同向擦撞,駕駛人,違反特定標誌(線)禁制,死亡1;受傷0,2,大貨車,營業用,男,32,戴安全帽或繫安全帶(使用幼童安全椅),未使用,車的狀態,右轉彎,汽車,右側車身,汽車,右側車身,駕駛人,未依規定讓車,否,121.576286,23.975561
20230502,20230502,2023,5,160000,A1,桃園市政府警察局,桃園市龍潭區中豐路口 / 桃園市龍潭區中豐路,晴,日間自然光線,其他,50,交岔路,四岔路,其他,行人穿越道,柏油,乾燥,無缺陷,無障礙物,良好,良好,行車管制號誌,正常,行車分向線,無標記,未繪設車道線,未繪設快慢車道分隔線,無,人與汽(機)車,衝進路中,駕駛人,搶越行人穿越道,死亡1;受傷0,1,小客車,自用,女,34,不明,不明,車的狀態,向前直行中,汽車,前車頭,NA,NA,駕駛人,搶越行人穿越道,否,121.211949,24.883303
20230502,20230502,2023,5,160000,A1,桃園市政府警察局,桃園市龍潭區中豐路口 / 桃園市龍潭區中豐路,晴,日間自然光線,其他,50,交岔路,四岔路,其他,行人穿越道,柏油,乾燥,無缺陷,無障礙物,良好,良好,行車管制號誌,正常,行車分向線,無標記,未繪設車道線,未繪設快慢車道分隔線,無,人與汽(機)車,衝進路中,駕駛人,搶越行人穿越道,死亡1;受傷0,2,人,行人,男,65,其他(無需使用保護裝備之人),非駕駛人,人的狀態,奔跑,其他,不明,NA,NA,行人(或乘客),未依標誌、標線、號誌或手勢指揮穿越道路,否,121.211949,24.883303
20230502,20230502,2023,5,184700,A1,新竹市警察局,新竹市香山區西濱快速道路與美山聯絡道口,晴,日間自然光線,省道,80,交岔路,三岔路,交叉路口,交叉路口內,柏油,乾燥,無缺陷,無障礙物,良好,良好,行車管制號誌(附設行人專用號誌),正常,無,無分向設施,未繪設車道線,未繪設快慢車道分隔線,無,車與車,側撞,駕駛人,違反特定標誌(線)禁制,死亡1;受傷2,1,小客車,自用,女,29,不明,不明,車的狀態,左轉彎,汽車,右側車身,NA,NA,駕駛人,違反特定標誌(線)禁制,否,120.914745,24.77884
20230502,20230502,2023,5,184700,A1,新竹市警察局,新竹市香山區西濱快速道路與美山聯絡道口,晴,日間自然光線,省道,80,交岔路,三岔路,交叉路口,交叉路口內,柏油,乾燥,無缺陷,無障礙物,良好,良好,行車管制號誌(附設行人專用號誌),正常,無,無分向設施,未繪設車道線,未繪設快慢車道分隔線,無,車與車,側撞,駕駛人,違反特定標誌(線)禁制,死亡1;受傷2,2,機車,大型重型2(250-550C.C.),男,23,不明,不明,車的狀態,向前直行中,機車,前車頭,NA,NA,駕駛人,未注意車前狀態,否,120.914745,24.77884
20230502,20230502,2023,5,184700,A1,新竹市警察局,新竹市香山區西濱快速道路與美山聯絡道口,晴,日間自然光線,省道,80,交岔路,三岔路,交叉路口,交叉路口內,柏油,乾燥,無缺陷,無障礙物,良好,良好,行車管制號誌(附設行人專用號誌),正常,無,無分向設施,未繪設車道線,未繪設快慢車道分隔線,無,車與車,側撞,駕駛人,違反特定標誌(線)禁制,死亡1;受傷2,3,人,乘客,女,26,不明,不明,人的狀態,其他,其他,非汽(機)車,NA,NA,無(非車輛駕駛人因素),尚未發現肇事因素,否,120.914745,24.77884
20230502,20230502,2023,5,225615,A1,桃園市政府警察局,桃園市中壢區永清街口 / 桃園市中壢區大圳路口,晴,夜間(或隧道、地下道、涵洞)有照明,市區道路,30,交岔路,四岔路,交叉路口,交叉路口內,柏油,乾燥,無缺陷,無障礙物,良好,良好,無號誌,無號誌,無,無分向設施,未繪設車道線,未繪設快慢車道分隔線,無,車與車,側撞,駕駛人,未依規定讓車,死亡1;受傷2,1,小客車,自用,男,50,戴安全帽或繫安全帶(使用幼童安全椅),未使用,車的狀態,向前直行中,汽車,右前車頭(身),NA,NA,駕駛人,未依規定讓車,否,121.228273,24.988106
20230502,20230502,2023,5,225615,A1,桃園市政府警察局,桃園市中壢區永清街口 / 桃園市中壢區大圳路口,晴,夜間(或隧道、地下道、涵洞)有照明,市區道路,30,交岔路,四岔路,交叉路口,交叉路口內,柏油,乾燥,無缺陷,無障礙物,良好,良好,無號誌,無號誌,無,無分向設施,未繪設車道線,未繪設快慢車道分隔線,無,車與車,側撞,駕駛人,未依規定讓車,死亡1;受傷2,2,機車,普通重型,男,19,戴安全帽或繫安全帶(使用幼童安全椅),未使用,車的狀態,向前直行中,機車,前車頭,NA,NA,駕駛人,未依規定減速,否,121.228273,24.988106
20230502,20230502,2023,5,225615,A1,桃園市政府警察局,桃園市中壢區永清街口 / 桃園市中壢區大圳路口,晴,夜間(或隧道、地下道、涵洞)有照明,市區道路,30,交岔路,四岔路,交叉路口,交叉路口內,柏油,乾燥,無缺陷,無障礙物,良好,良好,無號誌,無號誌,無,無分向設施,未繪設車道線,未繪設快慢車道分隔線,無,車與車,側撞,駕駛人,未依規定讓車,死亡1;受傷2,3,人,乘客,男,19,戴安全帽或繫安全帶(使用幼童安全椅),非駕駛人,人的狀態,其他,其他,非汽(機)車,NA,NA,無(非車輛駕駛人因素),尚未發現肇事因素,否,121.228273,24.988106
20230503,20230503,2023,5,085800,A1,新竹市警察局,新竹市香山區中華路五段378號前,陰,日間自然光線,市區道路,60,單路部分,直路,路段,一般車道(未劃分快慢車道),柏油,乾燥,無缺陷,無障礙物,良好,良好,無號誌,無號誌,中央分向島,寛式(50公分以上),車道線(無標記),快慢車道分隔線,有,車與車,側撞,駕駛人,迴轉未依規定,死亡1;受傷0,1,大客車,遊覽車,男,64,戴安全帽或繫安全帶(使用幼童安全椅),未使用,車的狀態,迴轉或橫越道路中,汽車,左側車身,NA,NA,駕駛人,迴轉未依規定,否,120.918794,24.779549
20230503,20230503,2023,5,085800,A1,新竹市警察局,新竹市香山區中華路五段378號前,陰,日間自然光線,市區道路,60,單路部分,直路,路段,一般車道(未劃分快慢車道),柏油,乾燥,無缺陷,無障礙物,良好,良好,無號誌,無號誌,中央分向島,寛式(50公分以上),車道線(無標記),快慢車道分隔線,有,車與車,側撞,駕駛人,迴轉未依規定,死亡1;受傷0,2,機車,普通重型,男,27,戴安全帽或繫安全帶(使用幼童安全椅),未使用,車的狀態,向前直行中,機車,前車頭,NA,NA,無(車輛駕駛人因素),尚未發現肇事因素,否,120.918794,24.779549
20230503,20230503,2023,5,195819,A1,屏東縣政府警察局,屏東縣鹽埔鄉新二村德協路30-1號前,晴,夜間(或隧道、地下道、涵洞)有照明,村里道路,30,單路部分,彎曲路及附近,路段,一般車道(未劃分快慢車道),柏油,乾燥,無缺陷,無障礙物,良好,良好,無號誌,無號誌,無,無分向設施,未繪設車道線,未繪設快慢車道分隔線,無,人與汽(機)車,同向通行中,行人(或乘客),其他引起事故之疏失或行為,死亡1;受傷0,1,人,行人,女,72,其他(無需使用保護裝備之人),未使用,人的狀態,步行,其他,非汽(機)車,NA,NA,行人(或乘客),其他引起事故之疏失或行為,否,120.55655,22.739079
20230503,20230503,2023,5,195819,A1,屏東縣政府警察局,屏東縣鹽埔鄉新二村德協路30-1號前,晴,夜間(或隧道、地下道、涵洞)有照明,村里道路,30,單路部分,彎曲路及附近,路段,一般車道(未劃分快慢車道),柏油,乾燥,無缺陷,無障礙物,良好,良好,無號誌,無號誌,無,無分向設施,未繪設車道線,未繪設快慢車道分隔線,無,人與汽(機)車,同向通行中,行人(或乘客),其他引起事故之疏失或行為,死亡1;受傷0,2,小貨車(含客、貨兩用),自用,男,32,戴安全帽或繫安全帶(使用幼童安全椅),未使用,車的狀態,右轉彎,汽車,左前車頭(身),NA,NA,駕駛人,未注意車前狀態,否,120.55655,22.739079
20230504,20230504,2023,5,071511,A1,國道公路警察局,高雄市旗山區國道10號 23公里東側向交流道,晴,日間自然光線,國道,50,單路部分,彎曲路及附近,交流道,環道匝道,柏油,乾燥,無缺陷,無障礙物,良好,良好,無號誌,無號誌,無,無分向設施,車道線(附標記),未繪設快慢車道分隔線,有,汽(機)車本身,撞交通島,駕駛人,變換車道或方向不當,死亡1;受傷0,1,半聯結車,營業用,男,33,不明,不明,車的狀態,向右變換車道,汽車,左前車頭(身),汽車,左側車身,駕駛人,變換車道或方向不當,否,120.449943,22.796451
20230504,20230504,2023,5,071511,A1,國道公路警察局,高雄市旗山區國道10號 23公里東側向交流道,晴,日間自然光線,國道,50,單路部分,彎曲路及附近,交流道,環道匝道,柏油,乾燥,無缺陷,無障礙物,良好,良好,無號誌,無號誌,無,無分向設施,車道線(附標記),未繪設快慢車道分隔線,有,汽(機)車本身,撞交通島,駕駛人,變換車道或方向不當,死亡1;受傷0,2,NA,NA,無或物(動物、堆置物),-1,NA,NA,NA,NA,NA,NA,NA,NA,無(非車輛駕駛人因素),尚未發現肇事因素,否,120.449943,22.796451
20230504,20230504,2023,5,071511,A1,國道公路警察局,高雄市旗山區國道10號 23公里東側向交流道,晴,日間自然光線,國道,50,單路部分,彎曲路及附近,交流道,環道匝道,柏油,乾燥,無缺陷,無障礙物,良好,良好,無號誌,無號誌,無,無分向設施,車道線(附標記),未繪設快慢車道分隔線,有,汽(機)車本身,撞交通島,駕駛人,變換車道或方向不當,死亡1;受傷0,3,NA,NA,無或物(動物、堆置物),-1,NA,NA,NA,NA,NA,NA,NA,NA,無(非車輛駕駛人因素),尚未發現肇事因素,否,120.449943,22.796451
20230504,20230504,2023,5,155100,A1,臺北市政府警察局,臺北市中山區建國北路3段 / 臺北市中山區農安街,晴,日間自然光線,市區道路,30,交岔路,四岔路,交叉路口,交叉口附近,柏油,乾燥,無缺陷,無障礙物,良好,良好,行車管制號誌(附設行人專用號誌),正常,無,無分向設施,車道線(無標記),未繪設快慢車道分隔線,無,車與車,側撞,駕駛人,違反特定標誌(線)禁制,死亡1;受傷0,1,慢車,腳踏自行車,女,72,不明,不明,車的狀態,其他,其他,非汽(機)車,其他,非汽(機)車,駕駛人,違反特定標誌(線)禁制,否,121.536971,25.065119
20230504,20230504,2023,5,155100,A1,臺北市政府警察局,臺北市中山區建國北路3段 / 臺北市中山區農安街,晴,日間自然光線,市區道路,30,交岔路,四岔路,交叉路口,交叉口附近,柏油,乾燥,無缺陷,無障礙物,良好,良好,行車管制號誌(附設行人專用號誌),正常,無,無分向設施,車道線(無標記),未繪設快慢車道分隔線,無,車與車,側撞,駕駛人,違反特定標誌(線)禁制,死亡1;受傷0,2,小貨車(含客、貨兩用),自用,男,37,不明,不明,車的狀態,左轉彎,汽車,左前車頭(身),汽車,左前車頭(身),駕駛人,左轉彎未依規定,否,121.536971,25.065119
20230504,20230504,2023,5,204600,A1,新竹市警察局,新竹市東區明湖路965號,晴,夜間(或隧道、地下道、涵洞)有照明,市區道路,50,單路部分,直路,路段,一般車道(未劃分快慢車道),柏油,乾燥,無缺陷,無障礙物,良好,良好,無號誌,無號誌,無,無分向設施,禁止變換車道線(無標記),未繪設快慢車道分隔線,有,車與車,側撞,駕駛人,違反特定標誌(線)禁制,死亡1;受傷1,1,小客車,自用,女,33,不明,不明,車的狀態,左轉彎,汽車,左前車頭(身),NA,NA,駕駛人,違反特定標誌(線)禁制,否,120.966642,24.773744
20230504,20230504,2023,5,204600,A1,新竹市警察局,新竹市東區明湖路965號,晴,夜間(或隧道、地下道、涵洞)有照明,市區道路,50,單路部分,直路,路段,一般車道(未劃分快慢車道),柏油,乾燥,無缺陷,無障礙物,良好,良好,無號誌,無號誌,無,無分向設施,禁止變換車道線(無標記),未繪設快慢車道分隔線,有,車與車,側撞,駕駛人,違反特定標誌(線)禁制,死亡1;受傷1,2,機車,普通重型,男,20,不明,不明,車的狀態,向前直行中,機車,前車頭,NA,NA,無(車輛駕駛人因素),尚未發現肇事因素,否,120.966642,24.773744
20230504,20230504,2023,5,204600,A1,新竹市警察局,新竹市東區明湖路965號,晴,夜間(或隧道、地下道、涵洞)有照明,市區道路,50,單路部分,直路,路段,一般車道(未劃分快慢車道),柏油,乾燥,無缺陷,無障礙物,良好,良好,無號誌,無號誌,無,無分向設施,禁止變換車道線(無標記),未繪設快慢車道分隔線,有,車與車,側撞,駕駛人,違反特定標誌(線)禁制,死亡1;受傷1,3,人,乘客,男,22,不明,非駕駛人,人的狀態,其他,其他,非汽(機)車,NA,NA,無(非車輛駕駛人因素),尚未發現肇事因素,否,120.966642,24.773744
20230504,20230504,2023,5,222200,A1,雲林縣警察局,雲林縣斗六市石榴路與雲科路一段口,晴,夜間(或隧道、地下道、涵洞)有照明,其他,60,交岔路,四岔路,交叉路口,交叉路口內,柏油,乾燥,無缺陷,無障礙物,良好,良好,行車管制號誌,正常,雙向禁止超車線,附標記,車道線(無標記),未繪設快慢車道分隔線,有,車與車,側撞,其他,不明原因肇事,死亡1;受傷1,1,慢車,微型電動二輪車,男,30,戴安全帽或繫安全帶(使用幼童安全椅),未使用,車的狀態,左轉彎,其他,非汽(機)車,NA,NA,其他,不明原因肇事,是,120.57616,23.71975
20230504,20230504,2023,5,222200,A1,雲林縣警察局,雲林縣斗六市石榴路與雲科路一段口,晴,夜間(或隧道、地下道、涵洞)有照明,其他,60,交岔路,四岔路,交叉路口,交叉路口內,柏油,乾燥,無缺陷,無障礙物,良好,良好,行車管制號誌,正常,雙向禁止超車線,附標記,車道線(無標記),未繪設快慢車道分隔線,有,車與車,側撞,其他,不明原因肇事,死亡1;受傷1,2,小客車,自用,男,23,戴安全帽或繫安全帶(使用幼童安全椅),未使用,車的狀態,向前直行中,汽車,前車頭,NA,NA,其他,不明原因肇事,否,120.57616,23.71975
20230504,20230504,2023,5,222200,A1,雲林縣警察局,雲林縣斗六市石榴路與雲科路一段口,晴,夜間(或隧道、地下道、涵洞)有照明,其他,60,交岔路,四岔路,交叉路口,交叉路口內,柏油,乾燥,無缺陷,無障礙物,良好,良好,行車管制號誌,正常,雙向禁止超車線,附標記,車道線(無標記),未繪設快慢車道分隔線,有,車與車,側撞,其他,不明原因肇事,死亡1;受傷1,3,小客車,自用,女,39,戴安全帽或繫安全帶(使用幼童安全椅),未使用,車的狀態,向前直行中,汽車,前車頭,NA,NA,其他,不明原因肇事,是,120.57616,23.71975
20230504,20230504,2023,5,222200,A1,雲林縣警察局,雲林縣斗六市石榴路與雲科路一段口,晴,夜間(或隧道、地下道、涵洞)有照明,其他,60,交岔路,四岔路,交叉路口,交叉路口內,柏油,乾燥,無缺陷,無障礙物,良好,良好,行車管制號誌,正常,雙向禁止超車線,附標記,車道線(無標記),未繪設快慢車道分隔線,有,車與車,側撞,其他,不明原因肇事,死亡1;受傷1,4,小客車,自用,男,40,戴安全帽或繫安全帶(使用幼童安全椅),未使用,車的狀態,向前直行中,汽車,左側車身,NA,NA,其他,不明原因肇事,否,120.57616,23.71975
20230504,20230504,2023,5,222200,A1,雲林縣警察局,雲林縣斗六市石榴路與雲科路一段口,晴,夜間(或隧道、地下道、涵洞)有照明,其他,60,交岔路,四岔路,交叉路口,交叉路口內,柏油,乾燥,無缺陷,無障礙物,良好,良好,行車管制號誌,正常,雙向禁止超車線,附標記,車道線(無標記),未繪設快慢車道分隔線,有,車與車,側撞,其他,不明原因肇事,死亡1;受傷1,5,小客車,自用,男,24,戴安全帽或繫安全帶(使用幼童安全椅),未使用,車的狀態,向前直行中,汽車,前車頭,NA,NA,其他,不明原因肇事,否,120.57616,23.71975
20230504,20230504,2023,5,222200,A1,雲林縣警察局,雲林縣斗六市石榴路與雲科路一段口,晴,夜間(或隧道、地下道、涵洞)有照明,其他,60,交岔路,四岔路,交叉路口,交叉路口內,柏油,乾燥,無缺陷,無障礙物,良好,良好,行車管制號誌,正常,雙向禁止超車線,附標記,車道線(無標記),未繪設快慢車道分隔線,有,車與車,側撞,其他,不明原因肇事,死亡1;受傷1,6,曳引車,營業用,男,54,戴安全帽或繫安全帶(使用幼童安全椅),未使用,車的狀態,等待(引擎未熄火),其他,不明,NA,NA,其他,不明原因肇事,否,120.57616,23.71975
20230504,20230504,2023,5,222200,A1,雲林縣警察局,雲林縣斗六市石榴路與雲科路一段口,晴,夜間(或隧道、地下道、涵洞)有照明,其他,60,交岔路,四岔路,交叉路口,交叉路口內,柏油,乾燥,無缺陷,無障礙物,良好,良好,行車管制號誌,正常,雙向禁止超車線,附標記,車道線(無標記),未繪設快慢車道分隔線,有,車與車,側撞,其他,不明原因肇事,死亡1;受傷1,7,人,乘客,男,22,未戴案全帽或未繫安全帶(未使用幼童安全椅),非駕駛人,人的狀態,其他,其他,非汽(機)車,NA,NA,無(非車輛駕駛人因素),尚未發現肇事因素,否,120.57616,23.71975
20230505,20230505,2023,5,143500,A1,嘉義縣警察局,嘉義縣民雄鄉東湖村建國路二段260-2號前,晴,日間自然光線,省道,40,單路部分,直路,路段,路肩、路緣,柏油,乾燥,無缺陷,無障礙物,良好,良好,無號誌,無號誌,中央分向島,窄式無柵欄,車道線(無標記),快慢車道分隔線,有,汽(機)車本身,撞號誌、標誌桿,駕駛人,疲勞(患病)駕駛失控,死亡1;受傷0,1,機車,普通重型,男,75,未戴案全帽或未繫安全帶(未使用幼童安全椅),未使用,車的狀態,向前直行中,機車,前車頭,NA,NA,駕駛人,疲勞(患病)駕駛失控,否,120.433628,23.548707
20230505,20230505,2023,5,143500,A1,嘉義縣警察局,嘉義縣民雄鄉東湖村建國路二段260-2號前,晴,日間自然光線,省道,40,單路部分,直路,路段,路肩、路緣,柏油,乾燥,無缺陷,無障礙物,良好,良好,無號誌,無號誌,中央分向島,窄式無柵欄,車道線(無標記),快慢車道分隔線,有,汽(機)車本身,撞號誌、標誌桿,駕駛人,疲勞(患病)駕駛失控,死亡1;受傷0,2,NA,NA,無或物(動物、堆置物),-1,NA,NA,NA,NA,NA,NA,NA,NA,無(非車輛駕駛人因素),尚未發現肇事因素,否,120.433628,23.548707
20230505,20230505,2023,5,173500,A1,臺中市政府警察局,臺中市后里區泰安里福美路17之6號前0.0公尺,晴,日間自然光線,市區道路,50,單路部分,直路,路段,路肩、路緣,柏油,乾燥,無缺陷,無障礙物,良好,良好,無號誌,無號誌,行車分向線,無標記,未繪設車道線,未繪設快慢車道分隔線,有,車與車,其他,駕駛人,未注意車前狀態,死亡1;受傷1,1,機車,普通重型,女,33,戴安全帽或繫安全帶(使用幼童安全椅),未使用,車的狀態,向前直行中,機車,前車頭,NA,NA,駕駛人,未注意車前狀態,否,120.729403,24.32567
20230505,20230505,2023,5,173500,A1,臺中市政府警察局,臺中市后里區泰安里福美路17之6號前0.0公尺,晴,日間自然光線,市區道路,50,單路部分,直路,路段,路肩、路緣,柏油,乾燥,無缺陷,無障礙物,良好,良好,無號誌,無號誌,行車分向線,無標記,未繪設車道線,未繪設快慢車道分隔線,有,車與車,其他,駕駛人,未注意車前狀態,死亡1;受傷1,2,機車,普通重型,男,84,不明,不明,車的狀態,靜止(引擎熄火),機車,左側車身,NA,NA,無(車輛駕駛人因素),尚未發現肇事因素,否,120.729403,24.32567
20230505,20230505,2023,5,173500,A1,臺中市政府警察局,臺中市后里區泰安里福美路17之6號前0.0公尺,晴,日間自然光線,市區道路,50,單路部分,直路,路段,路肩、路緣,柏油,乾燥,無缺陷,無障礙物,良好,良好,無號誌,無號誌,行車分向線,無標記,未繪設車道線,未繪設快慢車道分隔線,有,車與車,其他,駕駛人,未注意車前狀態,死亡1;受傷1,3,人,行人,男,84,其他(無需使用保護裝備之人),非駕駛人,人的狀態,靜立(止),其他,非汽(機)車,NA,NA,無(非車輛駕駛人因素),尚未發現肇事因素,否,120.729403,24.32567
20230505,20230505,2023,5,235800,A1,臺中市政府警察局,臺中市北屯區北屯路口 / 臺中市北屯區北屯路212段口,晴,夜間(或隧道、地下道、涵洞)有照明,市區道路,50,交岔路,四岔路,交叉路口,交叉路口內,柏油,乾燥,無缺陷,無障礙物,良好,良好,行車管制號誌,正常,無,無分向設施,未繪設車道線,未繪設快慢車道分隔線,無,人與汽(機)車,穿越道路中,駕駛人,搶越行人穿越道,死亡1;受傷0,1,小貨車(含客、貨兩用),自用,男,26,戴安全帽或繫安全帶(使用幼童安全椅),未使用,車的狀態,向前直行中,汽車,左前車頭(身),NA,NA,駕駛人,搶越行人穿越道,否,120.696122,24.167847
20230505,20230505,2023,5,235800,A1,臺中市政府警察局,臺中市北屯區北屯路口 / 臺中市北屯區北屯路212段口,晴,夜間(或隧道、地下道、涵洞)有照明,市區道路,50,交岔路,四岔路,交叉路口,交叉路口內,柏油,乾燥,無缺陷,無障礙物,良好,良好,行車管制號誌,正常,無,無分向設施,未繪設車道線,未繪設快慢車道分隔線,無,人與汽(機)車,穿越道路中,駕駛人,搶越行人穿越道,死亡1;受傷0,2,人,行人,男,58,其他(無需使用保護裝備之人),未使用,人的狀態,步行,其他,非汽(機)車,NA,NA,行人(或乘客),未依標誌、標線、號誌或手勢指揮穿越道路,否,120.696122,24.167847
20230506,20230506,2023,5,014400,A1,新竹市警察局,新竹市東區中華路二段與民主路口,晴,夜間(或隧道、地下道、涵洞)有照明,市區道路,50,交岔路,三岔路,交叉路口,交叉路口內,柏油,乾燥,無缺陷,無障礙物,良好,良好,行車管制號誌(附設行人專用號誌),正常,中央分向島,寛式(50公分以上),禁止變換車道線(無標記),未繪設快慢車道分隔線,無,汽(機)車本身,撞交通島,駕駛人,變換車道或方向不當,死亡1;受傷0,1,機車,普通重型,男,18,不明,不明,車的狀態,向左變換車道,機車,前車頭,NA,NA,駕駛人,變換車道或方向不當,否,120.981525,24.808326
20230506,20230506,2023,5,014400,A1,新竹市警察局,新竹市東區中華路二段與民主路口,晴,夜間(或隧道、地下道、涵洞)有照明,市區道路,50,交岔路,三岔路,交叉路口,交叉路口內,柏油,乾燥,無缺陷,無障礙物,良好,良好,行車管制號誌(附設行人專用號誌),正常,中央分向島,寛式(50公分以上),禁止變換車道線(無標記),未繪設快慢車道分隔線,無,汽(機)車本身,撞交通島,駕駛人,變換車道或方向不當,死亡1;受傷0,2,NA,NA,無或物(動物、堆置物),-1,NA,NA,NA,NA,NA,NA,NA,NA,無(非車輛駕駛人因素),尚未發現肇事因素,否,120.981525,24.808326