accident_date,發生日期,發生年度,發生月份,發生時間,事故類別名稱,處理單位名稱警局層,發生地點,天候名稱,光線名稱,道路類別-第1當事者-名稱,速限-第1當事者,道路型態大類別名稱,道路型態子類別名稱,事故位置大類別名稱,事故位置子類別名稱,路面狀況-路面鋪裝名稱,路面狀況-路面狀態名稱,路面狀況-路面缺陷名稱,道路障礙-障礙物名稱,道路障礙-視距品質名稱,道路障礙-視距名稱,號誌-號誌種類名稱,號誌-號誌動作名稱,車道劃分設施-分向設施大類別名稱,車道劃分設施-分向設施子類別名稱,車道劃分設施-分道設施-快車道或一般車道間名稱,車道劃分設施-分道設施-快慢車道間名稱,車道劃分設施-分道設施-路面邊線名稱,事故類型及型態大類別名稱,事故類型及型態子類別名稱,肇因研判大類別名稱-主要,肇因研判子類別名稱-主要,死亡受傷人數,當事者順位,當事者區分-類別-大類別名稱-車種,當事者區分-類別-子類別名稱-車種,當事者屬-性-別名稱,當事者事故發生時年齡,保護裝備名稱,行動電話或電腦或其他相類功能裝置名稱,當事者行動狀態大類別名稱,當事者行動狀態子類別名稱,車輛撞擊部位大類別名稱-最初,車輛撞擊部位子類別名稱-最初,車輛撞擊部位大類別名稱-其他,車輛撞擊部位子類別名稱-其他,肇因研判大類別名稱-個別,肇因研判子類別名稱-個別,肇事逃逸類別名稱-是否肇逃,經度,緯度
20230507,20230507,2023,5,211536,A1,南投縣政府警察局,南投縣埔里鎮隆生路104-2號附近,雨,夜間(或隧道、地下道、涵洞)有照明,村里道路,40,交岔路,四岔路,交叉路口,交叉口附近,柏油,濕潤,無缺陷,無障礙物,良好,良好,無號誌,無號誌,雙向禁止超車線,無標記,未繪設車道線,未繪設快慢車道分隔線,有,車與車,同向擦撞,駕駛人,違反特定標誌(線)禁制,死亡1;受傷1,4,NA,NA,無或物(動物、堆置物),-1,NA,NA,NA,NA,NA,NA,NA,NA,無(非車輛駕駛人因素),尚未發現肇事因素,否,120.964404,23.95409
20230507,20230507,2023,5,231700,A1,臺中市政府警察局,臺中市西區公正里公益路 / 臺中市西區公正里東興路三段,雨,夜間(或隧道、地下道、涵洞)有照明,市區道路,50,交岔路,四岔路,交叉路口,交叉路口內,柏油,濕潤,無缺陷,無障礙物,良好,良好,行車管制號誌,正常,無,無分向設施,未繪設車道線,未繪設快慢車道分隔線,無,車與車,路口交岔撞,駕駛人,違反號誌管制或指揮,死亡1;受傷0,1,機車,普通重型,男,21,戴安全帽或繫安全帶(使用幼童安全椅),未使用,車的狀態,向前直行中,機車,前車頭,NA,NA,駕駛人,違反號誌管制或指揮,否,120.652962,24.150959
20230507,20230507,2023,5,231700,A1,臺中市政府警察局,臺中市西區公正里公益路 / 臺中市西區公正里東興路三段,雨,夜間(或隧道、地下道、涵洞)有照明,市區道路,50,交岔路,四岔路,交叉路口,交叉路口內,柏油,濕潤,無缺陷,無障礙物,良好,良好,行車管制號誌,正常,無,無分向設施,未繪設車道線,未繪設快慢車道分隔線,無,車與車,路口交岔撞,駕駛人,違反號誌管制或指揮,死亡1;受傷0,2,小客車,自用,男,28,戴安全帽或繫安全帶(使用幼童安全椅),未使用,車的狀態,向前直行中,汽車,左前車頭(身),NA,NA,無(車輛駕駛人因素),尚未發現肇事因素,否,120.652962,24.150959
20230507,20230507,2023,5,231700,A1,臺中市政府警察局,臺中市西區公正里公益路 / 臺中市西區公正里東興路三段,雨,夜間(或隧道、地下道、涵洞)有照明,市區道路,50,交岔路,四岔路,交叉路口,交叉路口內,柏油,濕潤,無缺陷,無障礙物,良好,良好,行車管制號誌,正常,無,無分向設施,未繪設車道線,未繪設快慢車道分隔線,無,車與車,路口交岔撞,駕駛人,違反號誌管制或指揮,死亡1;受傷0,3,小客車,自用,男,35,戴安全帽或繫安全帶(使用幼童安全椅),未使用,車的狀態,向前直行中,汽車,左前車頭(身),NA,NA,駕駛人,未注意車前狀態,否,120.652962,24.150959
20230508,20230508,2023,5,014900,A1,桃園市政府警察局,桃園市大溪區康莊路附近 / 桃園市大溪區月眉路附近,雨,夜間(或隧道、地下道、涵洞)有照明,市區道路,50,交岔路,四岔路,交叉路口,交叉口附近,柏油,濕潤,無缺陷,無障礙物,良好,良好,閃光號誌,正常,無,無分向設施,未繪設車道線,未繪設快慢車道分隔線,無,汽(機)車本身,路上翻車、摔倒,駕駛人,未依規定減速,死亡1;受傷0,1,機車,普通重型,男,23,戴安全帽或繫安全帶(使用幼童安全椅),未使用,車的狀態,向前直行中,機車,左側車身,NA,NA,駕駛人,未依規定減速,否,121.286119,24.887509
20230508,20230508,2023,5,014900,A1,桃園市政府警察局,桃園市大溪區康莊路附近 / 桃園市大溪區月眉路附近,雨,夜間(或隧道、地下道、涵洞)有照明,市區道路,50,交岔路,四岔路,交叉路口,交叉口附近,柏油,濕潤,無缺陷,無障礙物,良好,良好,閃光號誌,正常,無,無分向設施,未繪設車道線,未繪設快慢車道分隔線,無,汽(機)車本身,路上翻車、摔倒,駕駛人,未依規定減速,死亡1;受傷0,2,NA,NA,無或物(動物、堆置物),-1,NA,NA,NA,NA,NA,NA,NA,NA,無(非車輛駕駛人因素),尚未發現肇事因素,否,121.286119,24.887509
20230508,20230508,2023,5,053237,A1,桃園市政府警察局,桃園市中壢區中正路二段642號前0.0公尺,雨,日間自然光線,市區道路,50,單路部分,彎曲路及附近,路段,一般車道(未劃分快慢車道),柏油,濕潤,無缺陷,無障礙物,良好,良好,無號誌,無號誌,中央分向島,寛式(50公分以上),車道線(無標記),未繪設快慢車道分隔線,有,車與車,側撞,駕駛人,未依規定減速,死亡1;受傷0,1,小客車,自用,男,24,戴安全帽或繫安全帶(使用幼童安全椅),未使用,車的狀態,向前直行中,汽車,左側車身,NA,NA,駕駛人,未依規定減速,否,121.19003,24.98291
20230508,20230508,2023,5,053237,A1,桃園市政府警察局,桃園市中壢區中正路二段642號前0.0公尺,雨,日間自然光線,市區道路,50,單路部分,彎曲路及附近,路段,一般車道(未劃分快慢車道),柏油,濕潤,無缺陷,無障礙物,良好,良好,無號誌,無號誌,中央分向島,寛式(50公分以上),車道線(無標記),未繪設快慢車道分隔線,有,車與車,側撞,駕駛人,未依規定減速,死亡1;受傷0,2,機車,普通重型,男,37,戴安全帽或繫安全帶(使用幼童安全椅),未使用,車的狀態,向前直行中,機車,前車頭,NA,NA,無(車輛駕駛人因素),尚未發現肇事因素,否,121.19003,24.98291
20230508,20230508,2023,5,053237,A1,桃園市政府警察局,桃園市中壢區中正路二段642號前0.0公尺,雨,日間自然光線,市區道路,50,單路部分,彎曲路及附近,路段,一般車道(未劃分快慢車道),柏油,濕潤,無缺陷,無障礙物,良好,良好,無號誌,無號誌,中央分向島,寛式(50公分以上),車道線(無標記),未繪設快慢車道分隔線,有,車與車,側撞,駕駛人,未依規定減速,死亡1;受傷0,3,小客車,自用,男,50,不明,不明,車的狀態,靜止(引擎熄火),汽車,後車尾,NA,NA,無(車輛駕駛人因素),尚未發現肇事因素,否,121.19003,24.98291
20230508,20230508,2023,5,081830,A1,苗栗縣警察局,苗栗縣通霄鎮南和路二段715之1號前,雨,日間自然光線,縣道,50,單路部分,直路,其他,其他,柏油,濕潤,無缺陷,無障礙物,良好,良好,無號誌,無號誌,行車分向線,附標記,未繪設車道線,未繪設快慢車道分隔線,有,汽(機)車本身,其他,其他,不明原因肇事,死亡1;受傷0,1,慢車,微型電動二輪車,男,53,戴安全帽或繫安全帶(使用幼童安全椅),未使用,車的狀態,其他,其他,非汽(機)車,其他,非汽(機)車,其他,不明原因肇事,否,120.696863,24.476477
20230508,20230508,2023,5,081830,A1,苗栗縣警察局,苗栗縣通霄鎮南和路二段715之1號前,雨,日間自然光線,縣道,50,單路部分,直路,其他,其他,柏油,濕潤,無缺陷,無障礙物,良好,良好,無號誌,無號誌,行車分向線,附標記,未繪設車道線,未繪設快慢車道分隔線,有,汽(機)車本身,其他,其他,不明原因肇事,死亡1;受傷0,2,NA,NA,無或物(動物、堆置物),-1,NA,NA,NA,NA,NA,NA,NA,NA,無(非車輛駕駛人因素),尚未發現肇事因素,否,120.696863,24.476477
20230508,20230508,2023,5,095233,A1,臺南市政府警察局,臺南市北區成功路西側 / 臺南市北區忠義路三段北側,晴,日間自然光線,市區道路,50,交岔路,四岔路,交叉路口,交叉路口內,柏油,乾燥,無缺陷,無障礙物,良好,良好,行車管制號誌,正常,無,無分向設施,未繪設車道線,未繪設快慢車道分隔線,無,人與汽(機)車,同向通行中,駕駛人,搶越行人穿越道,死亡1;受傷1,1,小客車,租賃車,女,36,戴安全帽或繫安全帶(使用幼童安全椅),不明,車的狀態,左轉彎,汽車,左側車身,NA,NA,駕駛人,搶越行人穿越道,否,120.20485,22.9985
20230508,20230508,2023,5,095233,A1,臺南市政府警察局,臺南市北區成功路西側 / 臺南市北區忠義路三段北側,晴,日間自然光線,市區道路,50,交岔路,四岔路,交叉路口,交叉路口內,柏油,乾燥,無缺陷,無障礙物,良好,良好,行車管制號誌,正常,無,無分向設施,未繪設車道線,未繪設快慢車道分隔線,無,人與汽(機)車,同向通行中,駕駛人,搶越行人穿越道,死亡1;受傷1,2,人,行人,女,37,其他(無需使用保護裝備之人),非駕駛人,人的狀態,步行,其他,非汽(機)車,NA,NA,無(非車輛駕駛人因素),尚未發現肇事因素,否,120.20485,22.9985
20230508,20230508,2023,5,095233,A1,臺南市政府警察局,臺南市北區成功路西側 / 臺南市北區忠義路三段北側,晴,日間自然光線,市區道路,50,交岔路,四岔路,交叉路口,交叉路口內,柏油,乾燥,無缺陷,無障礙物,良好,良好,行車管制號誌,正常,無,無分向設施,未繪設車道線,未繪設快慢車道分隔線,無,人與汽(機)車,同向通行中,駕駛人,搶越行人穿越道,死亡1;受傷1,3,人,行人,女,2,其他(無需使用保護裝備之人),非駕駛人,人的狀態,步行,其他,非汽(機)車,NA,NA,無(非車輛駕駛人因素),尚未發現肇事因素,否,120.20485,22.9985
20230508,20230508,2023,5,155500,A1,國道公路警察局,苗栗縣後龍鎮國道3號 128公里南側向內側,晴,日間自然光線,國道,110,單路部分,直路,路段,快車道,柏油,乾燥,無缺陷,無障礙物,良好,良好,無號誌,無號誌,中央分向島,寛式(50公分以上),車道線(附標記),未繪設快慢車道分隔線,有,車與車,同向擦撞,駕駛人,變換車道或方向不當,死亡1;受傷1,1,小客車,自用,男,69,戴安全帽或繫安全帶(使用幼童安全椅),未使用,車的狀態,向左變換車道,汽車,左後車尾(身),汽車,前車頭,駕駛人,變換車道或方向不當,否,120.801543,24.609244
20230508,20230508,2023,5,155500,A1,國道公路警察局,苗栗縣後龍鎮國道3號 128公里南側向內側,晴,日間自然光線,國道,110,單路部分,直路,路段,快車道,柏油,乾燥,無缺陷,無障礙物,良好,良好,無號誌,無號誌,中央分向島,寛式(50公分以上),車道線(附標記),未繪設快慢車道分隔線,有,車與車,同向擦撞,駕駛人,變換車道或方向不當,死亡1;受傷1,2,小貨車(含客、貨兩用),自用,男,26,戴安全帽或繫安全帶(使用幼童安全椅),未使用,車的狀態,向前直行中,汽車,右後車尾(身),NA,NA,無(車輛駕駛人因素),尚未發現肇事因素,否,120.801543,24.609244
20230508,20230508,2023,5,155500,A1,國道公路警察局,苗栗縣後龍鎮國道3號 128公里南側向內側,晴,日間自然光線,國道,110,單路部分,直路,路段,快車道,柏油,乾燥,無缺陷,無障礙物,良好,良好,無號誌,無號誌,中央分向島,寛式(50公分以上),車道線(附標記),未繪設快慢車道分隔線,有,車與車,同向擦撞,駕駛人,變換車道或方向不當,死亡1;受傷1,3,NA,NA,無或物(動物、堆置物),-1,NA,NA,NA,NA,NA,NA,NA,NA,無(非車輛駕駛人因素),尚未發現肇事因素,否,120.801543,24.609244
20230508,20230508,2023,5,155500,A1,國道公路警察局,苗栗縣後龍鎮國道3號 128公里南側向內側,晴,日間自然光線,國道,110,單路部分,直路,路段,快車道,柏油,乾燥,無缺陷,無障礙物,良好,良好,無號誌,無號誌,中央分向島,寛式(50公分以上),車道線(附標記),未繪設快慢車道分隔線,有,車與車,同向擦撞,駕駛人,變換車道或方向不當,死亡1;受傷1,4,小客車,自用,男,22,戴安全帽或繫安全帶(使用幼童安全椅),未使用,車的狀態,向前直行中,汽車,右側車身,NA,NA,無(車輛駕駛人因素),尚未發現肇事因素,否,120.801543,24.609244
20230508,20230508,2023,5,155500,A1,國道公路警察局,苗栗縣後龍鎮國道3號 128公里南側向內側,晴,日間自然光線,國道,110,單路部分,直路,路段,快車道,柏油,乾燥,無缺陷,無障礙物,良好,良好,無號誌,無號誌,中央分向島,寛式(50公分以上),車道線(附標記),未繪設快慢車道分隔線,有,車與車,同向擦撞,駕駛人,變換車道或方向不當,死亡1;受傷1,5,人,乘客,男,92,戴安全帽或繫安全帶(使用幼童安全椅),非駕駛人,人的狀態,其他,其他,非汽(機)車,NA,NA,無(非車輛駕駛人因素),尚未發現肇事因素,否,120.801543,24.609244
20230509,20230509,2023,5,180422,A1,南投縣政府警察局,南投縣南投市南崗一路口 / 南投縣南投市大庄路,晴,日間自然光線,省道,60,交岔路,多岔路,交叉路口,交叉路口內,柏油,乾燥,無缺陷,無障礙物,良好,良好,行車管制號誌,正常,中央分向島,寛式(50公分以上),未繪設車道線,未繪設快慢車道分隔線,有,車與車,路口交岔撞,駕駛人,違反號誌管制或指揮,死亡1;受傷2,1,機車,普通重型,男,18,戴安全帽或繫安全帶(使用幼童安全椅),未使用,車的狀態,向前直行中,機車,前車頭,NA,NA,駕駛人,違反號誌管制或指揮,否,120.684292,23.900363
20230509,20230509,2023,5,180422,A1,南投縣政府警察局,南投縣南投市南崗一路口 / 南投縣南投市大庄路,晴,日間自然光線,省道,60,交岔路,多岔路,交叉路口,交叉路口內,柏油,乾燥,無缺陷,無障礙物,良好,良好,行車管制號誌,正常,中央分向島,寛式(50公分以上),未繪設車道線,未繪設快慢車道分隔線,有,車與車,路口交岔撞,駕駛人,違反號誌管制或指揮,死亡1;受傷2,2,機車,普通重型,男,24,戴安全帽或繫安全帶(使用幼童安全椅),未使用,車的狀態,起步,機車,左側車身,NA,NA,無(車輛駕駛人因素),尚未發現肇事因素,否,120.684292,23.900363
20230509,20230509,2023,5,180422,A1,南投縣政府警察局,南投縣南投市南崗一路口 / 南投縣南投市大庄路,晴,日間自然光線,省道,60,交岔路,多岔路,交叉路口,交叉路口內,柏油,乾燥,無缺陷,無障礙物,良好,良好,行車管制號誌,正常,中央分向島,寛式(50公分以上),未繪設車道線,未繪設快慢車道分隔線,有,車與車,路口交岔撞,駕駛人,違反號誌管制或指揮,死亡1;受傷2,3,人,乘客,男,18,未戴案全帽或未繫安全帶(未使用幼童安全椅),非駕駛人,人的狀態,其他,其他,非汽(機)車,NA,NA,無(非車輛駕駛人因素),尚未發現肇事因素,否,120.684292,23.900363
20230509,20230509,2023,5,192112,A1,屏東縣政府警察局,屏東縣屏東市華新路附近 / 屏東縣屏東市華貴路附近,晴,夜間(或隧道、地下道、涵洞)有照明,市區道路,40,單路部分,直路,路段,慢車道,柏油,乾燥,無缺陷,無障礙物,良好,良好,無號誌,無號誌,行車分向線,無標記,車道線(附標記),快慢車道分隔線,有,車與車,其他,駕駛人,未注意車前狀態,死亡1;受傷0,1,機車,普通重型,男,71,戴安全帽或繫安全帶(使用幼童安全椅),未使用,車的狀態,向前直行中,機車,前車頭,NA,NA,駕駛人,未注意車前狀態,否,120.505232,22.689803
20230509,20230509,2023,5,192112,A1,屏東縣政府警察局,屏東縣屏東市華新路附近 / 屏東縣屏東市華貴路附近,晴,夜間(或隧道、地下道、涵洞)有照明,市區道路,40,單路部分,直路,路段,慢車道,柏油,乾燥,無缺陷,無障礙物,良好,良好,無號誌,無號誌,行車分向線,無標記,車道線(附標記),快慢車道分隔線,有,車與車,其他,駕駛人,未注意車前狀態,死亡1;受傷0,2,曳引車,營業用,男,48,戴安全帽或繫安全帶(使用幼童安全椅),未使用,車的狀態,靜止(引擎熄火),汽車,左後車尾(身),NA,NA,其他,違規停車或暫停不當而肇事,否,120.505232,22.689803
20230509,20230509,2023,5,194100,A1,南投縣政府警察局,南投縣國姓鄉北港村國姓路北港二枝21電桿旁,晴,夜間(或隧道、地下道、涵洞)無照明,村里道路,40,單路部分,直路,路段,一般車道(未劃分快慢車道),柏油,乾燥,無缺陷,無障礙物,良好,良好,無號誌,無號誌,無,無分向設施,未繪設車道線,未繪設快慢車道分隔線,無,汽(機)車本身,衝出路外,其他,不明原因肇事,死亡1;受傷0,1,機車,普通重型,女,61,戴安全帽或繫安全帶(使用幼童安全椅),不明,車的狀態,向前直行中,機車,左側車身,NA,NA,其他,不明原因肇事,否,120.913341,24.05793
20230509,20230509,2023,5,194100,A1,南投縣政府警察局,南投縣國姓鄉北港村國姓路北港二枝21電桿旁,晴,夜間(或隧道、地下道、涵洞)無照明,村里道路,40,單路部分,直路,路段,一般車道(未劃分快慢車道),柏油,乾燥,無缺陷,無障礙物,良好,良好,無號誌,無號誌,無,無分向設施,未繪設車道線,未繪設快慢車道分隔線,無,汽(機)車本身,衝出路外,其他,不明原因肇事,死亡1;受傷0,2,NA,NA,無或物(動物、堆置物),-1,NA,NA,NA,NA,NA,NA,NA,NA,無(非車輛駕駛人因素),尚未發現肇事因素,否,120.913341,24.05793
20230509,20230509,2023,5,205800,A1,澎湖縣政府警察局,澎湖縣馬公市文學路口 / 澎湖縣馬公市經國路口,陰,夜間(或隧道、地下道、涵洞)有照明,市區道路,50,交岔路,四岔路,交叉路口,交叉路口內,柏油,乾燥,無缺陷,無障礙物,良好,良好,閃光號誌,正常,無,無分向設施,未繪設車道線,未繪設快慢車道分隔線,無,車與車,路口交岔撞,駕駛人,未依規定讓車,死亡1;受傷0,1,機車,普通重型,男,27,戴安全帽或繫安全帶(使用幼童安全椅),未使用,車的狀態,向前直行中,機車,左側車身,NA,NA,駕駛人,未依規定讓車,否,119.58017100000001,23.559155
20230509,20230509,2023,5,205800,A1,澎湖縣政府警察局,澎湖縣馬公市文學路口 / 澎湖縣馬公市經國路口,陰,夜間(或隧道、地下道、涵洞)有照明,市區道路,50,交岔路,四岔路,交叉路口,交叉路口內,柏油,乾燥,無缺陷,無障礙物,良好,良好,閃光號誌,正常,無,無分向設施,未繪設車道線,未繪設快慢車道分隔線,無,車與車,路口交岔撞,駕駛人,未依規定讓車,死亡1;受傷0,2,小客車,自用,男,20,戴安全帽或繫安全帶(使用幼童安全椅),未使用,車的狀態,向前直行中,汽車,右前車頭(身),NA,NA,駕駛人,未注意車前狀態,否,119.58017100000001,23.559155
20230509,20230509,2023,5,205800,A1,澎湖縣政府警察局,澎湖縣馬公市文學路口 / 澎湖縣馬公市經國路口,陰,夜間(或隧道、地下道、涵洞)有照明,市區道路,50,交岔路,四岔路,交叉路口,交叉路口內,柏油,乾燥,無缺陷,無障礙物,良好,良好,閃光號誌,正常,無,無分向設施,未繪設車道線,未繪設快慢車道分隔線,無,車與車,路口交岔撞,駕駛人,未依規定讓車,死亡1;受傷0,3,人,乘客,男,21,戴安全帽或繫安全帶(使用幼童安全椅),非駕駛人,人的狀態,其他,其他,非汽(機)車,NA,NA,無(非車輛駕駛人因素),尚未發現肇事因素,否,119.58017100000001,23.559155
20230509,20230509,2023,5,205800,A1,澎湖縣政府警察局,澎湖縣馬公市文學路口 / 澎湖縣馬公市經國路口,陰,夜間(或隧道、地下道、涵洞)有照明,市區道路,50,交岔路,四岔路,交叉路口,交叉路口內,柏油,乾燥,無缺陷,無障礙物,良好,良好,閃光號誌,正常,無,無分向設施,未繪設車道線,未繪設快慢車道分隔線,無,車與車,路口交岔撞,駕駛人,未依規定讓車,死亡1;受傷0,4,人,乘客,男,20,戴安全帽或繫安全帶(使用幼童安全椅),非駕駛人,人的狀態,其他,其他,非汽(機)車,NA,NA,無(非車輛駕駛人因素),尚未發現肇事因素,否,119.58017100000001,23.559155
20230509,20230509,2023,5,205800,A1,澎湖縣政府警察局,澎湖縣馬公市文學路口 / 澎湖縣馬公市經國路口,陰,夜間(或隧道、地下道、涵洞)有照明,市區道路,50,交岔路,四岔路,交叉路口,交叉路口內,柏油,乾燥,無缺陷,無障礙物,良好,良好,閃光號誌,正常,無,無分向設施,未繪設車道線,未繪設快慢車道分隔線,無,車與車,路口交岔撞,駕駛人,未依規定讓車,死亡1;受傷0,5,人,乘客,男,20,戴安全帽或繫安全帶(使用幼童安全椅),非駕駛人,人的狀態,其他,其他,非汽(機)車,NA,NA,無(非車輛駕駛人因素),尚未發現肇事因素,否,119.58017100000001,23.559155
20230509,20230509,2023,5,205800,A1,澎湖縣政府警察局,澎湖縣馬公市文學路口 / 澎湖縣馬公市經國路口,陰,夜間(或隧道、地下道、涵洞)有照明,市區道路,50,交岔路,四岔路,交叉路口,交叉路口內,柏油,乾燥,無缺陷,無障礙物,良好,良好,閃光號誌,正常,無,無分向設施,未繪設車道線,未繪設快慢車道分隔線,無,車與車,路口交岔撞,駕駛人,未依規定讓車,死亡1;受傷0,6,人,乘客,男,21,戴安全帽或繫安全帶(使用幼童安全椅),非駕駛人,人的狀態,其他,其他,非汽(機)車,NA,NA,無(非車輛駕駛人因素),尚未發現肇事因素,否,119.58017100000001,23.559155
20230509,20230509,2023,5,205800,A1,澎湖縣政府警察局,澎湖縣馬公市文學路口 / 澎湖縣馬公市經國路口,陰,夜間(或隧道、地下道、涵洞)有照明,市區道路,50,交岔路,四岔路,交叉路口,交叉路口內,柏油,乾燥,無缺陷,無障礙物,良好,良好,閃光號誌,正常,無,無分向設施,未繪設車道線,未繪設快慢車道分隔線,無,車與車,路口交岔撞,駕駛人,未依規定讓車,死亡1;受傷0,7,人,乘客,女,20,未戴案全帽或未繫安全帶(未使用幼童安全椅),非駕駛人,人的狀態,其他,其他,非汽(機)車,NA,NA,無(非車輛駕駛人因素),尚未發現肇事因素,否,119.58017100000001,23.559155
20230511,20230511,2023,5,101300,A1,桃園市政府警察局,桃園市大園區圳頭路口 / 桃園市大園區後厝二路,晴,日間自然光線,村里道路,30,交岔路,四岔路,交叉路口,交叉路口內,柏油,乾燥,無缺陷,無障礙物,良好,良好,無號誌,無號誌,無,無分向設施,未繪設車道線,未繪設快慢車道分隔線,有,車與車,路口交岔撞,駕駛人,未依規定讓車,死亡1;受傷0,1,小貨車(含客、貨兩用),自用,男,49,戴安全帽或繫安全帶(使用幼童安全椅),未使用,車的狀態,向前直行中,汽車,右前車頭(身),NA,NA,駕駛人,未依規定讓車,否,121.20807,25.084574
20230511,20230511,2023,5,101300,A1,桃園市政府警察局,桃園市大園區圳頭路口 / 桃園市大園區後厝二路,晴,日間自然光線,村里道路,30,交岔路,四岔路,交叉路口,交叉路口內,柏油,乾燥,無缺陷,無障礙物,良好,良好,無號誌,無號誌,無,無分向設施,未繪設車道線,未繪設快慢車道分隔線,有,車與車,路口交岔撞,駕駛人,未依規定讓車,死亡1;受傷0,2,機車,普通重型,男,49,戴安全帽或繫安全帶(使用幼童安全椅),不明,車的狀態,向前直行中,機車,左側車身,機車,右側車身,駕駛人,未依規定減速,否,121.20807,25.084574
20230511,20230511,2023,5,123900,A1,臺中市政府警察局,臺中市西屯區協和里安和路2之6號前0.0公尺,晴,日間自然光線,市區道路,50,單路部分,直路,路段,快車道,柏油,乾燥,無缺陷,無障礙物,良好,良好,無號誌,無號誌,行車分向線,附標記,車道線(無標記),快慢車道分隔線,無,車與車,側撞,駕駛人,迴轉未依規定,死亡1;受傷0,1,小貨車(含客、貨兩用),營業用,男,47,戴安全帽或繫安全帶(使用幼童安全椅),不明,車的狀態,迴轉或橫越道路中,汽車,左側車身,NA,NA,駕駛人,迴轉未依規定,否,120.618066,24.1616
20230511,20230511,2023,5,123900,A1,臺中市政府警察局,臺中市西屯區協和里安和路2之6號前0.0公尺,晴,日間自然光線,市區道路,50,單路部分,直路,路段,快車道,柏油,乾燥,無缺陷,無障礙物,良好,良好,無號誌,無號誌,行車分向線,附標記,車道線(無標記),快慢車道分隔線,無,車與車,側撞,駕駛人,迴轉未依規定,死亡1;受傷0,2,機車,普通重型,男,22,戴安全帽或繫安全帶(使用幼童安全椅),不明,車的狀態,向前直行中,機車,前車頭,NA,NA,駕駛人,未依規定減速,否,120.618066,24.1616
20230511,20230511,2023,5,173100,A1,嘉義縣警察局,嘉義縣水上鄉中庄村中庄58-40號,雨,日間自然光線,村里道路,30,交岔路,三岔路,交叉路口,交叉路口內,柏油,濕潤,無缺陷,無障礙物,良好,良好,閃光號誌,正常,無,無分向設施,未繪設車道線,未繪設快慢車道分隔線,無,車與車,側撞,駕駛人,未依規定讓車,死亡1;受傷1,1,機車,普通重型,男,60,不明,不明,車的狀態,左轉彎,機車,左側車身,NA,NA,駕駛人,未依規定讓車,否,120.435033,23.420563
20230511,20230511,2023,5,173100,A1,嘉義縣警察局,嘉義縣水上鄉中庄村中庄58-40號,雨,日間自然光線,村里道路,30,交岔路,三岔路,交叉路口,交叉路口內,柏油,濕潤,無缺陷,無障礙物,良好,良好,閃光號誌,正常,無,無分向設施,未繪設車道線,未繪設快慢車道分隔線,無,車與車,側撞,駕駛人,未依規定讓車,死亡1;受傷1,2,機車,普通重型,女,42,戴安全帽或繫安全帶(使用幼童安全椅),未使用,車的狀態,向前直行中,機車,前車頭,NA,NA,駕駛人,未注意車前狀態,否,120.435033,23.420563
20230512,20230512,2023,5,002300,A1,彰化縣警察局,彰化縣花壇鄉橋頭村花南路212號前0.0公尺,晴,夜間(或隧道、地下道、涵洞)有照明,村里道路,50,交岔路,四岔路,交叉路口,交叉路口內,柏油,乾燥,無缺陷,無障礙物,良好,良好,行車管制號誌,正常,雙向禁止超車線,附標記,車道線(附標記),未繪設快慢車道分隔線,有,車與車,對向擦撞,駕駛人,未依規定讓車,死亡1;受傷1,1,小客車,自用,男,30,戴安全帽或繫安全帶(使用幼童安全椅),未使用,車的狀態,向前直行中,汽車,左側車身,NA,NA,駕駛人,未依規定讓車,否,120.549671,24.021147
20230512,20230512,2023,5,002300,A1,彰化縣警察局,彰化縣花壇鄉橋頭村花南路212號前0.0公尺,晴,夜間(或隧道、地下道、涵洞)有照明,村里道路,50,交岔路,四岔路,交叉路口,交叉路口內,柏油,乾燥,無缺陷,無障礙物,良好,良好,行車管制號誌,正常,雙向禁止超車線,附標記,車道線(附標記),未繪設快慢車道分隔線,有,車與車,對向擦撞,駕駛人,未依規定讓車,死亡1;受傷1,2,機車,普通重型,女,25,戴安全帽或繫安全帶(使用幼童安全椅),未使用,車的狀態,向前直行中,機車,前車頭,NA,NA,駕駛人,未依規定減速,否,120.549671,24.021147
20230512,20230512,2023,5,002300,A1,彰化縣警察局,彰化縣花壇鄉橋頭村花南路212號前0.0公尺,晴,夜間(或隧道、地下道、涵洞)有照明,村里道路,50,交岔路,四岔路,交叉路口,交叉路口內,柏油,乾燥,無缺陷,無障礙物,良好,良好,行車管制號誌,正常,雙向禁止超車線,附標記,車道線(附標記),未繪設快慢車道分隔線,有,車與車,對向擦撞,駕駛人,未依規定讓車,死亡1;受傷1,3,人,乘客,男,22,戴安全帽或繫安全帶(使用幼童安全椅),未使用,人的狀態,不明,其他,非汽(機)車,NA,NA,行人(或乘客),其他引起事故之疏失或行為,否,120.549671,24.021147