accident_date,發生日期,發生年度,發生月份,發生時間,事故類別名稱,處理單位名稱警局層,發生地點,天候名稱,光線名稱,道路類別-第1當事者-名稱,速限-第1當事者,道路型態大類別名稱,道路型態子類別名稱,事故位置大類別名稱,事故位置子類別名稱,路面狀況-路面鋪裝名稱,路面狀況-路面狀態名稱,路面狀況-路面缺陷名稱,道路障礙-障礙物名稱,道路障礙-視距品質名稱,道路障礙-視距名稱,號誌-號誌種類名稱,號誌-號誌動作名稱,車道劃分設施-分向設施大類別名稱,車道劃分設施-分向設施子類別名稱,車道劃分設施-分道設施-快車道或一般車道間名稱,車道劃分設施-分道設施-快慢車道間名稱,車道劃分設施-分道設施-路面邊線名稱,事故類型及型態大類別名稱,事故類型及型態子類別名稱,肇因研判大類別名稱-主要,肇因研判子類別名稱-主要,死亡受傷人數,當事者順位,當事者區分-類別-大類別名稱-車種,當事者區分-類別-子類別名稱-車種,當事者屬-性-別名稱,當事者事故發生時年齡,保護裝備名稱,行動電話或電腦或其他相類功能裝置名稱,當事者行動狀態大類別名稱,當事者行動狀態子類別名稱,車輛撞擊部位大類別名稱-最初,車輛撞擊部位子類別名稱-最初,車輛撞擊部位大類別名稱-其他,車輛撞擊部位子類別名稱-其他,肇因研判大類別名稱-個別,肇因研判子類別名稱-個別,肇事逃逸類別名稱-是否肇逃,經度,緯度
20230515,20230515,2023,5,213253,A1,苗栗縣警察局,苗栗縣後龍鎮福和大橋上,晴,夜間(或隧道、地下道、涵洞)無照明,村里道路,50,單路部分,橋樑,路段,一般車道(未劃分快慢車道),柏油,乾燥,無缺陷,無障礙物,良好,良好,無號誌,無號誌,行車分向線,無標記,未繪設車道線,未繪設快慢車道分隔線,有,汽(機)車本身,撞護欄(樁),駕駛人,未注意車前狀態,死亡1;受傷0,2,NA,NA,無或物(動物、堆置物),-1,NA,NA,NA,NA,NA,NA,NA,NA,無(非車輛駕駛人因素),尚未發現肇事因素,否,120.750614,24.595356
20230516,20230516,2023,5,051100,A1,彰化縣警察局,彰化縣埤頭鄉和豊村斗苑東路前0.0公尺,晴,日間自然光線,村里道路,60,交岔路,四岔路,交叉路口,交叉路口內,柏油,乾燥,無缺陷,無障礙物,良好,良好,無號誌,無號誌,雙向禁止超車線,無標記,未繪設車道線,未繪設快慢車道分隔線,有,車與車,側撞,駕駛人,未依規定讓車,死亡1;受傷1,1,機車,普通重型,女,72,戴安全帽或繫安全帶(使用幼童安全椅),未使用,車的狀態,左轉彎,機車,前車頭,NA,NA,駕駛人,未依規定讓車,否,120.487952,23.888056
20230516,20230516,2023,5,051100,A1,彰化縣警察局,彰化縣埤頭鄉和豊村斗苑東路前0.0公尺,晴,日間自然光線,村里道路,60,交岔路,四岔路,交叉路口,交叉路口內,柏油,乾燥,無缺陷,無障礙物,良好,良好,無號誌,無號誌,雙向禁止超車線,無標記,未繪設車道線,未繪設快慢車道分隔線,有,車與車,側撞,駕駛人,未依規定讓車,死亡1;受傷1,2,機車,普通重型,男,23,戴安全帽或繫安全帶(使用幼童安全椅),未使用,車的狀態,向前直行中,機車,前車頭,NA,NA,駕駛人,未依規定減速,否,120.487952,23.888056
20230516,20230516,2023,5,112600,A1,高雄市政府警察局,高雄市左營區左營大路 / 高雄市左營區孔營路,晴,日間自然光線,市區道路,40,交岔路,四岔路,交叉路口,交叉路口內,柏油,乾燥,無缺陷,無障礙物,良好,良好,行車管制號誌(附設行人專用號誌),正常,雙向禁止超車線,無標記,車道線(無標記),快慢車道分隔線,有,車與車,側撞,駕駛人,變換車道或方向不當,死亡1;受傷0,1,機車,普通重型,男,79,戴安全帽或繫安全帶(使用幼童安全椅),未使用,車的狀態,向左變換車道,機車,左側車身,機車,左側車身,駕駛人,變換車道或方向不當,否,120.295479,22.689652
20230516,20230516,2023,5,112600,A1,高雄市政府警察局,高雄市左營區左營大路 / 高雄市左營區孔營路,晴,日間自然光線,市區道路,40,交岔路,四岔路,交叉路口,交叉路口內,柏油,乾燥,無缺陷,無障礙物,良好,良好,行車管制號誌(附設行人專用號誌),正常,雙向禁止超車線,無標記,車道線(無標記),快慢車道分隔線,有,車與車,側撞,駕駛人,變換車道或方向不當,死亡1;受傷0,2,大客車,民營客運,男,45,戴安全帽或繫安全帶(使用幼童安全椅),未使用,車的狀態,向前直行中,汽車,左側車身,汽車,左側車身,無(車輛駕駛人因素),尚未發現肇事因素,否,120.295479,22.689652
20230516,20230516,2023,5,112720,A1,臺南市政府警察局,臺南市學甲區豐和里路燈020021號前路口,晴,日間自然光線,村里道路,30,交岔路,四岔路,交叉路口,交叉路口內,柏油,乾燥,無缺陷,無障礙物,良好,良好,無號誌,無號誌,無,無分向設施,未繪設車道線,未繪設快慢車道分隔線,無,車與車,路口交岔撞,駕駛人,未依規定讓車,死亡1;受傷0,1,曳引車,營業用,男,54,未戴案全帽或未繫安全帶(未使用幼童安全椅),未使用,車的狀態,向前直行中,汽車,右側車身,NA,NA,駕駛人,未依規定讓車,否,120.191266,23.217297
20230516,20230516,2023,5,112720,A1,臺南市政府警察局,臺南市學甲區豐和里路燈020021號前路口,晴,日間自然光線,村里道路,30,交岔路,四岔路,交叉路口,交叉路口內,柏油,乾燥,無缺陷,無障礙物,良好,良好,無號誌,無號誌,無,無分向設施,未繪設車道線,未繪設快慢車道分隔線,無,車與車,路口交岔撞,駕駛人,未依規定讓車,死亡1;受傷0,2,機車,普通重型,男,66,戴安全帽或繫安全帶(使用幼童安全椅),不明,車的狀態,向前直行中,機車,前車頭,NA,NA,駕駛人,未依規定減速,否,120.191266,23.217297
20230516,20230516,2023,5,113300,A1,高雄市政府警察局,高雄市仁武區八德一路241號前0.0公尺,晴,日間自然光線,市區道路,40,單路部分,直路,路段,快車道,柏油,乾燥,無缺陷,無障礙物,良好,良好,無號誌,無號誌,中央分向島,寛式(50公分以上),車道線(無標記),快慢車道分隔線,無,車與車,其他,駕駛人,起步未注意其他車(人)安全,死亡1;受傷1,1,機車,普通重型,男,85,不明,不明,車的狀態,起步,機車,左側車身,機車,左側車身,駕駛人,起步未注意其他車(人)安全,否,120.3358,22.68915
20230516,20230516,2023,5,113300,A1,高雄市政府警察局,高雄市仁武區八德一路241號前0.0公尺,晴,日間自然光線,市區道路,40,單路部分,直路,路段,快車道,柏油,乾燥,無缺陷,無障礙物,良好,良好,無號誌,無號誌,中央分向島,寛式(50公分以上),車道線(無標記),快慢車道分隔線,無,車與車,其他,駕駛人,起步未注意其他車(人)安全,死亡1;受傷1,2,機車,普通重型,女,21,戴安全帽或繫安全帶(使用幼童安全椅),未使用,車的狀態,向前直行中,機車,前車頭,機車,前車頭,駕駛人,未注意車前狀態,否,120.3358,22.68915
20230516,20230516,2023,5,213700,A1,彰化縣警察局,彰化縣芬園鄉舊社村大彰路5段前0.0公尺,陰,夜間(或隧道、地下道、涵洞)有照明,村里道路,40,單路部分,彎曲路及附近,路段,一般車道(未劃分快慢車道),柏油,乾燥,無缺陷,無障礙物,良好,良好,無號誌,無號誌,雙向禁止超車線,無標記,未繪設車道線,未繪設快慢車道分隔線,有,汽(機)車本身,撞路樹、電桿,其他,不明原因肇事,死亡1;受傷1,1,機車,普通重型,男,16,戴安全帽或繫安全帶(使用幼童安全椅),未使用,車的狀態,向前直行中,機車,左側車身,NA,NA,其他,不明原因肇事,否,120.596406,24.023651
20230516,20230516,2023,5,213700,A1,彰化縣警察局,彰化縣芬園鄉舊社村大彰路5段前0.0公尺,陰,夜間(或隧道、地下道、涵洞)有照明,村里道路,40,單路部分,彎曲路及附近,路段,一般車道(未劃分快慢車道),柏油,乾燥,無缺陷,無障礙物,良好,良好,無號誌,無號誌,雙向禁止超車線,無標記,未繪設車道線,未繪設快慢車道分隔線,有,汽(機)車本身,撞路樹、電桿,其他,不明原因肇事,死亡1;受傷1,2,NA,NA,無或物(動物、堆置物),0,NA,NA,NA,NA,NA,NA,NA,NA,無(非車輛駕駛人因素),尚未發現肇事因素,否,120.596406,24.023651
20230516,20230516,2023,5,213700,A1,彰化縣警察局,彰化縣芬園鄉舊社村大彰路5段前0.0公尺,陰,夜間(或隧道、地下道、涵洞)有照明,村里道路,40,單路部分,彎曲路及附近,路段,一般車道(未劃分快慢車道),柏油,乾燥,無缺陷,無障礙物,良好,良好,無號誌,無號誌,雙向禁止超車線,無標記,未繪設車道線,未繪設快慢車道分隔線,有,汽(機)車本身,撞路樹、電桿,其他,不明原因肇事,死亡1;受傷1,3,人,乘客,男,15,戴安全帽或繫安全帶(使用幼童安全椅),未使用,人的狀態,其他,其他,非汽(機)車,NA,NA,無(非車輛駕駛人因素),尚未發現肇事因素,否,120.596406,24.023651
20230517,20230517,2023,5,112500,A1,新北市政府警察局,新北市新店區北新路3段77號前0.0公尺,晴,日間自然光線,市區道路,50,單路部分,直路,路段,一般車道(未劃分快慢車道),柏油,乾燥,無缺陷,路上有停車,良好,良好,無號誌,無號誌,中央分向島,窄式無柵欄,車道線(無標記),未繪設快慢車道分隔線,無,車與車,同向擦撞,駕駛人,未注意車前狀態,死亡1;受傷1,1,機車,普通重型,女,52,戴安全帽或繫安全帶(使用幼童安全椅),未使用,車的狀態,向前直行中,機車,前車頭,機車,前車頭,駕駛人,未注意車前狀態,否,121.540882,24.98505
20230517,20230517,2023,5,112500,A1,新北市政府警察局,新北市新店區北新路3段77號前0.0公尺,晴,日間自然光線,市區道路,50,單路部分,直路,路段,一般車道(未劃分快慢車道),柏油,乾燥,無缺陷,路上有停車,良好,良好,無號誌,無號誌,中央分向島,窄式無柵欄,車道線(無標記),未繪設快慢車道分隔線,無,車與車,同向擦撞,駕駛人,未注意車前狀態,死亡1;受傷1,2,小貨車(含客、貨兩用),營業用,男,52,未戴案全帽或未繫安全帶(未使用幼童安全椅),未使用,車的狀態,靜止(引擎熄火),汽車,左側車身,汽車,左側車身,其他,違規停車或暫停不當而肇事,否,121.540882,24.98505
20230517,20230517,2023,5,130000,A1,新北市政府警察局,新北市土城區中華路2段 / 新北市土城區城林路,晴,日間自然光線,市區道路,50,交岔路,三岔路,交叉路口,交叉路口內,柏油,乾燥,無缺陷,無障礙物,良好,良好,行車管制號誌(附設行人專用號誌),正常,中央分向島,寛式(50公分以上),車道線(無標記),未繪設快慢車道分隔線,有,車與車,同向擦撞,駕駛人,未保持行車安全間隔,死亡1;受傷1,1,大貨車,營業用,男,49,戴安全帽或繫安全帶(使用幼童安全椅),未使用,車的狀態,右轉彎,汽車,前車頭,汽車,前車頭,駕駛人,未保持行車安全間隔,否,121.439812,24.979156
20230517,20230517,2023,5,130000,A1,新北市政府警察局,新北市土城區中華路2段 / 新北市土城區城林路,晴,日間自然光線,市區道路,50,交岔路,三岔路,交叉路口,交叉路口內,柏油,乾燥,無缺陷,無障礙物,良好,良好,行車管制號誌(附設行人專用號誌),正常,中央分向島,寛式(50公分以上),車道線(無標記),未繪設快慢車道分隔線,有,車與車,同向擦撞,駕駛人,未保持行車安全間隔,死亡1;受傷1,2,機車,普通重型,男,75,戴安全帽或繫安全帶(使用幼童安全椅),未使用,車的狀態,右轉彎,機車,後車尾,機車,後車尾,駕駛人,未保持行車安全間隔,否,121.439812,24.979156
20230517,20230517,2023,5,130000,A1,新北市政府警察局,新北市土城區中華路2段 / 新北市土城區城林路,晴,日間自然光線,市區道路,50,交岔路,三岔路,交叉路口,交叉路口內,柏油,乾燥,無缺陷,無障礙物,良好,良好,行車管制號誌(附設行人專用號誌),正常,中央分向島,寛式(50公分以上),車道線(無標記),未繪設快慢車道分隔線,有,車與車,同向擦撞,駕駛人,未保持行車安全間隔,死亡1;受傷1,3,人,乘客,女,75,戴安全帽或繫安全帶(使用幼童安全椅),非駕駛人,人的狀態,其他,其他,非汽(機)車,其他,非汽(機)車,無(非車輛駕駛人因素),尚未發現肇事因素,否,121.439812,24.979156
20230518,20230518,2023,5,000232,A1,新竹縣政府警察局,新竹縣峨眉鄉台三線道路約89公里附近往北,晴,夜間(或隧道、地下道、涵洞)有照明,省道,60,單路部分,彎曲路及附近,路段,一般車道(未劃分快慢車道),柏油,乾燥,無缺陷,無障礙物,良好,良好,無號誌,無號誌,雙向禁止超車線,附標記,車道線(無標記),未繪設快慢車道分隔線,有,汽(機)車本身,路上翻車、摔倒,其他,其他引起事故之違規或不當行為,死亡1;受傷0,1,機車,大型重型1(550C.C.以上),男,28,戴安全帽或繫安全帶(使用幼童安全椅),未使用,車的狀態,向前直行中,機車,前車頭,機車,右側車身,其他,其他引起事故之違規或不當行為,否,121.017455,24.687456
20230518,20230518,2023,5,000232,A1,新竹縣政府警察局,新竹縣峨眉鄉台三線道路約89公里附近往北,晴,夜間(或隧道、地下道、涵洞)有照明,省道,60,單路部分,彎曲路及附近,路段,一般車道(未劃分快慢車道),柏油,乾燥,無缺陷,無障礙物,良好,良好,無號誌,無號誌,雙向禁止超車線,附標記,車道線(無標記),未繪設快慢車道分隔線,有,汽(機)車本身,路上翻車、摔倒,其他,其他引起事故之違規或不當行為,死亡1;受傷0,2,NA,NA,無或物(動物、堆置物),-1,NA,NA,NA,NA,NA,NA,NA,NA,無(非車輛駕駛人因素),尚未發現肇事因素,否,121.017455,24.687456
20230518,20230518,2023,5,080000,A1,臺南市政府警察局,臺南市將軍區將軍里050965號路燈桿旁,晴,日間自然光線,村里道路,30,單路部分,直路,路段,一般車道(未劃分快慢車道),柏油,乾燥,無缺陷,無障礙物,良好,良好,無號誌,無號誌,無,無分向設施,未繪設車道線,未繪設快慢車道分隔線,無,汽(機)車本身,路上翻車、摔倒,駕駛人,未注意車前狀態,死亡1;受傷0,1,慢車,腳踏自行車,男,73,未戴案全帽或未繫安全帶(未使用幼童安全椅),未使用,人的狀態,不明,其他,非汽(機)車,NA,NA,駕駛人,未注意車前狀態,否,120.13161,23.200867
20230518,20230518,2023,5,080000,A1,臺南市政府警察局,臺南市將軍區將軍里050965號路燈桿旁,晴,日間自然光線,村里道路,30,單路部分,直路,路段,一般車道(未劃分快慢車道),柏油,乾燥,無缺陷,無障礙物,良好,良好,無號誌,無號誌,無,無分向設施,未繪設車道線,未繪設快慢車道分隔線,無,汽(機)車本身,路上翻車、摔倒,駕駛人,未注意車前狀態,死亡1;受傷0,2,NA,NA,無或物(動物、堆置物),-1,NA,NA,NA,NA,NA,NA,NA,NA,無(非車輛駕駛人因素),尚未發現肇事因素,否,120.13161,23.200867
20230518,20230518,2023,5,115429,A1,臺南市政府警察局,臺南市新化區北勢里高鐵橋下台南段道路與南144線北勢路口,晴,日間自然光線,市區道路,50,單路部分,直路,路段,慢車道,柏油,乾燥,無缺陷,無障礙物,良好,良好,行車管制號誌,正常,中央分向島,寛式(50公分以上),車道線(無標記),寛式快慢車道分隔島(50公分以上),有,汽(機)車本身,撞交通島,駕駛人,未注意車前狀態,死亡1;受傷0,1,機車,普通重型,男,46,戴安全帽或繫安全帶(使用幼童安全椅),未使用,車的狀態,向前直行中,機車,左側車身,NA,NA,駕駛人,未注意車前狀態,否,120.288603,23.048458
20230518,20230518,2023,5,115429,A1,臺南市政府警察局,臺南市新化區北勢里高鐵橋下台南段道路與南144線北勢路口,晴,日間自然光線,市區道路,50,單路部分,直路,路段,慢車道,柏油,乾燥,無缺陷,無障礙物,良好,良好,行車管制號誌,正常,中央分向島,寛式(50公分以上),車道線(無標記),寛式快慢車道分隔島(50公分以上),有,汽(機)車本身,撞交通島,駕駛人,未注意車前狀態,死亡1;受傷0,2,NA,NA,無或物(動物、堆置物),-1,NA,NA,NA,NA,NA,NA,NA,NA,無(非車輛駕駛人因素),尚未發現肇事因素,否,120.288603,23.048458
20230518,20230518,2023,5,130200,A1,高雄市政府警察局,高雄市林園區鳳林路1段 / 高雄市林園區東林東路,晴,日間自然光線,市區道路,60,交岔路,四岔路,交叉路口,交叉路口內,柏油,乾燥,無缺陷,無障礙物,良好,良好,行車管制號誌,正常,無,無分向設施,未繪設車道線,未繪設快慢車道分隔線,無,車與車,其他,駕駛人,左轉彎未依規定,死亡1;受傷0,1,機車,普通重型,女,68,戴安全帽或繫安全帶(使用幼童安全椅),未使用,車的狀態,左轉彎,機車,右側車身,機車,右側車身,駕駛人,左轉彎未依規定,否,120.397734,22.503817
20230518,20230518,2023,5,130200,A1,高雄市政府警察局,高雄市林園區鳳林路1段 / 高雄市林園區東林東路,晴,日間自然光線,市區道路,60,交岔路,四岔路,交叉路口,交叉路口內,柏油,乾燥,無缺陷,無障礙物,良好,良好,行車管制號誌,正常,無,無分向設施,未繪設車道線,未繪設快慢車道分隔線,無,車與車,其他,駕駛人,左轉彎未依規定,死亡1;受傷0,2,小貨車(含客、貨兩用),自用,男,47,戴安全帽或繫安全帶(使用幼童安全椅),未使用,車的狀態,向前直行中,汽車,前車頭,汽車,前車頭,無(車輛駕駛人因素),尚未發現肇事因素,否,120.397734,22.503817
20230518,20230518,2023,5,203534,A1,嘉義縣警察局,嘉義縣民雄鄉寮頂村嘉81線0.3公里處,晴,夜間(或隧道、地下道、涵洞)有照明,鄉道,30,交岔路,四岔路,交叉路口,交叉路口內,柏油,乾燥,無缺陷,無障礙物,良好,良好,閃光號誌,正常,無,無分向設施,未繪設車道線,未繪設快慢車道分隔線,無,車與車,路口交岔撞,駕駛人,未依規定讓車,死亡1;受傷0,1,小客車,自用,女,23,戴安全帽或繫安全帶(使用幼童安全椅),未使用,車的狀態,向前直行中,汽車,右前車頭(身),NA,NA,駕駛人,未依規定讓車,否,120.428009,23.566603
20230518,20230518,2023,5,203534,A1,嘉義縣警察局,嘉義縣民雄鄉寮頂村嘉81線0.3公里處,晴,夜間(或隧道、地下道、涵洞)有照明,鄉道,30,交岔路,四岔路,交叉路口,交叉路口內,柏油,乾燥,無缺陷,無障礙物,良好,良好,閃光號誌,正常,無,無分向設施,未繪設車道線,未繪設快慢車道分隔線,無,車與車,路口交岔撞,駕駛人,未依規定讓車,死亡1;受傷0,2,機車,普通重型,女,26,戴安全帽或繫安全帶(使用幼童安全椅),未使用,車的狀態,向前直行中,機車,前車頭,NA,NA,駕駛人,未依規定減速,否,120.428009,23.566603
20230518,20230518,2023,5,205420,A1,國道公路警察局,苗栗縣造橋鄉國道3號 123公里500.0公尺處南側向外側,晴,夜間(或隧道、地下道、涵洞)有照明,國道,90,單路部分,直路,路段,快車道,柏油,乾燥,無缺陷,無障礙物,良好,良好,無號誌,無號誌,中央分向島,寛式(50公分以上),車道線(附標記),未繪設快慢車道分隔線,有,車與車,追撞,駕駛人,未注意車前狀態,死亡1;受傷0,1,曳引車,營業用,男,38,戴安全帽或繫安全帶(使用幼童安全椅),未使用,車的狀態,向前直行中,汽車,前車頭,NA,NA,駕駛人,未注意車前狀態,否,120.824094,24.643031
20230518,20230518,2023,5,205420,A1,國道公路警察局,苗栗縣造橋鄉國道3號 123公里500.0公尺處南側向外側,晴,夜間(或隧道、地下道、涵洞)有照明,國道,90,單路部分,直路,路段,快車道,柏油,乾燥,無缺陷,無障礙物,良好,良好,無號誌,無號誌,中央分向島,寛式(50公分以上),車道線(附標記),未繪設快慢車道分隔線,有,車與車,追撞,駕駛人,未注意車前狀態,死亡1;受傷0,2,曳引車,營業用,男,47,戴安全帽或繫安全帶(使用幼童安全椅),未使用,車的狀態,向前直行中,汽車,後車尾,NA,NA,無(車輛駕駛人因素),尚未發現肇事因素,否,120.824094,24.643031
20230518,20230518,2023,5,205420,A1,國道公路警察局,苗栗縣造橋鄉國道3號 123公里500.0公尺處南側向外側,晴,夜間(或隧道、地下道、涵洞)有照明,國道,90,單路部分,直路,路段,快車道,柏油,乾燥,無缺陷,無障礙物,良好,良好,無號誌,無號誌,中央分向島,寛式(50公分以上),車道線(附標記),未繪設快慢車道分隔線,有,車與車,追撞,駕駛人,未注意車前狀態,死亡1;受傷0,3,NA,NA,無或物(動物、堆置物),-1,NA,NA,NA,NA,NA,NA,NA,NA,無(非車輛駕駛人因素),尚未發現肇事因素,否,120.824094,24.643031
20230519,20230519,2023,5,000100,A1,臺北市政府警察局,臺北市松山區敦化北路 / 臺北市松山區民生東路4段,雨,夜間(或隧道、地下道、涵洞)有照明,市區道路,50,交岔路,四岔路,交叉路口,交叉路口內,柏油,濕潤,無缺陷,無障礙物,良好,良好,行車管制號誌(附設行人專用號誌),正常,中央分向島,寛式(50公分以上),車道線(無標記),寛式快慢車道分隔島(50公分以上),無,人與汽(機)車,穿越道路中,行人(或乘客),未依標誌、標線、號誌或手勢指揮穿越道路,死亡1;受傷0,1,人,行人,女,64,其他(無需使用保護裝備之人),未使用,人的狀態,奔跑,其他,非汽(機)車,其他,非汽(機)車,行人(或乘客),未依標誌、標線、號誌或手勢指揮穿越道路,否,121.549035,25.057589
20230519,20230519,2023,5,000100,A1,臺北市政府警察局,臺北市松山區敦化北路 / 臺北市松山區民生東路4段,雨,夜間(或隧道、地下道、涵洞)有照明,市區道路,50,交岔路,四岔路,交叉路口,交叉路口內,柏油,濕潤,無缺陷,無障礙物,良好,良好,行車管制號誌(附設行人專用號誌),正常,中央分向島,寛式(50公分以上),車道線(無標記),寛式快慢車道分隔島(50公分以上),無,人與汽(機)車,穿越道路中,行人(或乘客),未依標誌、標線、號誌或手勢指揮穿越道路,死亡1;受傷0,2,小客車,自用,男,26,戴安全帽或繫安全帶(使用幼童安全椅),未使用,車的狀態,向前直行中,汽車,前車頭,汽車,前車頭,駕駛人,搶越行人穿越道,否,121.549035,25.057589
20230519,20230519,2023,5,021142,A1,國道公路警察局,新竹縣竹北市國道1號 87公里600.0公尺處南側向外側,暴雨,夜間(或隧道、地下道、涵洞)無照明,國道,100,單路部分,直路,路段,快車道,柏油,濕潤,無缺陷,無障礙物,良好,良好,無號誌,無號誌,中央分向島,寛式(50公分以上),車道線(附標記),未繪設快慢車道分隔線,有,車與車,側撞,駕駛人,變換車道或方向不當,死亡2;受傷0,1,小客車,自用,男,30,戴安全帽或繫安全帶(使用幼童安全椅),不明,車的狀態,向右變換車道,汽車,右側車身,汽車,左前車頭(身),駕駛人,變換車道或方向不當,否,121.021903,24.833369
20230519,20230519,2023,5,021142,A1,國道公路警察局,新竹縣竹北市國道1號 87公里600.0公尺處南側向外側,暴雨,夜間(或隧道、地下道、涵洞)無照明,國道,100,單路部分,直路,路段,快車道,柏油,濕潤,無缺陷,無障礙物,良好,良好,無號誌,無號誌,中央分向島,寛式(50公分以上),車道線(附標記),未繪設快慢車道分隔線,有,車與車,側撞,駕駛人,變換車道或方向不當,死亡2;受傷0,2,大貨車,營業用,男,43,戴安全帽或繫安全帶(使用幼童安全椅),未使用,車的狀態,向前直行中,汽車,前車頭,NA,NA,無(車輛駕駛人因素),尚未發現肇事因素,否,121.021903,24.833369
20230519,20230519,2023,5,021142,A1,國道公路警察局,新竹縣竹北市國道1號 87公里600.0公尺處南側向外側,暴雨,夜間(或隧道、地下道、涵洞)無照明,國道,100,單路部分,直路,路段,快車道,柏油,濕潤,無缺陷,無障礙物,良好,良好,無號誌,無號誌,中央分向島,寛式(50公分以上),車道線(附標記),未繪設快慢車道分隔線,有,車與車,側撞,駕駛人,變換車道或方向不當,死亡2;受傷0,3,NA,NA,無或物(動物、堆置物),-1,NA,NA,NA,NA,NA,NA,NA,NA,無(非車輛駕駛人因素),尚未發現肇事因素,否,121.021903,24.833369
20230519,20230519,2023,5,021142,A1,國道公路警察局,新竹縣竹北市國道1號 87公里600.0公尺處南側向外側,暴雨,夜間(或隧道、地下道、涵洞)無照明,國道,100,單路部分,直路,路段,快車道,柏油,濕潤,無缺陷,無障礙物,良好,良好,無號誌,無號誌,中央分向島,寛式(50公分以上),車道線(附標記),未繪設快慢車道分隔線,有,車與車,側撞,駕駛人,變換車道或方向不當,死亡2;受傷0,4,人,乘客,女,32,戴安全帽或繫安全帶(使用幼童安全椅),非駕駛人,人的狀態,其他,其他,非汽(機)車,NA,NA,無(非車輛駕駛人因素),尚未發現肇事因素,否,121.021903,24.833369
20230519,20230519,2023,5,022200,A1,花蓮縣警察局,花蓮縣玉里鎮花75 5公里900.0公尺處,陰,夜間(或隧道、地下道、涵洞)無照明,鄉道,50,單路部分,彎曲路及附近,路段,一般車道(未劃分快慢車道),柏油,乾燥,無缺陷,無障礙物,良好,良好,無號誌,無號誌,無,無分向設施,未繪設車道線,未繪設快慢車道分隔線,有,汽(機)車本身,撞護欄(樁),駕駛人,未注意車前狀態,死亡1;受傷1,1,機車,普通重型,男,17,戴安全帽或繫安全帶(使用幼童安全椅),未使用,車的狀態,向前直行中,機車,前車頭,NA,NA,駕駛人,未注意車前狀態,否,121.283383,23.270131
20230519,20230519,2023,5,022200,A1,花蓮縣警察局,花蓮縣玉里鎮花75 5公里900.0公尺處,陰,夜間(或隧道、地下道、涵洞)無照明,鄉道,50,單路部分,彎曲路及附近,路段,一般車道(未劃分快慢車道),柏油,乾燥,無缺陷,無障礙物,良好,良好,無號誌,無號誌,無,無分向設施,未繪設車道線,未繪設快慢車道分隔線,有,汽(機)車本身,撞護欄(樁),駕駛人,未注意車前狀態,死亡1;受傷1,2,NA,NA,無或物(動物、堆置物),-1,NA,NA,NA,NA,NA,NA,NA,NA,無(非車輛駕駛人因素),尚未發現肇事因素,否,121.283383,23.270131
20230519,20230519,2023,5,022200,A1,花蓮縣警察局,花蓮縣玉里鎮花75 5公里900.0公尺處,陰,夜間(或隧道、地下道、涵洞)無照明,鄉道,50,單路部分,彎曲路及附近,路段,一般車道(未劃分快慢車道),柏油,乾燥,無缺陷,無障礙物,良好,良好,無號誌,無號誌,無,無分向設施,未繪設車道線,未繪設快慢車道分隔線,有,汽(機)車本身,撞護欄(樁),駕駛人,未注意車前狀態,死亡1;受傷1,3,人,乘客,男,15,戴安全帽或繫安全帶(使用幼童安全椅),未使用,人的狀態,其他,其他,非汽(機)車,NA,NA,無(非車輛駕駛人因素),尚未發現肇事因素,否,121.283383,23.270131
20230519,20230519,2023,5,022200,A1,花蓮縣警察局,花蓮縣玉里鎮花75 5公里900.0公尺處,陰,夜間(或隧道、地下道、涵洞)無照明,鄉道,50,單路部分,彎曲路及附近,路段,一般車道(未劃分快慢車道),柏油,乾燥,無缺陷,無障礙物,良好,良好,無號誌,無號誌,無,無分向設施,未繪設車道線,未繪設快慢車道分隔線,有,汽(機)車本身,撞護欄(樁),駕駛人,未注意車前狀態,死亡1;受傷1,4,NA,NA,無或物(動物、堆置物),-1,NA,NA,NA,NA,NA,NA,NA,NA,無(非車輛駕駛人因素),尚未發現肇事因素,否,121.283383,23.270131
20230519,20230519,2023,5,035028,A1,國道公路警察局,新竹縣芎林鄉國道3號 87公里200.0公尺處南側向中線,雨,夜間(或隧道、地下道、涵洞)無照明,國道,110,單路部分,直路,路段,快車道,柏油,濕潤,無缺陷,無障礙物,良好,良好,無號誌,無號誌,中央分向島,寛式(50公分以上),車道線(附標記),未繪設快慢車道分隔線,有,汽(機)車本身,撞護欄(樁),駕駛人,變換車道或方向不當,死亡1;受傷0,1,小客車,計程車,男,35,不明,不明,車的狀態,向右變換車道,汽車,前車頭,汽車,左側車身,駕駛人,變換車道或方向不當,否,121.103195,24.779132