accident_date,發生日期,發生年度,發生月份,發生時間,事故類別名稱,處理單位名稱警局層,發生地點,天候名稱,光線名稱,道路類別-第1當事者-名稱,速限-第1當事者,道路型態大類別名稱,道路型態子類別名稱,事故位置大類別名稱,事故位置子類別名稱,路面狀況-路面鋪裝名稱,路面狀況-路面狀態名稱,路面狀況-路面缺陷名稱,道路障礙-障礙物名稱,道路障礙-視距品質名稱,道路障礙-視距名稱,號誌-號誌種類名稱,號誌-號誌動作名稱,車道劃分設施-分向設施大類別名稱,車道劃分設施-分向設施子類別名稱,車道劃分設施-分道設施-快車道或一般車道間名稱,車道劃分設施-分道設施-快慢車道間名稱,車道劃分設施-分道設施-路面邊線名稱,事故類型及型態大類別名稱,事故類型及型態子類別名稱,肇因研判大類別名稱-主要,肇因研判子類別名稱-主要,死亡受傷人數,當事者順位,當事者區分-類別-大類別名稱-車種,當事者區分-類別-子類別名稱-車種,當事者屬-性-別名稱,當事者事故發生時年齡,保護裝備名稱,行動電話或電腦或其他相類功能裝置名稱,當事者行動狀態大類別名稱,當事者行動狀態子類別名稱,車輛撞擊部位大類別名稱-最初,車輛撞擊部位子類別名稱-最初,車輛撞擊部位大類別名稱-其他,車輛撞擊部位子類別名稱-其他,肇因研判大類別名稱-個別,肇因研判子類別名稱-個別,肇事逃逸類別名稱-是否肇逃,經度,緯度
20230526,20230526,2023,5,170000,A1,新竹市警察局,新竹市東區公道五路三段506號前,晴,日間自然光線,市區道路,50,單路部分,直路,路段,一般車道(未劃分快慢車道),柏油,乾燥,無缺陷,無障礙物,良好,良好,無號誌,無號誌,中央分向島,窄式附柵欄,車道線(無標記),未繪設快慢車道分隔線,無,車與車,追撞,駕駛人,變換車道或方向不當,死亡1;受傷3,6,人,乘客,女,18,戴安全帽或繫安全帶(使用幼童安全椅),未使用,人的狀態,其他,其他,非汽(機)車,NA,NA,無(非車輛駕駛人因素),尚未發現肇事因素,否,120.98428,24.816964
20230526,20230526,2023,5,200555,A1,國道公路警察局,桃園市大園區國道2號 4公里西側向內側,晴,夜間(或隧道、地下道、涵洞)有照明,國道,100,單路部分,直路,路段,快車道,柏油,乾燥,無缺陷,無障礙物,良好,良好,無號誌,無號誌,中央分向島,寛式(50公分以上),車道線(附標記),未繪設快慢車道分隔線,有,車與車,追撞,其他,違規停車或暫停不當而肇事,死亡1;受傷1,1,小客車,自用,女,58,不明,不明,車的狀態,等待(引擎未熄火),汽車,後車尾,NA,NA,其他,違規停車或暫停不當而肇事,否,121.240079,25.034253
20230526,20230526,2023,5,200555,A1,國道公路警察局,桃園市大園區國道2號 4公里西側向內側,晴,夜間(或隧道、地下道、涵洞)有照明,國道,100,單路部分,直路,路段,快車道,柏油,乾燥,無缺陷,無障礙物,良好,良好,無號誌,無號誌,中央分向島,寛式(50公分以上),車道線(附標記),未繪設快慢車道分隔線,有,車與車,追撞,其他,違規停車或暫停不當而肇事,死亡1;受傷1,2,小客車,租賃車,男,45,戴安全帽或繫安全帶(使用幼童安全椅),未使用,車的狀態,向前直行中,汽車,前車頭,NA,NA,駕駛人,未注意車前狀態,否,121.240079,25.034253
20230526,20230526,2023,5,200555,A1,國道公路警察局,桃園市大園區國道2號 4公里西側向內側,晴,夜間(或隧道、地下道、涵洞)有照明,國道,100,單路部分,直路,路段,快車道,柏油,乾燥,無缺陷,無障礙物,良好,良好,無號誌,無號誌,中央分向島,寛式(50公分以上),車道線(附標記),未繪設快慢車道分隔線,有,車與車,追撞,其他,違規停車或暫停不當而肇事,死亡1;受傷1,3,NA,NA,無或物(動物、堆置物),-1,NA,NA,NA,NA,NA,NA,NA,NA,無(非車輛駕駛人因素),尚未發現肇事因素,否,121.240079,25.034253
20230526,20230526,2023,5,200555,A1,國道公路警察局,桃園市大園區國道2號 4公里西側向內側,晴,夜間(或隧道、地下道、涵洞)有照明,國道,100,單路部分,直路,路段,快車道,柏油,乾燥,無缺陷,無障礙物,良好,良好,無號誌,無號誌,中央分向島,寛式(50公分以上),車道線(附標記),未繪設快慢車道分隔線,有,車與車,追撞,其他,違規停車或暫停不當而肇事,死亡1;受傷1,4,小客車,租賃車,男,32,戴安全帽或繫安全帶(使用幼童安全椅),未使用,車的狀態,向前直行中,汽車,前車頭,NA,NA,無(車輛駕駛人因素),尚未發現肇事因素,否,121.240079,25.034253
20230527,20230527,2023,5,073610,A1,苗栗縣警察局,苗栗縣頭屋鄉尖豐路45號,晴,日間自然光線,村里道路,50,單路部分,直路,路段,一般車道(未劃分快慢車道),水泥,乾燥,無缺陷,無障礙物,良好,良好,無號誌,無號誌,雙向禁止超車線,無標記,車道線(無標記),未繪設快慢車道分隔線,有,人與汽(機)車,同向通行中,駕駛人,未注意車前狀態,死亡1;受傷2,1,機車,普通重型,男,33,戴安全帽或繫安全帶(使用幼童安全椅),未使用,車的狀態,向前直行中,機車,前車頭,NA,NA,駕駛人,未注意車前狀態,否,120.853364,24.575793
20230527,20230527,2023,5,073610,A1,苗栗縣警察局,苗栗縣頭屋鄉尖豐路45號,晴,日間自然光線,村里道路,50,單路部分,直路,路段,一般車道(未劃分快慢車道),水泥,乾燥,無缺陷,無障礙物,良好,良好,無號誌,無號誌,雙向禁止超車線,無標記,車道線(無標記),未繪設快慢車道分隔線,有,人與汽(機)車,同向通行中,駕駛人,未注意車前狀態,死亡1;受傷2,2,人,行人,女,75,其他(無需使用保護裝備之人),未使用,人的狀態,其他,其他,非汽(機)車,機車,後車尾,行人(或乘客),其他引起事故之疏失或行為,否,120.853364,24.575793
20230527,20230527,2023,5,073610,A1,苗栗縣警察局,苗栗縣頭屋鄉尖豐路45號,晴,日間自然光線,村里道路,50,單路部分,直路,路段,一般車道(未劃分快慢車道),水泥,乾燥,無缺陷,無障礙物,良好,良好,無號誌,無號誌,雙向禁止超車線,無標記,車道線(無標記),未繪設快慢車道分隔線,有,人與汽(機)車,同向通行中,駕駛人,未注意車前狀態,死亡1;受傷2,3,人,其他人,男,81,其他(無需使用保護裝備之人),未使用,人的狀態,其他,其他,非汽(機)車,NA,NA,無(非車輛駕駛人因素),尚未發現肇事因素,否,120.853364,24.575793
20230527,20230527,2023,5,194007,A1,臺南市政府警察局,臺南市白河區昇安里埤子頭23-3號前,晴,夜間(或隧道、地下道、涵洞)有照明,市區道路,30,單路部分,彎曲路及附近,路段,一般車道(未劃分快慢車道),柏油,乾燥,無缺陷,無障礙物,良好,良好,無號誌,無號誌,無,無分向設施,未繪設車道線,未繪設快慢車道分隔線,有,汽(機)車本身,衝出路外,駕駛人,未注意車前狀態,死亡1;受傷0,1,機車,普通重型,男,75,未戴案全帽或未繫安全帶(未使用幼童安全椅),不明,車的狀態,向前直行中,其他,不明,NA,NA,駕駛人,未注意車前狀態,否,120.439407,23.367873
20230527,20230527,2023,5,194007,A1,臺南市政府警察局,臺南市白河區昇安里埤子頭23-3號前,晴,夜間(或隧道、地下道、涵洞)有照明,市區道路,30,單路部分,彎曲路及附近,路段,一般車道(未劃分快慢車道),柏油,乾燥,無缺陷,無障礙物,良好,良好,無號誌,無號誌,無,無分向設施,未繪設車道線,未繪設快慢車道分隔線,有,汽(機)車本身,衝出路外,駕駛人,未注意車前狀態,死亡1;受傷0,2,NA,NA,無或物(動物、堆置物),-1,NA,NA,NA,NA,NA,NA,NA,NA,無(非車輛駕駛人因素),尚未發現肇事因素,否,120.439407,23.367873
20230528,20230528,2023,5,040000,A1,屏東縣政府警察局,屏東縣恆春鎮公園路段(東往西),晴,晨或暮光,其他,50,單路部分,直路,路段,一般車道(未劃分快慢車道),柏油,乾燥,無缺陷,無障礙物,良好,良好,無號誌,無號誌,行車分向線,附標記,未繪設車道線,未繪設快慢車道分隔線,有,汽(機)車本身,撞動物,駕駛人,酒醉(後)駕駛失控,死亡1;受傷0,1,機車,普通重型,男,19,不明,不明,車的狀態,向前直行中,機車,前車頭,NA,NA,駕駛人,酒醉(後)駕駛失控,否,120.805434,21.949064
20230528,20230528,2023,5,040000,A1,屏東縣政府警察局,屏東縣恆春鎮公園路段(東往西),晴,晨或暮光,其他,50,單路部分,直路,路段,一般車道(未劃分快慢車道),柏油,乾燥,無缺陷,無障礙物,良好,良好,無號誌,無號誌,行車分向線,附標記,未繪設車道線,未繪設快慢車道分隔線,有,汽(機)車本身,撞動物,駕駛人,酒醉(後)駕駛失控,死亡1;受傷0,2,NA,NA,無或物(動物、堆置物),-1,NA,NA,NA,NA,NA,NA,NA,NA,無(非車輛駕駛人因素),動物竄出,否,120.805434,21.949064
20230528,20230528,2023,5,084819,A1,嘉義縣警察局,嘉義縣朴子市永和里台82線平面車道7.8公里處,晴,日間自然光線,省道,70,單路部分,直路,路段,快車道,柏油,乾燥,無缺陷,無障礙物,良好,良好,行車管制號誌,正常,中央分向島,寛式(50公分以上),車道線(無標記),快慢車道分隔線,有,車與車,追撞,駕駛人,未注意車前狀態,死亡1;受傷5,1,小客車,自用,男,74,不明,未使用,車的狀態,向前直行中,汽車,前車頭,NA,NA,駕駛人,未注意車前狀態,否,120.221459,23.453695
20230528,20230528,2023,5,084819,A1,嘉義縣警察局,嘉義縣朴子市永和里台82線平面車道7.8公里處,晴,日間自然光線,省道,70,單路部分,直路,路段,快車道,柏油,乾燥,無缺陷,無障礙物,良好,良好,行車管制號誌,正常,中央分向島,寛式(50公分以上),車道線(無標記),快慢車道分隔線,有,車與車,追撞,駕駛人,未注意車前狀態,死亡1;受傷5,2,小客車,自用,男,71,戴安全帽或繫安全帶(使用幼童安全椅),未使用,車的狀態,等待(引擎未熄火),汽車,後車尾,NA,NA,無(車輛駕駛人因素),尚未發現肇事因素,否,120.221459,23.453695
20230528,20230528,2023,5,084819,A1,嘉義縣警察局,嘉義縣朴子市永和里台82線平面車道7.8公里處,晴,日間自然光線,省道,70,單路部分,直路,路段,快車道,柏油,乾燥,無缺陷,無障礙物,良好,良好,行車管制號誌,正常,中央分向島,寛式(50公分以上),車道線(無標記),快慢車道分隔線,有,車與車,追撞,駕駛人,未注意車前狀態,死亡1;受傷5,3,NA,NA,無或物(動物、堆置物),-1,NA,NA,NA,NA,NA,NA,NA,NA,無(非車輛駕駛人因素),尚未發現肇事因素,否,120.221459,23.453695
20230528,20230528,2023,5,084819,A1,嘉義縣警察局,嘉義縣朴子市永和里台82線平面車道7.8公里處,晴,日間自然光線,省道,70,單路部分,直路,路段,快車道,柏油,乾燥,無缺陷,無障礙物,良好,良好,行車管制號誌,正常,中央分向島,寛式(50公分以上),車道線(無標記),快慢車道分隔線,有,車與車,追撞,駕駛人,未注意車前狀態,死亡1;受傷5,4,人,乘客,男,82,不明,非駕駛人,人的狀態,其他,其他,非汽(機)車,NA,NA,無(非車輛駕駛人因素),尚未發現肇事因素,否,120.221459,23.453695
20230528,20230528,2023,5,084819,A1,嘉義縣警察局,嘉義縣朴子市永和里台82線平面車道7.8公里處,晴,日間自然光線,省道,70,單路部分,直路,路段,快車道,柏油,乾燥,無缺陷,無障礙物,良好,良好,行車管制號誌,正常,中央分向島,寛式(50公分以上),車道線(無標記),快慢車道分隔線,有,車與車,追撞,駕駛人,未注意車前狀態,死亡1;受傷5,5,人,乘客,男,83,不明,未使用,人的狀態,其他,其他,非汽(機)車,NA,NA,無(非車輛駕駛人因素),尚未發現肇事因素,否,120.221459,23.453695
20230528,20230528,2023,5,084819,A1,嘉義縣警察局,嘉義縣朴子市永和里台82線平面車道7.8公里處,晴,日間自然光線,省道,70,單路部分,直路,路段,快車道,柏油,乾燥,無缺陷,無障礙物,良好,良好,行車管制號誌,正常,中央分向島,寛式(50公分以上),車道線(無標記),快慢車道分隔線,有,車與車,追撞,駕駛人,未注意車前狀態,死亡1;受傷5,6,人,乘客,男,61,未戴案全帽或未繫安全帶(未使用幼童安全椅),未使用,人的狀態,其他,其他,非汽(機)車,NA,NA,無(非車輛駕駛人因素),尚未發現肇事因素,否,120.221459,23.453695
20230528,20230528,2023,5,084819,A1,嘉義縣警察局,嘉義縣朴子市永和里台82線平面車道7.8公里處,晴,日間自然光線,省道,70,單路部分,直路,路段,快車道,柏油,乾燥,無缺陷,無障礙物,良好,良好,行車管制號誌,正常,中央分向島,寛式(50公分以上),車道線(無標記),快慢車道分隔線,有,車與車,追撞,駕駛人,未注意車前狀態,死亡1;受傷5,7,人,乘客,男,40,不明,未使用,人的狀態,其他,其他,非汽(機)車,NA,NA,無(非車輛駕駛人因素),尚未發現肇事因素,否,120.221459,23.453695
20230528,20230528,2023,5,113000,A1,桃園市政府警察局,桃園市大溪區介壽路口 / 桃園市大溪區忠泰街口,晴,日間自然光線,市區道路,50,交岔路,三岔路,交叉路口,交叉路口內,柏油,乾燥,無缺陷,無障礙物,良好,良好,閃光號誌,正常,無,無分向設施,未繪設車道線,未繪設快慢車道分隔線,無,車與車,側撞,駕駛人,未依規定讓車,死亡1;受傷1,1,小客車,自用,男,47,戴安全帽或繫安全帶(使用幼童安全椅),未使用,車的狀態,左轉彎,汽車,右後車尾(身),汽車,右後車尾(身),駕駛人,未依規定讓車,否,121.284101,24.9026
20230528,20230528,2023,5,113000,A1,桃園市政府警察局,桃園市大溪區介壽路口 / 桃園市大溪區忠泰街口,晴,日間自然光線,市區道路,50,交岔路,三岔路,交叉路口,交叉路口內,柏油,乾燥,無缺陷,無障礙物,良好,良好,閃光號誌,正常,無,無分向設施,未繪設車道線,未繪設快慢車道分隔線,無,車與車,側撞,駕駛人,未依規定讓車,死亡1;受傷1,2,機車,大型重型1(550C.C.以上),男,43,戴安全帽或繫安全帶(使用幼童安全椅),未使用,車的狀態,向前直行中,機車,前車頭,機車,前車頭,駕駛人,超速失控,否,121.284101,24.9026
20230528,20230528,2023,5,113000,A1,桃園市政府警察局,桃園市大溪區介壽路口 / 桃園市大溪區忠泰街口,晴,日間自然光線,市區道路,50,交岔路,三岔路,交叉路口,交叉路口內,柏油,乾燥,無缺陷,無障礙物,良好,良好,閃光號誌,正常,無,無分向設施,未繪設車道線,未繪設快慢車道分隔線,無,車與車,側撞,駕駛人,未依規定讓車,死亡1;受傷1,3,機車,普通重型,男,67,戴安全帽或繫安全帶(使用幼童安全椅),未使用,車的狀態,左轉彎,機車,右側車身,機車,右側車身,駕駛人,未依規定讓車,否,121.284101,24.9026
20230528,20230528,2023,5,162800,A1,花蓮縣警察局,花蓮縣花蓮市石壁街口 / 花蓮縣花蓮市石壁街口,晴,日間自然光線,市區道路,30,交岔路,三岔路,交叉路口,交叉路口內,柏油,乾燥,無缺陷,無障礙物,良好,良好,無號誌,無號誌,無,無分向設施,未繪設車道線,未繪設快慢車道分隔線,無,車與車,其他,駕駛人,未依規定讓車,死亡1;受傷0,1,小貨車(含客、貨兩用),自用,男,78,戴安全帽或繫安全帶(使用幼童安全椅),未使用,車的狀態,左轉彎,汽車,左前車頭(身),NA,NA,駕駛人,未依規定讓車,否,121.560547,24.002412
20230528,20230528,2023,5,162800,A1,花蓮縣警察局,花蓮縣花蓮市石壁街口 / 花蓮縣花蓮市石壁街口,晴,日間自然光線,市區道路,30,交岔路,三岔路,交叉路口,交叉路口內,柏油,乾燥,無缺陷,無障礙物,良好,良好,無號誌,無號誌,無,無分向設施,未繪設車道線,未繪設快慢車道分隔線,無,車與車,其他,駕駛人,未依規定讓車,死亡1;受傷0,2,機車,普通重型,男,52,戴安全帽或繫安全帶(使用幼童安全椅),未使用,車的狀態,向前直行中,機車,前車頭,機車,右側車身,駕駛人,未注意車前狀態,否,121.560547,24.002412
20230528,20230528,2023,5,194300,A1,新北市政府警察局,新北市林口區新北市林口區臺61線道路北上8.2K處,晴,夜間(或隧道、地下道、涵洞)無照明,省道,80,單路部分,直路,路段,快車道,柏油,乾燥,無缺陷,無障礙物,良好,良好,無號誌,無號誌,中央分向島,窄式無柵欄,車道線(無標記),未繪設快慢車道分隔線,有,人與汽(機)車,穿越道路中,行人(或乘客),未依標誌、標線、號誌或手勢指揮穿越道路,死亡1;受傷0,1,人,行人,男,47,其他(無需使用保護裝備之人),非駕駛人,人的狀態,步行,其他,非汽(機)車,其他,非汽(機)車,行人(或乘客),未依標誌、標線、號誌或手勢指揮穿越道路,否,121.343132,25.101927
20230528,20230528,2023,5,194300,A1,新北市政府警察局,新北市林口區新北市林口區臺61線道路北上8.2K處,晴,夜間(或隧道、地下道、涵洞)無照明,省道,80,單路部分,直路,路段,快車道,柏油,乾燥,無缺陷,無障礙物,良好,良好,無號誌,無號誌,中央分向島,窄式無柵欄,車道線(無標記),未繪設快慢車道分隔線,有,人與汽(機)車,穿越道路中,行人(或乘客),未依標誌、標線、號誌或手勢指揮穿越道路,死亡1;受傷0,2,曳引車,營業用,男,64,戴安全帽或繫安全帶(使用幼童安全椅),未使用,車的狀態,向前直行中,汽車,右前車頭(身),汽車,右前車頭(身),無(車輛駕駛人因素),尚未發現肇事因素,否,121.343132,25.101927
20230528,20230528,2023,5,201200,A1,新北市政府警察局,新北市萬里區新北市萬里區台2線與玉田路48.7公里往基隆,晴,夜間(或隧道、地下道、涵洞)有照明,省道,60,交岔路,三岔路,交叉路口,交叉路口內,柏油,乾燥,無缺陷,無障礙物,不良,其他,閃光號誌,正常,中央分向島,寛式(50公分以上),車道線(無標記),快慢車道分隔線,有,車與車,側撞,駕駛人,未依規定讓車,死亡1;受傷2,1,機車,普通重型,男,23,戴安全帽或繫安全帶(使用幼童安全椅),未使用,車的狀態,左轉彎,機車,右側車身,機車,右側車身,駕駛人,未依規定讓車,否,121.683154,25.190501
20230528,20230528,2023,5,201200,A1,新北市政府警察局,新北市萬里區新北市萬里區台2線與玉田路48.7公里往基隆,晴,夜間(或隧道、地下道、涵洞)有照明,省道,60,交岔路,三岔路,交叉路口,交叉路口內,柏油,乾燥,無缺陷,無障礙物,不良,其他,閃光號誌,正常,中央分向島,寛式(50公分以上),車道線(無標記),快慢車道分隔線,有,車與車,側撞,駕駛人,未依規定讓車,死亡1;受傷2,2,機車,普通重型,女,27,戴安全帽或繫安全帶(使用幼童安全椅),未使用,車的狀態,向前直行中,機車,前車頭,機車,前車頭,駕駛人,未依規定減速,否,121.683154,25.190501
20230528,20230528,2023,5,201200,A1,新北市政府警察局,新北市萬里區新北市萬里區台2線與玉田路48.7公里往基隆,晴,夜間(或隧道、地下道、涵洞)有照明,省道,60,交岔路,三岔路,交叉路口,交叉路口內,柏油,乾燥,無缺陷,無障礙物,不良,其他,閃光號誌,正常,中央分向島,寛式(50公分以上),車道線(無標記),快慢車道分隔線,有,車與車,側撞,駕駛人,未依規定讓車,死亡1;受傷2,3,人,乘客,男,30,戴安全帽或繫安全帶(使用幼童安全椅),未使用,人的狀態,其他,其他,非汽(機)車,其他,非汽(機)車,無(非車輛駕駛人因素),尚未發現肇事因素,否,121.683154,25.190501
20230529,20230529,2023,5,082112,A1,臺南市政府警察局,臺南市將軍區南25 2公里800.0公尺處南側,晴,日間自然光線,市區道路,60,單路部分,直路,路段,交通島(含槽化線),柏油,乾燥,無缺陷,無障礙物,良好,良好,無號誌,無號誌,雙向禁止超車線,無標記,未繪設車道線,快慢車道分隔線,有,汽(機)車本身,撞路樹、電桿,駕駛人,未注意車前狀態,死亡1;受傷0,1,機車,普通重型,男,83,戴安全帽或繫安全帶(使用幼童安全椅),未使用,車的狀態,向前直行中,機車,前車頭,NA,NA,駕駛人,未注意車前狀態,否,120.089906,23.202157
20230529,20230529,2023,5,082112,A1,臺南市政府警察局,臺南市將軍區南25 2公里800.0公尺處南側,晴,日間自然光線,市區道路,60,單路部分,直路,路段,交通島(含槽化線),柏油,乾燥,無缺陷,無障礙物,良好,良好,無號誌,無號誌,雙向禁止超車線,無標記,未繪設車道線,快慢車道分隔線,有,汽(機)車本身,撞路樹、電桿,駕駛人,未注意車前狀態,死亡1;受傷0,2,NA,NA,無或物(動物、堆置物),-1,NA,NA,NA,NA,NA,NA,NA,NA,無(非車輛駕駛人因素),尚未發現肇事因素,否,120.089906,23.202157
20230529,20230529,2023,5,131100,A1,桃園市政府警察局,桃園市龜山區振興路口 / 桃園市龜山區西勢湖路口,晴,日間自然光線,村里道路,50,交岔路,三岔路,交叉路口,交叉路口內,柏油,乾燥,無缺陷,無障礙物,良好,良好,行車管制號誌,正常,無,無分向設施,未繪設車道線,未繪設快慢車道分隔線,無,車與車,側撞,駕駛人,違反特定標誌(線)禁制,死亡1;受傷1,1,小客車,租賃車,女,29,戴安全帽或繫安全帶(使用幼童安全椅),未使用,車的狀態,向前直行中,汽車,右前車頭(身),NA,NA,駕駛人,違反特定標誌(線)禁制,否,121.368293,25.024911
20230529,20230529,2023,5,131100,A1,桃園市政府警察局,桃園市龜山區振興路口 / 桃園市龜山區西勢湖路口,晴,日間自然光線,村里道路,50,交岔路,三岔路,交叉路口,交叉路口內,柏油,乾燥,無缺陷,無障礙物,良好,良好,行車管制號誌,正常,無,無分向設施,未繪設車道線,未繪設快慢車道分隔線,無,車與車,側撞,駕駛人,違反特定標誌(線)禁制,死亡1;受傷1,2,機車,普通重型,男,61,戴安全帽或繫安全帶(使用幼童安全椅),未使用,車的狀態,左轉彎,機車,後車尾,NA,NA,無(車輛駕駛人因素),尚未發現肇事因素,否,121.368293,25.024911
20230529,20230529,2023,5,131100,A1,桃園市政府警察局,桃園市龜山區振興路口 / 桃園市龜山區西勢湖路口,晴,日間自然光線,村里道路,50,交岔路,三岔路,交叉路口,交叉路口內,柏油,乾燥,無缺陷,無障礙物,良好,良好,行車管制號誌,正常,無,無分向設施,未繪設車道線,未繪設快慢車道分隔線,無,車與車,側撞,駕駛人,違反特定標誌(線)禁制,死亡1;受傷1,3,人,乘客,女,59,戴安全帽或繫安全帶(使用幼童安全椅),非駕駛人,人的狀態,其他,其他,非汽(機)車,NA,NA,無(非車輛駕駛人因素),尚未發現肇事因素,否,121.368293,25.024911
20230529,20230529,2023,5,153100,A1,高雄市政府警察局,高雄市林園區溪州一路400號前0.0公尺,晴,日間自然光線,市區道路,50,單路部分,直路,路段,快車道,柏油,乾燥,無缺陷,無障礙物,良好,良好,無號誌,無號誌,行車分向線,附標記,未繪設車道線,未繪設快慢車道分隔線,有,車與車,其他,駕駛人,未注意車前狀態,死亡1;受傷0,1,小客車,自用,女,61,戴安全帽或繫安全帶(使用幼童安全椅),未使用,車的狀態,向前直行中,汽車,前車頭,汽車,前車頭,駕駛人,未注意車前狀態,否,120.371288,22.490306
20230529,20230529,2023,5,153100,A1,高雄市政府警察局,高雄市林園區溪州一路400號前0.0公尺,晴,日間自然光線,市區道路,50,單路部分,直路,路段,快車道,柏油,乾燥,無缺陷,無障礙物,良好,良好,無號誌,無號誌,行車分向線,附標記,未繪設車道線,未繪設快慢車道分隔線,有,車與車,其他,駕駛人,未注意車前狀態,死亡1;受傷0,2,機車,普通重型,男,48,戴安全帽或繫安全帶(使用幼童安全椅),未使用,車的狀態,向前直行中,機車,後車尾,機車,後車尾,無(車輛駕駛人因素),尚未發現肇事因素,否,120.371288,22.490306
20230529,20230529,2023,5,162300,A1,桃園市政府警察局,桃園市大園區保安路370號前0.0公尺,晴,日間自然光線,市區道路,50,單路部分,直路,路段,一般車道(未劃分快慢車道),柏油,乾燥,無缺陷,無障礙物,良好,良好,無號誌,無號誌,行車分向線,無標記,車道線(無標記),未繪設快慢車道分隔線,有,人與汽(機)車,穿越道路中,駕駛人,未注意車前狀態,死亡1;受傷0,1,小貨車(含客、貨兩用),自用,男,25,戴安全帽或繫安全帶(使用幼童安全椅),未使用,車的狀態,向前直行中,汽車,前車頭,NA,NA,駕駛人,未注意車前狀態,否,121.214453,25.098827
20230529,20230529,2023,5,162300,A1,桃園市政府警察局,桃園市大園區保安路370號前0.0公尺,晴,日間自然光線,市區道路,50,單路部分,直路,路段,一般車道(未劃分快慢車道),柏油,乾燥,無缺陷,無障礙物,良好,良好,無號誌,無號誌,行車分向線,無標記,車道線(無標記),未繪設快慢車道分隔線,有,人與汽(機)車,穿越道路中,駕駛人,未注意車前狀態,死亡1;受傷0,2,人,行人,男,89,其他(無需使用保護裝備之人),非駕駛人,人的狀態,步行,其他,非汽(機)車,NA,NA,行人(或乘客),穿越道路未注意左右來車,否,121.214453,25.098827
20230529,20230529,2023,5,213200,A1,彰化縣警察局,彰化縣二林鎮萬合里太平路 / 彰化縣二林鎮萬合里修心路,晴,夜間(或隧道、地下道、涵洞)有照明,村里道路,60,交岔路,四岔路,交叉路口,交叉路口內,柏油,乾燥,無缺陷,無障礙物,良好,良好,行車管制號誌,正常,無,無分向設施,未繪設車道線,未繪設快慢車道分隔線,無,汽(機)車本身,撞號誌、標誌桿,駕駛人,超速失控,死亡1;受傷0,1,小貨車(含客、貨兩用),自用,男,34,不明,不明,車的狀態,向前直行中,汽車,前車頭,NA,NA,駕駛人,超速失控,否,120.411578,23.918566
20230529,20230529,2023,5,213200,A1,彰化縣警察局,彰化縣二林鎮萬合里太平路 / 彰化縣二林鎮萬合里修心路,晴,夜間(或隧道、地下道、涵洞)有照明,村里道路,60,交岔路,四岔路,交叉路口,交叉路口內,柏油,乾燥,無缺陷,無障礙物,良好,良好,行車管制號誌,正常,無,無分向設施,未繪設車道線,未繪設快慢車道分隔線,無,汽(機)車本身,撞號誌、標誌桿,駕駛人,超速失控,死亡1;受傷0,2,NA,NA,無或物(動物、堆置物),0,NA,NA,NA,NA,NA,NA,NA,NA,無(非車輛駕駛人因素),尚未發現肇事因素,否,120.411578,23.918566
20230530,20230530,2023,5,132500,A1,彰化縣警察局,彰化縣永靖鄉新莊村大排路 / 彰化縣永靖鄉新莊村浮圳路,晴,日間自然光線,村里道路,30,交岔路,四岔路,交叉路口,交叉路口內,柏油,乾燥,無缺陷,無障礙物,良好,良好,閃光號誌,正常,無,無分向設施,未繪設車道線,未繪設快慢車道分隔線,無,車與車,路口交岔撞,駕駛人,未注意車前狀態,死亡1;受傷0,1,小客車,自用,男,25,戴安全帽或繫安全帶(使用幼童安全椅),未使用,車的狀態,向前直行中,汽車,左前車頭(身),NA,NA,駕駛人,未注意車前狀態,否,120.560529,23.90784
20230530,20230530,2023,5,132500,A1,彰化縣警察局,彰化縣永靖鄉新莊村大排路 / 彰化縣永靖鄉新莊村浮圳路,晴,日間自然光線,村里道路,30,交岔路,四岔路,交叉路口,交叉路口內,柏油,乾燥,無缺陷,無障礙物,良好,良好,閃光號誌,正常,無,無分向設施,未繪設車道線,未繪設快慢車道分隔線,無,車與車,路口交岔撞,駕駛人,未注意車前狀態,死亡1;受傷0,2,機車,普通重型,女,38,戴安全帽或繫安全帶(使用幼童安全椅),未使用,車的狀態,向前直行中,機車,右側車身,NA,NA,駕駛人,未注意車前狀態,否,120.560529,23.90784
20230530,20230530,2023,5,133456,A1,屏東縣政府警察局,屏東縣萬丹鄉香社村萬順路二段與新社路附近,晴,日間自然光線,縣道,50,單路部分,直路,路段,慢車道,柏油,乾燥,無缺陷,無障礙物,良好,良好,無號誌,無號誌,中央分向島,窄式附柵欄,未繪設車道線,未繪設快慢車道分隔線,有,汽(機)車本身,路上翻車、摔倒,駕駛人,未注意車前狀態,死亡1;受傷0,1,機車,普通重型,男,40,戴安全帽或繫安全帶(使用幼童安全椅),未使用,車的狀態,向前直行中,機車,前車頭,NA,NA,駕駛人,未注意車前狀態,否,120.473651,22.573532