accident_date,發生日期,發生年度,發生月份,發生時間,事故類別名稱,處理單位名稱警局層,發生地點,天候名稱,光線名稱,道路類別-第1當事者-名稱,速限-第1當事者,道路型態大類別名稱,道路型態子類別名稱,事故位置大類別名稱,事故位置子類別名稱,路面狀況-路面鋪裝名稱,路面狀況-路面狀態名稱,路面狀況-路面缺陷名稱,道路障礙-障礙物名稱,道路障礙-視距品質名稱,道路障礙-視距名稱,號誌-號誌種類名稱,號誌-號誌動作名稱,車道劃分設施-分向設施大類別名稱,車道劃分設施-分向設施子類別名稱,車道劃分設施-分道設施-快車道或一般車道間名稱,車道劃分設施-分道設施-快慢車道間名稱,車道劃分設施-分道設施-路面邊線名稱,事故類型及型態大類別名稱,事故類型及型態子類別名稱,肇因研判大類別名稱-主要,肇因研判子類別名稱-主要,死亡受傷人數,當事者順位,當事者區分-類別-大類別名稱-車種,當事者區分-類別-子類別名稱-車種,當事者屬-性-別名稱,當事者事故發生時年齡,保護裝備名稱,行動電話或電腦或其他相類功能裝置名稱,當事者行動狀態大類別名稱,當事者行動狀態子類別名稱,車輛撞擊部位大類別名稱-最初,車輛撞擊部位子類別名稱-最初,車輛撞擊部位大類別名稱-其他,車輛撞擊部位子類別名稱-其他,肇因研判大類別名稱-個別,肇因研判子類別名稱-個別,肇事逃逸類別名稱-是否肇逃,經度,緯度
20230530,20230530,2023,5,133456,A1,屏東縣政府警察局,屏東縣萬丹鄉香社村萬順路二段與新社路附近,晴,日間自然光線,縣道,50,單路部分,直路,路段,慢車道,柏油,乾燥,無缺陷,無障礙物,良好,良好,無號誌,無號誌,中央分向島,窄式附柵欄,未繪設車道線,未繪設快慢車道分隔線,有,汽(機)車本身,路上翻車、摔倒,駕駛人,未注意車前狀態,死亡1;受傷0,2,NA,NA,無或物(動物、堆置物),-1,NA,NA,NA,NA,NA,NA,NA,NA,無(非車輛駕駛人因素),尚未發現肇事因素,否,120.473651,22.573532
20230530,20230530,2023,5,134200,A1,新北市政府警察局,新北市新莊區中環路1段 / 新北市新莊區環漢路3段,晴,日間自然光線,市區道路,50,交岔路,三岔路,交叉路口,交叉路口內,柏油,乾燥,無缺陷,無障礙物,良好,良好,行車管制號誌,正常,雙向禁止超車線,無標記,車道線(無標記),未繪設快慢車道分隔線,有,車與車,側撞,駕駛人,違反號誌管制或指揮,死亡1;受傷0,1,小貨車(含客、貨兩用),自用,男,55,戴安全帽或繫安全帶(使用幼童安全椅),未使用,車的狀態,左轉彎,汽車,右後車尾(身),汽車,右後車尾(身),駕駛人,違反號誌管制或指揮,否,121.442516,25.056761
20230530,20230530,2023,5,134200,A1,新北市政府警察局,新北市新莊區中環路1段 / 新北市新莊區環漢路3段,晴,日間自然光線,市區道路,50,交岔路,三岔路,交叉路口,交叉路口內,柏油,乾燥,無缺陷,無障礙物,良好,良好,行車管制號誌,正常,雙向禁止超車線,無標記,車道線(無標記),未繪設快慢車道分隔線,有,車與車,側撞,駕駛人,違反號誌管制或指揮,死亡1;受傷0,2,機車,普通重型,男,19,戴安全帽或繫安全帶(使用幼童安全椅),未使用,車的狀態,向前直行中,機車,前車頭,機車,前車頭,駕駛人,未注意車前狀態,否,121.442516,25.056761
20230530,20230530,2023,5,143800,A1,苗栗縣警察局,苗栗縣頭屋鄉尖豐路141之6號,晴,日間自然光線,村里道路,50,交岔路,四岔路,交叉路口,交叉路口內,柏油,乾燥,無缺陷,無障礙物,良好,良好,行車管制號誌(附設行人專用號誌),正常,無,無分向設施,未繪設車道線,未繪設快慢車道分隔線,有,車與車,對向擦撞,駕駛人,未依規定讓車,死亡1;受傷0,1,小客車,自用,女,58,戴安全帽或繫安全帶(使用幼童安全椅),未使用,車的狀態,左轉彎,汽車,右前車頭(身),NA,NA,駕駛人,未依規定讓車,否,120.848283,24.574421
20230530,20230530,2023,5,143800,A1,苗栗縣警察局,苗栗縣頭屋鄉尖豐路141之6號,晴,日間自然光線,村里道路,50,交岔路,四岔路,交叉路口,交叉路口內,柏油,乾燥,無缺陷,無障礙物,良好,良好,行車管制號誌(附設行人專用號誌),正常,無,無分向設施,未繪設車道線,未繪設快慢車道分隔線,有,車與車,對向擦撞,駕駛人,未依規定讓車,死亡1;受傷0,2,機車,普通重型,女,34,戴安全帽或繫安全帶(使用幼童安全椅),未使用,車的狀態,向前直行中,機車,前車頭,NA,NA,無(車輛駕駛人因素),尚未發現肇事因素,否,120.848283,24.574421
20230530,20230530,2023,5,152200,A1,新北市政府警察局,新北市樹林區中華路前0.0公尺,雨,日間自然光線,市區道路,40,單路部分,直路,路段,慢車道,柏油,濕潤,無缺陷,無障礙物,良好,良好,行車管制號誌(附設行人專用號誌),正常,中央分向島,寛式(50公分以上),未繪設車道線,快慢車道分隔線,有,車與車,同向擦撞,駕駛人,未保持行車安全間隔,死亡1;受傷0,1,小貨車(含客、貨兩用),自用,男,51,戴安全帽或繫安全帶(使用幼童安全椅),未使用,車的狀態,向前直行中,汽車,右側車身,汽車,右側車身,駕駛人,未保持行車安全間隔,否,121.414188,24.980046
20230530,20230530,2023,5,152200,A1,新北市政府警察局,新北市樹林區中華路前0.0公尺,雨,日間自然光線,市區道路,40,單路部分,直路,路段,慢車道,柏油,濕潤,無缺陷,無障礙物,良好,良好,行車管制號誌(附設行人專用號誌),正常,中央分向島,寛式(50公分以上),未繪設車道線,快慢車道分隔線,有,車與車,同向擦撞,駕駛人,未保持行車安全間隔,死亡1;受傷0,2,機車,普通重型,女,60,戴安全帽或繫安全帶(使用幼童安全椅),未使用,車的狀態,向前直行中,機車,左側車身,機車,左側車身,無(車輛駕駛人因素),尚未發現肇事因素,否,121.414188,24.980046
20230531,20230531,2023,5,083500,A1,彰化縣警察局,彰化縣伸港鄉蚵寮村慶安路前0.0公尺,晴,日間自然光線,村里道路,40,單路部分,直路,路段,一般車道(未劃分快慢車道),柏油,乾燥,無缺陷,無障礙物,良好,良好,無號誌,無號誌,雙向禁止超車線,無標記,車道線(無標記),未繪設快慢車道分隔線,有,汽(機)車本身,路上翻車、摔倒,其他,不明原因肇事,死亡1;受傷0,1,機車,普通重型,男,23,戴安全帽或繫安全帶(使用幼童安全椅),未使用,車的狀態,向前直行中,機車,右側車身,NA,NA,其他,不明原因肇事,否,120.456582,24.158014
20230531,20230531,2023,5,083500,A1,彰化縣警察局,彰化縣伸港鄉蚵寮村慶安路前0.0公尺,晴,日間自然光線,村里道路,40,單路部分,直路,路段,一般車道(未劃分快慢車道),柏油,乾燥,無缺陷,無障礙物,良好,良好,無號誌,無號誌,雙向禁止超車線,無標記,車道線(無標記),未繪設快慢車道分隔線,有,汽(機)車本身,路上翻車、摔倒,其他,不明原因肇事,死亡1;受傷0,2,NA,NA,無或物(動物、堆置物),0,NA,NA,NA,NA,NA,NA,NA,NA,無(非車輛駕駛人因素),尚未發現肇事因素,否,120.456582,24.158014
20230531,20230531,2023,5,091451,A1,嘉義縣警察局,嘉義縣大林鎮三村里台一線250.1公里南下車道,晴,日間自然光線,省道,70,單路部分,直路,路段,慢車道,柏油,乾燥,無缺陷,無障礙物,良好,良好,無號誌,無號誌,中央分向島,寛式(50公分以上),車道線(無標記),快慢車道分隔線,有,車與車,追撞,駕駛人,未注意車前狀態,死亡1;受傷0,1,機車,普通重型,男,44,戴安全帽或繫安全帶(使用幼童安全椅),未使用,車的狀態,向前直行中,機車,前車頭,NA,NA,駕駛人,未注意車前狀態,否,120.464653,23.616376
20230531,20230531,2023,5,091451,A1,嘉義縣警察局,嘉義縣大林鎮三村里台一線250.1公里南下車道,晴,日間自然光線,省道,70,單路部分,直路,路段,慢車道,柏油,乾燥,無缺陷,無障礙物,良好,良好,無號誌,無號誌,中央分向島,寛式(50公分以上),車道線(無標記),快慢車道分隔線,有,車與車,追撞,駕駛人,未注意車前狀態,死亡1;受傷0,2,小貨車(含客、貨兩用),自用,男,44,戴安全帽或繫安全帶(使用幼童安全椅),未使用,車的狀態,等待(引擎未熄火),汽車,後車尾,NA,NA,其他,違規停車或暫停不當而肇事,否,120.464653,23.616376
20230531,20230531,2023,5,093000,A1,南投縣政府警察局,南投縣國姓鄉龍南道路,晴,日間自然光線,村里道路,40,單路部分,坡路,路段,路肩、路緣,水泥,乾燥,無缺陷,無障礙物,良好,良好,無號誌,無號誌,無,無分向設施,未繪設車道線,未繪設快慢車道分隔線,無,汽(機)車本身,衝出路外,其他,不明原因肇事,死亡1;受傷0,1,大貨車,營業用,男,61,不明,不明,車的狀態,其他,汽車,前車頭,NA,NA,其他,不明原因肇事,否,120.831327,23.945596
20230531,20230531,2023,5,093000,A1,南投縣政府警察局,南投縣國姓鄉龍南道路,晴,日間自然光線,村里道路,40,單路部分,坡路,路段,路肩、路緣,水泥,乾燥,無缺陷,無障礙物,良好,良好,無號誌,無號誌,無,無分向設施,未繪設車道線,未繪設快慢車道分隔線,無,汽(機)車本身,衝出路外,其他,不明原因肇事,死亡1;受傷0,2,NA,NA,無或物(動物、堆置物),-1,NA,NA,NA,NA,NA,NA,NA,NA,無(非車輛駕駛人因素),尚未發現肇事因素,否,120.831327,23.945596
20230531,20230531,2023,5,094200,A1,高雄市政府警察局,高雄市阿蓮區中山路351號前0.0公尺,晴,日間自然光線,市區道路,50,單路部分,直路,路段,快車道,柏油,乾燥,無缺陷,無障礙物,良好,良好,無號誌,無號誌,無,無分向設施,車道線(附標記),未繪設快慢車道分隔線,有,車與車,同向擦撞,駕駛人,左轉彎未依規定,死亡1;受傷0,1,機車,普通輕型,女,73,戴安全帽或繫安全帶(使用幼童安全椅),未使用,車的狀態,左轉彎,機車,左側車身,機車,左側車身,駕駛人,左轉彎未依規定,否,120.3262,22.87359
20230531,20230531,2023,5,094200,A1,高雄市政府警察局,高雄市阿蓮區中山路351號前0.0公尺,晴,日間自然光線,市區道路,50,單路部分,直路,路段,快車道,柏油,乾燥,無缺陷,無障礙物,良好,良好,無號誌,無號誌,無,無分向設施,車道線(附標記),未繪設快慢車道分隔線,有,車與車,同向擦撞,駕駛人,左轉彎未依規定,死亡1;受傷0,2,小客車,自用,女,43,戴安全帽或繫安全帶(使用幼童安全椅),未使用,車的狀態,向前直行中,汽車,右前車頭(身),汽車,右前車頭(身),駕駛人,未注意車前狀態,否,120.3262,22.87359
20230531,20230531,2023,5,122018,A1,新竹縣政府警察局,新竹縣尖石鄉120線26.5公里附近,雨,日間自然光線,縣道,40,單路部分,彎曲路及附近,路段,路肩、路緣,柏油,濕潤,無缺陷,無障礙物,良好,良好,無號誌,無號誌,雙向禁止超車線,附標記,車道線(無標記),未繪設快慢車道分隔線,有,汽(機)車本身,衝出路外,駕駛人,酒醉(後)駕駛失控,死亡1;受傷1,1,小客車,自用,女,25,不明,不明,車的狀態,向前直行中,汽車,前車頭,汽車,右側車身,駕駛人,酒醉(後)駕駛失控,否,121.195862,24.69945
20230531,20230531,2023,5,122018,A1,新竹縣政府警察局,新竹縣尖石鄉120線26.5公里附近,雨,日間自然光線,縣道,40,單路部分,彎曲路及附近,路段,路肩、路緣,柏油,濕潤,無缺陷,無障礙物,良好,良好,無號誌,無號誌,雙向禁止超車線,附標記,車道線(無標記),未繪設快慢車道分隔線,有,汽(機)車本身,衝出路外,駕駛人,酒醉(後)駕駛失控,死亡1;受傷1,2,NA,NA,無或物(動物、堆置物),-1,NA,NA,NA,NA,NA,NA,NA,NA,無(非車輛駕駛人因素),尚未發現肇事因素,否,121.195862,24.69945
20230531,20230531,2023,5,122018,A1,新竹縣政府警察局,新竹縣尖石鄉120線26.5公里附近,雨,日間自然光線,縣道,40,單路部分,彎曲路及附近,路段,路肩、路緣,柏油,濕潤,無缺陷,無障礙物,良好,良好,無號誌,無號誌,雙向禁止超車線,附標記,車道線(無標記),未繪設快慢車道分隔線,有,汽(機)車本身,衝出路外,駕駛人,酒醉(後)駕駛失控,死亡1;受傷1,3,人,乘客,男,23,不明,非駕駛人,人的狀態,不明,其他,不明,其他,非汽(機)車,無(非車輛駕駛人因素),尚未發現肇事因素,否,121.195862,24.69945
20230531,20230531,2023,5,191700,A1,彰化縣警察局,彰化縣員林市南興里員埔路前0.0公尺,晴,夜間(或隧道、地下道、涵洞)有照明,市區道路,60,單路部分,直路,路段,機車優先道,柏油,乾燥,無缺陷,無障礙物,良好,良好,無號誌,無號誌,中央分向島,寛式(50公分以上),車道線(無標記),未繪設快慢車道分隔線,有,車與車,追撞,駕駛人,未注意車前狀態,死亡1;受傷0,1,機車,普通重型,男,56,戴安全帽或繫安全帶(使用幼童安全椅),未使用,人的狀態,不明,機車,前車頭,NA,NA,駕駛人,未注意車前狀態,否,120.56141,23.971609
20230531,20230531,2023,5,191700,A1,彰化縣警察局,彰化縣員林市南興里員埔路前0.0公尺,晴,夜間(或隧道、地下道、涵洞)有照明,市區道路,60,單路部分,直路,路段,機車優先道,柏油,乾燥,無缺陷,無障礙物,良好,良好,無號誌,無號誌,中央分向島,寛式(50公分以上),車道線(無標記),未繪設快慢車道分隔線,有,車與車,追撞,駕駛人,未注意車前狀態,死亡1;受傷0,2,其他車,拖車(架),男,39,不明,不明,車的狀態,靜止(引擎熄火),汽車,後車尾,NA,NA,其他,違規停車或暫停不當而肇事,否,120.56141,23.971609
20230531,20230531,2023,5,191700,A1,彰化縣警察局,彰化縣員林市南興里員埔路前0.0公尺,晴,夜間(或隧道、地下道、涵洞)有照明,市區道路,60,單路部分,直路,路段,機車優先道,柏油,乾燥,無缺陷,無障礙物,良好,良好,無號誌,無號誌,中央分向島,寛式(50公分以上),車道線(無標記),未繪設快慢車道分隔線,有,車與車,追撞,駕駛人,未注意車前狀態,死亡1;受傷0,3,全聯結車,營業用,男,39,不明,不明,車的狀態,靜止(引擎熄火),其他,不明,NA,NA,其他,違規停車或暫停不當而肇事,否,120.56141,23.971609
20230531,20230531,2023,5,204028,A1,花蓮縣警察局,花蓮縣鳳林鎮兆豐路口 / 花蓮縣鳳林鎮平等路口,陰,夜間(或隧道、地下道、涵洞)有照明,省道,70,交岔路,四岔路,交叉路口,交叉路口內,柏油,乾燥,無缺陷,無障礙物,良好,良好,行車管制號誌,正常,無,無分向設施,未繪設車道線,未繪設快慢車道分隔線,無,車與車,同向擦撞,駕駛人,左轉彎未依規定,死亡1;受傷0,1,機車,普通重型,男,62,戴安全帽或繫安全帶(使用幼童安全椅),未使用,車的狀態,左轉彎,機車,左側車身,NA,NA,駕駛人,左轉彎未依規定,否,121.460406,23.783589
20230531,20230531,2023,5,204028,A1,花蓮縣警察局,花蓮縣鳳林鎮兆豐路口 / 花蓮縣鳳林鎮平等路口,陰,夜間(或隧道、地下道、涵洞)有照明,省道,70,交岔路,四岔路,交叉路口,交叉路口內,柏油,乾燥,無缺陷,無障礙物,良好,良好,行車管制號誌,正常,無,無分向設施,未繪設車道線,未繪設快慢車道分隔線,無,車與車,同向擦撞,駕駛人,左轉彎未依規定,死亡1;受傷0,2,小客車,自用,男,51,戴安全帽或繫安全帶(使用幼童安全椅),未使用,車的狀態,向前直行中,汽車,前車頭,NA,NA,駕駛人,未注意車前狀態,否,121.460406,23.783589
20230601,20230601,2023,6,085000,A1,新北市政府警察局,新北市泰山區大科一路9號前0.0公尺,陰,日間自然光線,市區道路,50,單路部分,彎曲路及附近,路段,一般車道(未劃分快慢車道),柏油,乾燥,無缺陷,無障礙物,良好,良好,無號誌,無號誌,雙向禁止超車線,無標記,未繪設車道線,未繪設快慢車道分隔線,有,汽(機)車本身,撞護欄(樁),駕駛人,未依規定減速,死亡1;受傷0,1,機車,普通重型,男,21,戴安全帽或繫安全帶(使用幼童安全椅),未使用,車的狀態,向前直行中,機車,右側車身,機車,右側車身,駕駛人,未依規定減速,否,121.442865,25.058807
20230601,20230601,2023,6,085000,A1,新北市政府警察局,新北市泰山區大科一路9號前0.0公尺,陰,日間自然光線,市區道路,50,單路部分,彎曲路及附近,路段,一般車道(未劃分快慢車道),柏油,乾燥,無缺陷,無障礙物,良好,良好,無號誌,無號誌,雙向禁止超車線,無標記,未繪設車道線,未繪設快慢車道分隔線,有,汽(機)車本身,撞護欄(樁),駕駛人,未依規定減速,死亡1;受傷0,2,NA,NA,無或物(動物、堆置物),0,NA,NA,NA,NA,NA,NA,NA,NA,無(非車輛駕駛人因素),尚未發現肇事因素,否,121.442865,25.058807
20230601,20230601,2023,6,110400,A1,南投縣政府警察局,南投縣南投市自強一路與成功街口,晴,日間自然光線,村里道路,50,交岔路,四岔路,交叉路口,交叉路口內,柏油,乾燥,無缺陷,無障礙物,良好,良好,無號誌,無號誌,無,無分向設施,未繪設車道線,未繪設快慢車道分隔線,無,車與車,路口交岔撞,駕駛人,未依規定讓車,死亡1;受傷0,1,小客車,自用,男,55,戴安全帽或繫安全帶(使用幼童安全椅),未使用,車的狀態,向前直行中,汽車,前車頭,汽車,右前車頭(身),駕駛人,未依規定讓車,否,120.670021,23.930464
20230601,20230601,2023,6,110400,A1,南投縣政府警察局,南投縣南投市自強一路與成功街口,晴,日間自然光線,村里道路,50,交岔路,四岔路,交叉路口,交叉路口內,柏油,乾燥,無缺陷,無障礙物,良好,良好,無號誌,無號誌,無,無分向設施,未繪設車道線,未繪設快慢車道分隔線,無,車與車,路口交岔撞,駕駛人,未依規定讓車,死亡1;受傷0,2,機車,普通重型,男,64,戴安全帽或繫安全帶(使用幼童安全椅),未使用,車的狀態,向前直行中,機車,左側車身,NA,NA,駕駛人,未依規定減速,否,120.670021,23.930464
20230601,20230601,2023,6,152000,A1,雲林縣警察局,雲林縣土庫鎮石廟里仁和59西26南3電桿旁,晴,日間自然光線,其他,30,單路部分,直路,路段,一般車道(未劃分快慢車道),柏油,乾燥,無缺陷,無障礙物,良好,良好,無號誌,無號誌,無,無分向設施,未繪設車道線,未繪設快慢車道分隔線,有,汽(機)車本身,其他,其他,不明原因肇事,死亡1;受傷0,1,機車,普通重型,女,81,不明,不明,車的狀態,其他,機車,右側車身,機車,右側車身,其他,不明原因肇事,否,120.392287,23.695712
20230601,20230601,2023,6,152000,A1,雲林縣警察局,雲林縣土庫鎮石廟里仁和59西26南3電桿旁,晴,日間自然光線,其他,30,單路部分,直路,路段,一般車道(未劃分快慢車道),柏油,乾燥,無缺陷,無障礙物,良好,良好,無號誌,無號誌,無,無分向設施,未繪設車道線,未繪設快慢車道分隔線,有,汽(機)車本身,其他,其他,不明原因肇事,死亡1;受傷0,2,NA,NA,無或物(動物、堆置物),-1,NA,NA,NA,NA,NA,NA,NA,NA,無(非車輛駕駛人因素),尚未發現肇事因素,否,120.392287,23.695712
20230601,20230601,2023,6,172628,A1,花蓮縣警察局,花蓮縣吉安鄉南濱路1段口 / 花蓮縣吉安鄉南海二街,晴,日間自然光線,村里道路,50,交岔路,三岔路,交叉路口,交叉路口內,柏油,乾燥,無缺陷,無障礙物,良好,良好,行車管制號誌,正常,無,無分向設施,未繪設車道線,未繪設快慢車道分隔線,無,車與車,側撞,駕駛人,未依規定讓車,死亡1;受傷0,1,小客車,自用,女,51,戴安全帽或繫安全帶(使用幼童安全椅),未使用,車的狀態,右轉彎,汽車,右前車頭(身),NA,NA,駕駛人,未依規定讓車,否,121.600273,23.953131
20230601,20230601,2023,6,172628,A1,花蓮縣警察局,花蓮縣吉安鄉南濱路1段口 / 花蓮縣吉安鄉南海二街,晴,日間自然光線,村里道路,50,交岔路,三岔路,交叉路口,交叉路口內,柏油,乾燥,無缺陷,無障礙物,良好,良好,行車管制號誌,正常,無,無分向設施,未繪設車道線,未繪設快慢車道分隔線,無,車與車,側撞,駕駛人,未依規定讓車,死亡1;受傷0,2,機車,普通重型,男,16,戴安全帽或繫安全帶(使用幼童安全椅),未使用,車的狀態,向前直行中,機車,前車頭,NA,NA,駕駛人,未注意車前狀態,否,121.600273,23.953131
20230601,20230601,2023,6,172628,A1,花蓮縣警察局,花蓮縣吉安鄉南濱路1段口 / 花蓮縣吉安鄉南海二街,晴,日間自然光線,村里道路,50,交岔路,三岔路,交叉路口,交叉路口內,柏油,乾燥,無缺陷,無障礙物,良好,良好,行車管制號誌,正常,無,無分向設施,未繪設車道線,未繪設快慢車道分隔線,無,車與車,側撞,駕駛人,未依規定讓車,死亡1;受傷0,3,NA,NA,無或物(動物、堆置物),-1,NA,NA,NA,NA,NA,NA,NA,NA,無(非車輛駕駛人因素),尚未發現肇事因素,否,121.600273,23.953131
20230601,20230601,2023,6,183000,A1,彰化縣警察局,彰化縣鹿港鎮海埔里彰濱五路2段 / 彰化縣鹿港鎮海埔里海浴路,晴,日間自然光線,村里道路,70,交岔路,四岔路,交叉路口,交叉路口內,柏油,乾燥,無缺陷,無障礙物,良好,良好,行車管制號誌,正常,中央分向島,寛式(50公分以上),車道線(無標記),快慢車道分隔線,有,車與車,側撞,駕駛人,左轉彎未依規定,死亡1;受傷0,1,慢車,微型電動二輪車,男,48,戴安全帽或繫安全帶(使用幼童安全椅),未使用,車的狀態,左轉彎,其他,非汽(機)車,NA,NA,駕駛人,左轉彎未依規定,否,120.429,24.07232
20230601,20230601,2023,6,183000,A1,彰化縣警察局,彰化縣鹿港鎮海埔里彰濱五路2段 / 彰化縣鹿港鎮海埔里海浴路,晴,日間自然光線,村里道路,70,交岔路,四岔路,交叉路口,交叉路口內,柏油,乾燥,無缺陷,無障礙物,良好,良好,行車管制號誌,正常,中央分向島,寛式(50公分以上),車道線(無標記),快慢車道分隔線,有,車與車,側撞,駕駛人,左轉彎未依規定,死亡1;受傷0,2,小貨車(含客、貨兩用),自用,男,45,戴安全帽或繫安全帶(使用幼童安全椅),未使用,車的狀態,向前直行中,汽車,前車頭,NA,NA,駕駛人,未依規定減速,否,120.429,24.07232
20230601,20230601,2023,6,213055,A1,桃園市政府警察局,桃園市新屋區台61線 58.3公里1.1公尺處北側向外側,陰,夜間(或隧道、地下道、涵洞)無照明,省道,90,單路部分,直路,路段,快車道,柏油,乾燥,無缺陷,無障礙物,良好,良好,無號誌,無號誌,中央分向島,寛式(50公分以上),車道線(無標記),未繪設快慢車道分隔線,有,人與汽(機)車,其他,駕駛人,未保持行車安全間隔,死亡1;受傷0,1,小客車,自用,男,27,戴安全帽或繫安全帶(使用幼童安全椅),未使用,車的狀態,向前直行中,汽車,右前車頭(身),NA,NA,駕駛人,未保持行車安全間隔,否,121.018054,24.975274
20230601,20230601,2023,6,213055,A1,桃園市政府警察局,桃園市新屋區台61線 58.3公里1.1公尺處北側向外側,陰,夜間(或隧道、地下道、涵洞)無照明,省道,90,單路部分,直路,路段,快車道,柏油,乾燥,無缺陷,無障礙物,良好,良好,無號誌,無號誌,中央分向島,寛式(50公分以上),車道線(無標記),未繪設快慢車道分隔線,有,人與汽(機)車,其他,駕駛人,未保持行車安全間隔,死亡1;受傷0,2,人,其他人,男,52,其他(無需使用保護裝備之人),非駕駛人,人的狀態,其他,其他,非汽(機)車,NA,NA,行人(或乘客),其他引起事故之疏失或行為,否,121.018054,24.975274
20230601,20230601,2023,6,213055,A1,桃園市政府警察局,桃園市新屋區台61線 58.3公里1.1公尺處北側向外側,陰,夜間(或隧道、地下道、涵洞)無照明,省道,90,單路部分,直路,路段,快車道,柏油,乾燥,無缺陷,無障礙物,良好,良好,無號誌,無號誌,中央分向島,寛式(50公分以上),車道線(無標記),未繪設快慢車道分隔線,有,人與汽(機)車,其他,駕駛人,未保持行車安全間隔,死亡1;受傷0,3,大貨車,營業用,男,52,戴安全帽或繫安全帶(使用幼童安全椅),未使用,車的狀態,等待(引擎未熄火),汽車,右側車身,NA,NA,其他,違規停車或暫停不當而肇事,否,121.018054,24.975274
20230601,20230601,2023,6,235000,A1,屏東縣政府警察局,屏東縣麟洛鄉科大路三段與信義路口,晴,日間自然光線,村里道路,50,交岔路,四岔路,交叉路口,交叉路口內,柏油,乾燥,無缺陷,無障礙物,良好,良好,行車管制號誌,正常,中央分向島,寛式(50公分以上),禁止變換車道線(無標記),未繪設快慢車道分隔線,有,車與車,路口交岔撞,駕駛人,違反號誌管制或指揮,死亡1;受傷0,1,機車,普通重型,女,86,戴安全帽或繫安全帶(使用幼童安全椅),未使用,車的狀態,向前直行中,機車,前車頭,機車,右側車身,駕駛人,違反號誌管制或指揮,否,120.551659,22.655443000000002
20230601,20230601,2023,6,235000,A1,屏東縣政府警察局,屏東縣麟洛鄉科大路三段與信義路口,晴,日間自然光線,村里道路,50,交岔路,四岔路,交叉路口,交叉路口內,柏油,乾燥,無缺陷,無障礙物,良好,良好,行車管制號誌,正常,中央分向島,寛式(50公分以上),禁止變換車道線(無標記),未繪設快慢車道分隔線,有,車與車,路口交岔撞,駕駛人,違反號誌管制或指揮,死亡1;受傷0,2,小客車,自用,男,44,戴安全帽或繫安全帶(使用幼童安全椅),未使用,車的狀態,向前直行中,汽車,左側車身,NA,NA,無(車輛駕駛人因素),尚未發現肇事因素,否,120.551659,22.655443000000002
20230602,20230602,2023,6,055400,A1,彰化縣警察局,彰化縣芳苑鄉新生村功湖北路2段 / 彰化縣芳苑鄉新生村草崙路,晴,日間自然光線,其他,50,交岔路,四岔路,交叉路口,交叉路口內,柏油,乾燥,無缺陷,無障礙物,良好,良好,閃光號誌,正常,無,無分向設施,未繪設車道線,未繪設快慢車道分隔線,無,車與車,路口交岔撞,駕駛人,未依規定讓車,死亡1;受傷0,1,機車,普通重型,男,76,戴安全帽或繫安全帶(使用幼童安全椅),未使用,車的狀態,向前直行中,機車,左側車身,NA,NA,駕駛人,未依規定讓車,否,120.374078,23.962636
20230602,20230602,2023,6,055400,A1,彰化縣警察局,彰化縣芳苑鄉新生村功湖北路2段 / 彰化縣芳苑鄉新生村草崙路,晴,日間自然光線,其他,50,交岔路,四岔路,交叉路口,交叉路口內,柏油,乾燥,無缺陷,無障礙物,良好,良好,閃光號誌,正常,無,無分向設施,未繪設車道線,未繪設快慢車道分隔線,無,車與車,路口交岔撞,駕駛人,未依規定讓車,死亡1;受傷0,2,小客車,自用,男,25,戴安全帽或繫安全帶(使用幼童安全椅),未使用,車的狀態,向前直行中,汽車,前車頭,NA,NA,駕駛人,超速失控,否,120.374078,23.962636
20230602,20230602,2023,6,071900,A1,雲林縣警察局,雲林縣土庫鎮大荖里土庫N17號橋旁路口,晴,日間自然光線,村里道路,30,交岔路,四岔路,交叉路口,交叉路口內,柏油,乾燥,無缺陷,無障礙物,良好,良好,無號誌,無號誌,無,無分向設施,未繪設車道線,未繪設快慢車道分隔線,無,車與車,側撞,駕駛人,未依規定讓車,死亡1;受傷0,1,機車,普通重型,女,81,不明,不明,車的狀態,向前直行中,機車,右側車身,NA,NA,駕駛人,未依規定讓車,否,120.35984500000001,23.690623
20230602,20230602,2023,6,071900,A1,雲林縣警察局,雲林縣土庫鎮大荖里土庫N17號橋旁路口,晴,日間自然光線,村里道路,30,交岔路,四岔路,交叉路口,交叉路口內,柏油,乾燥,無缺陷,無障礙物,良好,良好,無號誌,無號誌,無,無分向設施,未繪設車道線,未繪設快慢車道分隔線,無,車與車,側撞,駕駛人,未依規定讓車,死亡1;受傷0,2,小客車,自用,女,43,戴安全帽或繫安全帶(使用幼童安全椅),未使用,車的狀態,向前直行中,汽車,前車頭,NA,NA,駕駛人,未注意車前狀態,否,120.35984500000001,23.690623
20230602,20230602,2023,6,085000,A1,彰化縣警察局,彰化縣二林鎮豐田里斗苑路4段 / 彰化縣二林鎮豐田里太平路,晴,日間自然光線,村里道路,50,交岔路,四岔路,交叉路口,交叉路口內,柏油,乾燥,無缺陷,無障礙物,良好,良好,行車管制號誌,正常,無,無分向設施,未繪設車道線,未繪設快慢車道分隔線,無,車與車,側撞,駕駛人,左轉彎未依規定,死亡1;受傷0,1,小貨車(含客、貨兩用),自用,男,34,不明,不明,車的狀態,左轉彎,汽車,右後車尾(身),NA,NA,駕駛人,左轉彎未依規定,否,120.378925,23.899411