accident_date,發生日期,發生年度,發生月份,發生時間,事故類別名稱,處理單位名稱警局層,發生地點,天候名稱,光線名稱,道路類別-第1當事者-名稱,速限-第1當事者,道路型態大類別名稱,道路型態子類別名稱,事故位置大類別名稱,事故位置子類別名稱,路面狀況-路面鋪裝名稱,路面狀況-路面狀態名稱,路面狀況-路面缺陷名稱,道路障礙-障礙物名稱,道路障礙-視距品質名稱,道路障礙-視距名稱,號誌-號誌種類名稱,號誌-號誌動作名稱,車道劃分設施-分向設施大類別名稱,車道劃分設施-分向設施子類別名稱,車道劃分設施-分道設施-快車道或一般車道間名稱,車道劃分設施-分道設施-快慢車道間名稱,車道劃分設施-分道設施-路面邊線名稱,事故類型及型態大類別名稱,事故類型及型態子類別名稱,肇因研判大類別名稱-主要,肇因研判子類別名稱-主要,死亡受傷人數,當事者順位,當事者區分-類別-大類別名稱-車種,當事者區分-類別-子類別名稱-車種,當事者屬-性-別名稱,當事者事故發生時年齡,保護裝備名稱,行動電話或電腦或其他相類功能裝置名稱,當事者行動狀態大類別名稱,當事者行動狀態子類別名稱,車輛撞擊部位大類別名稱-最初,車輛撞擊部位子類別名稱-最初,車輛撞擊部位大類別名稱-其他,車輛撞擊部位子類別名稱-其他,肇因研判大類別名稱-個別,肇因研判子類別名稱-個別,肇事逃逸類別名稱-是否肇逃,經度,緯度
20230602,20230602,2023,6,085000,A1,彰化縣警察局,彰化縣二林鎮豐田里斗苑路4段 / 彰化縣二林鎮豐田里太平路,晴,日間自然光線,村里道路,50,交岔路,四岔路,交叉路口,交叉路口內,柏油,乾燥,無缺陷,無障礙物,良好,良好,行車管制號誌,正常,無,無分向設施,未繪設車道線,未繪設快慢車道分隔線,無,車與車,側撞,駕駛人,左轉彎未依規定,死亡1;受傷0,2,機車,普通重型,男,57,戴安全帽或繫安全帶(使用幼童安全椅),未使用,車的狀態,向前直行中,機車,前車頭,NA,NA,駕駛人,違反號誌管制或指揮,否,120.378925,23.899411
20230602,20230602,2023,6,134800,A1,國道公路警察局,彰化縣花壇鄉國道1號 199公里900.0公尺處北側向外側,晴,日間自然光線,國道,110,單路部分,直路,路段,快車道,柏油,乾燥,無缺陷,無障礙物,良好,良好,無號誌,無號誌,中央分向島,寛式(50公分以上),車道線(附標記),未繪設快慢車道分隔線,有,車與車,追撞,駕駛人,變換車道或方向不當,死亡1;受傷0,1,小貨車(含客、貨兩用),營業用,男,53,不明,不明,車的狀態,向右變換車道,汽車,前車頭,汽車,後車尾,駕駛人,變換車道或方向不當,否,120.522457,24.038534
20230602,20230602,2023,6,134800,A1,國道公路警察局,彰化縣花壇鄉國道1號 199公里900.0公尺處北側向外側,晴,日間自然光線,國道,110,單路部分,直路,路段,快車道,柏油,乾燥,無缺陷,無障礙物,良好,良好,無號誌,無號誌,中央分向島,寛式(50公分以上),車道線(附標記),未繪設快慢車道分隔線,有,車與車,追撞,駕駛人,變換車道或方向不當,死亡1;受傷0,2,大貨車,自用,男,34,戴安全帽或繫安全帶(使用幼童安全椅),未使用,車的狀態,向前直行中,汽車,左後車尾(身),NA,NA,無(車輛駕駛人因素),尚未發現肇事因素,否,120.522457,24.038534
20230602,20230602,2023,6,134800,A1,國道公路警察局,彰化縣花壇鄉國道1號 199公里900.0公尺處北側向外側,晴,日間自然光線,國道,110,單路部分,直路,路段,快車道,柏油,乾燥,無缺陷,無障礙物,良好,良好,無號誌,無號誌,中央分向島,寛式(50公分以上),車道線(附標記),未繪設快慢車道分隔線,有,車與車,追撞,駕駛人,變換車道或方向不當,死亡1;受傷0,3,半聯結車,營業用,男,61,戴安全帽或繫安全帶(使用幼童安全椅),未使用,車的狀態,向前直行中,汽車,右前車頭(身),汽車,前車頭,駕駛人,未注意車前狀態,否,120.522457,24.038534
20230602,20230602,2023,6,134800,A1,國道公路警察局,彰化縣花壇鄉國道1號 199公里900.0公尺處北側向外側,晴,日間自然光線,國道,110,單路部分,直路,路段,快車道,柏油,乾燥,無缺陷,無障礙物,良好,良好,無號誌,無號誌,中央分向島,寛式(50公分以上),車道線(附標記),未繪設快慢車道分隔線,有,車與車,追撞,駕駛人,變換車道或方向不當,死亡1;受傷0,4,半聯結車,營業用,男,41,戴安全帽或繫安全帶(使用幼童安全椅),未使用,車的狀態,向前直行中,汽車,左側車身,NA,NA,無(車輛駕駛人因素),尚未發現肇事因素,否,120.522457,24.038534
20230602,20230602,2023,6,171500,A1,臺北市政府警察局,臺北市信義區信安街67巷81號前0.0公尺,晴,日間自然光線,市區道路,50,單路部分,直路,路段,一般車道(未劃分快慢車道),柏油,乾燥,無缺陷,無障礙物,良好,良好,無號誌,無號誌,行車分向線,無標記,車道線(無標記),快慢車道分隔線,無,車與車,側撞,駕駛人,未依規定讓車,死亡1;受傷1,1,機車,普通重型,女,28,戴安全帽或繫安全帶(使用幼童安全椅),未使用,車的狀態,左轉彎,機車,左側車身,機車,左側車身,駕駛人,未依規定讓車,否,121.559392,25.025932
20230602,20230602,2023,6,171500,A1,臺北市政府警察局,臺北市信義區信安街67巷81號前0.0公尺,晴,日間自然光線,市區道路,50,單路部分,直路,路段,一般車道(未劃分快慢車道),柏油,乾燥,無缺陷,無障礙物,良好,良好,無號誌,無號誌,行車分向線,無標記,車道線(無標記),快慢車道分隔線,無,車與車,側撞,駕駛人,未依規定讓車,死亡1;受傷1,2,機車,普通重型,男,55,戴安全帽或繫安全帶(使用幼童安全椅),未使用,車的狀態,向前直行中,機車,前車頭,機車,前車頭,無(車輛駕駛人因素),尚未發現肇事因素,否,121.559392,25.025932
20230602,20230602,2023,6,191000,A1,高雄市政府警察局,高雄市六龜區新興里台27甲省道10.9公里號前0.0公尺,晴,夜間(或隧道、地下道、涵洞)有照明,市區道路,50,單路部分,直路,路段,快車道,柏油,乾燥,無缺陷,無障礙物,良好,良好,閃光號誌,正常,雙向禁止超車線,附標記,車道線(無標記),快慢車道分隔線,有,車與車,同向擦撞,駕駛人,違反特定標誌(線)禁制,死亡1;受傷1,1,其他車,拼裝車,女,68,不明,不明,車的狀態,向前直行中,汽車,左後車尾(身),汽車,左後車尾(身),駕駛人,違反特定標誌(線)禁制,否,120.639847,22.921385
20230602,20230602,2023,6,191000,A1,高雄市政府警察局,高雄市六龜區新興里台27甲省道10.9公里號前0.0公尺,晴,夜間(或隧道、地下道、涵洞)有照明,市區道路,50,單路部分,直路,路段,快車道,柏油,乾燥,無缺陷,無障礙物,良好,良好,閃光號誌,正常,雙向禁止超車線,附標記,車道線(無標記),快慢車道分隔線,有,車與車,同向擦撞,駕駛人,違反特定標誌(線)禁制,死亡1;受傷1,2,小客車,自用,男,49,戴安全帽或繫安全帶(使用幼童安全椅),未使用,車的狀態,向前直行中,汽車,右前車頭(身),汽車,右前車頭(身),駕駛人,未注意車前狀態,否,120.639847,22.921385
20230602,20230602,2023,6,191000,A1,高雄市政府警察局,高雄市六龜區新興里台27甲省道10.9公里號前0.0公尺,晴,夜間(或隧道、地下道、涵洞)有照明,市區道路,50,單路部分,直路,路段,快車道,柏油,乾燥,無缺陷,無障礙物,良好,良好,閃光號誌,正常,雙向禁止超車線,附標記,車道線(無標記),快慢車道分隔線,有,車與車,同向擦撞,駕駛人,違反特定標誌(線)禁制,死亡1;受傷1,3,機車,普通重型,男,32,戴安全帽或繫安全帶(使用幼童安全椅),未使用,車的狀態,向前直行中,機車,左側車身,機車,左側車身,無(車輛駕駛人因素),尚未發現肇事因素,否,120.639847,22.921385
20230602,20230602,2023,6,194937,A1,新竹市警察局,新竹市東區明湖路471號前,晴,夜間(或隧道、地下道、涵洞)無照明,市區道路,40,單路部分,彎曲路及附近,路段,一般車道(未劃分快慢車道),柏油,乾燥,無缺陷,無障礙物,良好,良好,無號誌,無號誌,雙向禁止超車線,無標記,未繪設車道線,未繪設快慢車道分隔線,有,汽(機)車本身,撞路樹、電桿,駕駛人,酒醉(後)駕駛失控,死亡1;受傷0,1,機車,普通重型,男,64,不明,不明,車的狀態,向前直行中,機車,前車頭,NA,NA,駕駛人,酒醉(後)駕駛失控,否,120.967769,24.780197
20230602,20230602,2023,6,194937,A1,新竹市警察局,新竹市東區明湖路471號前,晴,夜間(或隧道、地下道、涵洞)無照明,市區道路,40,單路部分,彎曲路及附近,路段,一般車道(未劃分快慢車道),柏油,乾燥,無缺陷,無障礙物,良好,良好,無號誌,無號誌,雙向禁止超車線,無標記,未繪設車道線,未繪設快慢車道分隔線,有,汽(機)車本身,撞路樹、電桿,駕駛人,酒醉(後)駕駛失控,死亡1;受傷0,2,NA,NA,無或物(動物、堆置物),-1,NA,NA,NA,NA,NA,NA,NA,NA,無(非車輛駕駛人因素),尚未發現肇事因素,否,120.967769,24.780197
20230603,20230603,2023,6,073800,A1,雲林縣警察局,雲林縣東勢鄉同安村153線3公里處附近,陰,日間自然光線,村里道路,30,交岔路,四岔路,交叉路口,交叉路口內,柏油,乾燥,無缺陷,無障礙物,良好,良好,無號誌,無號誌,無,無分向設施,未繪設車道線,未繪設快慢車道分隔線,有,車與車,路口交岔撞,駕駛人,未依規定讓車,死亡1;受傷0,1,機車,普通重型,女,66,未戴案全帽或未繫安全帶(未使用幼童安全椅),未使用,車的狀態,向前直行中,機車,右側車身,NA,NA,駕駛人,未依規定讓車,否,120.2565,23.716944
20230603,20230603,2023,6,073800,A1,雲林縣警察局,雲林縣東勢鄉同安村153線3公里處附近,陰,日間自然光線,村里道路,30,交岔路,四岔路,交叉路口,交叉路口內,柏油,乾燥,無缺陷,無障礙物,良好,良好,無號誌,無號誌,無,無分向設施,未繪設車道線,未繪設快慢車道分隔線,有,車與車,路口交岔撞,駕駛人,未依規定讓車,死亡1;受傷0,2,小客車,自用,男,52,不明,不明,車的狀態,向前直行中,汽車,前車頭,NA,NA,駕駛人,未依規定減速,否,120.2565,23.716944
20230603,20230603,2023,6,084900,A1,新北市政府警察局,新北市板橋區民族路 / 新北市板橋區區運路,晴,日間自然光線,市區道路,50,交岔路,四岔路,交叉路口,交叉路口內,柏油,乾燥,無缺陷,無障礙物,良好,良好,行車管制號誌(附設行人專用號誌),正常,中央分向島,寛式(50公分以上),車道線(無標記),未繪設快慢車道分隔線,有,車與車,側撞,駕駛人,左轉彎未依規定,死亡1;受傷0,1,慢車,腳踏自行車,男,83,不明,未使用,車的狀態,左轉彎,其他,非汽(機)車,其他,非汽(機)車,駕駛人,左轉彎未依規定,否,121.465537,25.009775
20230603,20230603,2023,6,084900,A1,新北市政府警察局,新北市板橋區民族路 / 新北市板橋區區運路,晴,日間自然光線,市區道路,50,交岔路,四岔路,交叉路口,交叉路口內,柏油,乾燥,無缺陷,無障礙物,良好,良好,行車管制號誌(附設行人專用號誌),正常,中央分向島,寛式(50公分以上),車道線(無標記),未繪設快慢車道分隔線,有,車與車,側撞,駕駛人,左轉彎未依規定,死亡1;受傷0,2,小貨車(含客、貨兩用),自用,男,28,戴安全帽或繫安全帶(使用幼童安全椅),未使用,車的狀態,向前直行中,汽車,前車頭,汽車,前車頭,駕駛人,超速失控,否,121.465537,25.009775
20230603,20230603,2023,6,145721,A1,新竹縣政府警察局,新竹縣竹北市堤頂街與堤頂街285巷,晴,日間自然光線,市區道路,50,單路部分,彎曲路及附近,路段,一般車道(未劃分快慢車道),柏油,乾燥,無缺陷,無障礙物,良好,良好,無號誌,無號誌,雙向禁止超車線,無標記,未繪設車道線,未繪設快慢車道分隔線,有,汽(機)車本身,路上翻車、摔倒,其他,其他引起事故之違規或不當行為,死亡1;受傷0,1,機車,普通重型,男,19,戴安全帽或繫安全帶(使用幼童安全椅),未使用,車的狀態,向前直行中,其他,不明,NA,NA,其他,其他引起事故之違規或不當行為,否,121.04921,24.797317
20230603,20230603,2023,6,145721,A1,新竹縣政府警察局,新竹縣竹北市堤頂街與堤頂街285巷,晴,日間自然光線,市區道路,50,單路部分,彎曲路及附近,路段,一般車道(未劃分快慢車道),柏油,乾燥,無缺陷,無障礙物,良好,良好,無號誌,無號誌,雙向禁止超車線,無標記,未繪設車道線,未繪設快慢車道分隔線,有,汽(機)車本身,路上翻車、摔倒,其他,其他引起事故之違規或不當行為,死亡1;受傷0,2,NA,NA,無或物(動物、堆置物),-1,NA,NA,NA,NA,NA,NA,NA,NA,無(非車輛駕駛人因素),尚未發現肇事因素,否,121.04921,24.797317
20230603,20230603,2023,6,190833,A1,雲林縣警察局,雲林縣水林鄉雲153公路與產業道路口,晴,夜間(或隧道、地下道、涵洞)有照明,村里道路,50,交岔路,三岔路,交叉路口,交叉路口內,柏油,乾燥,無缺陷,無障礙物,良好,良好,無號誌,無號誌,無,無分向設施,車道線(無標記),未繪設快慢車道分隔線,有,人與汽(機)車,穿越道路中,駕駛人,未依規定減速,死亡1;受傷1,1,機車,普通重型,男,21,戴安全帽或繫安全帶(使用幼童安全椅),不明,車的狀態,向前直行中,機車,前車頭,NA,NA,駕駛人,未依規定減速,否,120.23515,23.545899
20230603,20230603,2023,6,190833,A1,雲林縣警察局,雲林縣水林鄉雲153公路與產業道路口,晴,夜間(或隧道、地下道、涵洞)有照明,村里道路,50,交岔路,三岔路,交叉路口,交叉路口內,柏油,乾燥,無缺陷,無障礙物,良好,良好,無號誌,無號誌,無,無分向設施,車道線(無標記),未繪設快慢車道分隔線,有,人與汽(機)車,穿越道路中,駕駛人,未依規定減速,死亡1;受傷1,2,人,行人,女,76,其他(無需使用保護裝備之人),不明,人的狀態,其他,其他,非汽(機)車,NA,NA,無(非車輛駕駛人因素),尚未發現肇事因素,否,120.23515,23.545899
20230604,20230604,2023,6,001600,A1,高雄市政府警察局,高雄市橋頭區成功北路124號前0.0公尺,晴,夜間(或隧道、地下道、涵洞)有照明,市區道路,40,單路部分,直路,路段,慢車道,柏油,乾燥,無缺陷,無障礙物,良好,良好,無號誌,無號誌,中央分向島,寛式(50公分以上),禁止變換車道線(無標記),快慢車道分隔線,有,人與汽(機)車,穿越道路中,行人(或乘客),穿越道路未注意左右來車,死亡1;受傷1,1,人,行人,男,42,其他(無需使用保護裝備之人),非駕駛人,人的狀態,步行,其他,不明,其他,不明,行人(或乘客),穿越道路未注意左右來車,否,120.3071,22.76451
20230604,20230604,2023,6,001600,A1,高雄市政府警察局,高雄市橋頭區成功北路124號前0.0公尺,晴,夜間(或隧道、地下道、涵洞)有照明,市區道路,40,單路部分,直路,路段,慢車道,柏油,乾燥,無缺陷,無障礙物,良好,良好,無號誌,無號誌,中央分向島,寛式(50公分以上),禁止變換車道線(無標記),快慢車道分隔線,有,人與汽(機)車,穿越道路中,行人(或乘客),穿越道路未注意左右來車,死亡1;受傷1,2,機車,普通重型,男,30,戴安全帽或繫安全帶(使用幼童安全椅),未使用,車的狀態,向前直行中,機車,前車頭,機車,前車頭,駕駛人,未注意車前狀態,否,120.3071,22.76451
20230604,20230604,2023,6,001600,A1,高雄市政府警察局,高雄市橋頭區成功北路124號前0.0公尺,晴,夜間(或隧道、地下道、涵洞)有照明,市區道路,40,單路部分,直路,路段,慢車道,柏油,乾燥,無缺陷,無障礙物,良好,良好,無號誌,無號誌,中央分向島,寛式(50公分以上),禁止變換車道線(無標記),快慢車道分隔線,有,人與汽(機)車,穿越道路中,行人(或乘客),穿越道路未注意左右來車,死亡1;受傷1,3,小貨車(含客、貨兩用),自用,男,53,不明,未使用,車的狀態,靜止(引擎熄火),汽車,左後車尾(身),汽車,左後車尾(身),無(車輛駕駛人因素),尚未發現肇事因素,否,120.3071,22.76451
20230604,20230604,2023,6,070024,A1,屏東縣政府警察局,屏東縣枋寮鄉東林路362號前0.0公尺北側,晴,日間自然光線,市區道路,50,單路部分,直路,路段,路肩、路緣,柏油,乾燥,無缺陷,無障礙物,良好,良好,無號誌,無號誌,雙向禁止超車線,無標記,未繪設車道線,快慢車道分隔線,有,汽(機)車本身,撞路樹、電桿,駕駛人,逆向行駛,死亡1;受傷0,1,機車,普通重型,女,39,戴安全帽或繫安全帶(使用幼童安全椅),未使用,車的狀態,向前直行中,機車,前車頭,NA,NA,駕駛人,逆向行駛,否,120.579907,22.397543
20230604,20230604,2023,6,070024,A1,屏東縣政府警察局,屏東縣枋寮鄉東林路362號前0.0公尺北側,晴,日間自然光線,市區道路,50,單路部分,直路,路段,路肩、路緣,柏油,乾燥,無缺陷,無障礙物,良好,良好,無號誌,無號誌,雙向禁止超車線,無標記,未繪設車道線,快慢車道分隔線,有,汽(機)車本身,撞路樹、電桿,駕駛人,逆向行駛,死亡1;受傷0,2,NA,NA,無或物(動物、堆置物),-1,NA,NA,NA,NA,NA,NA,NA,NA,無(非車輛駕駛人因素),尚未發現肇事因素,否,120.579907,22.397543
20230604,20230604,2023,6,081009,A1,南投縣政府警察局,南投縣集集鎮水源街口 / 南投縣集集鎮育才街口,晴,日間自然光線,村里道路,40,交岔路,四岔路,交叉路口,交叉路口內,柏油,乾燥,無缺陷,無障礙物,良好,良好,閃光號誌,正常,無,無分向設施,禁止變換車道線(無標記),未繪設快慢車道分隔線,有,車與車,路口交岔撞,駕駛人,未依規定讓車,死亡2;受傷0,1,小貨車(含客、貨兩用),自用,男,40,戴安全帽或繫安全帶(使用幼童安全椅),未使用,車的狀態,向前直行中,汽車,前車頭,NA,NA,駕駛人,未依規定讓車,否,120.788901,23.828085
20230604,20230604,2023,6,081009,A1,南投縣政府警察局,南投縣集集鎮水源街口 / 南投縣集集鎮育才街口,晴,日間自然光線,村里道路,40,交岔路,四岔路,交叉路口,交叉路口內,柏油,乾燥,無缺陷,無障礙物,良好,良好,閃光號誌,正常,無,無分向設施,禁止變換車道線(無標記),未繪設快慢車道分隔線,有,車與車,路口交岔撞,駕駛人,未依規定讓車,死亡2;受傷0,2,機車,普通重型,男,85,戴安全帽或繫安全帶(使用幼童安全椅),未使用,車的狀態,向前直行中,機車,右側車身,NA,NA,駕駛人,未注意車前狀態,否,120.788901,23.828085
20230604,20230604,2023,6,081009,A1,南投縣政府警察局,南投縣集集鎮水源街口 / 南投縣集集鎮育才街口,晴,日間自然光線,村里道路,40,交岔路,四岔路,交叉路口,交叉路口內,柏油,乾燥,無缺陷,無障礙物,良好,良好,閃光號誌,正常,無,無分向設施,禁止變換車道線(無標記),未繪設快慢車道分隔線,有,車與車,路口交岔撞,駕駛人,未依規定讓車,死亡2;受傷0,3,人,乘客,女,82,戴安全帽或繫安全帶(使用幼童安全椅),未使用,人的狀態,其他,其他,非汽(機)車,NA,NA,無(非車輛駕駛人因素),尚未發現肇事因素,否,120.788901,23.828085
20230604,20230604,2023,6,144046,A1,屏東縣政府警察局,屏東縣瑪家鄉三和村玉泉1之16號,陰,日間自然光線,鄉道,40,單路部分,直路,路段,一般車道(未劃分快慢車道),柏油,乾燥,無缺陷,無障礙物,良好,良好,無號誌,無號誌,行車分向線,無標記,未繪設車道線,未繪設快慢車道分隔線,有,車與車,側撞,駕駛人,迴轉未依規定,死亡1;受傷1,1,機車,普通重型,男,78,戴安全帽或繫安全帶(使用幼童安全椅),未使用,車的狀態,迴轉或橫越道路中,機車,左側車身,NA,NA,駕駛人,迴轉未依規定,否,120.622323,22.710205
20230604,20230604,2023,6,144046,A1,屏東縣政府警察局,屏東縣瑪家鄉三和村玉泉1之16號,陰,日間自然光線,鄉道,40,單路部分,直路,路段,一般車道(未劃分快慢車道),柏油,乾燥,無缺陷,無障礙物,良好,良好,無號誌,無號誌,行車分向線,無標記,未繪設車道線,未繪設快慢車道分隔線,有,車與車,側撞,駕駛人,迴轉未依規定,死亡1;受傷1,2,機車,普通重型,男,19,戴安全帽或繫安全帶(使用幼童安全椅),未使用,車的狀態,向前直行中,機車,前車頭,機車,右側車身,駕駛人,未注意車前狀態,否,120.622323,22.710205
20230604,20230604,2023,6,222400,A1,新北市政府警察局,新北市土城區新北市土城區臺65線道路北向12K,雨,夜間(或隧道、地下道、涵洞)有照明,省道,60,單路部分,高架道路,路段,交通島(含槽化線),柏油,濕潤,無缺陷,無障礙物,良好,良好,無號誌,無號誌,中央分向島,寛式(50公分以上),車道線(附標記),未繪設快慢車道分隔線,有,汽(機)車本身,撞交通島,駕駛人,未注意車前狀態,死亡1;受傷0,1,小客車,自用,女,22,不明,不明,車的狀態,向前直行中,汽車,前車頭,汽車,前車頭,駕駛人,未注意車前狀態,否,120.740646,24.382798
20230604,20230604,2023,6,222400,A1,新北市政府警察局,新北市土城區新北市土城區臺65線道路北向12K,雨,夜間(或隧道、地下道、涵洞)有照明,省道,60,單路部分,高架道路,路段,交通島(含槽化線),柏油,濕潤,無缺陷,無障礙物,良好,良好,無號誌,無號誌,中央分向島,寛式(50公分以上),車道線(附標記),未繪設快慢車道分隔線,有,汽(機)車本身,撞交通島,駕駛人,未注意車前狀態,死亡1;受傷0,2,NA,NA,無或物(動物、堆置物),0,NA,NA,NA,NA,NA,NA,NA,NA,無(非車輛駕駛人因素),尚未發現肇事因素,否,120.740646,24.382798
20230605,20230605,2023,6,095800,A1,彰化縣警察局,彰化縣大城鄉潭墘村天惠路前0.0公尺,晴,日間自然光線,村里道路,50,交岔路,四岔路,交叉路口,交叉路口內,柏油,乾燥,無缺陷,無障礙物,良好,良好,無號誌,無號誌,無,無分向設施,未繪設車道線,未繪設快慢車道分隔線,無,車與車,路口交岔撞,駕駛人,未依規定讓車,死亡1;受傷1,1,機車,普通重型,女,72,不明,不明,車的狀態,向前直行中,機車,前車頭,NA,NA,駕駛人,未依規定讓車,否,120.352155,23.84006
20230605,20230605,2023,6,095800,A1,彰化縣警察局,彰化縣大城鄉潭墘村天惠路前0.0公尺,晴,日間自然光線,村里道路,50,交岔路,四岔路,交叉路口,交叉路口內,柏油,乾燥,無缺陷,無障礙物,良好,良好,無號誌,無號誌,無,無分向設施,未繪設車道線,未繪設快慢車道分隔線,無,車與車,路口交岔撞,駕駛人,未依規定讓車,死亡1;受傷1,2,小貨車(含客、貨兩用),自用,男,45,不明,不明,車的狀態,向前直行中,汽車,前車頭,NA,NA,駕駛人,未依規定減速,否,120.352155,23.84006
20230605,20230605,2023,6,095800,A1,彰化縣警察局,彰化縣大城鄉潭墘村天惠路前0.0公尺,晴,日間自然光線,村里道路,50,交岔路,四岔路,交叉路口,交叉路口內,柏油,乾燥,無缺陷,無障礙物,良好,良好,無號誌,無號誌,無,無分向設施,未繪設車道線,未繪設快慢車道分隔線,無,車與車,路口交岔撞,駕駛人,未依規定讓車,死亡1;受傷1,3,人,乘客,男,68,不明,不明,人的狀態,其他,其他,非汽(機)車,NA,NA,無(非車輛駕駛人因素),尚未發現肇事因素,否,120.352155,23.84006
20230605,20230605,2023,6,171400,A1,高雄市政府警察局,高雄市三民區寶民里澄清路寶民267號前0.0公尺,晴,日間自然光線,市區道路,50,單路部分,直路,路段,一般車道(未劃分快慢車道),柏油,乾燥,無缺陷,無障礙物,良好,良好,無號誌,無號誌,無,無分向設施,未繪設車道線,未繪設快慢車道分隔線,無,車與車,對向擦撞,駕駛人,變換車道或方向不當,死亡1;受傷0,1,大貨車,營業用,男,22,戴安全帽或繫安全帶(使用幼童安全椅),未使用,車的狀態,向右變換車道,汽車,右前車頭(身),汽車,右前車頭(身),駕駛人,變換車道或方向不當,否,120.344527,22.635953
20230605,20230605,2023,6,171400,A1,高雄市政府警察局,高雄市三民區寶民里澄清路寶民267號前0.0公尺,晴,日間自然光線,市區道路,50,單路部分,直路,路段,一般車道(未劃分快慢車道),柏油,乾燥,無缺陷,無障礙物,良好,良好,無號誌,無號誌,無,無分向設施,未繪設車道線,未繪設快慢車道分隔線,無,車與車,對向擦撞,駕駛人,變換車道或方向不當,死亡1;受傷0,2,機車,普通重型,女,72,戴安全帽或繫安全帶(使用幼童安全椅),未使用,車的狀態,向前直行中,機車,左側車身,機車,左側車身,無(車輛駕駛人因素),尚未發現肇事因素,否,120.344527,22.635953
20230606,20230606,2023,6,070405,A1,宜蘭縣政府警察局,宜蘭縣五結鄉溪濱路3段口 / 宜蘭縣五結鄉鎮安路口,晴,日間自然光線,鄉道,60,交岔路,四岔路,交叉路口,交叉路口內,柏油,乾燥,無缺陷,無障礙物,良好,良好,行車管制號誌,正常,雙向禁止超車線,附標記,車道線(附標記),快慢車道分隔線,有,車與車,其他,駕駛人,未注意車前狀態,死亡3;受傷1,1,小客車,自用,男,59,不明,不明,車的狀態,向前直行中,汽車,前車頭,NA,NA,駕駛人,未注意車前狀態,否,121.766372,24.710803
20230606,20230606,2023,6,070405,A1,宜蘭縣政府警察局,宜蘭縣五結鄉溪濱路3段口 / 宜蘭縣五結鄉鎮安路口,晴,日間自然光線,鄉道,60,交岔路,四岔路,交叉路口,交叉路口內,柏油,乾燥,無缺陷,無障礙物,良好,良好,行車管制號誌,正常,雙向禁止超車線,附標記,車道線(附標記),快慢車道分隔線,有,車與車,其他,駕駛人,未注意車前狀態,死亡3;受傷1,2,小貨車(含客、貨兩用),自用,女,41,不明,不明,車的狀態,向前直行中,汽車,後車尾,NA,NA,無(車輛駕駛人因素),尚未發現肇事因素,否,121.766372,24.710803
20230606,20230606,2023,6,070405,A1,宜蘭縣政府警察局,宜蘭縣五結鄉溪濱路3段口 / 宜蘭縣五結鄉鎮安路口,晴,日間自然光線,鄉道,60,交岔路,四岔路,交叉路口,交叉路口內,柏油,乾燥,無缺陷,無障礙物,良好,良好,行車管制號誌,正常,雙向禁止超車線,附標記,車道線(附標記),快慢車道分隔線,有,車與車,其他,駕駛人,未注意車前狀態,死亡3;受傷1,3,小客車,自用,男,50,不明,不明,車的狀態,向前直行中,汽車,前車頭,NA,NA,無(車輛駕駛人因素),尚未發現肇事因素,否,121.766372,24.710803
20230606,20230606,2023,6,070405,A1,宜蘭縣政府警察局,宜蘭縣五結鄉溪濱路3段口 / 宜蘭縣五結鄉鎮安路口,晴,日間自然光線,鄉道,60,交岔路,四岔路,交叉路口,交叉路口內,柏油,乾燥,無缺陷,無障礙物,良好,良好,行車管制號誌,正常,雙向禁止超車線,附標記,車道線(附標記),快慢車道分隔線,有,車與車,其他,駕駛人,未注意車前狀態,死亡3;受傷1,4,人,乘客,女,17,不明,不明,人的狀態,其他,其他,非汽(機)車,NA,NA,行人(或乘客),其他引起事故之疏失或行為,否,121.766372,24.710803
20230606,20230606,2023,6,081300,A1,屏東縣政府警察局,屏東縣屏東市敬軍路口 / 屏東縣屏東市廣興路口,晴,日間自然光線,市區道路,50,交岔路,四岔路,交叉路口,交叉路口內,柏油,乾燥,無缺陷,無障礙物,良好,良好,無號誌,無號誌,雙向禁止超車線,附標記,未繪設車道線,未繪設快慢車道分隔線,無,人與汽(機)車,穿越道路中,行人(或乘客),穿越道路未注意左右來車,死亡1;受傷0,1,人,行人,女,80,未戴案全帽或未繫安全帶(未使用幼童安全椅),未使用,人的狀態,其他,其他,非汽(機)車,NA,NA,行人(或乘客),穿越道路未注意左右來車,否,120.485683,22.69311
20230606,20230606,2023,6,081300,A1,屏東縣政府警察局,屏東縣屏東市敬軍路口 / 屏東縣屏東市廣興路口,晴,日間自然光線,市區道路,50,交岔路,四岔路,交叉路口,交叉路口內,柏油,乾燥,無缺陷,無障礙物,良好,良好,無號誌,無號誌,雙向禁止超車線,附標記,未繪設車道線,未繪設快慢車道分隔線,無,人與汽(機)車,穿越道路中,行人(或乘客),穿越道路未注意左右來車,死亡1;受傷0,2,小客車,自用,男,25,戴安全帽或繫安全帶(使用幼童安全椅),未使用,車的狀態,向前直行中,汽車,左前車頭(身),NA,NA,駕駛人,未注意車前狀態,否,120.485683,22.69311