accident_date,發生日期,發生年度,發生月份,發生時間,事故類別名稱,處理單位名稱警局層,發生地點,天候名稱,光線名稱,道路類別-第1當事者-名稱,速限-第1當事者,道路型態大類別名稱,道路型態子類別名稱,事故位置大類別名稱,事故位置子類別名稱,路面狀況-路面鋪裝名稱,路面狀況-路面狀態名稱,路面狀況-路面缺陷名稱,道路障礙-障礙物名稱,道路障礙-視距品質名稱,道路障礙-視距名稱,號誌-號誌種類名稱,號誌-號誌動作名稱,車道劃分設施-分向設施大類別名稱,車道劃分設施-分向設施子類別名稱,車道劃分設施-分道設施-快車道或一般車道間名稱,車道劃分設施-分道設施-快慢車道間名稱,車道劃分設施-分道設施-路面邊線名稱,事故類型及型態大類別名稱,事故類型及型態子類別名稱,肇因研判大類別名稱-主要,肇因研判子類別名稱-主要,死亡受傷人數,當事者順位,當事者區分-類別-大類別名稱-車種,當事者區分-類別-子類別名稱-車種,當事者屬-性-別名稱,當事者事故發生時年齡,保護裝備名稱,行動電話或電腦或其他相類功能裝置名稱,當事者行動狀態大類別名稱,當事者行動狀態子類別名稱,車輛撞擊部位大類別名稱-最初,車輛撞擊部位子類別名稱-最初,車輛撞擊部位大類別名稱-其他,車輛撞擊部位子類別名稱-其他,肇因研判大類別名稱-個別,肇因研判子類別名稱-個別,肇事逃逸類別名稱-是否肇逃,經度,緯度
20230606,20230606,2023,6,113047,A1,宜蘭縣政府警察局,宜蘭縣三星鄉人和村雙和中路與人和中路,晴,日間自然光線,村里道路,50,交岔路,多岔路,交叉路口,交叉路口內,柏油,乾燥,無缺陷,無障礙物,良好,良好,無號誌,無號誌,無,無分向設施,未繪設車道線,未繪設快慢車道分隔線,無,汽(機)車本身,撞號誌、標誌桿,駕駛人,超速失控,死亡1;受傷0,1,機車,普通重型,男,87,戴安全帽或繫安全帶(使用幼童安全椅),未使用,車的狀態,向前直行中,機車,前車頭,NA,NA,駕駛人,超速失控,否,121.647155,24.668865
20230606,20230606,2023,6,113047,A1,宜蘭縣政府警察局,宜蘭縣三星鄉人和村雙和中路與人和中路,晴,日間自然光線,村里道路,50,交岔路,多岔路,交叉路口,交叉路口內,柏油,乾燥,無缺陷,無障礙物,良好,良好,無號誌,無號誌,無,無分向設施,未繪設車道線,未繪設快慢車道分隔線,無,汽(機)車本身,撞號誌、標誌桿,駕駛人,超速失控,死亡1;受傷0,2,NA,NA,無或物(動物、堆置物),-1,NA,NA,NA,NA,NA,NA,NA,NA,無(非車輛駕駛人因素),尚未發現肇事因素,否,121.647155,24.668865
20230606,20230606,2023,6,120600,A1,彰化縣警察局,彰化縣田尾鄉南曾村富農路2段前0.0公尺,晴,日間自然光線,村里道路,50,交岔路,三岔路,交叉路口,交叉路口內,柏油,乾燥,無缺陷,無障礙物,良好,良好,無號誌,無號誌,行車分向線,無標記,未繪設車道線,未繪設快慢車道分隔線,有,人與汽(機)車,穿越道路中,駕駛人,未注意車前狀態,死亡1;受傷1,1,機車,普通重型,男,46,戴安全帽或繫安全帶(使用幼童安全椅),未使用,車的狀態,向前直行中,機車,前車頭,NA,NA,駕駛人,未注意車前狀態,否,120.53547,23.887285
20230606,20230606,2023,6,120600,A1,彰化縣警察局,彰化縣田尾鄉南曾村富農路2段前0.0公尺,晴,日間自然光線,村里道路,50,交岔路,三岔路,交叉路口,交叉路口內,柏油,乾燥,無缺陷,無障礙物,良好,良好,無號誌,無號誌,行車分向線,無標記,未繪設車道線,未繪設快慢車道分隔線,有,人與汽(機)車,穿越道路中,駕駛人,未注意車前狀態,死亡1;受傷1,2,人,行人,女,68,其他(無需使用保護裝備之人),未使用,人的狀態,步行,其他,非汽(機)車,NA,NA,行人(或乘客),穿越道路未注意左右來車,否,120.53547,23.887285
20230606,20230606,2023,6,190905,A1,花蓮縣警察局,花蓮縣鳳林鎮中正路一段180號前0.0公尺附近,陰,夜間(或隧道、地下道、涵洞)有照明,省道,60,交岔路,三岔路,交叉路口,交叉路口內,柏油,乾燥,無缺陷,無障礙物,良好,良好,行車管制號誌,正常,無,無分向設施,未繪設車道線,未繪設快慢車道分隔線,無,人與汽(機)車,穿越道路中,行人(或乘客),未依標誌、標線、號誌或手勢指揮穿越道路,死亡1;受傷0,1,人,行人,男,67,其他(無需使用保護裝備之人),未使用,人的狀態,步行,其他,非汽(機)車,NA,NA,行人(或乘客),未依標誌、標線、號誌或手勢指揮穿越道路,否,121.444641,23.736165
20230606,20230606,2023,6,190905,A1,花蓮縣警察局,花蓮縣鳳林鎮中正路一段180號前0.0公尺附近,陰,夜間(或隧道、地下道、涵洞)有照明,省道,60,交岔路,三岔路,交叉路口,交叉路口內,柏油,乾燥,無缺陷,無障礙物,良好,良好,行車管制號誌,正常,無,無分向設施,未繪設車道線,未繪設快慢車道分隔線,無,人與汽(機)車,穿越道路中,行人(或乘客),未依標誌、標線、號誌或手勢指揮穿越道路,死亡1;受傷0,2,小客車,自用,女,43,戴安全帽或繫安全帶(使用幼童安全椅),未使用,車的狀態,向前直行中,汽車,前車頭,NA,NA,駕駛人,未注意車前狀態,否,121.444641,23.736165
20230606,20230606,2023,6,211900,A1,臺北市政府警察局,臺北市北投區承德路6段 / 臺北市北投區文承路,晴,夜間(或隧道、地下道、涵洞)有照明,市區道路,60,交岔路,三岔路,交叉路口,交叉口附近,柏油,乾燥,無缺陷,無障礙物,良好,良好,行車管制號誌(附設行人專用號誌),正常,中央分向島,寛式(50公分以上),車道線(無標記),快慢車道分隔線,無,車與車,追撞,駕駛人,未注意車前狀態,死亡1;受傷1,1,機車,普通重型,男,51,不明,不明,車的狀態,向前直行中,機車,左側車身,機車,左側車身,駕駛人,未注意車前狀態,否,121.511817,25.104949
20230606,20230606,2023,6,211900,A1,臺北市政府警察局,臺北市北投區承德路6段 / 臺北市北投區文承路,晴,夜間(或隧道、地下道、涵洞)有照明,市區道路,60,交岔路,三岔路,交叉路口,交叉口附近,柏油,乾燥,無缺陷,無障礙物,良好,良好,行車管制號誌(附設行人專用號誌),正常,中央分向島,寛式(50公分以上),車道線(無標記),快慢車道分隔線,無,車與車,追撞,駕駛人,未注意車前狀態,死亡1;受傷1,2,機車,普通重型,男,20,不明,不明,車的狀態,急減速或急停止,機車,後車尾,機車,後車尾,無(車輛駕駛人因素),尚未發現肇事因素,否,121.511817,25.104949
20230606,20230606,2023,6,225900,A1,臺中市政府警察局,臺中市太平區頭汴里長龍路二段352號前0.0公尺,晴,夜間(或隧道、地下道、涵洞)有照明,市區道路,40,單路部分,彎曲路及附近,路段,一般車道(未劃分快慢車道),柏油,乾燥,無缺陷,無障礙物,良好,良好,無號誌,無號誌,雙向禁止超車線,無標記,車道線(無標記),未繪設快慢車道分隔線,有,汽(機)車本身,路上翻車、摔倒,駕駛人,未依規定減速,死亡1;受傷0,1,機車,普通重型,男,16,戴安全帽或繫安全帶(使用幼童安全椅),未使用,車的狀態,其他,機車,左側車身,NA,NA,駕駛人,未依規定減速,否,120.757134,24.117798
20230606,20230606,2023,6,225900,A1,臺中市政府警察局,臺中市太平區頭汴里長龍路二段352號前0.0公尺,晴,夜間(或隧道、地下道、涵洞)有照明,市區道路,40,單路部分,彎曲路及附近,路段,一般車道(未劃分快慢車道),柏油,乾燥,無缺陷,無障礙物,良好,良好,無號誌,無號誌,雙向禁止超車線,無標記,車道線(無標記),未繪設快慢車道分隔線,有,汽(機)車本身,路上翻車、摔倒,駕駛人,未依規定減速,死亡1;受傷0,2,NA,NA,無或物(動物、堆置物),0,NA,NA,NA,NA,NA,NA,NA,NA,無(非車輛駕駛人因素),尚未發現肇事因素,否,120.757134,24.117798
20230606,20230606,2023,6,225900,A1,臺中市政府警察局,臺中市太平區頭汴里長龍路二段352號前0.0公尺,晴,夜間(或隧道、地下道、涵洞)有照明,市區道路,40,單路部分,彎曲路及附近,路段,一般車道(未劃分快慢車道),柏油,乾燥,無缺陷,無障礙物,良好,良好,無號誌,無號誌,雙向禁止超車線,無標記,車道線(無標記),未繪設快慢車道分隔線,有,汽(機)車本身,路上翻車、摔倒,駕駛人,未依規定減速,死亡1;受傷0,3,NA,NA,無或物(動物、堆置物),0,NA,NA,NA,NA,NA,NA,NA,NA,無(非車輛駕駛人因素),尚未發現肇事因素,否,120.757134,24.117798
20230607,20230607,2023,6,003037,A1,宜蘭縣政府警察局,宜蘭縣宜蘭市大福路2段南側 / 宜蘭縣宜蘭市大福路2段附近,陰,日間自然光線,市區道路,50,交岔路,三岔路,交叉路口,交叉口附近,柏油,乾燥,無缺陷,無障礙物,良好,良好,無號誌,無號誌,行車分向線,無標記,未繪設車道線,快慢車道分隔線,有,車與車,其他,駕駛人,迴轉未依規定,死亡1;受傷1,1,小客車,自用,男,60,戴安全帽或繫安全帶(使用幼童安全椅),未使用,車的狀態,迴轉或橫越道路中,汽車,左側車身,NA,NA,駕駛人,迴轉未依規定,否,121.75896,24.766706
20230607,20230607,2023,6,003037,A1,宜蘭縣政府警察局,宜蘭縣宜蘭市大福路2段南側 / 宜蘭縣宜蘭市大福路2段附近,陰,日間自然光線,市區道路,50,交岔路,三岔路,交叉路口,交叉口附近,柏油,乾燥,無缺陷,無障礙物,良好,良好,無號誌,無號誌,行車分向線,無標記,未繪設車道線,快慢車道分隔線,有,車與車,其他,駕駛人,迴轉未依規定,死亡1;受傷1,2,機車,普通重型,男,25,未戴案全帽或未繫安全帶(未使用幼童安全椅),未使用,車的狀態,向前直行中,機車,前車頭,NA,NA,駕駛人,未注意車前狀態,否,121.75896,24.766706
20230607,20230607,2023,6,003037,A1,宜蘭縣政府警察局,宜蘭縣宜蘭市大福路2段南側 / 宜蘭縣宜蘭市大福路2段附近,陰,日間自然光線,市區道路,50,交岔路,三岔路,交叉路口,交叉口附近,柏油,乾燥,無缺陷,無障礙物,良好,良好,無號誌,無號誌,行車分向線,無標記,未繪設車道線,快慢車道分隔線,有,車與車,其他,駕駛人,迴轉未依規定,死亡1;受傷1,3,人,乘客,男,60,戴安全帽或繫安全帶(使用幼童安全椅),未使用,人的狀態,其他,其他,不明,NA,NA,無(非車輛駕駛人因素),尚未發現肇事因素,否,121.75896,24.766706
20230607,20230607,2023,6,061105,A1,宜蘭縣政府警察局,宜蘭縣蘇澳鎮聖愛路56號前0.0公尺附近,晴,日間自然光線,省道,60,單路部分,彎曲路及附近,路段,一般車道(未劃分快慢車道),柏油,乾燥,無缺陷,無障礙物,良好,良好,閃光號誌,正常,行車分向線,附標記,車道線(無標記),未繪設快慢車道分隔線,有,汽(機)車本身,撞號誌、標誌桿,駕駛人,未注意車前狀態,死亡1;受傷0,1,機車,普通重型,男,49,戴安全帽或繫安全帶(使用幼童安全椅),未使用,車的狀態,向前直行中,機車,前車頭,NA,NA,駕駛人,未注意車前狀態,否,121.835848,24.599063
20230607,20230607,2023,6,061105,A1,宜蘭縣政府警察局,宜蘭縣蘇澳鎮聖愛路56號前0.0公尺附近,晴,日間自然光線,省道,60,單路部分,彎曲路及附近,路段,一般車道(未劃分快慢車道),柏油,乾燥,無缺陷,無障礙物,良好,良好,閃光號誌,正常,行車分向線,附標記,車道線(無標記),未繪設快慢車道分隔線,有,汽(機)車本身,撞號誌、標誌桿,駕駛人,未注意車前狀態,死亡1;受傷0,2,NA,NA,無或物(動物、堆置物),-1,NA,NA,NA,NA,NA,NA,NA,NA,無(非車輛駕駛人因素),尚未發現肇事因素,否,121.835848,24.599063
20230607,20230607,2023,6,070856,A1,新竹縣政府警察局,新竹縣新埔鎮北平里產業道路50號前0.0公尺,晴,日間自然光線,鄉道,50,單路部分,直路,路段,路肩、路緣,柏油,乾燥,無缺陷,無障礙物,良好,良好,無號誌,無號誌,雙向禁止超車線,無標記,車道線(無標記),未繪設快慢車道分隔線,有,汽(機)車本身,衝出路外,駕駛人,未注意車前狀態,死亡1;受傷0,1,機車,普通重型,女,17,戴安全帽或繫安全帶(使用幼童安全椅),未使用,車的狀態,向前直行中,機車,前車頭,NA,NA,駕駛人,未注意車前狀態,否,121.089882,24.854246
20230607,20230607,2023,6,070856,A1,新竹縣政府警察局,新竹縣新埔鎮北平里產業道路50號前0.0公尺,晴,日間自然光線,鄉道,50,單路部分,直路,路段,路肩、路緣,柏油,乾燥,無缺陷,無障礙物,良好,良好,無號誌,無號誌,雙向禁止超車線,無標記,車道線(無標記),未繪設快慢車道分隔線,有,汽(機)車本身,衝出路外,駕駛人,未注意車前狀態,死亡1;受傷0,2,NA,NA,無或物(動物、堆置物),-1,NA,NA,NA,NA,NA,NA,NA,NA,無(非車輛駕駛人因素),尚未發現肇事因素,否,121.089882,24.854246
20230607,20230607,2023,6,074400,A1,國道公路警察局,新北市五股區國道1號 32公里北側,晴,日間自然光線,國道,100,單路部分,高架道路,路段,快車道,柏油,乾燥,無缺陷,無障礙物,良好,良好,無號誌,無號誌,無,無分向設施,車道線(附標記),未繪設快慢車道分隔線,有,車與車,追撞,駕駛人,未注意車前狀態,死亡1;受傷1,1,小客車,租賃車,男,46,戴安全帽或繫安全帶(使用幼童安全椅),未使用,車的狀態,向前直行中,汽車,前車頭,NA,NA,駕駛人,未注意車前狀態,否,121.441009,25.068347
20230607,20230607,2023,6,074400,A1,國道公路警察局,新北市五股區國道1號 32公里北側,晴,日間自然光線,國道,100,單路部分,高架道路,路段,快車道,柏油,乾燥,無缺陷,無障礙物,良好,良好,無號誌,無號誌,無,無分向設施,車道線(附標記),未繪設快慢車道分隔線,有,車與車,追撞,駕駛人,未注意車前狀態,死亡1;受傷1,2,小客車,自用,男,46,戴安全帽或繫安全帶(使用幼童安全椅),不明,車的狀態,向前直行中,汽車,後車尾,汽車,前車頭,無(車輛駕駛人因素),尚未發現肇事因素,否,121.441009,25.068347
20230607,20230607,2023,6,074400,A1,國道公路警察局,新北市五股區國道1號 32公里北側,晴,日間自然光線,國道,100,單路部分,高架道路,路段,快車道,柏油,乾燥,無缺陷,無障礙物,良好,良好,無號誌,無號誌,無,無分向設施,車道線(附標記),未繪設快慢車道分隔線,有,車與車,追撞,駕駛人,未注意車前狀態,死亡1;受傷1,3,NA,NA,無或物(動物、堆置物),-1,NA,NA,NA,NA,NA,NA,NA,NA,無(非車輛駕駛人因素),尚未發現肇事因素,否,121.441009,25.068347
20230607,20230607,2023,6,074400,A1,國道公路警察局,新北市五股區國道1號 32公里北側,晴,日間自然光線,國道,100,單路部分,高架道路,路段,快車道,柏油,乾燥,無缺陷,無障礙物,良好,良好,無號誌,無號誌,無,無分向設施,車道線(附標記),未繪設快慢車道分隔線,有,車與車,追撞,駕駛人,未注意車前狀態,死亡1;受傷1,4,小客車,租賃車,男,44,戴安全帽或繫安全帶(使用幼童安全椅),未使用,車的狀態,向前直行中,汽車,後車尾,汽車,右前車頭(身),無(車輛駕駛人因素),尚未發現肇事因素,否,121.441009,25.068347
20230607,20230607,2023,6,074400,A1,國道公路警察局,新北市五股區國道1號 32公里北側,晴,日間自然光線,國道,100,單路部分,高架道路,路段,快車道,柏油,乾燥,無缺陷,無障礙物,良好,良好,無號誌,無號誌,無,無分向設施,車道線(附標記),未繪設快慢車道分隔線,有,車與車,追撞,駕駛人,未注意車前狀態,死亡1;受傷1,5,曳引車,自用,男,64,戴安全帽或繫安全帶(使用幼童安全椅),未使用,車的狀態,向前直行中,汽車,左後車尾(身),NA,NA,無(車輛駕駛人因素),尚未發現肇事因素,否,121.441009,25.068347
20230607,20230607,2023,6,083800,A1,高雄市政府警察局,高雄市橋頭區白樹路 / 高雄市橋頭區甲樹路,晴,日間自然光線,市區道路,50,交岔路,四岔路,交叉路口,交叉路口內,柏油,乾燥,無缺陷,無障礙物,良好,良好,行車管制號誌,正常,無,無分向設施,未繪設車道線,未繪設快慢車道分隔線,無,車與車,其他,駕駛人,未依規定讓車,死亡1;受傷0,1,大貨車,營業用,男,62,戴安全帽或繫安全帶(使用幼童安全椅),未使用,車的狀態,左轉彎,汽車,右側車身,汽車,右側車身,駕駛人,未依規定讓車,否,120.295811,22.756774
20230607,20230607,2023,6,083800,A1,高雄市政府警察局,高雄市橋頭區白樹路 / 高雄市橋頭區甲樹路,晴,日間自然光線,市區道路,50,交岔路,四岔路,交叉路口,交叉路口內,柏油,乾燥,無缺陷,無障礙物,良好,良好,行車管制號誌,正常,無,無分向設施,未繪設車道線,未繪設快慢車道分隔線,無,車與車,其他,駕駛人,未依規定讓車,死亡1;受傷0,2,機車,普通重型,女,22,戴安全帽或繫安全帶(使用幼童安全椅),不明,車的狀態,向前直行中,機車,前車頭,機車,前車頭,無(車輛駕駛人因素),尚未發現肇事因素,否,120.295811,22.756774
20230607,20230607,2023,6,130912,A1,花蓮縣警察局,花蓮縣玉里鎮縣193線 108公里900.0公尺處附近向路肩,晴,日間自然光線,縣道,60,單路部分,直路,路段,路肩、路緣,柏油,乾燥,無缺陷,無障礙物,良好,良好,無號誌,無號誌,行車分向線,無標記,未繪設車道線,未繪設快慢車道分隔線,有,汽(機)車本身,撞路樹、電桿,駕駛人,未注意車前狀態,死亡1;受傷0,1,小客車,自用,女,63,戴安全帽或繫安全帶(使用幼童安全椅),不明,車的狀態,向前直行中,汽車,前車頭,NA,NA,駕駛人,未注意車前狀態,否,121.339449,23.337075
20230607,20230607,2023,6,130912,A1,花蓮縣警察局,花蓮縣玉里鎮縣193線 108公里900.0公尺處附近向路肩,晴,日間自然光線,縣道,60,單路部分,直路,路段,路肩、路緣,柏油,乾燥,無缺陷,無障礙物,良好,良好,無號誌,無號誌,行車分向線,無標記,未繪設車道線,未繪設快慢車道分隔線,有,汽(機)車本身,撞路樹、電桿,駕駛人,未注意車前狀態,死亡1;受傷0,2,NA,NA,無或物(動物、堆置物),-1,NA,NA,NA,NA,NA,NA,NA,NA,無(非車輛駕駛人因素),尚未發現肇事因素,否,121.339449,23.337075
20230607,20230607,2023,6,220700,A1,新北市政府警察局,新北市淡水區北新路1段606號前0.0公尺,晴,夜間(或隧道、地下道、涵洞)有照明,市區道路,40,單路部分,彎曲路及附近,路段,一般車道(未劃分快慢車道),柏油,乾燥,無缺陷,無障礙物,良好,良好,無號誌,無號誌,雙向禁止超車線,附標記,未繪設車道線,未繪設快慢車道分隔線,有,汽(機)車本身,衝出路外,駕駛人,未依規定減速,死亡1;受傷1,1,機車,普通重型,男,18,戴安全帽或繫安全帶(使用幼童安全椅),未使用,車的狀態,向前直行中,機車,左側車身,機車,左側車身,駕駛人,未依規定減速,否,121.47231,25.184866
20230607,20230607,2023,6,220700,A1,新北市政府警察局,新北市淡水區北新路1段606號前0.0公尺,晴,夜間(或隧道、地下道、涵洞)有照明,市區道路,40,單路部分,彎曲路及附近,路段,一般車道(未劃分快慢車道),柏油,乾燥,無缺陷,無障礙物,良好,良好,無號誌,無號誌,雙向禁止超車線,附標記,未繪設車道線,未繪設快慢車道分隔線,有,汽(機)車本身,衝出路外,駕駛人,未依規定減速,死亡1;受傷1,2,NA,NA,無或物(動物、堆置物),0,NA,NA,NA,NA,NA,NA,NA,NA,無(非車輛駕駛人因素),尚未發現肇事因素,否,121.47231,25.184866
20230607,20230607,2023,6,220700,A1,新北市政府警察局,新北市淡水區北新路1段606號前0.0公尺,晴,夜間(或隧道、地下道、涵洞)有照明,市區道路,40,單路部分,彎曲路及附近,路段,一般車道(未劃分快慢車道),柏油,乾燥,無缺陷,無障礙物,良好,良好,無號誌,無號誌,雙向禁止超車線,附標記,未繪設車道線,未繪設快慢車道分隔線,有,汽(機)車本身,衝出路外,駕駛人,未依規定減速,死亡1;受傷1,3,人,乘客,女,16,戴安全帽或繫安全帶(使用幼童安全椅),非駕駛人,人的狀態,其他,其他,非汽(機)車,其他,非汽(機)車,無(非車輛駕駛人因素),尚未發現肇事因素,否,121.47231,25.184866
20230608,20230608,2023,6,171200,A1,臺北市政府警察局,臺北市大安區樂業街118巷5號前0.0公尺,晴,日間自然光線,市區道路,30,單路部分,直路,路段,一般車道(未劃分快慢車道),柏油,乾燥,無缺陷,無障礙物,良好,良好,無號誌,無號誌,無,無分向設施,未繪設車道線,未繪設快慢車道分隔線,無,人與汽(機)車,其他,駕駛人,倒車未依規定,死亡1;受傷0,1,大貨車,營業用,男,38,戴安全帽或繫安全帶(使用幼童安全椅),未使用,車的狀態,倒車,汽車,左後車尾(身),汽車,左後車尾(身),駕駛人,倒車未依規定,否,121.551606,25.021064
20230608,20230608,2023,6,171200,A1,臺北市政府警察局,臺北市大安區樂業街118巷5號前0.0公尺,晴,日間自然光線,市區道路,30,單路部分,直路,路段,一般車道(未劃分快慢車道),柏油,乾燥,無缺陷,無障礙物,良好,良好,無號誌,無號誌,無,無分向設施,未繪設車道線,未繪設快慢車道分隔線,無,人與汽(機)車,其他,駕駛人,倒車未依規定,死亡1;受傷0,2,人,行人,女,83,其他(無需使用保護裝備之人),非駕駛人,人的狀態,步行,其他,不明,其他,不明,無(非車輛駕駛人因素),尚未發現肇事因素,否,121.551606,25.021064
20230608,20230608,2023,6,174807,A1,臺南市政府警察局,臺南市安南區海佃路二段與海東十二街口,晴,日間自然光線,市區道路,50,交岔路,四岔路,交叉路口,交叉路口內,柏油,乾燥,無缺陷,無障礙物,良好,良好,行車管制號誌,正常,無,無分向設施,未繪設車道線,未繪設快慢車道分隔線,無,車與車,路口交岔撞,駕駛人,違反號誌管制或指揮,死亡1;受傷1,1,機車,普通重型,女,63,戴安全帽或繫安全帶(使用幼童安全椅),未使用,車的狀態,起步,機車,左側車身,NA,NA,駕駛人,違反號誌管制或指揮,否,120.18854,23.036841
20230608,20230608,2023,6,174807,A1,臺南市政府警察局,臺南市安南區海佃路二段與海東十二街口,晴,日間自然光線,市區道路,50,交岔路,四岔路,交叉路口,交叉路口內,柏油,乾燥,無缺陷,無障礙物,良好,良好,行車管制號誌,正常,無,無分向設施,未繪設車道線,未繪設快慢車道分隔線,無,車與車,路口交岔撞,駕駛人,違反號誌管制或指揮,死亡1;受傷1,2,機車,普通重型,女,44,戴安全帽或繫安全帶(使用幼童安全椅),未使用,車的狀態,向前直行中,機車,前車頭,NA,NA,駕駛人,違反號誌管制或指揮,否,120.18854,23.036841
20230608,20230608,2023,6,200300,A1,新北市政府警察局,新北市貢寮區長泰路17-2號前0.0公尺,晴,夜間(或隧道、地下道、涵洞)有照明,市區道路,50,單路部分,彎曲路及附近,路段,一般車道(未劃分快慢車道),柏油,乾燥,無缺陷,無障礙物,良好,良好,無號誌,無號誌,雙向禁止超車線,附標記,車道線(附標記),快慢車道分隔線,有,汽(機)車本身,撞動物,無(非車輛駕駛人因素),動物竄出,死亡1;受傷0,1,NA,NA,無或物(動物、堆置物),0,NA,NA,NA,NA,NA,NA,NA,NA,無(非車輛駕駛人因素),動物竄出,否,121.888322,25.023483
20230608,20230608,2023,6,200300,A1,新北市政府警察局,新北市貢寮區長泰路17-2號前0.0公尺,晴,夜間(或隧道、地下道、涵洞)有照明,市區道路,50,單路部分,彎曲路及附近,路段,一般車道(未劃分快慢車道),柏油,乾燥,無缺陷,無障礙物,良好,良好,無號誌,無號誌,雙向禁止超車線,附標記,車道線(附標記),快慢車道分隔線,有,汽(機)車本身,撞動物,無(非車輛駕駛人因素),動物竄出,死亡1;受傷0,2,機車,普通重型,男,49,戴安全帽或繫安全帶(使用幼童安全椅),未使用,車的狀態,向前直行中,其他,不明,其他,不明,無(車輛駕駛人因素),尚未發現肇事因素,否,121.888322,25.023483
20230608,20230608,2023,6,232000,A1,雲林縣警察局,雲林縣麥寮鄉施厝村仁德東路123號前,晴,夜間(或隧道、地下道、涵洞)有照明,縣道,50,單路部分,直路,路段,路肩、路緣,柏油,乾燥,無缺陷,無障礙物,良好,良好,無號誌,無號誌,行車分向線,無標記,未繪設車道線,未繪設快慢車道分隔線,有,汽(機)車本身,撞路樹、電桿,駕駛人,未注意車前狀態,死亡1;受傷0,1,機車,普通重型,男,39,未戴案全帽或未繫安全帶(未使用幼童安全椅),不明,車的狀態,向前直行中,機車,前車頭,NA,NA,駕駛人,未注意車前狀態,否,120.290532,23.794384
20230608,20230608,2023,6,232000,A1,雲林縣警察局,雲林縣麥寮鄉施厝村仁德東路123號前,晴,夜間(或隧道、地下道、涵洞)有照明,縣道,50,單路部分,直路,路段,路肩、路緣,柏油,乾燥,無缺陷,無障礙物,良好,良好,無號誌,無號誌,行車分向線,無標記,未繪設車道線,未繪設快慢車道分隔線,有,汽(機)車本身,撞路樹、電桿,駕駛人,未注意車前狀態,死亡1;受傷0,2,NA,NA,無或物(動物、堆置物),-1,NA,NA,NA,NA,NA,NA,NA,NA,無(非車輛駕駛人因素),尚未發現肇事因素,否,120.290532,23.794384
20230609,20230609,2023,6,094500,A1,新竹縣政府警察局,新竹縣竹東鎮北興路與朝陽路口(竹林大橋上),晴,日間自然光線,市區道路,50,交岔路,四岔路,交叉路口,交叉路口內,柏油,乾燥,無缺陷,無障礙物,良好,良好,行車管制號誌,正常,雙向禁止超車線,無標記,車道線(無標記),快慢車道分隔線,有,車與車,側撞,駕駛人,未依規定讓車,死亡1;受傷0,1,大貨車,自用,男,29,戴安全帽或繫安全帶(使用幼童安全椅),未使用,車的狀態,右轉彎,汽車,右側車身,NA,NA,駕駛人,未依規定讓車,否,121.088321,24.743939
20230609,20230609,2023,6,094500,A1,新竹縣政府警察局,新竹縣竹東鎮北興路與朝陽路口(竹林大橋上),晴,日間自然光線,市區道路,50,交岔路,四岔路,交叉路口,交叉路口內,柏油,乾燥,無缺陷,無障礙物,良好,良好,行車管制號誌,正常,雙向禁止超車線,無標記,車道線(無標記),快慢車道分隔線,有,車與車,側撞,駕駛人,未依規定讓車,死亡1;受傷0,2,機車,普通重型,女,54,戴安全帽或繫安全帶(使用幼童安全椅),未使用,車的狀態,向前直行中,機車,左側車身,NA,NA,駕駛人,未注意車前狀態,否,121.088321,24.743939
20230609,20230609,2023,6,100200,A1,屏東縣政府警察局,屏東縣琉球鄉相埔路口 / 屏東縣琉球鄉中興路口,晴,日間自然光線,鄉道,30,交岔路,三岔路,交叉路口,交叉口附近,柏油,乾燥,無缺陷,無障礙物,良好,良好,無號誌,無號誌,雙向禁止超車線,無標記,未繪設車道線,未繪設快慢車道分隔線,有,車與車,側撞,駕駛人,左轉彎未依規定,死亡1;受傷2,1,機車,普通重型,男,84,不明,未使用,車的狀態,左轉彎,機車,右側車身,NA,NA,駕駛人,左轉彎未依規定,否,120.374339,22.346172
20230609,20230609,2023,6,100200,A1,屏東縣政府警察局,屏東縣琉球鄉相埔路口 / 屏東縣琉球鄉中興路口,晴,日間自然光線,鄉道,30,交岔路,三岔路,交叉路口,交叉口附近,柏油,乾燥,無缺陷,無障礙物,良好,良好,無號誌,無號誌,雙向禁止超車線,無標記,未繪設車道線,未繪設快慢車道分隔線,有,車與車,側撞,駕駛人,左轉彎未依規定,死亡1;受傷2,2,機車,普通重型,男,18,未戴案全帽或未繫安全帶(未使用幼童安全椅),未使用,車的狀態,向前直行中,機車,前車頭,NA,NA,駕駛人,未注意車前狀態,否,120.374339,22.346172
20230609,20230609,2023,6,100200,A1,屏東縣政府警察局,屏東縣琉球鄉相埔路口 / 屏東縣琉球鄉中興路口,晴,日間自然光線,鄉道,30,交岔路,三岔路,交叉路口,交叉口附近,柏油,乾燥,無缺陷,無障礙物,良好,良好,無號誌,無號誌,雙向禁止超車線,無標記,未繪設車道線,未繪設快慢車道分隔線,有,車與車,側撞,駕駛人,左轉彎未依規定,死亡1;受傷2,3,人,乘客,女,18,未戴案全帽或未繫安全帶(未使用幼童安全椅),未使用,人的狀態,其他,其他,非汽(機)車,NA,NA,無(非車輛駕駛人因素),尚未發現肇事因素,否,120.374339,22.346172
20230609,20230609,2023,6,101000,A1,宜蘭縣政府警察局,宜蘭縣壯圍鄉大福路三段232巷7號前,晴,日間自然光線,縣道,60,單路部分,直路,路段,一般車道(未劃分快慢車道),柏油,乾燥,無缺陷,無障礙物,良好,良好,無號誌,無號誌,中央分向島,寛式(50公分以上),車道線(無標記),未繪設快慢車道分隔線,有,人與汽(機)車,穿越道路中,行人(或乘客),穿越道路未注意左右來車,死亡1;受傷0,1,人,行人,男,65,其他(無需使用保護裝備之人),非駕駛人,人的狀態,步行,其他,非汽(機)車,NA,NA,行人(或乘客),穿越道路未注意左右來車,否,121.77852,24.774956