accident_date,發生日期,發生年度,發生月份,發生時間,事故類別名稱,處理單位名稱警局層,發生地點,天候名稱,光線名稱,道路類別-第1當事者-名稱,速限-第1當事者,道路型態大類別名稱,道路型態子類別名稱,事故位置大類別名稱,事故位置子類別名稱,路面狀況-路面鋪裝名稱,路面狀況-路面狀態名稱,路面狀況-路面缺陷名稱,道路障礙-障礙物名稱,道路障礙-視距品質名稱,道路障礙-視距名稱,號誌-號誌種類名稱,號誌-號誌動作名稱,車道劃分設施-分向設施大類別名稱,車道劃分設施-分向設施子類別名稱,車道劃分設施-分道設施-快車道或一般車道間名稱,車道劃分設施-分道設施-快慢車道間名稱,車道劃分設施-分道設施-路面邊線名稱,事故類型及型態大類別名稱,事故類型及型態子類別名稱,肇因研判大類別名稱-主要,肇因研判子類別名稱-主要,死亡受傷人數,當事者順位,當事者區分-類別-大類別名稱-車種,當事者區分-類別-子類別名稱-車種,當事者屬-性-別名稱,當事者事故發生時年齡,保護裝備名稱,行動電話或電腦或其他相類功能裝置名稱,當事者行動狀態大類別名稱,當事者行動狀態子類別名稱,車輛撞擊部位大類別名稱-最初,車輛撞擊部位子類別名稱-最初,車輛撞擊部位大類別名稱-其他,車輛撞擊部位子類別名稱-其他,肇因研判大類別名稱-個別,肇因研判子類別名稱-個別,肇事逃逸類別名稱-是否肇逃,經度,緯度
20230613,20230613,2023,6,163500,A1,桃園市政府警察局,桃園市楊梅區高鐵南路十段附近 / 桃園市楊梅區高鐵南路十段附近,晴,日間自然光線,省道,70,交岔路,四岔路,交叉路口,交叉口附近,柏油,乾燥,無缺陷,無障礙物,良好,良好,無號誌,無號誌,中央分向島,寛式(50公分以上),車道線(無標記),快慢車道分隔線,有,車與車,追撞,駕駛人,超速失控,死亡1;受傷2,3,人,乘客,女,63,未戴案全帽或未繫安全帶(未使用幼童安全椅),非駕駛人,人的狀態,其他,其他,非汽(機)車,NA,NA,行人(或乘客),其他引起事故之疏失或行為,否,121.081683,24.900572
20230613,20230613,2023,6,170800,A1,苗栗縣警察局,苗栗縣獅潭鄉台三線107公里南下外線車道,晴,日間自然光線,縣道,60,單路部分,直路,路段,一般車道(未劃分快慢車道),柏油,乾燥,無缺陷,無障礙物,良好,良好,無號誌,無號誌,行車分向線,附標記,車道線(附標記),未繪設快慢車道分隔線,有,車與車,其他,駕駛人,右轉彎未依規定,死亡1;受傷0,1,機車,大型重型1(550C.C.以上),男,30,戴安全帽或繫安全帶(使用幼童安全椅),未使用,車的狀態,右轉彎,其他,不明,NA,NA,駕駛人,右轉彎未依規定,否,120.950389,24.588645
20230613,20230613,2023,6,170800,A1,苗栗縣警察局,苗栗縣獅潭鄉台三線107公里南下外線車道,晴,日間自然光線,縣道,60,單路部分,直路,路段,一般車道(未劃分快慢車道),柏油,乾燥,無缺陷,無障礙物,良好,良好,無號誌,無號誌,行車分向線,附標記,車道線(附標記),未繪設快慢車道分隔線,有,車與車,其他,駕駛人,右轉彎未依規定,死亡1;受傷0,2,小貨車(含客、貨兩用),營業用,男,51,戴安全帽或繫安全帶(使用幼童安全椅),未使用,車的狀態,向前直行中,汽車,右前車頭(身),NA,NA,無(車輛駕駛人因素),尚未發現肇事因素,否,120.950389,24.588645
20230613,20230613,2023,6,184000,A1,彰化縣警察局,彰化縣大村鄉福興村東美路前0.0公尺,陰,日間自然光線,村里道路,50,單路部分,直路,路段,一般車道(未劃分快慢車道),柏油,乾燥,無缺陷,無障礙物,良好,良好,無號誌,無號誌,行車分向線,無標記,未繪設車道線,未繪設快慢車道分隔線,有,汽(機)車本身,撞護欄(樁),駕駛人,未注意車前狀態,死亡1;受傷0,1,機車,普通重型,男,66,不明,不明,車的狀態,向前直行中,機車,右側車身,NA,NA,駕駛人,未注意車前狀態,否,120.585481,23.988278
20230613,20230613,2023,6,184000,A1,彰化縣警察局,彰化縣大村鄉福興村東美路前0.0公尺,陰,日間自然光線,村里道路,50,單路部分,直路,路段,一般車道(未劃分快慢車道),柏油,乾燥,無缺陷,無障礙物,良好,良好,無號誌,無號誌,行車分向線,無標記,未繪設車道線,未繪設快慢車道分隔線,有,汽(機)車本身,撞護欄(樁),駕駛人,未注意車前狀態,死亡1;受傷0,2,NA,NA,無或物(動物、堆置物),0,NA,NA,NA,NA,NA,NA,NA,NA,無(非車輛駕駛人因素),尚未發現肇事因素,否,120.585481,23.988278
20230614,20230614,2023,6,075000,A1,雲林縣警察局,雲林縣虎尾鎮廉使里虎興東二路與永興南三街口,晴,日間自然光線,村里道路,50,交岔路,四岔路,交叉路口,交叉路口內,柏油,乾燥,無缺陷,無障礙物,良好,良好,無號誌,無號誌,雙向禁止超車線,無標記,車道線(無標記),未繪設快慢車道分隔線,有,車與車,路口交岔撞,駕駛人,未依規定讓車,死亡1;受傷0,1,機車,普通重型,男,64,戴安全帽或繫安全帶(使用幼童安全椅),未使用,車的狀態,向前直行中,機車,右側車身,NA,NA,駕駛人,未依規定讓車,否,120.416171,23.72618
20230614,20230614,2023,6,075000,A1,雲林縣警察局,雲林縣虎尾鎮廉使里虎興東二路與永興南三街口,晴,日間自然光線,村里道路,50,交岔路,四岔路,交叉路口,交叉路口內,柏油,乾燥,無缺陷,無障礙物,良好,良好,無號誌,無號誌,雙向禁止超車線,無標記,車道線(無標記),未繪設快慢車道分隔線,有,車與車,路口交岔撞,駕駛人,未依規定讓車,死亡1;受傷0,2,小客車,自用,男,44,戴安全帽或繫安全帶(使用幼童安全椅),未使用,車的狀態,向前直行中,汽車,左前車頭(身),NA,NA,駕駛人,未依規定減速,否,120.416171,23.72618
20230614,20230614,2023,6,075848,A1,雲林縣警察局,雲林縣古坑鄉永興路145號前0.0公尺,陰,日間自然光線,省道,60,單路部分,直路,路段,機車專用道,柏油,濕潤,無缺陷,無障礙物,良好,良好,行車管制號誌,正常,雙向禁止超車線,附標記,車道線(無標記),快慢車道分隔線,有,車與車,追撞,駕駛人,未注意車前狀態,死亡1;受傷0,1,小客車,自用,男,29,戴安全帽或繫安全帶(使用幼童安全椅),不明,車的狀態,向前直行中,汽車,前車頭,NA,NA,駕駛人,未注意車前狀態,是,120.54982,23.623906
20230614,20230614,2023,6,075848,A1,雲林縣警察局,雲林縣古坑鄉永興路145號前0.0公尺,陰,日間自然光線,省道,60,單路部分,直路,路段,機車專用道,柏油,濕潤,無缺陷,無障礙物,良好,良好,行車管制號誌,正常,雙向禁止超車線,附標記,車道線(無標記),快慢車道分隔線,有,車與車,追撞,駕駛人,未注意車前狀態,死亡1;受傷0,2,慢車,其他慢車,女,78,其他(無需使用保護裝備之人),非駕駛人,車的狀態,向前直行中,其他,非汽(機)車,NA,NA,無(車輛駕駛人因素),尚未發現肇事因素,否,120.54982,23.623906
20230614,20230614,2023,6,080300,A1,臺東縣警察局,臺東縣成功鎮台11線 118公里附近,晴,日間自然光線,省道,50,單路部分,直路,路段,路肩、路緣,柏油,乾燥,無缺陷,無障礙物,良好,良好,無號誌,無號誌,雙向禁止超車線,附標記,未繪設車道線,快慢車道分隔線,有,汽(機)車本身,撞路樹、電桿,駕駛人,疲勞(患病)駕駛失控,死亡2;受傷0,1,機車,普通重型,女,36,戴安全帽或繫安全帶(使用幼童安全椅),未使用,車的狀態,向前直行中,機車,前車頭,NA,NA,駕駛人,疲勞(患病)駕駛失控,否,121.07137,22.797245
20230614,20230614,2023,6,080300,A1,臺東縣警察局,臺東縣成功鎮台11線 118公里附近,晴,日間自然光線,省道,50,單路部分,直路,路段,路肩、路緣,柏油,乾燥,無缺陷,無障礙物,良好,良好,無號誌,無號誌,雙向禁止超車線,附標記,未繪設車道線,快慢車道分隔線,有,汽(機)車本身,撞路樹、電桿,駕駛人,疲勞(患病)駕駛失控,死亡2;受傷0,2,NA,NA,無或物(動物、堆置物),-1,NA,NA,NA,NA,NA,NA,NA,NA,無(非車輛駕駛人因素),尚未發現肇事因素,否,121.07137,22.797245
20230614,20230614,2023,6,080300,A1,臺東縣警察局,臺東縣成功鎮台11線 118公里附近,晴,日間自然光線,省道,50,單路部分,直路,路段,路肩、路緣,柏油,乾燥,無缺陷,無障礙物,良好,良好,無號誌,無號誌,雙向禁止超車線,附標記,未繪設車道線,快慢車道分隔線,有,汽(機)車本身,撞路樹、電桿,駕駛人,疲勞(患病)駕駛失控,死亡2;受傷0,3,人,乘客,女,37,戴安全帽或繫安全帶(使用幼童安全椅),未使用,人的狀態,其他,其他,非汽(機)車,NA,NA,無(非車輛駕駛人因素),尚未發現肇事因素,否,121.07137,22.797245
20230614,20230614,2023,6,101800,A1,臺南市政府警察局,臺南市歸仁區民族南街22號前,晴,日間自然光線,市區道路,50,交岔路,四岔路,交叉路口,交叉口附近,柏油,乾燥,無缺陷,無障礙物,良好,良好,無號誌,無號誌,雙向禁止超車線,無標記,未繪設車道線,未繪設快慢車道分隔線,有,車與車,其他,駕駛人,未注意車前狀態,死亡1;受傷0,1,小客車,自用,男,61,不明,不明,車的狀態,向前直行中,汽車,前車頭,NA,NA,駕駛人,未注意車前狀態,否,120.292044,22.96633
20230614,20230614,2023,6,101800,A1,臺南市政府警察局,臺南市歸仁區民族南街22號前,晴,日間自然光線,市區道路,50,交岔路,四岔路,交叉路口,交叉口附近,柏油,乾燥,無缺陷,無障礙物,良好,良好,無號誌,無號誌,雙向禁止超車線,無標記,未繪設車道線,未繪設快慢車道分隔線,有,車與車,其他,駕駛人,未注意車前狀態,死亡1;受傷0,2,機車,普通重型,男,75,戴安全帽或繫安全帶(使用幼童安全椅),未使用,車的狀態,向前直行中,機車,後車尾,NA,NA,無(車輛駕駛人因素),尚未發現肇事因素,否,120.292044,22.96633
20230614,20230614,2023,6,101800,A1,臺南市政府警察局,臺南市歸仁區民族南街22號前,晴,日間自然光線,市區道路,50,交岔路,四岔路,交叉路口,交叉口附近,柏油,乾燥,無缺陷,無障礙物,良好,良好,無號誌,無號誌,雙向禁止超車線,無標記,未繪設車道線,未繪設快慢車道分隔線,有,車與車,其他,駕駛人,未注意車前狀態,死亡1;受傷0,3,機車,普通重型,女,71,戴安全帽或繫安全帶(使用幼童安全椅),未使用,車的狀態,等待(引擎未熄火),機車,後車尾,NA,NA,無(車輛駕駛人因素),尚未發現肇事因素,是,120.292044,22.96633
20230614,20230614,2023,6,101800,A1,臺南市政府警察局,臺南市歸仁區民族南街22號前,晴,日間自然光線,市區道路,50,交岔路,四岔路,交叉路口,交叉口附近,柏油,乾燥,無缺陷,無障礙物,良好,良好,無號誌,無號誌,雙向禁止超車線,無標記,未繪設車道線,未繪設快慢車道分隔線,有,車與車,其他,駕駛人,未注意車前狀態,死亡1;受傷0,4,機車,普通重型,男,62,未戴案全帽或未繫安全帶(未使用幼童安全椅),未使用,車的狀態,靜止(引擎熄火),其他,不明,NA,NA,無(車輛駕駛人因素),尚未發現肇事因素,否,120.292044,22.96633
20230614,20230614,2023,6,101800,A1,臺南市政府警察局,臺南市歸仁區民族南街22號前,晴,日間自然光線,市區道路,50,交岔路,四岔路,交叉路口,交叉口附近,柏油,乾燥,無缺陷,無障礙物,良好,良好,無號誌,無號誌,雙向禁止超車線,無標記,未繪設車道線,未繪設快慢車道分隔線,有,車與車,其他,駕駛人,未注意車前狀態,死亡1;受傷0,5,機車,普通重型,男,62,未戴案全帽或未繫安全帶(未使用幼童安全椅),未使用,車的狀態,靜止(引擎熄火),其他,不明,NA,NA,無(車輛駕駛人因素),尚未發現肇事因素,否,120.292044,22.96633
20230614,20230614,2023,6,101800,A1,臺南市政府警察局,臺南市歸仁區民族南街22號前,晴,日間自然光線,市區道路,50,交岔路,四岔路,交叉路口,交叉口附近,柏油,乾燥,無缺陷,無障礙物,良好,良好,無號誌,無號誌,雙向禁止超車線,無標記,未繪設車道線,未繪設快慢車道分隔線,有,車與車,其他,駕駛人,未注意車前狀態,死亡1;受傷0,6,機車,普通重型,女,56,未戴案全帽或未繫安全帶(未使用幼童安全椅),未使用,車的狀態,靜止(引擎熄火),其他,不明,NA,NA,無(車輛駕駛人因素),尚未發現肇事因素,否,120.292044,22.96633
20230614,20230614,2023,6,101800,A1,臺南市政府警察局,臺南市歸仁區民族南街22號前,晴,日間自然光線,市區道路,50,交岔路,四岔路,交叉路口,交叉口附近,柏油,乾燥,無缺陷,無障礙物,良好,良好,無號誌,無號誌,雙向禁止超車線,無標記,未繪設車道線,未繪設快慢車道分隔線,有,車與車,其他,駕駛人,未注意車前狀態,死亡1;受傷0,7,機車,普通重型,女,63,未戴案全帽或未繫安全帶(未使用幼童安全椅),未使用,車的狀態,靜止(引擎熄火),其他,不明,NA,NA,無(車輛駕駛人因素),尚未發現肇事因素,否,120.292044,22.96633
20230614,20230614,2023,6,101800,A1,臺南市政府警察局,臺南市歸仁區民族南街22號前,晴,日間自然光線,市區道路,50,交岔路,四岔路,交叉路口,交叉口附近,柏油,乾燥,無缺陷,無障礙物,良好,良好,無號誌,無號誌,雙向禁止超車線,無標記,未繪設車道線,未繪設快慢車道分隔線,有,車與車,其他,駕駛人,未注意車前狀態,死亡1;受傷0,8,機車,普通重型,女,81,未戴案全帽或未繫安全帶(未使用幼童安全椅),未使用,車的狀態,靜止(引擎熄火),其他,不明,NA,NA,無(車輛駕駛人因素),尚未發現肇事因素,否,120.292044,22.96633
20230614,20230614,2023,6,101800,A1,臺南市政府警察局,臺南市歸仁區民族南街22號前,晴,日間自然光線,市區道路,50,交岔路,四岔路,交叉路口,交叉口附近,柏油,乾燥,無缺陷,無障礙物,良好,良好,無號誌,無號誌,雙向禁止超車線,無標記,未繪設車道線,未繪設快慢車道分隔線,有,車與車,其他,駕駛人,未注意車前狀態,死亡1;受傷0,9,機車,普通重型,女,39,未戴案全帽或未繫安全帶(未使用幼童安全椅),未使用,車的狀態,靜止(引擎熄火),其他,不明,NA,NA,無(車輛駕駛人因素),尚未發現肇事因素,否,120.292044,22.96633
20230614,20230614,2023,6,101800,A1,臺南市政府警察局,臺南市歸仁區民族南街22號前,晴,日間自然光線,市區道路,50,交岔路,四岔路,交叉路口,交叉口附近,柏油,乾燥,無缺陷,無障礙物,良好,良好,無號誌,無號誌,雙向禁止超車線,無標記,未繪設車道線,未繪設快慢車道分隔線,有,車與車,其他,駕駛人,未注意車前狀態,死亡1;受傷0,10,機車,普通重型,女,28,未戴案全帽或未繫安全帶(未使用幼童安全椅),未使用,車的狀態,靜止(引擎熄火),其他,不明,NA,NA,無(車輛駕駛人因素),尚未發現肇事因素,否,120.292044,22.96633
20230614,20230614,2023,6,101800,A1,臺南市政府警察局,臺南市歸仁區民族南街22號前,晴,日間自然光線,市區道路,50,交岔路,四岔路,交叉路口,交叉口附近,柏油,乾燥,無缺陷,無障礙物,良好,良好,無號誌,無號誌,雙向禁止超車線,無標記,未繪設車道線,未繪設快慢車道分隔線,有,車與車,其他,駕駛人,未注意車前狀態,死亡1;受傷0,11,機車,普通重型,男,74,未戴案全帽或未繫安全帶(未使用幼童安全椅),未使用,車的狀態,靜止(引擎熄火),其他,不明,NA,NA,無(車輛駕駛人因素),尚未發現肇事因素,否,120.292044,22.96633
20230614,20230614,2023,6,101800,A1,臺南市政府警察局,臺南市歸仁區民族南街22號前,晴,日間自然光線,市區道路,50,交岔路,四岔路,交叉路口,交叉口附近,柏油,乾燥,無缺陷,無障礙物,良好,良好,無號誌,無號誌,雙向禁止超車線,無標記,未繪設車道線,未繪設快慢車道分隔線,有,車與車,其他,駕駛人,未注意車前狀態,死亡1;受傷0,12,機車,普通重型,女,65,未戴案全帽或未繫安全帶(未使用幼童安全椅),未使用,車的狀態,靜止(引擎熄火),其他,不明,NA,NA,無(車輛駕駛人因素),尚未發現肇事因素,否,120.292044,22.96633
20230614,20230614,2023,6,101800,A1,臺南市政府警察局,臺南市歸仁區民族南街22號前,晴,日間自然光線,市區道路,50,交岔路,四岔路,交叉路口,交叉口附近,柏油,乾燥,無缺陷,無障礙物,良好,良好,無號誌,無號誌,雙向禁止超車線,無標記,未繪設車道線,未繪設快慢車道分隔線,有,車與車,其他,駕駛人,未注意車前狀態,死亡1;受傷0,13,機車,普通重型,女,24,未戴案全帽或未繫安全帶(未使用幼童安全椅),未使用,車的狀態,靜止(引擎熄火),其他,不明,NA,NA,無(車輛駕駛人因素),尚未發現肇事因素,否,120.292044,22.96633
20230614,20230614,2023,6,101800,A1,臺南市政府警察局,臺南市歸仁區民族南街22號前,晴,日間自然光線,市區道路,50,交岔路,四岔路,交叉路口,交叉口附近,柏油,乾燥,無缺陷,無障礙物,良好,良好,無號誌,無號誌,雙向禁止超車線,無標記,未繪設車道線,未繪設快慢車道分隔線,有,車與車,其他,駕駛人,未注意車前狀態,死亡1;受傷0,14,機車,普通重型,男,73,未戴案全帽或未繫安全帶(未使用幼童安全椅),未使用,車的狀態,靜止(引擎熄火),其他,不明,NA,NA,無(車輛駕駛人因素),尚未發現肇事因素,否,120.292044,22.96633
20230614,20230614,2023,6,101800,A1,臺南市政府警察局,臺南市歸仁區民族南街22號前,晴,日間自然光線,市區道路,50,交岔路,四岔路,交叉路口,交叉口附近,柏油,乾燥,無缺陷,無障礙物,良好,良好,無號誌,無號誌,雙向禁止超車線,無標記,未繪設車道線,未繪設快慢車道分隔線,有,車與車,其他,駕駛人,未注意車前狀態,死亡1;受傷0,15,小客車,自用,男,65,未戴案全帽或未繫安全帶(未使用幼童安全椅),未使用,車的狀態,靜止(引擎熄火),其他,不明,NA,NA,無(車輛駕駛人因素),尚未發現肇事因素,否,120.292044,22.96633
20230614,20230614,2023,6,151300,A1,臺中市政府警察局,臺中市大肚區福山里沙田路一段474號前0.0公尺,晴,日間自然光線,市區道路,50,單路部分,直路,路段,快車道,柏油,乾燥,無缺陷,無障礙物,良好,良好,無號誌,無號誌,中央分向島,寛式(50公分以上),車道線(無標記),快慢車道分隔線,有,車與車,同向擦撞,駕駛人,未保持行車安全間隔,死亡1;受傷0,1,曳引車,營業用,男,28,戴安全帽或繫安全帶(使用幼童安全椅),未使用,車的狀態,向前直行中,汽車,右側車身,NA,NA,駕駛人,未保持行車安全間隔,否,120.564003,24.123643
20230614,20230614,2023,6,151300,A1,臺中市政府警察局,臺中市大肚區福山里沙田路一段474號前0.0公尺,晴,日間自然光線,市區道路,50,單路部分,直路,路段,快車道,柏油,乾燥,無缺陷,無障礙物,良好,良好,無號誌,無號誌,中央分向島,寛式(50公分以上),車道線(無標記),快慢車道分隔線,有,車與車,同向擦撞,駕駛人,未保持行車安全間隔,死亡1;受傷0,2,機車,普通重型,男,69,戴安全帽或繫安全帶(使用幼童安全椅),未使用,車的狀態,向前直行中,機車,左側車身,NA,NA,駕駛人,未保持行車安全間隔,否,120.564003,24.123643
20230614,20230614,2023,6,151300,A1,臺中市政府警察局,臺中市大肚區福山里沙田路一段474號前0.0公尺,晴,日間自然光線,市區道路,50,單路部分,直路,路段,快車道,柏油,乾燥,無缺陷,無障礙物,良好,良好,無號誌,無號誌,中央分向島,寛式(50公分以上),車道線(無標記),快慢車道分隔線,有,車與車,同向擦撞,駕駛人,未保持行車安全間隔,死亡1;受傷0,3,小貨車(含客、貨兩用),自用,男,29,不明,未使用,車的狀態,靜止(引擎熄火),汽車,左後車尾(身),NA,NA,其他,違規停車或暫停不當而肇事,否,120.564003,24.123643
20230614,20230614,2023,6,161638,A1,屏東縣政府警察局,屏東縣潮州鎮屏185甲線16公里處,晴,日間自然光線,市區道路,60,單路部分,直路,路段,路肩、路緣,柏油,乾燥,無缺陷,無障礙物,良好,良好,無號誌,無號誌,雙向禁止超車線,附標記,未繪設車道線,快慢車道分隔線,有,汽(機)車本身,路上翻車、摔倒,駕駛人,酒醉(後)駕駛失控,死亡1;受傷0,1,機車,普通重型,男,41,戴安全帽或繫安全帶(使用幼童安全椅),未使用,車的狀態,向前直行中,機車,前車頭,NA,NA,駕駛人,酒醉(後)駕駛失控,否,120.590099,22.541355
20230614,20230614,2023,6,161638,A1,屏東縣政府警察局,屏東縣潮州鎮屏185甲線16公里處,晴,日間自然光線,市區道路,60,單路部分,直路,路段,路肩、路緣,柏油,乾燥,無缺陷,無障礙物,良好,良好,無號誌,無號誌,雙向禁止超車線,附標記,未繪設車道線,快慢車道分隔線,有,汽(機)車本身,路上翻車、摔倒,駕駛人,酒醉(後)駕駛失控,死亡1;受傷0,2,NA,NA,無或物(動物、堆置物),-1,NA,NA,NA,NA,NA,NA,NA,NA,無(非車輛駕駛人因素),尚未發現肇事因素,否,120.590099,22.541355
20230614,20230614,2023,6,175400,A1,新竹縣政府警察局,新竹縣新豐鄉後湖村後湖子34之5號,晴,晨或暮光,省道,60,單路部分,彎曲路及附近,路段,路肩、路緣,柏油,乾燥,無缺陷,無障礙物,良好,良好,無號誌,無號誌,中央分向島,寛式(50公分以上),車道線(無標記),未繪設快慢車道分隔線,有,汽(機)車本身,衝出路外,駕駛人,超速失控,死亡1;受傷2,1,小貨車(含客、貨兩用),自用,男,20,不明,不明,車的狀態,向前直行中,汽車,左側車身,NA,NA,駕駛人,超速失控,否,121.002406,24.937472
20230614,20230614,2023,6,175400,A1,新竹縣政府警察局,新竹縣新豐鄉後湖村後湖子34之5號,晴,晨或暮光,省道,60,單路部分,彎曲路及附近,路段,路肩、路緣,柏油,乾燥,無缺陷,無障礙物,良好,良好,無號誌,無號誌,中央分向島,寛式(50公分以上),車道線(無標記),未繪設快慢車道分隔線,有,汽(機)車本身,衝出路外,駕駛人,超速失控,死亡1;受傷2,2,NA,NA,無或物(動物、堆置物),-1,NA,NA,NA,NA,NA,NA,NA,NA,無(非車輛駕駛人因素),尚未發現肇事因素,否,121.002406,24.937472
20230614,20230614,2023,6,175400,A1,新竹縣政府警察局,新竹縣新豐鄉後湖村後湖子34之5號,晴,晨或暮光,省道,60,單路部分,彎曲路及附近,路段,路肩、路緣,柏油,乾燥,無缺陷,無障礙物,良好,良好,無號誌,無號誌,中央分向島,寛式(50公分以上),車道線(無標記),未繪設快慢車道分隔線,有,汽(機)車本身,衝出路外,駕駛人,超速失控,死亡1;受傷2,3,人,乘客,男,19,不明,非駕駛人,人的狀態,其他,其他,非汽(機)車,NA,NA,無(非車輛駕駛人因素),尚未發現肇事因素,否,121.002406,24.937472
20230614,20230614,2023,6,175400,A1,新竹縣政府警察局,新竹縣新豐鄉後湖村後湖子34之5號,晴,晨或暮光,省道,60,單路部分,彎曲路及附近,路段,路肩、路緣,柏油,乾燥,無缺陷,無障礙物,良好,良好,無號誌,無號誌,中央分向島,寛式(50公分以上),車道線(無標記),未繪設快慢車道分隔線,有,汽(機)車本身,衝出路外,駕駛人,超速失控,死亡1;受傷2,4,人,乘客,男,18,不明,非駕駛人,人的狀態,其他,其他,非汽(機)車,NA,NA,無(非車輛駕駛人因素),尚未發現肇事因素,否,121.002406,24.937472
20230614,20230614,2023,6,202400,A1,臺中市政府警察局,臺中市北區錦洲里進化路 / 臺中市北區錦洲里富強街,陰,夜間(或隧道、地下道、涵洞)有照明,市區道路,50,交岔路,三岔路,交叉路口,交叉路口內,柏油,乾燥,無缺陷,無障礙物,良好,良好,行車管制號誌,正常,中央分向島,寛式(50公分以上),車道線(無標記),快慢車道分隔線,無,車與車,側撞,駕駛人,變換車道或方向不當,死亡1;受傷0,1,機車,普通重型,男,28,戴安全帽或繫安全帶(使用幼童安全椅),未使用,車的狀態,向左變換車道,其他,不明,NA,NA,駕駛人,變換車道或方向不當,否,120.694446,24.158399
20230614,20230614,2023,6,202400,A1,臺中市政府警察局,臺中市北區錦洲里進化路 / 臺中市北區錦洲里富強街,陰,夜間(或隧道、地下道、涵洞)有照明,市區道路,50,交岔路,三岔路,交叉路口,交叉路口內,柏油,乾燥,無缺陷,無障礙物,良好,良好,行車管制號誌,正常,中央分向島,寛式(50公分以上),車道線(無標記),快慢車道分隔線,無,車與車,側撞,駕駛人,變換車道或方向不當,死亡1;受傷0,2,小客車,自用,男,20,戴安全帽或繫安全帶(使用幼童安全椅),未使用,車的狀態,向前直行中,汽車,右前車頭(身),NA,NA,駕駛人,未注意車前狀態,否,120.694446,24.158399
20230615,20230615,2023,6,110500,A1,臺中市政府警察局,臺中市南區福平里復興路二段 / 臺中市南區福平里福新街,晴,日間自然光線,市區道路,50,交岔路,三岔路,交叉路口,交叉路口內,柏油,乾燥,無缺陷,無障礙物,良好,良好,行車管制號誌,正常,無,無分向設施,未繪設車道線,未繪設快慢車道分隔線,無,人與汽(機)車,穿越道路中,駕駛人,搶越行人穿越道,死亡1;受傷0,1,小客車,自用,男,77,戴安全帽或繫安全帶(使用幼童安全椅),未使用,車的狀態,向前直行中,汽車,前車頭,NA,NA,駕駛人,搶越行人穿越道,否,120.665777,24.127008
20230615,20230615,2023,6,110500,A1,臺中市政府警察局,臺中市南區福平里復興路二段 / 臺中市南區福平里福新街,晴,日間自然光線,市區道路,50,交岔路,三岔路,交叉路口,交叉路口內,柏油,乾燥,無缺陷,無障礙物,良好,良好,行車管制號誌,正常,無,無分向設施,未繪設車道線,未繪設快慢車道分隔線,無,人與汽(機)車,穿越道路中,駕駛人,搶越行人穿越道,死亡1;受傷0,2,人,行人,女,59,其他(無需使用保護裝備之人),非駕駛人,人的狀態,步行,其他,非汽(機)車,NA,NA,無(非車輛駕駛人因素),尚未發現肇事因素,否,120.665777,24.127008
20230615,20230615,2023,6,213200,A1,臺北市政府警察局,臺北市北投區承德路7段 / 臺北市北投區大度路1段,陰,夜間(或隧道、地下道、涵洞)有照明,市區道路,50,交岔路,多岔路,交叉路口,交叉路口內,柏油,乾燥,無缺陷,無障礙物,良好,良好,行車管制號誌,正常,中央分向島,寛式(50公分以上),車道線(無標記),未繪設快慢車道分隔線,無,汽(機)車本身,其他,駕駛人,未注意車前狀態,死亡1;受傷0,1,機車,普通重型,男,19,戴安全帽或繫安全帶(使用幼童安全椅),不明,車的狀態,左轉彎,機車,前車頭,機車,前車頭,駕駛人,未注意車前狀態,否,121.499554,25.121305
20230615,20230615,2023,6,213200,A1,臺北市政府警察局,臺北市北投區承德路7段 / 臺北市北投區大度路1段,陰,夜間(或隧道、地下道、涵洞)有照明,市區道路,50,交岔路,多岔路,交叉路口,交叉路口內,柏油,乾燥,無缺陷,無障礙物,良好,良好,行車管制號誌,正常,中央分向島,寛式(50公分以上),車道線(無標記),未繪設快慢車道分隔線,無,汽(機)車本身,其他,駕駛人,未注意車前狀態,死亡1;受傷0,2,NA,NA,無或物(動物、堆置物),0,NA,NA,NA,NA,NA,NA,NA,NA,無(非車輛駕駛人因素),尚未發現肇事因素,否,121.499554,25.121305
20230616,20230616,2023,6,133414,A1,宜蘭縣政府警察局,宜蘭縣蘇澳鎮台2戊線 12公里400.0公尺處北側,雨,日間自然光線,省道,60,單路部分,直路,路段,一般車道(未劃分快慢車道),柏油,濕潤,無缺陷,無障礙物,良好,良好,無號誌,無號誌,雙向禁止超車線,附標記,禁止變換車道線(附標記),未繪設快慢車道分隔線,有,汽(機)車本身,撞護欄(樁),駕駛人,酒醉(後)駕駛失控,死亡1;受傷1,1,機車,普通重型,男,79,戴安全帽或繫安全帶(使用幼童安全椅),未使用,車的狀態,向前直行中,機車,右側車身,NA,NA,駕駛人,酒醉(後)駕駛失控,否,121.859809,24.590273