accident_date,發生日期,發生年度,發生月份,發生時間,事故類別名稱,處理單位名稱警局層,發生地點,天候名稱,光線名稱,道路類別-第1當事者-名稱,速限-第1當事者,道路型態大類別名稱,道路型態子類別名稱,事故位置大類別名稱,事故位置子類別名稱,路面狀況-路面鋪裝名稱,路面狀況-路面狀態名稱,路面狀況-路面缺陷名稱,道路障礙-障礙物名稱,道路障礙-視距品質名稱,道路障礙-視距名稱,號誌-號誌種類名稱,號誌-號誌動作名稱,車道劃分設施-分向設施大類別名稱,車道劃分設施-分向設施子類別名稱,車道劃分設施-分道設施-快車道或一般車道間名稱,車道劃分設施-分道設施-快慢車道間名稱,車道劃分設施-分道設施-路面邊線名稱,事故類型及型態大類別名稱,事故類型及型態子類別名稱,肇因研判大類別名稱-主要,肇因研判子類別名稱-主要,死亡受傷人數,當事者順位,當事者區分-類別-大類別名稱-車種,當事者區分-類別-子類別名稱-車種,當事者屬-性-別名稱,當事者事故發生時年齡,保護裝備名稱,行動電話或電腦或其他相類功能裝置名稱,當事者行動狀態大類別名稱,當事者行動狀態子類別名稱,車輛撞擊部位大類別名稱-最初,車輛撞擊部位子類別名稱-最初,車輛撞擊部位大類別名稱-其他,車輛撞擊部位子類別名稱-其他,肇因研判大類別名稱-個別,肇因研判子類別名稱-個別,肇事逃逸類別名稱-是否肇逃,經度,緯度
20230619,20230619,2023,6,095506,A1,國道公路警察局,苗栗縣通霄鎮國道3號 141公里北側向路肩,晴,日間自然光線,國道,90,單路部分,直路,路段,快車道,柏油,乾燥,無缺陷,無障礙物,良好,良好,無號誌,無號誌,中央分向島,寛式(50公分以上),車道線(附標記),未繪設快慢車道分隔線,有,車與車,同向擦撞,駕駛人,變換車道或方向不當,死亡2;受傷0,3,小貨車(含客、貨兩用),自用,男,47,不明,未使用,車的狀態,等待(引擎未熄火),汽車,後車尾,NA,NA,無(車輛駕駛人因素),尚未發現肇事因素,否,120.704254,24.49187
20230619,20230619,2023,6,132900,A1,臺南市政府警察局,臺南市六甲區林鳳營281號旁,晴,日間自然光線,省道,40,單路部分,直路,路段,路肩、路緣,柏油,乾燥,無缺陷,無障礙物,良好,良好,無號誌,無號誌,中央分向島,寛式(50公分以上),車道線(無標記),快慢車道分隔線,有,汽(機)車本身,撞路樹、電桿,駕駛人,未注意車前狀態,死亡1;受傷0,1,機車,普通重型,男,21,戴安全帽或繫安全帶(使用幼童安全椅),未使用,車的狀態,向前直行中,機車,右側車身,NA,NA,駕駛人,未注意車前狀態,否,120.310388,23.228398
20230619,20230619,2023,6,132900,A1,臺南市政府警察局,臺南市六甲區林鳳營281號旁,晴,日間自然光線,省道,40,單路部分,直路,路段,路肩、路緣,柏油,乾燥,無缺陷,無障礙物,良好,良好,無號誌,無號誌,中央分向島,寛式(50公分以上),車道線(無標記),快慢車道分隔線,有,汽(機)車本身,撞路樹、電桿,駕駛人,未注意車前狀態,死亡1;受傷0,2,NA,NA,無或物(動物、堆置物),-1,NA,NA,NA,NA,NA,NA,NA,NA,無(非車輛駕駛人因素),尚未發現肇事因素,否,120.310388,23.228398
20230619,20230619,2023,6,181800,A1,雲林縣警察局,雲林縣西螺鎮新安里新興路與市場南路,晴,日間自然光線,村里道路,50,交岔路,四岔路,交叉路口,交叉路口內,柏油,乾燥,無缺陷,無障礙物,良好,良好,行車管制號誌,正常,無,無分向設施,未繪設車道線,未繪設快慢車道分隔線,無,車與車,側撞,駕駛人,未依規定讓車,死亡1;受傷0,1,大貨車,營業用,男,39,戴安全帽或繫安全帶(使用幼童安全椅),未使用,車的狀態,右轉彎,汽車,前車頭,NA,NA,駕駛人,未依規定讓車,否,120.453006,23.782161
20230619,20230619,2023,6,181800,A1,雲林縣警察局,雲林縣西螺鎮新安里新興路與市場南路,晴,日間自然光線,村里道路,50,交岔路,四岔路,交叉路口,交叉路口內,柏油,乾燥,無缺陷,無障礙物,良好,良好,行車管制號誌,正常,無,無分向設施,未繪設車道線,未繪設快慢車道分隔線,無,車與車,側撞,駕駛人,未依規定讓車,死亡1;受傷0,2,慢車,腳踏自行車,女,52,戴安全帽或繫安全帶(使用幼童安全椅),未使用,車的狀態,向前直行中,其他,非汽(機)車,NA,NA,無(車輛駕駛人因素),尚未發現肇事因素,否,120.453006,23.782161
20230619,20230619,2023,6,193400,A1,臺北市政府警察局,臺北市松山區民生東路4段 / 臺北市松山區民生東路4段,晴,夜間(或隧道、地下道、涵洞)有照明,市區道路,50,交岔路,四岔路,交叉路口,交叉路口內,柏油,乾燥,無缺陷,無障礙物,良好,良好,行車管制號誌(附設行人專用號誌),正常,中央分向島,寛式(50公分以上),車道線(無標記),未繪設快慢車道分隔線,無,車與車,側撞,駕駛人,變換車道或方向不當,死亡1;受傷0,1,機車,普通重型,男,67,戴安全帽或繫安全帶(使用幼童安全椅),未使用,車的狀態,向左變換車道,機車,左側車身,機車,左側車身,駕駛人,變換車道或方向不當,否,121.55441,25.058167
20230619,20230619,2023,6,193400,A1,臺北市政府警察局,臺北市松山區民生東路4段 / 臺北市松山區民生東路4段,晴,夜間(或隧道、地下道、涵洞)有照明,市區道路,50,交岔路,四岔路,交叉路口,交叉路口內,柏油,乾燥,無缺陷,無障礙物,良好,良好,行車管制號誌(附設行人專用號誌),正常,中央分向島,寛式(50公分以上),車道線(無標記),未繪設快慢車道分隔線,無,車與車,側撞,駕駛人,變換車道或方向不當,死亡1;受傷0,2,小貨車(含客、貨兩用),自用,男,57,戴安全帽或繫安全帶(使用幼童安全椅),未使用,車的狀態,向前直行中,汽車,右側車身,汽車,右側車身,駕駛人,未注意車前狀態,否,121.55441,25.058167
20230620,20230620,2023,6,005600,A1,嘉義市政府警察局,嘉義市東區蘭潭里環潭公路前0.0公尺,晴,夜間(或隧道、地下道、涵洞)有照明,市區道路,40,單路部分,彎曲路及附近,路段,一般車道(未劃分快慢車道),柏油,乾燥,無缺陷,無障礙物,良好,良好,無號誌,無號誌,雙向禁止超車線,無標記,未繪設車道線,未繪設快慢車道分隔線,有,汽(機)車本身,撞護欄(樁),駕駛人,酒醉(後)駕駛失控,死亡1;受傷1,1,小客車,自用,男,25,不明,不明,車的狀態,向前直行中,汽車,前車頭,汽車,左側車身,駕駛人,酒醉(後)駕駛失控,否,120.455017,23.481258
20230620,20230620,2023,6,005600,A1,嘉義市政府警察局,嘉義市東區蘭潭里環潭公路前0.0公尺,晴,夜間(或隧道、地下道、涵洞)有照明,市區道路,40,單路部分,彎曲路及附近,路段,一般車道(未劃分快慢車道),柏油,乾燥,無缺陷,無障礙物,良好,良好,無號誌,無號誌,雙向禁止超車線,無標記,未繪設車道線,未繪設快慢車道分隔線,有,汽(機)車本身,撞護欄(樁),駕駛人,酒醉(後)駕駛失控,死亡1;受傷1,2,NA,NA,無或物(動物、堆置物),0,NA,NA,NA,NA,NA,NA,NA,NA,無(非車輛駕駛人因素),尚未發現肇事因素,否,120.455017,23.481258
20230620,20230620,2023,6,005600,A1,嘉義市政府警察局,嘉義市東區蘭潭里環潭公路前0.0公尺,晴,夜間(或隧道、地下道、涵洞)有照明,市區道路,40,單路部分,彎曲路及附近,路段,一般車道(未劃分快慢車道),柏油,乾燥,無缺陷,無障礙物,良好,良好,無號誌,無號誌,雙向禁止超車線,無標記,未繪設車道線,未繪設快慢車道分隔線,有,汽(機)車本身,撞護欄(樁),駕駛人,酒醉(後)駕駛失控,死亡1;受傷1,3,人,乘客,男,32,不明,不明,人的狀態,其他,其他,非汽(機)車,NA,NA,無(非車輛駕駛人因素),尚未發現肇事因素,否,120.455017,23.481258
20230620,20230620,2023,6,012100,A1,臺中市政府警察局,臺中市北屯區松竹里河北路三段 / 臺中市北屯區松竹里崇德六路,晴,夜間(或隧道、地下道、涵洞)有照明,市區道路,50,交岔路,四岔路,交叉路口,交叉路口內,柏油,乾燥,無缺陷,無障礙物,良好,良好,閃光號誌,正常,無,無分向設施,未繪設車道線,未繪設快慢車道分隔線,無,車與車,路口交岔撞,駕駛人,未依規定讓車,死亡1;受傷1,1,機車,普通重型,男,57,戴安全帽或繫安全帶(使用幼童安全椅),未使用,車的狀態,向前直行中,機車,前車頭,NA,NA,駕駛人,未依規定讓車,否,120.683925,24.180295
20230620,20230620,2023,6,012100,A1,臺中市政府警察局,臺中市北屯區松竹里河北路三段 / 臺中市北屯區松竹里崇德六路,晴,夜間(或隧道、地下道、涵洞)有照明,市區道路,50,交岔路,四岔路,交叉路口,交叉路口內,柏油,乾燥,無缺陷,無障礙物,良好,良好,閃光號誌,正常,無,無分向設施,未繪設車道線,未繪設快慢車道分隔線,無,車與車,路口交岔撞,駕駛人,未依規定讓車,死亡1;受傷1,2,小客車,自用,男,21,戴安全帽或繫安全帶(使用幼童安全椅),未使用,車的狀態,向前直行中,汽車,右前車頭(身),NA,NA,駕駛人,未注意車前狀態,否,120.683925,24.180295
20230620,20230620,2023,6,075700,A1,彰化縣警察局,彰化縣花壇鄉崙雅村明雅街156弄111號前0.0公尺,晴,日間自然光線,村里道路,30,單路部分,直路,路段,一般車道(未劃分快慢車道),柏油,乾燥,無缺陷,無障礙物,良好,良好,無號誌,無號誌,無,無分向設施,未繪設車道線,未繪設快慢車道分隔線,有,汽(機)車本身,其他,其他,其他引起事故之違規或不當行為,死亡1;受傷0,1,機車,普通重型,男,74,戴安全帽或繫安全帶(使用幼童安全椅),未使用,車的狀態,向前直行中,機車,前車頭,NA,NA,其他,其他引起事故之違規或不當行為,否,120.531911,24.026205
20230620,20230620,2023,6,075700,A1,彰化縣警察局,彰化縣花壇鄉崙雅村明雅街156弄111號前0.0公尺,晴,日間自然光線,村里道路,30,單路部分,直路,路段,一般車道(未劃分快慢車道),柏油,乾燥,無缺陷,無障礙物,良好,良好,無號誌,無號誌,無,無分向設施,未繪設車道線,未繪設快慢車道分隔線,有,汽(機)車本身,其他,其他,其他引起事故之違規或不當行為,死亡1;受傷0,2,NA,NA,無或物(動物、堆置物),0,NA,NA,NA,NA,NA,NA,NA,NA,無(非車輛駕駛人因素),尚未發現肇事因素,否,120.531911,24.026205
20230620,20230620,2023,6,174900,A1,桃園市政府警察局,桃園市大園區埔心里22鄰埔心97-19號旁路口,晴,日間自然光線,村里道路,30,交岔路,四岔路,交叉路口,交叉路口內,柏油,乾燥,無缺陷,無障礙物,良好,良好,無號誌,無號誌,無,無分向設施,未繪設車道線,未繪設快慢車道分隔線,無,車與車,路口交岔撞,駕駛人,未依規定讓車,死亡1;受傷1,1,小客車,自用,女,39,戴安全帽或繫安全帶(使用幼童安全椅),未使用,車的狀態,向前直行中,汽車,前車頭,NA,NA,駕駛人,未依規定讓車,否,121.220512,25.048618
20230620,20230620,2023,6,174900,A1,桃園市政府警察局,桃園市大園區埔心里22鄰埔心97-19號旁路口,晴,日間自然光線,村里道路,30,交岔路,四岔路,交叉路口,交叉路口內,柏油,乾燥,無缺陷,無障礙物,良好,良好,無號誌,無號誌,無,無分向設施,未繪設車道線,未繪設快慢車道分隔線,無,車與車,路口交岔撞,駕駛人,未依規定讓車,死亡1;受傷1,2,機車,普通重型,男,59,戴安全帽或繫安全帶(使用幼童安全椅),未使用,車的狀態,向前直行中,機車,右側車身,NA,NA,駕駛人,未注意車前狀態,否,121.220512,25.048618
20230620,20230620,2023,6,191100,A1,彰化縣警察局,彰化縣溪州鄉尾厝村莒光路 / 彰化縣溪州鄉尾厝村莒光路,晴,夜間(或隧道、地下道、涵洞)有照明,村里道路,70,交岔路,四岔路,交叉路口,交叉路口內,柏油,乾燥,無缺陷,無障礙物,良好,良好,無號誌,無號誌,無,無分向設施,未繪設車道線,未繪設快慢車道分隔線,無,車與車,側撞,其他,不明原因肇事,死亡1;受傷0,1,機車,普通重型,女,69,戴安全帽或繫安全帶(使用幼童安全椅),不明,車的狀態,左轉彎,機車,左側車身,NA,NA,其他,不明原因肇事,否,120.499767,23.85738
20230620,20230620,2023,6,191100,A1,彰化縣警察局,彰化縣溪州鄉尾厝村莒光路 / 彰化縣溪州鄉尾厝村莒光路,晴,夜間(或隧道、地下道、涵洞)有照明,村里道路,70,交岔路,四岔路,交叉路口,交叉路口內,柏油,乾燥,無缺陷,無障礙物,良好,良好,無號誌,無號誌,無,無分向設施,未繪設車道線,未繪設快慢車道分隔線,無,車與車,側撞,其他,不明原因肇事,死亡1;受傷0,2,小客車,自用,男,43,不明,不明,車的狀態,向前直行中,汽車,前車頭,NA,NA,其他,不明原因肇事,否,120.499767,23.85738
20230621,20230621,2023,6,035600,A1,新竹市警察局,新竹市北區竹香北路(延平路一段317巷旁),晴,夜間(或隧道、地下道、涵洞)有照明,市區道路,40,單路部分,彎曲路及附近,路段,一般車道(未劃分快慢車道),柏油,乾燥,無缺陷,無障礙物,不良,彎道,無號誌,無號誌,雙向禁止超車線,無標記,未繪設車道線,未繪設快慢車道分隔線,有,車與車,對向擦撞,駕駛人,酒醉(後)駕駛失控,死亡1;受傷2,1,機車,普通重型,男,16,不明,不明,車的狀態,右轉彎,機車,前車頭,NA,NA,駕駛人,酒醉(後)駕駛失控,否,120.945122,24.802931
20230621,20230621,2023,6,035600,A1,新竹市警察局,新竹市北區竹香北路(延平路一段317巷旁),晴,夜間(或隧道、地下道、涵洞)有照明,市區道路,40,單路部分,彎曲路及附近,路段,一般車道(未劃分快慢車道),柏油,乾燥,無缺陷,無障礙物,不良,彎道,無號誌,無號誌,雙向禁止超車線,無標記,未繪設車道線,未繪設快慢車道分隔線,有,車與車,對向擦撞,駕駛人,酒醉(後)駕駛失控,死亡1;受傷2,2,機車,普通重型,男,58,不明,不明,車的狀態,左轉彎,機車,前車頭,NA,NA,無(車輛駕駛人因素),尚未發現肇事因素,否,120.945122,24.802931
20230621,20230621,2023,6,035600,A1,新竹市警察局,新竹市北區竹香北路(延平路一段317巷旁),晴,夜間(或隧道、地下道、涵洞)有照明,市區道路,40,單路部分,彎曲路及附近,路段,一般車道(未劃分快慢車道),柏油,乾燥,無缺陷,無障礙物,不良,彎道,無號誌,無號誌,雙向禁止超車線,無標記,未繪設車道線,未繪設快慢車道分隔線,有,車與車,對向擦撞,駕駛人,酒醉(後)駕駛失控,死亡1;受傷2,3,人,乘客,男,15,不明,非駕駛人,人的狀態,不明,其他,非汽(機)車,NA,NA,無(非車輛駕駛人因素),尚未發現肇事因素,否,120.945122,24.802931
20230621,20230621,2023,6,060400,A1,嘉義市政府警察局,嘉義市東區中山里維新路 / 嘉義市東區中山里安樂街,晴,日間自然光線,市區道路,50,交岔路,四岔路,交叉路口,交叉路口內,柏油,乾燥,無缺陷,無障礙物,良好,良好,閃光號誌,正常,無,無分向設施,未繪設車道線,未繪設快慢車道分隔線,無,車與車,路口交岔撞,駕駛人,違反號誌管制或指揮,死亡1;受傷0,1,機車,普通重型,女,74,戴安全帽或繫安全帶(使用幼童安全椅),未使用,車的狀態,向前直行中,機車,右側車身,NA,NA,駕駛人,違反號誌管制或指揮,否,120.458659,23.482818
20230621,20230621,2023,6,060400,A1,嘉義市政府警察局,嘉義市東區中山里維新路 / 嘉義市東區中山里安樂街,晴,日間自然光線,市區道路,50,交岔路,四岔路,交叉路口,交叉路口內,柏油,乾燥,無缺陷,無障礙物,良好,良好,閃光號誌,正常,無,無分向設施,未繪設車道線,未繪設快慢車道分隔線,無,車與車,路口交岔撞,駕駛人,違反號誌管制或指揮,死亡1;受傷0,2,小客車,自用,男,38,戴安全帽或繫安全帶(使用幼童安全椅),未使用,車的狀態,向前直行中,汽車,前車頭,NA,NA,駕駛人,違反號誌管制或指揮,否,120.458659,23.482818
20230621,20230621,2023,6,071200,A1,宜蘭縣政府警察局,宜蘭縣羅東鎮四維路前0.0公尺,晴,日間自然光線,村里道路,30,單路部分,直路,路段,一般車道(未劃分快慢車道),柏油,乾燥,無缺陷,無障礙物,良好,良好,無號誌,無號誌,雙向禁止超車線,無標記,未繪設車道線,未繪設快慢車道分隔線,無,車與車,追撞,駕駛人,未注意車前狀態,死亡1;受傷0,1,大客車,遊覽車,男,63,戴安全帽或繫安全帶(使用幼童安全椅),未使用,車的狀態,向前直行中,汽車,右前車頭(身),NA,NA,駕駛人,未注意車前狀態,否,121.755436,24.680608
20230621,20230621,2023,6,071200,A1,宜蘭縣政府警察局,宜蘭縣羅東鎮四維路前0.0公尺,晴,日間自然光線,村里道路,30,單路部分,直路,路段,一般車道(未劃分快慢車道),柏油,乾燥,無缺陷,無障礙物,良好,良好,無號誌,無號誌,雙向禁止超車線,無標記,未繪設車道線,未繪設快慢車道分隔線,無,車與車,追撞,駕駛人,未注意車前狀態,死亡1;受傷0,2,慢車,腳踏自行車,女,81,未戴案全帽或未繫安全帶(未使用幼童安全椅),未使用,車的狀態,向前直行中,其他,非汽(機)車,NA,NA,無(車輛駕駛人因素),尚未發現肇事因素,否,121.755436,24.680608
20230621,20230621,2023,6,155412,A1,桃園市政府警察局,桃園市龜山區長壽路口 / 桃園市龜山區長壽路口,晴,日間自然光線,市區道路,50,交岔路,三岔路,交叉路口,交叉路口內,柏油,乾燥,無缺陷,無障礙物,良好,良好,無號誌,無號誌,無,無分向設施,未繪設車道線,未繪設快慢車道分隔線,無,車與車,側撞,駕駛人,右轉彎未依規定,死亡1;受傷0,1,小客車,自用,女,35,戴安全帽或繫安全帶(使用幼童安全椅),未使用,車的狀態,右轉彎,汽車,右前車頭(身),NA,NA,駕駛人,右轉彎未依規定,否,121.339217,24.999384
20230621,20230621,2023,6,155412,A1,桃園市政府警察局,桃園市龜山區長壽路口 / 桃園市龜山區長壽路口,晴,日間自然光線,市區道路,50,交岔路,三岔路,交叉路口,交叉路口內,柏油,乾燥,無缺陷,無障礙物,良好,良好,無號誌,無號誌,無,無分向設施,未繪設車道線,未繪設快慢車道分隔線,無,車與車,側撞,駕駛人,右轉彎未依規定,死亡1;受傷0,2,機車,普通重型,男,17,戴安全帽或繫安全帶(使用幼童安全椅),未使用,車的狀態,向前直行中,機車,左側車身,機車,右側車身,駕駛人,未注意車前狀態,否,121.339217,24.999384
20230621,20230621,2023,6,173400,A1,新北市政府警察局,新北市鶯歌區中正二路139號前0.0公尺,晴,日間自然光線,市區道路,50,單路部分,直路,路段,一般車道(未劃分快慢車道),柏油,乾燥,無缺陷,無障礙物,良好,良好,無號誌,無號誌,雙向禁止超車線,無標記,未繪設車道線,未繪設快慢車道分隔線,有,車與車,同向擦撞,駕駛人,違規超車,死亡1;受傷0,1,機車,普通重型,男,23,戴安全帽或繫安全帶(使用幼童安全椅),未使用,車的狀態,超車(含超越),機車,左側車身,機車,左側車身,駕駛人,違規超車,否,121.347062,24.950081
20230621,20230621,2023,6,173400,A1,新北市政府警察局,新北市鶯歌區中正二路139號前0.0公尺,晴,日間自然光線,市區道路,50,單路部分,直路,路段,一般車道(未劃分快慢車道),柏油,乾燥,無缺陷,無障礙物,良好,良好,無號誌,無號誌,雙向禁止超車線,無標記,未繪設車道線,未繪設快慢車道分隔線,有,車與車,同向擦撞,駕駛人,違規超車,死亡1;受傷0,2,全聯結車,營業用,男,44,戴安全帽或繫安全帶(使用幼童安全椅),未使用,車的狀態,向前直行中,汽車,右後車尾(身),汽車,右後車尾(身),無(車輛駕駛人因素),尚未發現肇事因素,否,121.347062,24.950081
20230621,20230621,2023,6,174205,A1,花蓮縣警察局,花蓮縣新城鄉台9線 171公里900.0公尺處北側向路肩,晴,日間自然光線,省道,70,單路部分,直路,路段,路肩、路緣,柏油,乾燥,無缺陷,無障礙物,良好,良好,無號誌,無號誌,中央分向島,寛式(50公分以上),車道線(附標記),快慢車道分隔線,有,汽(機)車本身,其他,駕駛人,未注意車前狀態,死亡1;受傷0,1,機車,普通重型,女,71,戴安全帽或繫安全帶(使用幼童安全椅),未使用,車的狀態,向前直行中,機車,前車頭,NA,NA,駕駛人,未注意車前狀態,否,121.646109,24.121364
20230621,20230621,2023,6,174205,A1,花蓮縣警察局,花蓮縣新城鄉台9線 171公里900.0公尺處北側向路肩,晴,日間自然光線,省道,70,單路部分,直路,路段,路肩、路緣,柏油,乾燥,無缺陷,無障礙物,良好,良好,無號誌,無號誌,中央分向島,寛式(50公分以上),車道線(附標記),快慢車道分隔線,有,汽(機)車本身,其他,駕駛人,未注意車前狀態,死亡1;受傷0,2,NA,NA,無或物(動物、堆置物),-1,NA,NA,NA,NA,NA,NA,NA,NA,無(非車輛駕駛人因素),尚未發現肇事因素,否,121.646109,24.121364
20230622,20230622,2023,6,101800,A1,臺中市政府警察局,臺中市神岡區溪洲里豐洲路1498號前0.0公尺,晴,日間自然光線,市區道路,50,單路部分,彎曲路及附近,路段,一般車道(未劃分快慢車道),柏油,乾燥,無缺陷,無障礙物,良好,良好,無號誌,無號誌,雙向禁止超車線,無標記,未繪設車道線,未繪設快慢車道分隔線,有,汽(機)車本身,路上翻車、摔倒,駕駛人,未注意車前狀態,死亡1;受傷0,1,機車,普通重型,女,24,戴安全帽或繫安全帶(使用幼童安全椅),未使用,車的狀態,向前直行中,機車,前車頭,NA,NA,駕駛人,未注意車前狀態,否,120.682156,24.268097
20230622,20230622,2023,6,101800,A1,臺中市政府警察局,臺中市神岡區溪洲里豐洲路1498號前0.0公尺,晴,日間自然光線,市區道路,50,單路部分,彎曲路及附近,路段,一般車道(未劃分快慢車道),柏油,乾燥,無缺陷,無障礙物,良好,良好,無號誌,無號誌,雙向禁止超車線,無標記,未繪設車道線,未繪設快慢車道分隔線,有,汽(機)車本身,路上翻車、摔倒,駕駛人,未注意車前狀態,死亡1;受傷0,2,NA,NA,無或物(動物、堆置物),0,NA,NA,NA,NA,NA,NA,NA,NA,無(非車輛駕駛人因素),尚未發現肇事因素,否,120.682156,24.268097
20230622,20230622,2023,6,122225,A1,國道公路警察局,彰化縣埔心鄉台76線 20公里300.0公尺處東側向外側,晴,日間自然光線,省道,90,單路部分,直路,路段,快車道,柏油,乾燥,無缺陷,無障礙物,良好,良好,無號誌,無號誌,無,無分向設施,車道線(無標記),未繪設快慢車道分隔線,有,車與車,其他,其他,其他引起事故之違規或不當行為,死亡1;受傷0,1,小客車,自用,男,31,不明,不明,車的狀態,等待(引擎未熄火),汽車,左側車身,NA,NA,其他,其他引起事故之違規或不當行為,否,120.538567,23.967124
20230622,20230622,2023,6,122225,A1,國道公路警察局,彰化縣埔心鄉台76線 20公里300.0公尺處東側向外側,晴,日間自然光線,省道,90,單路部分,直路,路段,快車道,柏油,乾燥,無缺陷,無障礙物,良好,良好,無號誌,無號誌,無,無分向設施,車道線(無標記),未繪設快慢車道分隔線,有,車與車,其他,其他,其他引起事故之違規或不當行為,死亡1;受傷0,2,小客車,自用,男,25,戴安全帽或繫安全帶(使用幼童安全椅),未使用,車的狀態,向前直行中,汽車,右前車頭(身),NA,NA,駕駛人,未注意車前狀態,否,120.538567,23.967124
20230623,20230623,2023,6,000800,A1,雲林縣警察局,雲林縣虎尾鎮西屯里158公路與雲97公路口,晴,夜間(或隧道、地下道、涵洞)有照明,縣道,70,交岔路,四岔路,路段,一般車道(未劃分快慢車道),柏油,乾燥,無缺陷,無障礙物,良好,良好,閃光號誌,正常,中央分向島,寛式(50公分以上),車道線(附標記),未繪設快慢車道分隔線,有,車與車,路口交岔撞,駕駛人,未依規定讓車,死亡1;受傷2,1,小貨車(含客、貨兩用),自用,男,71,不明,不明,車的狀態,向前直行中,汽車,右側車身,NA,NA,駕駛人,未依規定讓車,否,120.385091,23.708416
20230623,20230623,2023,6,000800,A1,雲林縣警察局,雲林縣虎尾鎮西屯里158公路與雲97公路口,晴,夜間(或隧道、地下道、涵洞)有照明,縣道,70,交岔路,四岔路,路段,一般車道(未劃分快慢車道),柏油,乾燥,無缺陷,無障礙物,良好,良好,閃光號誌,正常,中央分向島,寛式(50公分以上),車道線(附標記),未繪設快慢車道分隔線,有,車與車,路口交岔撞,駕駛人,未依規定讓車,死亡1;受傷2,2,小客車,自用,男,23,不明,不明,車的狀態,向前直行中,汽車,前車頭,NA,NA,駕駛人,未注意車前狀態,否,120.385091,23.708416
20230623,20230623,2023,6,000800,A1,雲林縣警察局,雲林縣虎尾鎮西屯里158公路與雲97公路口,晴,夜間(或隧道、地下道、涵洞)有照明,縣道,70,交岔路,四岔路,路段,一般車道(未劃分快慢車道),柏油,乾燥,無缺陷,無障礙物,良好,良好,閃光號誌,正常,中央分向島,寛式(50公分以上),車道線(附標記),未繪設快慢車道分隔線,有,車與車,路口交岔撞,駕駛人,未依規定讓車,死亡1;受傷2,3,人,乘客,男,20,不明,不明,人的狀態,靜立(止),其他,非汽(機)車,NA,NA,無(非車輛駕駛人因素),尚未發現肇事因素,否,120.385091,23.708416
20230623,20230623,2023,6,000800,A1,雲林縣警察局,雲林縣虎尾鎮西屯里158公路與雲97公路口,晴,夜間(或隧道、地下道、涵洞)有照明,縣道,70,交岔路,四岔路,路段,一般車道(未劃分快慢車道),柏油,乾燥,無缺陷,無障礙物,良好,良好,閃光號誌,正常,中央分向島,寛式(50公分以上),車道線(附標記),未繪設快慢車道分隔線,有,車與車,路口交岔撞,駕駛人,未依規定讓車,死亡1;受傷2,4,NA,NA,無或物(動物、堆置物),-1,NA,NA,NA,NA,NA,NA,NA,NA,無(非車輛駕駛人因素),尚未發現肇事因素,否,120.385091,23.708416
20230623,20230623,2023,6,051700,A1,高雄市政府警察局,高雄市燕巢區工程路111號燈桿號前0.0公尺,晴,日間自然光線,市區道路,40,單路部分,直路,路段,慢車道,柏油,乾燥,無缺陷,無障礙物,不良,彎道,無號誌,無號誌,雙向禁止超車線,無標記,未繪設車道線,快慢車道分隔線,有,汽(機)車本身,路上翻車、摔倒,駕駛人,未注意車前狀態,死亡1;受傷0,1,機車,普通重型,男,74,戴安全帽或繫安全帶(使用幼童安全椅),未使用,車的狀態,向前直行中,機車,左側車身,機車,左側車身,駕駛人,未注意車前狀態,否,120.3641,22.76551
20230623,20230623,2023,6,051700,A1,高雄市政府警察局,高雄市燕巢區工程路111號燈桿號前0.0公尺,晴,日間自然光線,市區道路,40,單路部分,直路,路段,慢車道,柏油,乾燥,無缺陷,無障礙物,不良,彎道,無號誌,無號誌,雙向禁止超車線,無標記,未繪設車道線,快慢車道分隔線,有,汽(機)車本身,路上翻車、摔倒,駕駛人,未注意車前狀態,死亡1;受傷0,2,NA,NA,無或物(動物、堆置物),112,NA,NA,NA,NA,NA,NA,NA,NA,無(非車輛駕駛人因素),尚未發現肇事因素,否,120.3641,22.76551
20230623,20230623,2023,6,102000,A1,新北市政府警察局,新北市八里區新北市八里區中山路3段往五股,陰,日間自然光線,市區道路,50,單路部分,直路,路段,一般車道(未劃分快慢車道),柏油,乾燥,無缺陷,無障礙物,良好,良好,無號誌,無號誌,中央分向島,寛式(50公分以上),車道線(無標記),未繪設快慢車道分隔線,有,車與車,同向擦撞,駕駛人,變換車道或方向不當,死亡1;受傷0,1,曳引車,營業用,男,34,戴安全帽或繫安全帶(使用幼童安全椅),未使用,車的狀態,向右變換車道,汽車,右側車身,汽車,右側車身,駕駛人,變換車道或方向不當,否,121.395376,25.145082
20230623,20230623,2023,6,102000,A1,新北市政府警察局,新北市八里區新北市八里區中山路3段往五股,陰,日間自然光線,市區道路,50,單路部分,直路,路段,一般車道(未劃分快慢車道),柏油,乾燥,無缺陷,無障礙物,良好,良好,無號誌,無號誌,中央分向島,寛式(50公分以上),車道線(無標記),未繪設快慢車道分隔線,有,車與車,同向擦撞,駕駛人,變換車道或方向不當,死亡1;受傷0,2,機車,普通重型,男,69,戴安全帽或繫安全帶(使用幼童安全椅),未使用,車的狀態,向前直行中,機車,左側車身,機車,左側車身,無(車輛駕駛人因素),尚未發現肇事因素,否,121.395376,25.145082