accident_date,發生日期,發生年度,發生月份,發生時間,事故類別名稱,處理單位名稱警局層,發生地點,天候名稱,光線名稱,道路類別-第1當事者-名稱,速限-第1當事者,道路型態大類別名稱,道路型態子類別名稱,事故位置大類別名稱,事故位置子類別名稱,路面狀況-路面鋪裝名稱,路面狀況-路面狀態名稱,路面狀況-路面缺陷名稱,道路障礙-障礙物名稱,道路障礙-視距品質名稱,道路障礙-視距名稱,號誌-號誌種類名稱,號誌-號誌動作名稱,車道劃分設施-分向設施大類別名稱,車道劃分設施-分向設施子類別名稱,車道劃分設施-分道設施-快車道或一般車道間名稱,車道劃分設施-分道設施-快慢車道間名稱,車道劃分設施-分道設施-路面邊線名稱,事故類型及型態大類別名稱,事故類型及型態子類別名稱,肇因研判大類別名稱-主要,肇因研判子類別名稱-主要,死亡受傷人數,當事者順位,當事者區分-類別-大類別名稱-車種,當事者區分-類別-子類別名稱-車種,當事者屬-性-別名稱,當事者事故發生時年齡,保護裝備名稱,行動電話或電腦或其他相類功能裝置名稱,當事者行動狀態大類別名稱,當事者行動狀態子類別名稱,車輛撞擊部位大類別名稱-最初,車輛撞擊部位子類別名稱-最初,車輛撞擊部位大類別名稱-其他,車輛撞擊部位子類別名稱-其他,肇因研判大類別名稱-個別,肇因研判子類別名稱-個別,肇事逃逸類別名稱-是否肇逃,經度,緯度
20230702,20230702,2023,7,000500,A1,高雄市政府警察局,高雄市美濃區中興路2段 / 高雄市美濃區福義街,晴,有照明且開啟,市區道路,60,交岔路,四岔路,交叉路口,交叉路口內,柏油,乾燥,無缺陷,無障礙物,無遮蔽物,良好,閃光號誌,正常,無,無分向設施,未繪設車道線,未繪設快慢車道分隔線,無,車輛本身,其他,駕駛者,酒醉(後)駕駛,死亡1;受傷0,1,機車,普通重型,男,57,戴半罩式安全帽,未使用,車的狀態,右轉彎,機車與自行車,前車頭,NA,NA,駕駛者,酒醉(後)駕駛,否,120.542,22.89427
20230702,20230702,2023,7,000500,A1,高雄市政府警察局,高雄市美濃區中興路2段 / 高雄市美濃區福義街,晴,有照明且開啟,市區道路,60,交岔路,四岔路,交叉路口,交叉路口內,柏油,乾燥,無缺陷,無障礙物,無遮蔽物,良好,閃光號誌,正常,無,無分向設施,未繪設車道線,未繪設快慢車道分隔線,無,車輛本身,其他,駕駛者,酒醉(後)駕駛,死亡1;受傷0,2,NA,NA,無或物(動物、堆置物),112,NA,NA,NA,NA,NA,NA,NA,NA,無(非車輛駕駛人因素),尚未發現肇事因素,否,120.542,22.89427
20230702,20230702,2023,7,143700,A1,嘉義縣警察局,嘉義縣阿里山鄉十字村台18線69公里600公尺處,晴,無照明,省道,30,單路部分,彎曲路及附近,路段,路肩、路緣,柏油,乾燥,無缺陷,無障礙物,無遮蔽物,良好,無號誌,無號誌,雙向禁止超車線,附標記,未繪設車道線,未繪設快慢車道分隔線,有,車輛本身,衝出路外,駕駛者,未依規定減速,死亡1;受傷0,1,機車,大型重型2(250-550C.C.),男,50,戴非半罩式安全帽,不明,車的狀態,左轉彎,機車與自行車,前車頭,機車與自行車,右側車身,駕駛者,未依規定減速,否,120.728511,23.465321
20230702,20230702,2023,7,143700,A1,嘉義縣警察局,嘉義縣阿里山鄉十字村台18線69公里600公尺處,晴,無照明,省道,30,單路部分,彎曲路及附近,路段,路肩、路緣,柏油,乾燥,無缺陷,無障礙物,無遮蔽物,良好,無號誌,無號誌,雙向禁止超車線,附標記,未繪設車道線,未繪設快慢車道分隔線,有,車輛本身,衝出路外,駕駛者,未依規定減速,死亡1;受傷0,2,NA,NA,無或物(動物、堆置物),-1,NA,NA,NA,NA,NA,NA,NA,NA,無(非車輛駕駛人因素),尚未發現肇事因素,否,120.728511,23.465321
20230702,20230702,2023,7,221700,A1,苗栗縣警察局,苗栗縣竹南鎮台61線88.7公里處南下快車道,晴,有照明未開啟或故障,村里道路,50,交岔路,四岔路,交叉路口,交叉路口內,柏油,乾燥,無缺陷,無障礙物,無遮蔽物,良好,行車管制號誌(附設行人專用號誌),正常,中央分向島,寬式(50公分以上),車道線(無標記),寬式快慢車道分隔島(50公分以上),有,車與車,路口交岔撞,駕駛者,闖紅燈直行,死亡1;受傷0,1,慢車,腳踏自行車,男,35,其他(無需使用保護裝備之人),未使用,車的狀態,向前直行中,機車與自行車,左側車身,機車與自行車,左側車身,駕駛者,闖紅燈直行,否,120.867043,24.71218
20230702,20230702,2023,7,221700,A1,苗栗縣警察局,苗栗縣竹南鎮台61線88.7公里處南下快車道,晴,有照明未開啟或故障,村里道路,50,交岔路,四岔路,交叉路口,交叉路口內,柏油,乾燥,無缺陷,無障礙物,無遮蔽物,良好,行車管制號誌(附設行人專用號誌),正常,中央分向島,寬式(50公分以上),車道線(無標記),寬式快慢車道分隔島(50公分以上),有,車與車,路口交岔撞,駕駛者,闖紅燈直行,死亡1;受傷0,2,小客車(含客、貨兩用),自用,男,30,繫安全帶(使用幼童安全椅),未使用,車的狀態,向前直行中,汽車,前車頭,汽車,前車頭,駕駛者,未依規定減速,否,120.867043,24.71218
20230702,20230702,2023,7,221700,A1,苗栗縣警察局,苗栗縣竹南鎮台61線88.7公里處南下快車道,晴,有照明未開啟或故障,村里道路,50,交岔路,四岔路,交叉路口,交叉路口內,柏油,乾燥,無缺陷,無障礙物,無遮蔽物,良好,行車管制號誌(附設行人專用號誌),正常,中央分向島,寬式(50公分以上),車道線(無標記),寬式快慢車道分隔島(50公分以上),有,車與車,路口交岔撞,駕駛者,闖紅燈直行,死亡1;受傷0,3,小客車(含客、貨兩用),自用,男,31,繫安全帶(使用幼童安全椅),未使用,車的狀態,向前直行中,汽車,前車頭,汽車,前車頭,其他,因光線、視線遮蔽致生事故,否,120.867043,24.71218
20230702,20230702,2023,7,221700,A1,苗栗縣警察局,苗栗縣竹南鎮台61線88.7公里處南下快車道,晴,有照明未開啟或故障,村里道路,50,交岔路,四岔路,交叉路口,交叉路口內,柏油,乾燥,無缺陷,無障礙物,無遮蔽物,良好,行車管制號誌(附設行人專用號誌),正常,中央分向島,寬式(50公分以上),車道線(無標記),寬式快慢車道分隔島(50公分以上),有,車與車,路口交岔撞,駕駛者,闖紅燈直行,死亡1;受傷0,4,小客車(含客、貨兩用),自用,女,43,未戴安全帽或未繫安全帶(未使用幼童安全椅),未使用,車的狀態,向前直行中,汽車,前車頭,汽車,前車頭,其他,因光線、視線遮蔽致生事故,是,120.867043,24.71218
20230703,20230703,2023,7,071900,A1,臺中市政府警察局,臺中市北屯區后庄里后庄北路 / 臺中市北屯區后庄里后庄七街,晴,有照明未開啟或故障,市區道路,50,交岔路,四岔路,其他,行人穿越道,柏油,乾燥,無缺陷,無障礙物,無遮蔽物,良好,行車管制號誌,正常,無,無分向設施,未繪設車道線,未繪設快慢車道分隔線,無,人與車,穿越道路中,駕駛者,車輛未依規定暫停讓行人先行,死亡1;受傷0,1,小客車(含客、貨兩用),自用,女,37,繫安全帶(使用幼童安全椅),未使用,車的狀態,左轉彎,汽車,前車頭,NA,NA,駕駛者,車輛未依規定暫停讓行人先行,否,120.665368,24.191184
20230703,20230703,2023,7,071900,A1,臺中市政府警察局,臺中市北屯區后庄里后庄北路 / 臺中市北屯區后庄里后庄七街,晴,有照明未開啟或故障,市區道路,50,交岔路,四岔路,其他,行人穿越道,柏油,乾燥,無缺陷,無障礙物,無遮蔽物,良好,行車管制號誌,正常,無,無分向設施,未繪設車道線,未繪設快慢車道分隔線,無,人與車,穿越道路中,駕駛者,車輛未依規定暫停讓行人先行,死亡1;受傷0,2,人,行人,男,88,其他(無需使用保護裝備之人),非駕駛人,人的狀態,步行,其他,非汽、機及自行車,NA,NA,無(非車輛駕駛人因素),尚未發現肇事因素,否,120.665368,24.191184
20230703,20230703,2023,7,104700,A1,嘉義市政府警察局,嘉義市西區永和里垂楊路908號前0.0公尺,晴,無照明,市區道路,30,單路部分,彎曲路及附近,路段,一般車道(未劃分快慢車道),柏油,乾燥,無缺陷,無障礙物,無遮蔽物,良好,無號誌,無號誌,無,無分向設施,未繪設車道線,未繪設快慢車道分隔線,無,車輛本身,衝出路外,駕駛者,酒醉(後)駕駛,死亡1;受傷0,1,機車,普通重型,男,76,戴半罩式安全帽,未使用,車的狀態,向前直行中,機車與自行車,前車頭,NA,NA,駕駛者,酒醉(後)駕駛,否,120.455009,23.481269
20230703,20230703,2023,7,104700,A1,嘉義市政府警察局,嘉義市西區永和里垂楊路908號前0.0公尺,晴,無照明,市區道路,30,單路部分,彎曲路及附近,路段,一般車道(未劃分快慢車道),柏油,乾燥,無缺陷,無障礙物,無遮蔽物,良好,無號誌,無號誌,無,無分向設施,未繪設車道線,未繪設快慢車道分隔線,無,車輛本身,衝出路外,駕駛者,酒醉(後)駕駛,死亡1;受傷0,2,NA,NA,無或物(動物、堆置物),0,NA,NA,NA,NA,NA,NA,NA,NA,無(非車輛駕駛人因素),尚未發現肇事因素,否,120.455009,23.481269
20230703,20230703,2023,7,232100,A1,屏東縣政府警察局,屏東縣萬丹鄉南北路三段電桿南北幹107前,晴,有照明且開啟,村里道路,50,單路部分,直路,路段,一般車道(未劃分快慢車道),柏油,乾燥,無缺陷,無障礙物,無遮蔽物,良好,無號誌,無號誌,行車分向線,無標記,未繪設車道線,未繪設快慢車道分隔線,有,車與車,追撞,駕駛者,酒醉(後)駕駛,死亡1;受傷0,1,小客車(含客、貨兩用),自用,男,44,繫安全帶(使用幼童安全椅),未使用,車的狀態,向前直行中,汽車,前車頭,NA,NA,駕駛者,酒醉(後)駕駛,否,120.467001,22.622706
20230703,20230703,2023,7,232100,A1,屏東縣政府警察局,屏東縣萬丹鄉南北路三段電桿南北幹107前,晴,有照明且開啟,村里道路,50,單路部分,直路,路段,一般車道(未劃分快慢車道),柏油,乾燥,無缺陷,無障礙物,無遮蔽物,良好,無號誌,無號誌,行車分向線,無標記,未繪設車道線,未繪設快慢車道分隔線,有,車與車,追撞,駕駛者,酒醉(後)駕駛,死亡1;受傷0,2,機車,普通輕型,男,73,不明,未使用,車的狀態,向前直行中,機車與自行車,後車尾,NA,NA,無(車輛駕駛者因素),尚未發現肇事因素,否,120.467001,22.622706
20230704,20230704,2023,7,063000,A1,桃園市政府警察局,桃園市桃園區力行路口 / 桃園市桃園區文中一路口,晴,有照明且開啟,市區道路,50,交岔路,四岔路,其他,行人穿越道,柏油,乾燥,無缺陷,無障礙物,無遮蔽物,良好,行車管制號誌(附設行人專用號誌),正常,無,無分向設施,未繪設車道線,未繪設快慢車道分隔線,無,人與車,穿越道路中,駕駛者,車輛未依規定暫停讓行人先行,死亡1;受傷0,1,小客車(含客、貨兩用),自用,男,43,繫安全帶(使用幼童安全椅),未使用,車的狀態,左轉彎,汽車,右側車身,NA,NA,駕駛者,車輛未依規定暫停讓行人先行,否,121.293578,24.998386
20230704,20230704,2023,7,063000,A1,桃園市政府警察局,桃園市桃園區力行路口 / 桃園市桃園區文中一路口,晴,有照明且開啟,市區道路,50,交岔路,四岔路,其他,行人穿越道,柏油,乾燥,無缺陷,無障礙物,無遮蔽物,良好,行車管制號誌(附設行人專用號誌),正常,無,無分向設施,未繪設車道線,未繪設快慢車道分隔線,無,人與車,穿越道路中,駕駛者,車輛未依規定暫停讓行人先行,死亡1;受傷0,2,人,行人,女,89,其他(無需使用保護裝備之人),非駕駛人,人的狀態,步行,其他,非汽、機及自行車,NA,NA,無(非車輛駕駛人因素),尚未發現肇事因素,否,121.293578,24.998386
20230704,20230704,2023,7,071331,A1,屏東縣政府警察局,屏東縣佳冬鄉大豐路東側 / 屏東縣佳冬鄉西昌路北側,晴,有照明未開啟或故障,省道,40,單路部分,直路,路段,慢車道,柏油,乾燥,無缺陷,路上有停車,無遮蔽物,良好,無號誌,無號誌,中央分向島,寬式(50公分以上),車道線(無標記),快慢車道分隔線,有,車與車,追撞,駕駛者,觀看其他事故、活動、道路環境或車外資訊分心駕駛,死亡1;受傷0,1,機車,普通重型,男,77,戴半罩式安全帽,未使用,車的狀態,向前直行中,機車與自行車,前車頭,NA,NA,駕駛者,觀看其他事故、活動、道路環境或車外資訊分心駕駛,否,120.557741,22.448023
20230704,20230704,2023,7,071331,A1,屏東縣政府警察局,屏東縣佳冬鄉大豐路東側 / 屏東縣佳冬鄉西昌路北側,晴,有照明未開啟或故障,省道,40,單路部分,直路,路段,慢車道,柏油,乾燥,無缺陷,路上有停車,無遮蔽物,良好,無號誌,無號誌,中央分向島,寬式(50公分以上),車道線(無標記),快慢車道分隔線,有,車與車,追撞,駕駛者,觀看其他事故、活動、道路環境或車外資訊分心駕駛,死亡1;受傷0,2,大貨車,營業用,男,53,繫安全帶(使用幼童安全椅),未使用,車的狀態,等待(引擎未熄火),汽車,後車尾,NA,NA,其他,違規(臨時)停車,否,120.557741,22.448023
20230704,20230704,2023,7,095900,A1,澎湖縣政府警察局,澎湖縣馬公市中華路387號前岔路口,晴,有照明未開啟或故障,市區道路,50,交岔路,三岔路,交叉路口,交叉路口內,柏油,乾燥,無缺陷,無障礙物,無遮蔽物,良好,無號誌,無號誌,雙向禁止超車線,附標記,車道線(無標記),未繪設快慢車道分隔線,有,車輛本身,衝出路外,駕駛者,恍神、緊張、心不在焉分心駕駛,死亡1;受傷0,1,機車,普通重型,男,71,戴非半罩式安全帽,未使用,車的狀態,向前直行中,機車與自行車,前車頭,NA,NA,駕駛者,恍神、緊張、心不在焉分心駕駛,否,119.581428,23.570431
20230704,20230704,2023,7,095900,A1,澎湖縣政府警察局,澎湖縣馬公市中華路387號前岔路口,晴,有照明未開啟或故障,市區道路,50,交岔路,三岔路,交叉路口,交叉路口內,柏油,乾燥,無缺陷,無障礙物,無遮蔽物,良好,無號誌,無號誌,雙向禁止超車線,附標記,車道線(無標記),未繪設快慢車道分隔線,有,車輛本身,衝出路外,駕駛者,恍神、緊張、心不在焉分心駕駛,死亡1;受傷0,2,NA,NA,無或物(動物、堆置物),-1,NA,NA,NA,NA,NA,NA,NA,NA,無(非車輛駕駛人因素),尚未發現肇事因素,否,119.581428,23.570431
20230704,20230704,2023,7,111000,A1,苗栗縣警察局,苗栗縣苑裡鎮新復里新復11路、新復8路路口,晴,有照明未開啟或故障,村里道路,30,交岔路,四岔路,交叉路口,交叉路口內,柏油,乾燥,無缺陷,無障礙物,無遮蔽物,良好,無號誌,無號誌,無,無分向設施,未繪設車道線,未繪設快慢車道分隔線,有,車與車,路口交岔撞,駕駛者,未依規定減速,死亡1;受傷0,1,小客車(含客、貨兩用),自用,女,38,未戴安全帽或未繫安全帶(未使用幼童安全椅),未使用,車的狀態,向前直行中,汽車,左前車頭(身),汽車,左側車身,駕駛者,未依規定減速,否,120.647684,24.422702
20230704,20230704,2023,7,111000,A1,苗栗縣警察局,苗栗縣苑裡鎮新復里新復11路、新復8路路口,晴,有照明未開啟或故障,村里道路,30,交岔路,四岔路,交叉路口,交叉路口內,柏油,乾燥,無缺陷,無障礙物,無遮蔽物,良好,無號誌,無號誌,無,無分向設施,未繪設車道線,未繪設快慢車道分隔線,有,車與車,路口交岔撞,駕駛者,未依規定減速,死亡1;受傷0,2,機車,普通重型,女,74,戴非半罩式安全帽,未使用,車的狀態,向前直行中,機車與自行車,前車頭,機車與自行車,右側車身,駕駛者,無號誌路口，左方車未讓右方車先行,否,120.647684,24.422702
20230704,20230704,2023,7,161200,A1,臺南市政府警察局,臺南市安南區北安路2段501-1號前0.0公尺,晴,無照明,市區道路,60,單路部分,直路,路段,快車道,柏油,乾燥,無缺陷,無障礙物,無遮蔽物,良好,無號誌,無號誌,中央分向島,寬式(50公分以上),車道線(無標記),快慢車道分隔線,有,車與車,側撞,其他,車輛或機械操作不當(慎),死亡1;受傷1,1,慢車,微型電動二輪車,男,81,戴半罩式安全帽,未使用,車的狀態,起步,機車與自行車,左側車身,NA,NA,其他,車輛或機械操作不當(慎),否,120.201998,23.038174
20230704,20230704,2023,7,161200,A1,臺南市政府警察局,臺南市安南區北安路2段501-1號前0.0公尺,晴,無照明,市區道路,60,單路部分,直路,路段,快車道,柏油,乾燥,無缺陷,無障礙物,無遮蔽物,良好,無號誌,無號誌,中央分向島,寬式(50公分以上),車道線(無標記),快慢車道分隔線,有,車與車,側撞,其他,車輛或機械操作不當(慎),死亡1;受傷1,2,機車,普通重型,男,47,戴半罩式安全帽,未使用,車的狀態,向前直行中,機車與自行車,前車頭,NA,NA,無(車輛駕駛者因素),尚未發現肇事因素,否,120.201998,23.038174
20230705,20230705,2023,7,011518,A1,雲林縣警察局,雲林縣口湖鄉青蚶村雲140公路(路燈編號071487電桿前),晴,有照明且開啟,鄉道,50,交岔路,三岔路,交叉路口,交叉路口內,柏油,乾燥,無缺陷,其他障礙物,無遮蔽物,良好,無號誌,無號誌,無,無分向設施,未繪設車道線,未繪設快慢車道分隔線,有,車輛本身,撞電桿,其他,其他不當駕車行為,死亡1;受傷0,1,機車,普通重型,男,23,未戴安全帽或未繫安全帶(未使用幼童安全椅),不明,車的狀態,向前直行中,機車與自行車,前車頭,NA,NA,其他,其他不當駕車行為,否,120.164274,23.596799
20230705,20230705,2023,7,011518,A1,雲林縣警察局,雲林縣口湖鄉青蚶村雲140公路(路燈編號071487電桿前),晴,有照明且開啟,鄉道,50,交岔路,三岔路,交叉路口,交叉路口內,柏油,乾燥,無缺陷,其他障礙物,無遮蔽物,良好,無號誌,無號誌,無,無分向設施,未繪設車道線,未繪設快慢車道分隔線,有,車輛本身,撞電桿,其他,其他不當駕車行為,死亡1;受傷0,2,NA,NA,無或物(動物、堆置物),-1,NA,NA,NA,NA,NA,NA,NA,NA,無(非車輛駕駛人因素),尚未發現肇事因素,否,120.164274,23.596799
20230705,20230705,2023,7,052800,A1,嘉義縣警察局,嘉義縣中埔鄉和興村台18線18公里200公尺處,晴,有照明未開啟或故障,省道,50,交岔路,三岔路,交叉路口,機車停等區,柏油,乾燥,無缺陷,無障礙物,無遮蔽物,良好,行車管制號誌,正常,雙向禁止超車線,附標記,車道線(無標記),未繪設快慢車道分隔線,有,人與車,穿越道路中,非駕駛者,未依標誌或標線穿越道路,死亡1;受傷0,1,人,行人,女,84,其他(無需使用保護裝備之人),非駕駛人,人的狀態,奔跑,其他,非汽、機及自行車,NA,NA,非駕駛者,未依標誌或標線穿越道路,否,120.460523,23.451838
20230705,20230705,2023,7,052800,A1,嘉義縣警察局,嘉義縣中埔鄉和興村台18線18公里200公尺處,晴,有照明未開啟或故障,省道,50,交岔路,三岔路,交叉路口,機車停等區,柏油,乾燥,無缺陷,無障礙物,無遮蔽物,良好,行車管制號誌,正常,雙向禁止超車線,附標記,車道線(無標記),未繪設快慢車道分隔線,有,人與車,穿越道路中,非駕駛者,未依標誌或標線穿越道路,死亡1;受傷0,2,大貨車,營業用,男,54,繫安全帶(使用幼童安全椅),未使用,車的狀態,起步,汽車,左前車頭(身),NA,NA,駕駛者,起步時未注意安全,是,120.460523,23.451838
20230705,20230705,2023,7,071100,A1,臺北市政府警察局,臺北市北投區北投路1段 / 臺北市北投區三合街2段,晴,無照明,市區道路,50,交岔路,四岔路,其他,行人穿越道,柏油,乾燥,無缺陷,無障礙物,無遮蔽物,良好,行車管制號誌(附設行人專用號誌),正常,雙向禁止超車線,附標記,車道線(附標記),快慢車道分隔線,無,人與車,穿越道路中,駕駛者,車輛未依規定暫停讓行人先行,死亡1;受傷0,1,小客車(含客、貨兩用),計程車,男,59,繫安全帶(使用幼童安全椅),未使用,車的狀態,迴轉或橫越道路中,汽車,左前車頭(身),NA,NA,駕駛者,車輛未依規定暫停讓行人先行,否,121.500708,25.126138
20230705,20230705,2023,7,071100,A1,臺北市政府警察局,臺北市北投區北投路1段 / 臺北市北投區三合街2段,晴,無照明,市區道路,50,交岔路,四岔路,其他,行人穿越道,柏油,乾燥,無缺陷,無障礙物,無遮蔽物,良好,行車管制號誌(附設行人專用號誌),正常,雙向禁止超車線,附標記,車道線(附標記),快慢車道分隔線,無,人與車,穿越道路中,駕駛者,車輛未依規定暫停讓行人先行,死亡1;受傷0,2,人,行人,男,81,其他(無需使用保護裝備之人),非駕駛人,人的狀態,步行,其他,非汽、機及自行車,NA,NA,無(非車輛駕駛人因素),尚未發現肇事因素,否,121.500708,25.126138
20230705,20230705,2023,7,073700,A1,嘉義縣警察局,嘉義縣大林鎮三村里台一線249公里北上車道,晴,有照明未開啟或故障,省道,70,交岔路,三岔路,交叉路口,交叉路口內,柏油,乾燥,無缺陷,無障礙物,無遮蔽物,良好,無號誌,無號誌,無,無分向設施,未繪設車道線,未繪設快慢車道分隔線,有,車與車,側撞,駕駛者,左轉彎未依規定,死亡1;受傷0,1,機車,普通重型,男,41,戴非半罩式安全帽,未使用,車的狀態,左轉彎,機車與自行車,左側車身,NA,NA,駕駛者,左轉彎未依規定,否,120.468087,23.624848
20230705,20230705,2023,7,073700,A1,嘉義縣警察局,嘉義縣大林鎮三村里台一線249公里北上車道,晴,有照明未開啟或故障,省道,70,交岔路,三岔路,交叉路口,交叉路口內,柏油,乾燥,無缺陷,無障礙物,無遮蔽物,良好,無號誌,無號誌,無,無分向設施,未繪設車道線,未繪設快慢車道分隔線,有,車與車,側撞,駕駛者,左轉彎未依規定,死亡1;受傷0,2,小客車(含客、貨兩用),自用,女,34,繫安全帶(使用幼童安全椅),未使用,車的狀態,向前直行中,汽車,前車頭,NA,NA,駕駛者,超速駕駛,否,120.468087,23.624848
20230705,20230705,2023,7,082656,A1,彰化縣警察局,彰化縣二林鎮大永里萬原路一段595號前0.0公尺附近,晴,無照明,其他,50,單路部分,直路,路段,路肩、路緣,柏油,乾燥,無缺陷,無障礙物,無遮蔽物,良好,無號誌,無號誌,中央分向島,寬式(50公分以上),車道線(無標記),未繪設快慢車道分隔線,有,車輛本身,撞路樹,駕駛者,患病或服用藥物(疲勞)駕駛,死亡1;受傷0,1,機車,普通重型,女,58,不明,不明,車的狀態,向前直行中,機車與自行車,前車頭,機車與自行車,右側車身,駕駛者,患病或服用藥物(疲勞)駕駛,否,120.424037,23.907513
20230705,20230705,2023,7,082656,A1,彰化縣警察局,彰化縣二林鎮大永里萬原路一段595號前0.0公尺附近,晴,無照明,其他,50,單路部分,直路,路段,路肩、路緣,柏油,乾燥,無缺陷,無障礙物,無遮蔽物,良好,無號誌,無號誌,中央分向島,寬式(50公分以上),車道線(無標記),未繪設快慢車道分隔線,有,車輛本身,撞路樹,駕駛者,患病或服用藥物(疲勞)駕駛,死亡1;受傷0,2,NA,NA,無或物(動物、堆置物),-1,NA,NA,NA,NA,NA,NA,NA,NA,無(非車輛駕駛人因素),尚未發現肇事因素,否,120.424037,23.907513
20230705,20230705,2023,7,082800,A1,高雄市政府警察局,高雄市楠梓區左楠路 / 高雄市楠梓區後昌路,晴,有照明未開啟或故障,市區道路,50,交岔路,四岔路,交叉路口,交叉路口內,柏油,乾燥,無缺陷,無障礙物,無遮蔽物,良好,行車管制號誌,正常,行車分向線,附標記,禁止變換車道線(附標記),未繪設快慢車道分隔線,無,車與車,側撞,駕駛者,左轉彎未依規定,死亡1;受傷0,1,小客車(含客、貨兩用),自用,男,32,繫安全帶(使用幼童安全椅),未使用,車的狀態,左轉彎,汽車,右前車頭(身),NA,NA,駕駛者,左轉彎未依規定,否,120.3022,22.707902
20230705,20230705,2023,7,082800,A1,高雄市政府警察局,高雄市楠梓區左楠路 / 高雄市楠梓區後昌路,晴,有照明未開啟或故障,市區道路,50,交岔路,四岔路,交叉路口,交叉路口內,柏油,乾燥,無缺陷,無障礙物,無遮蔽物,良好,行車管制號誌,正常,行車分向線,附標記,禁止變換車道線(附標記),未繪設快慢車道分隔線,無,車與車,側撞,駕駛者,左轉彎未依規定,死亡1;受傷0,2,機車,普通重型,男,29,戴非半罩式安全帽,未使用,車的狀態,向前直行中,機車與自行車,前車頭,NA,NA,駕駛者,闖紅燈直行,否,120.3022,22.707902
20230705,20230705,2023,7,134532,A1,雲林縣警察局,雲林縣西螺鎮安定里安定74-22號前,晴,有照明未開啟或故障,其他,50,交岔路,四岔路,交叉路口,交叉路口內,柏油,乾燥,無缺陷,無障礙物,無遮蔽物,良好,閃光號誌,正常,無,無分向設施,未繪設車道線,未繪設快慢車道分隔線,無,車與車,路口交岔撞,駕駛者,違反閃光號誌,死亡1;受傷1,1,機車,普通重型,女,37,戴半罩式安全帽,未使用,車的狀態,向前直行中,機車與自行車,右側車身,機車與自行車,前車頭,駕駛者,違反閃光號誌,否,120.442209,23.808485
20230705,20230705,2023,7,134532,A1,雲林縣警察局,雲林縣西螺鎮安定里安定74-22號前,晴,有照明未開啟或故障,其他,50,交岔路,四岔路,交叉路口,交叉路口內,柏油,乾燥,無缺陷,無障礙物,無遮蔽物,良好,閃光號誌,正常,無,無分向設施,未繪設車道線,未繪設快慢車道分隔線,無,車與車,路口交岔撞,駕駛者,違反閃光號誌,死亡1;受傷1,2,小貨車(含客、貨兩用),自用,男,55,不明,不明,車的狀態,向前直行中,汽車,左前車頭(身),NA,NA,駕駛者,違反閃光號誌,否,120.442209,23.808485
20230705,20230705,2023,7,134532,A1,雲林縣警察局,雲林縣西螺鎮安定里安定74-22號前,晴,有照明未開啟或故障,其他,50,交岔路,四岔路,交叉路口,交叉路口內,柏油,乾燥,無缺陷,無障礙物,無遮蔽物,良好,閃光號誌,正常,無,無分向設施,未繪設車道線,未繪設快慢車道分隔線,無,車與車,路口交岔撞,駕駛者,違反閃光號誌,死亡1;受傷1,3,人,乘客,男,8,戴半罩式安全帽,非駕駛人,人的狀態,其他,其他,非汽、機及自行車,NA,NA,無(非車輛駕駛人因素),尚未發現肇事因素,否,120.442209,23.808485
20230705,20230705,2023,7,142947,A1,桃園市政府警察局,桃園市觀音區成功路二段附近 / 桃園市觀音區民族路附近,晴,有照明未開啟或故障,市區道路,50,單路部分,直路,路段,一般車道(未劃分快慢車道),柏油,乾燥,無缺陷,無障礙物,無遮蔽物,良好,無號誌,無號誌,中央分向島,寬式(50公分以上),車道線(無標記),未繪設快慢車道分隔線,有,車與車,同向擦撞,駕駛者,違規超車,死亡1;受傷0,1,機車,普通重型,男,31,戴半罩式安全帽,未使用,車的狀態,超車(含超越),機車與自行車,前車頭,NA,NA,駕駛者,違規超車,否,121.116558,25.050626
20230705,20230705,2023,7,142947,A1,桃園市政府警察局,桃園市觀音區成功路二段附近 / 桃園市觀音區民族路附近,晴,有照明未開啟或故障,市區道路,50,單路部分,直路,路段,一般車道(未劃分快慢車道),柏油,乾燥,無缺陷,無障礙物,無遮蔽物,良好,無號誌,無號誌,中央分向島,寬式(50公分以上),車道線(無標記),未繪設快慢車道分隔線,有,車與車,同向擦撞,駕駛者,違規超車,死亡1;受傷0,2,大貨車,自用,男,24,不明,不明,車的狀態,向前直行中,汽車,車底,NA,NA,無(車輛駕駛者因素),尚未發現肇事因素,否,121.116558,25.050626
20230705,20230705,2023,7,142947,A1,桃園市政府警察局,桃園市觀音區成功路二段附近 / 桃園市觀音區民族路附近,晴,有照明未開啟或故障,市區道路,50,單路部分,直路,路段,一般車道(未劃分快慢車道),柏油,乾燥,無缺陷,無障礙物,無遮蔽物,良好,無號誌,無號誌,中央分向島,寬式(50公分以上),車道線(無標記),未繪設快慢車道分隔線,有,車與車,同向擦撞,駕駛者,違規超車,死亡1;受傷0,3,大貨車,營業用,男,55,不明,不明,車的狀態,向前直行中,汽車,右側車身,NA,NA,無(車輛駕駛者因素),尚未發現肇事因素,是,121.116558,25.050626