accident_date,發生日期,發生年度,發生月份,發生時間,事故類別名稱,處理單位名稱警局層,發生地點,天候名稱,光線名稱,道路類別-第1當事者-名稱,速限-第1當事者,道路型態大類別名稱,道路型態子類別名稱,事故位置大類別名稱,事故位置子類別名稱,路面狀況-路面鋪裝名稱,路面狀況-路面狀態名稱,路面狀況-路面缺陷名稱,道路障礙-障礙物名稱,道路障礙-視距品質名稱,道路障礙-視距名稱,號誌-號誌種類名稱,號誌-號誌動作名稱,車道劃分設施-分向設施大類別名稱,車道劃分設施-分向設施子類別名稱,車道劃分設施-分道設施-快車道或一般車道間名稱,車道劃分設施-分道設施-快慢車道間名稱,車道劃分設施-分道設施-路面邊線名稱,事故類型及型態大類別名稱,事故類型及型態子類別名稱,肇因研判大類別名稱-主要,肇因研判子類別名稱-主要,死亡受傷人數,當事者順位,當事者區分-類別-大類別名稱-車種,當事者區分-類別-子類別名稱-車種,當事者屬-性-別名稱,當事者事故發生時年齡,保護裝備名稱,行動電話或電腦或其他相類功能裝置名稱,當事者行動狀態大類別名稱,當事者行動狀態子類別名稱,車輛撞擊部位大類別名稱-最初,車輛撞擊部位子類別名稱-最初,車輛撞擊部位大類別名稱-其他,車輛撞擊部位子類別名稱-其他,肇因研判大類別名稱-個別,肇因研判子類別名稱-個別,肇事逃逸類別名稱-是否肇逃,經度,緯度
20230705,20230705,2023,7,142947,A1,桃園市政府警察局,桃園市觀音區成功路二段附近 / 桃園市觀音區民族路附近,晴,有照明未開啟或故障,市區道路,50,單路部分,直路,路段,一般車道(未劃分快慢車道),柏油,乾燥,無缺陷,無障礙物,無遮蔽物,良好,無號誌,無號誌,中央分向島,寬式(50公分以上),車道線(無標記),未繪設快慢車道分隔線,有,車與車,同向擦撞,駕駛者,違規超車,死亡1;受傷0,4,小客車(含客、貨兩用),自用,男,47,不明,不明,車的狀態,向前直行中,其他,無撞擊,NA,NA,無(車輛駕駛者因素),尚未發現肇事因素,否,121.116558,25.050626
20230705,20230705,2023,7,150500,A1,高雄市政府警察局,高雄市大寮區光明路1段 / 高雄市大寮區鳳明路,晴,有照明未開啟或故障,市區道路,30,交岔路,三岔路,交叉路口,交叉路口內,柏油,乾燥,無缺陷,無障礙物,無遮蔽物,良好,行車管制號誌,正常,雙向禁止超車線,無標記,未繪設車道線,未繪設快慢車道分隔線,無,車與車,側撞,駕駛者,闖紅燈直行,死亡1;受傷1,1,機車,普通重型,男,81,戴半罩式安全帽,未使用,車的狀態,向前直行中,機車與自行車,左側車身,NA,NA,駕駛者,闖紅燈直行,否,120.421684,22.577942
20230705,20230705,2023,7,150500,A1,高雄市政府警察局,高雄市大寮區光明路1段 / 高雄市大寮區鳳明路,晴,有照明未開啟或故障,市區道路,30,交岔路,三岔路,交叉路口,交叉路口內,柏油,乾燥,無缺陷,無障礙物,無遮蔽物,良好,行車管制號誌,正常,雙向禁止超車線,無標記,未繪設車道線,未繪設快慢車道分隔線,無,車與車,側撞,駕駛者,闖紅燈直行,死亡1;受傷1,2,小客車(含客、貨兩用),自用,男,39,繫安全帶(使用幼童安全椅),未使用,車的狀態,向前直行中,汽車,左前車頭(身),NA,NA,無(車輛駕駛者因素),尚未發現肇事因素,否,120.421684,22.577942
20230705,20230705,2023,7,173034,A1,臺南市政府警察局,臺南市左鎮區台20線 20公里800.0公尺處東側向外側,晴,有照明未開啟或故障,市區道路,60,單路部分,直路,路段,路肩、路緣,柏油,乾燥,無缺陷,無障礙物,無遮蔽物,良好,無號誌,無號誌,雙向禁止超車線,無標記,車道線(無標記),快慢車道分隔線,有,車輛本身,撞號誌、標誌桿,其他,其他不當駕車行為,死亡1;受傷1,1,小客車(含客、貨兩用),自用,男,28,未戴安全帽或未繫安全帶(未使用幼童安全椅),未使用,車的狀態,向前直行中,汽車,左側車身,NA,NA,其他,其他不當駕車行為,否,120.373754,23.078975
20230705,20230705,2023,7,173034,A1,臺南市政府警察局,臺南市左鎮區台20線 20公里800.0公尺處東側向外側,晴,有照明未開啟或故障,市區道路,60,單路部分,直路,路段,路肩、路緣,柏油,乾燥,無缺陷,無障礙物,無遮蔽物,良好,無號誌,無號誌,雙向禁止超車線,無標記,車道線(無標記),快慢車道分隔線,有,車輛本身,撞號誌、標誌桿,其他,其他不當駕車行為,死亡1;受傷1,2,NA,NA,無或物(動物、堆置物),-1,NA,NA,NA,NA,NA,NA,NA,NA,無(非車輛駕駛人因素),尚未發現肇事因素,否,120.373754,23.078975
20230705,20230705,2023,7,173034,A1,臺南市政府警察局,臺南市左鎮區台20線 20公里800.0公尺處東側向外側,晴,有照明未開啟或故障,市區道路,60,單路部分,直路,路段,路肩、路緣,柏油,乾燥,無缺陷,無障礙物,無遮蔽物,良好,無號誌,無號誌,雙向禁止超車線,無標記,車道線(無標記),快慢車道分隔線,有,車輛本身,撞號誌、標誌桿,其他,其他不當駕車行為,死亡1;受傷1,3,人,乘客,女,14,未戴安全帽或未繫安全帶(未使用幼童安全椅),非駕駛人,不明,不明,其他,非汽、機及自行車,NA,NA,無(非車輛駕駛人因素),尚未發現肇事因素,否,120.373754,23.078975
20230705,20230705,2023,7,181700,A1,臺南市政府警察局,臺南市東區中華東路1段口 / 臺南市東區中華東路1段口,晴,有照明未開啟或故障,市區道路,60,交岔路,四岔路,交叉路口,交叉路口內,柏油,乾燥,無缺陷,無障礙物,無遮蔽物,良好,行車管制號誌,正常,無,無分向設施,未繪設車道線,未繪設快慢車道分隔線,無,車與車,路口交岔撞,駕駛者,闖紅燈直行,死亡1;受傷2,1,特種車,救護車,男,20,繫安全帶(使用幼童安全椅),未使用,車的狀態,向前直行中,汽車,右側車身,NA,NA,駕駛者,闖紅燈直行,否,120.234433,22.99679
20230705,20230705,2023,7,181700,A1,臺南市政府警察局,臺南市東區中華東路1段口 / 臺南市東區中華東路1段口,晴,有照明未開啟或故障,市區道路,60,交岔路,四岔路,交叉路口,交叉路口內,柏油,乾燥,無缺陷,無障礙物,無遮蔽物,良好,行車管制號誌,正常,無,無分向設施,未繪設車道線,未繪設快慢車道分隔線,無,車與車,路口交岔撞,駕駛者,闖紅燈直行,死亡1;受傷2,2,機車,普通重型,男,28,戴非半罩式安全帽,未使用,車的狀態,向前直行中,機車與自行車,前車頭,NA,NA,駕駛者,未避讓(跟隨、併駛、超車)消防、救護、警備、工程救險車、毒性化學物質災害事故應變車等執行緊急任務車,否,120.234433,22.99679
20230705,20230705,2023,7,181700,A1,臺南市政府警察局,臺南市東區中華東路1段口 / 臺南市東區中華東路1段口,晴,有照明未開啟或故障,市區道路,60,交岔路,四岔路,交叉路口,交叉路口內,柏油,乾燥,無缺陷,無障礙物,無遮蔽物,良好,行車管制號誌,正常,無,無分向設施,未繪設車道線,未繪設快慢車道分隔線,無,車與車,路口交岔撞,駕駛者,闖紅燈直行,死亡1;受傷2,3,人,乘客,男,19,其他(無需使用保護裝備之人),非駕駛人,人的狀態,其他,其他,非汽、機及自行車,NA,NA,無(非車輛駕駛人因素),尚未發現肇事因素,否,120.234433,22.99679
20230705,20230705,2023,7,181700,A1,臺南市政府警察局,臺南市東區中華東路1段口 / 臺南市東區中華東路1段口,晴,有照明未開啟或故障,市區道路,60,交岔路,四岔路,交叉路口,交叉路口內,柏油,乾燥,無缺陷,無障礙物,無遮蔽物,良好,行車管制號誌,正常,無,無分向設施,未繪設車道線,未繪設快慢車道分隔線,無,車與車,路口交岔撞,駕駛者,闖紅燈直行,死亡1;受傷2,4,人,乘客,女,21,其他(無需使用保護裝備之人),非駕駛人,人的狀態,其他,其他,非汽、機及自行車,NA,NA,無(非車輛駕駛人因素),尚未發現肇事因素,否,120.234433,22.99679
20230706,20230706,2023,7,020800,A1,新北市政府警察局,新北市中和區景平路 / 新北市中和區安樂路,晴,有照明且開啟,市區道路,50,交岔路,四岔路,交叉路口,交叉路口內,柏油,乾燥,無缺陷,無障礙物,無遮蔽物,良好,行車管制號誌(附設行人專用號誌),正常,雙向禁止超車線,無標記,禁止變換車道線(附標記),寬式快慢車道分隔島(50公分以上),有,車與車,路口交岔撞,駕駛者,闖紅燈直行,死亡1;受傷0,1,小客車(含客、貨兩用),自用,女,23,不明,不明,車的狀態,向前直行中,汽車,右側車身,NA,NA,駕駛者,闖紅燈直行,否,121.496319,25.00367
20230706,20230706,2023,7,020800,A1,新北市政府警察局,新北市中和區景平路 / 新北市中和區安樂路,晴,有照明且開啟,市區道路,50,交岔路,四岔路,交叉路口,交叉路口內,柏油,乾燥,無缺陷,無障礙物,無遮蔽物,良好,行車管制號誌(附設行人專用號誌),正常,雙向禁止超車線,無標記,禁止變換車道線(附標記),寬式快慢車道分隔島(50公分以上),有,車與車,路口交岔撞,駕駛者,闖紅燈直行,死亡1;受傷0,2,機車,普通重型,男,38,不明,不明,車的狀態,向前直行中,機車與自行車,前車頭,NA,NA,無(車輛駕駛者因素),尚未發現肇事因素,否,121.496319,25.00367
20230706,20230706,2023,7,131700,A1,南投縣政府警察局,南投縣名間鄉大廈巷電桿編號廈新枝28右17,晴,有照明未開啟或故障,村里道路,30,單路部分,坡路,路段,一般車道(未劃分快慢車道),柏油,乾燥,無缺陷,無障礙物,無遮蔽物,良好,無號誌,無號誌,無,無分向設施,未繪設車道線,未繪設快慢車道分隔線,有,車與車,對向擦撞,駕駛者,未靠右行駛,死亡1;受傷1,1,機車,普通重型,男,65,不明,不明,車的狀態,向前直行中,機車與自行車,前車頭,NA,NA,駕駛者,未靠右行駛,否,120.677774,23.853505
20230706,20230706,2023,7,131700,A1,南投縣政府警察局,南投縣名間鄉大廈巷電桿編號廈新枝28右17,晴,有照明未開啟或故障,村里道路,30,單路部分,坡路,路段,一般車道(未劃分快慢車道),柏油,乾燥,無缺陷,無障礙物,無遮蔽物,良好,無號誌,無號誌,無,無分向設施,未繪設車道線,未繪設快慢車道分隔線,有,車與車,對向擦撞,駕駛者,未靠右行駛,死亡1;受傷1,2,小貨車(含客、貨兩用),自用,男,45,繫安全帶(使用幼童安全椅),未使用,車的狀態,向前直行中,汽車,左前車頭(身),NA,NA,其他,相關跡證不足且無具體影像紀錄，當事人各執一詞，經分析後無法釐清肇事原因,否,120.677774,23.853505
20230706,20230706,2023,7,162826,A1,苗栗縣警察局,苗栗縣苑裡鎮中正十六路與中正五路路口,晴,無照明,鄉道,40,交岔路,四岔路,交叉路口,交叉路口內,柏油,乾燥,無缺陷,無障礙物,無遮蔽物,良好,無號誌,無號誌,無,無分向設施,未繪設車道線,未繪設快慢車道分隔線,有,車與車,路口交岔撞,駕駛者,未依規定減速,死亡1;受傷1,1,小貨車(含客、貨兩用),自用,男,31,繫安全帶(使用幼童安全椅),未使用,車的狀態,向前直行中,汽車,前車頭,機車與自行車,前車頭,駕駛者,未依規定減速,否,120.667852,24.424136
20230706,20230706,2023,7,162826,A1,苗栗縣警察局,苗栗縣苑裡鎮中正十六路與中正五路路口,晴,無照明,鄉道,40,交岔路,四岔路,交叉路口,交叉路口內,柏油,乾燥,無缺陷,無障礙物,無遮蔽物,良好,無號誌,無號誌,無,無分向設施,未繪設車道線,未繪設快慢車道分隔線,有,車與車,路口交岔撞,駕駛者,未依規定減速,死亡1;受傷1,2,機車,普通重型,女,65,戴半罩式安全帽,未使用,車的狀態,向前直行中,機車與自行車,右側車身,其他,無撞擊,駕駛者,無號誌路口，左方車未讓右方車先行,否,120.667852,24.424136
20230706,20230706,2023,7,162826,A1,苗栗縣警察局,苗栗縣苑裡鎮中正十六路與中正五路路口,晴,無照明,鄉道,40,交岔路,四岔路,交叉路口,交叉路口內,柏油,乾燥,無缺陷,無障礙物,無遮蔽物,良好,無號誌,無號誌,無,無分向設施,未繪設車道線,未繪設快慢車道分隔線,有,車與車,路口交岔撞,駕駛者,未依規定減速,死亡1;受傷1,3,人,乘客,女,88,未戴安全帽或未繫安全帶(未使用幼童安全椅),非駕駛人,人的狀態,其他,其他,無撞擊,NA,NA,無(非車輛駕駛人因素),尚未發現肇事因素,否,120.667852,24.424136
20230707,20230707,2023,7,080033,A1,南投縣政府警察局,南投縣名間鄉員集路40之36號前0.0公尺附近,晴,無照明,省道,60,單路部分,直路,路段,快車道,柏油,乾燥,無缺陷,無障礙物,無遮蔽物,良好,無號誌,無號誌,雙向禁止超車線,無標記,車道線(無標記),快慢車道分隔線,有,車與車,追撞,駕駛者,未保持行車安全距離,死亡1;受傷5,1,小客車(含客、貨兩用),自用,女,54,繫安全帶(使用幼童安全椅),未使用,車的狀態,向前直行中,汽車,前車頭,汽車,前車頭,駕駛者,未保持行車安全距離,否,120.709121,23.832809
20230707,20230707,2023,7,080033,A1,南投縣政府警察局,南投縣名間鄉員集路40之36號前0.0公尺附近,晴,無照明,省道,60,單路部分,直路,路段,快車道,柏油,乾燥,無缺陷,無障礙物,無遮蔽物,良好,無號誌,無號誌,雙向禁止超車線,無標記,車道線(無標記),快慢車道分隔線,有,車與車,追撞,駕駛者,未保持行車安全距離,死亡1;受傷5,2,小客車(含客、貨兩用),自用,女,44,繫安全帶(使用幼童安全椅),未使用,車的狀態,向前直行中,汽車,後車尾,汽車,右側車身,無(車輛駕駛者因素),尚未發現肇事因素,否,120.709121,23.832809
20230707,20230707,2023,7,080033,A1,南投縣政府警察局,南投縣名間鄉員集路40之36號前0.0公尺附近,晴,無照明,省道,60,單路部分,直路,路段,快車道,柏油,乾燥,無缺陷,無障礙物,無遮蔽物,良好,無號誌,無號誌,雙向禁止超車線,無標記,車道線(無標記),快慢車道分隔線,有,車與車,追撞,駕駛者,未保持行車安全距離,死亡1;受傷5,3,曳引車,營業用,男,29,繫安全帶(使用幼童安全椅),未使用,車的狀態,向前直行中,汽車,前車頭,汽車,右前車頭(身),無(車輛駕駛者因素),尚未發現肇事因素,否,120.709121,23.832809
20230707,20230707,2023,7,080033,A1,南投縣政府警察局,南投縣名間鄉員集路40之36號前0.0公尺附近,晴,無照明,省道,60,單路部分,直路,路段,快車道,柏油,乾燥,無缺陷,無障礙物,無遮蔽物,良好,無號誌,無號誌,雙向禁止超車線,無標記,車道線(無標記),快慢車道分隔線,有,車與車,追撞,駕駛者,未保持行車安全距離,死亡1;受傷5,4,小客車(含客、貨兩用),租賃車,女,51,繫安全帶(使用幼童安全椅),未使用,車的狀態,等待(引擎未熄火),汽車,後車尾,汽車,後車尾,無(車輛駕駛者因素),尚未發現肇事因素,否,120.709121,23.832809
20230707,20230707,2023,7,080033,A1,南投縣政府警察局,南投縣名間鄉員集路40之36號前0.0公尺附近,晴,無照明,省道,60,單路部分,直路,路段,快車道,柏油,乾燥,無缺陷,無障礙物,無遮蔽物,良好,無號誌,無號誌,雙向禁止超車線,無標記,車道線(無標記),快慢車道分隔線,有,車與車,追撞,駕駛者,未保持行車安全距離,死亡1;受傷5,5,人,乘客,男,45,繫安全帶(使用幼童安全椅),非駕駛人,人的狀態,其他,其他,非汽、機及自行車,其他,非汽、機及自行車,無(非車輛駕駛人因素),尚未發現肇事因素,否,120.709121,23.832809
20230707,20230707,2023,7,080033,A1,南投縣政府警察局,南投縣名間鄉員集路40之36號前0.0公尺附近,晴,無照明,省道,60,單路部分,直路,路段,快車道,柏油,乾燥,無缺陷,無障礙物,無遮蔽物,良好,無號誌,無號誌,雙向禁止超車線,無標記,車道線(無標記),快慢車道分隔線,有,車與車,追撞,駕駛者,未保持行車安全距離,死亡1;受傷5,6,人,乘客,男,12,不明,非駕駛人,人的狀態,其他,其他,非汽、機及自行車,其他,非汽、機及自行車,無(非車輛駕駛人因素),尚未發現肇事因素,否,120.709121,23.832809
20230707,20230707,2023,7,080033,A1,南投縣政府警察局,南投縣名間鄉員集路40之36號前0.0公尺附近,晴,無照明,省道,60,單路部分,直路,路段,快車道,柏油,乾燥,無缺陷,無障礙物,無遮蔽物,良好,無號誌,無號誌,雙向禁止超車線,無標記,車道線(無標記),快慢車道分隔線,有,車與車,追撞,駕駛者,未保持行車安全距離,死亡1;受傷5,7,人,乘客,男,15,不明,非駕駛人,人的狀態,其他,其他,非汽、機及自行車,其他,非汽、機及自行車,無(非車輛駕駛人因素),尚未發現肇事因素,否,120.709121,23.832809
20230707,20230707,2023,7,163037,A1,屏東縣政府警察局,屏東縣佳冬鄉大安街東側 / 屏東縣佳冬鄉和平路北側,晴,無照明,市區道路,50,交岔路,四岔路,交叉路口,交叉路口內,柏油,乾燥,無缺陷,無障礙物,無遮蔽物,良好,無號誌,無號誌,雙向禁止超車線,無標記,未繪設車道線,未繪設快慢車道分隔線,有,車與車,路口交岔撞,駕駛者,無號誌路口，支線道未讓幹線道先行,死亡1;受傷1,1,機車,普通重型,男,75,戴半罩式安全帽,未使用,車的狀態,向前直行中,機車與自行車,前車頭,NA,NA,駕駛者,無號誌路口，支線道未讓幹線道先行,否,120.555249,22.432595
20230707,20230707,2023,7,163037,A1,屏東縣政府警察局,屏東縣佳冬鄉大安街東側 / 屏東縣佳冬鄉和平路北側,晴,無照明,市區道路,50,交岔路,四岔路,交叉路口,交叉路口內,柏油,乾燥,無缺陷,無障礙物,無遮蔽物,良好,無號誌,無號誌,雙向禁止超車線,無標記,未繪設車道線,未繪設快慢車道分隔線,有,車與車,路口交岔撞,駕駛者,無號誌路口，支線道未讓幹線道先行,死亡1;受傷1,2,機車,普通重型,男,41,戴非半罩式安全帽,未使用,車的狀態,向前直行中,機車與自行車,前車頭,NA,NA,駕駛者,未依規定減速,否,120.555249,22.432595
20230707,20230707,2023,7,172107,A1,臺南市政府警察局,臺南市中西區健康路一段260號附近,晴,無照明,市區道路,50,單路部分,直路,路段,一般車道(未劃分快慢車道),柏油,乾燥,無缺陷,無障礙物,無遮蔽物,良好,無號誌,無號誌,中央分向島,寬式(50公分以上),車道線(無標記),未繪設快慢車道分隔線,有,車與車,同向擦撞,其他,其他不當駕車行為,死亡1;受傷0,1,機車,普通重型,男,60,戴半罩式安全帽,未使用,車的狀態,向前直行中,機車與自行車,右側車身,NA,NA,其他,其他不當駕車行為,否,120.204485,22.981483
20230707,20230707,2023,7,172107,A1,臺南市政府警察局,臺南市中西區健康路一段260號附近,晴,無照明,市區道路,50,單路部分,直路,路段,一般車道(未劃分快慢車道),柏油,乾燥,無缺陷,無障礙物,無遮蔽物,良好,無號誌,無號誌,中央分向島,寬式(50公分以上),車道線(無標記),未繪設快慢車道分隔線,有,車與車,同向擦撞,其他,其他不當駕車行為,死亡1;受傷0,2,大貨車,自用,男,34,不明,未使用,車的狀態,靜止(引擎熄火),汽車,左側車身,NA,NA,其他,違規(臨時)停車,否,120.204485,22.981483
20230708,20230708,2023,7,024200,A1,屏東縣政府警察局,屏東縣東港鎮沿海路205號前0.0公尺,晴,有照明且開啟,村里道路,50,單路部分,彎曲路及附近,路段,路肩、路緣,柏油,乾燥,無缺陷,無障礙物,無遮蔽物,良好,無號誌,無號誌,中央分向島,窄式附柵欄,禁止變換車道線(無標記),未繪設快慢車道分隔線,有,車輛本身,撞護欄(樁),駕駛者,恍神、緊張、心不在焉分心駕駛,死亡1;受傷2,1,小客車(含客、貨兩用),自用,男,18,不明,未使用,車的狀態,向前直行中,汽車,前車頭,其他,不明,駕駛者,恍神、緊張、心不在焉分心駕駛,否,120.46334,22.473134
20230708,20230708,2023,7,024200,A1,屏東縣政府警察局,屏東縣東港鎮沿海路205號前0.0公尺,晴,有照明且開啟,村里道路,50,單路部分,彎曲路及附近,路段,路肩、路緣,柏油,乾燥,無缺陷,無障礙物,無遮蔽物,良好,無號誌,無號誌,中央分向島,窄式附柵欄,禁止變換車道線(無標記),未繪設快慢車道分隔線,有,車輛本身,撞護欄(樁),駕駛者,恍神、緊張、心不在焉分心駕駛,死亡1;受傷2,2,NA,NA,無或物(動物、堆置物),-1,NA,NA,NA,NA,NA,NA,NA,NA,無(非車輛駕駛人因素),尚未發現肇事因素,否,120.46334,22.473134
20230708,20230708,2023,7,024200,A1,屏東縣政府警察局,屏東縣東港鎮沿海路205號前0.0公尺,晴,有照明且開啟,村里道路,50,單路部分,彎曲路及附近,路段,路肩、路緣,柏油,乾燥,無缺陷,無障礙物,無遮蔽物,良好,無號誌,無號誌,中央分向島,窄式附柵欄,禁止變換車道線(無標記),未繪設快慢車道分隔線,有,車輛本身,撞護欄(樁),駕駛者,恍神、緊張、心不在焉分心駕駛,死亡1;受傷2,3,人,乘客,男,18,未戴安全帽或未繫安全帶(未使用幼童安全椅),非駕駛人,人的狀態,其他,其他,非汽、機及自行車,NA,NA,無(非車輛駕駛人因素),尚未發現肇事因素,否,120.46334,22.473134
20230708,20230708,2023,7,024200,A1,屏東縣政府警察局,屏東縣東港鎮沿海路205號前0.0公尺,晴,有照明且開啟,村里道路,50,單路部分,彎曲路及附近,路段,路肩、路緣,柏油,乾燥,無缺陷,無障礙物,無遮蔽物,良好,無號誌,無號誌,中央分向島,窄式附柵欄,禁止變換車道線(無標記),未繪設快慢車道分隔線,有,車輛本身,撞護欄(樁),駕駛者,恍神、緊張、心不在焉分心駕駛,死亡1;受傷2,4,人,乘客,男,18,未戴安全帽或未繫安全帶(未使用幼童安全椅),非駕駛人,人的狀態,其他,其他,非汽、機及自行車,NA,NA,無(非車輛駕駛人因素),尚未發現肇事因素,否,120.46334,22.473134
20230708,20230708,2023,7,053000,A1,高雄市政府警察局,高雄市旗山區旗甲路1段389號前0.0公尺,晴,有照明未開啟或故障,市區道路,50,單路部分,直路,路段,快車道,柏油,乾燥,無缺陷,無障礙物,無遮蔽物,良好,無號誌,無號誌,行車分向線,無標記,未繪設車道線,快慢車道分隔線,有,車輛本身,撞護欄(樁),其他,其他不當駕車行為,死亡1;受傷0,1,機車,普通重型,男,17,戴非半罩式安全帽,不明,車的狀態,向前直行中,機車與自行車,前車頭,NA,NA,其他,其他不當駕車行為,否,120.488288,22.907136
20230708,20230708,2023,7,053000,A1,高雄市政府警察局,高雄市旗山區旗甲路1段389號前0.0公尺,晴,有照明未開啟或故障,市區道路,50,單路部分,直路,路段,快車道,柏油,乾燥,無缺陷,無障礙物,無遮蔽物,良好,無號誌,無號誌,行車分向線,無標記,未繪設車道線,快慢車道分隔線,有,車輛本身,撞護欄(樁),其他,其他不當駕車行為,死亡1;受傷0,2,NA,NA,無或物(動物、堆置物),112,NA,NA,NA,NA,NA,NA,NA,NA,無(非車輛駕駛人因素),尚未發現肇事因素,否,120.488288,22.907136
20230708,20230708,2023,7,151114,A1,臺南市政府警察局,臺南市安南區安吉路3段口 / 臺南市安南區公學路3段口,晴,無照明,市區道路,60,交岔路,四岔路,交叉路口,交叉路口內,柏油,乾燥,無缺陷,無障礙物,無遮蔽物,良好,行車管制號誌,正常,無,無分向設施,未繪設車道線,未繪設快慢車道分隔線,無,車與車,側撞,駕駛者,違反禁止左轉、右轉標誌,死亡1;受傷0,1,小客車(含客、貨兩用),自用,男,58,繫安全帶(使用幼童安全椅),未使用,車的狀態,右轉彎,汽車,右側車身,汽車,右側車身,駕駛者,違反禁止左轉、右轉標誌,否,120.191385,23.06826
20230708,20230708,2023,7,151114,A1,臺南市政府警察局,臺南市安南區安吉路3段口 / 臺南市安南區公學路3段口,晴,無照明,市區道路,60,交岔路,四岔路,交叉路口,交叉路口內,柏油,乾燥,無缺陷,無障礙物,無遮蔽物,良好,行車管制號誌,正常,無,無分向設施,未繪設車道線,未繪設快慢車道分隔線,無,車與車,側撞,駕駛者,違反禁止左轉、右轉標誌,死亡1;受傷0,2,機車,普通重型,女,20,戴半罩式安全帽,不明,車的狀態,向前直行中,機車與自行車,前車頭,機車與自行車,右側車身,無(車輛駕駛者因素),尚未發現肇事因素,否,120.191385,23.06826
20230709,20230709,2023,7,105017,A1,苗栗縣警察局,苗栗縣獅潭鄉台3線 116公里北側向內側,晴,無照明,省道,60,單路部分,彎曲路及附近,路段,一般車道(未劃分快慢車道),柏油,乾燥,無缺陷,無障礙物,無遮蔽物,良好,無號誌,無號誌,雙向禁止超車線,附標記,車道線(無標記),未繪設快慢車道分隔線,有,車輛本身,撞電桿,駕駛者,未依規定減速,死亡1;受傷1,1,機車,大型重型1(550C.C.以上),女,24,戴非半罩式安全帽,未使用,車的狀態,左轉彎,機車與自行車,前車頭,汽車,前車頭,駕駛者,未依規定減速,否,120.91367,24.525679
20230709,20230709,2023,7,105017,A1,苗栗縣警察局,苗栗縣獅潭鄉台3線 116公里北側向內側,晴,無照明,省道,60,單路部分,彎曲路及附近,路段,一般車道(未劃分快慢車道),柏油,乾燥,無缺陷,無障礙物,無遮蔽物,良好,無號誌,無號誌,雙向禁止超車線,附標記,車道線(無標記),未繪設快慢車道分隔線,有,車輛本身,撞電桿,駕駛者,未依規定減速,死亡1;受傷1,2,NA,NA,無或物(動物、堆置物),-1,NA,NA,NA,NA,NA,NA,NA,NA,無(非車輛駕駛人因素),尚未發現肇事因素,否,120.91367,24.525679
20230709,20230709,2023,7,105017,A1,苗栗縣警察局,苗栗縣獅潭鄉台3線 116公里北側向內側,晴,無照明,省道,60,單路部分,彎曲路及附近,路段,一般車道(未劃分快慢車道),柏油,乾燥,無缺陷,無障礙物,無遮蔽物,良好,無號誌,無號誌,雙向禁止超車線,附標記,車道線(無標記),未繪設快慢車道分隔線,有,車輛本身,撞電桿,駕駛者,未依規定減速,死亡1;受傷1,3,機車,大型重型1(550C.C.以上),男,24,戴非半罩式安全帽,未使用,車的狀態,左轉彎,機車與自行車,前車頭,機車與自行車,前車頭,駕駛者,未依規定減速,否,120.91367,24.525679
20230709,20230709,2023,7,182600,A1,南投縣政府警察局,南投縣草屯鎮富寮里玉峰街2號前(東向),晴,有照明未開啟或故障,市區道路,50,交岔路,三岔路,路段,一般車道(未劃分快慢車道),柏油,乾燥,無缺陷,無障礙物,無遮蔽物,良好,行車管制號誌,正常,雙向禁止超車線,無標記,車道線(無標記),未繪設快慢車道分隔線,有,車與車,側撞,駕駛者,左轉彎未依規定,死亡1;受傷0,1,機車,普通重型,男,80,戴半罩式安全帽,未使用,車的狀態,左轉彎,機車與自行車,左側車身,NA,NA,駕駛者,左轉彎未依規定,否,120.68915,23.980253
20230709,20230709,2023,7,182600,A1,南投縣政府警察局,南投縣草屯鎮富寮里玉峰街2號前(東向),晴,有照明未開啟或故障,市區道路,50,交岔路,三岔路,路段,一般車道(未劃分快慢車道),柏油,乾燥,無缺陷,無障礙物,無遮蔽物,良好,行車管制號誌,正常,雙向禁止超車線,無標記,車道線(無標記),未繪設快慢車道分隔線,有,車與車,側撞,駕駛者,左轉彎未依規定,死亡1;受傷0,2,小貨車(含客、貨兩用),自用,男,36,繫安全帶(使用幼童安全椅),未使用,車的狀態,起步,汽車,前車頭,NA,NA,駕駛者,起步時未注意安全,否,120.68915,23.980253
20230709,20230709,2023,7,191000,A1,嘉義縣警察局,嘉義縣太保市新埤里台18線2K,晴,無照明,省道,70,交岔路,四岔路,交叉路口,交叉路口內,柏油,乾燥,無缺陷,無障礙物,無遮蔽物,良好,行車管制號誌,正常,無,無分向設施,未繪設車道線,未繪設快慢車道分隔線,無,車與車,側撞,駕駛者,變換車道不當,死亡1;受傷0,1,小貨車(含客、貨兩用),自用,女,67,繫安全帶(使用幼童安全椅),未使用,車的狀態,向右變換車道,汽車,右前車頭(身),NA,NA,駕駛者,變換車道不當,否,120.334549,23.475065
20230709,20230709,2023,7,191000,A1,嘉義縣警察局,嘉義縣太保市新埤里台18線2K,晴,無照明,省道,70,交岔路,四岔路,交叉路口,交叉路口內,柏油,乾燥,無缺陷,無障礙物,無遮蔽物,良好,行車管制號誌,正常,無,無分向設施,未繪設車道線,未繪設快慢車道分隔線,無,車與車,側撞,駕駛者,變換車道不當,死亡1;受傷0,2,機車,普通重型,男,21,戴非半罩式安全帽,未使用,車的狀態,向前直行中,機車與自行車,前車頭,NA,NA,其他,其他不當駕車行為,否,120.334549,23.475065
20230710,20230710,2023,7,062900,A1,雲林縣警察局,雲林縣東勢鄉安南村產業道路(東勢鄉163171)路燈附近路口,晴,無照明,村里道路,30,交岔路,四岔路,交叉路口,交叉路口內,柏油,乾燥,無缺陷,無障礙物,無遮蔽物,良好,無號誌,無號誌,無,無分向設施,未繪設車道線,未繪設快慢車道分隔線,無,車與車,路口交岔撞,駕駛者,無號誌路口，左方車未讓右方車先行,死亡1;受傷1,1,小客車(含客、貨兩用),自用,女,53,不明,不明,車的狀態,向前直行中,汽車,右側車身,NA,NA,駕駛者,無號誌路口，左方車未讓右方車先行,否,120.248685,23.697758