accident_date,發生日期,發生年度,發生月份,發生時間,事故類別名稱,處理單位名稱警局層,發生地點,天候名稱,光線名稱,道路類別-第1當事者-名稱,速限-第1當事者,道路型態大類別名稱,道路型態子類別名稱,事故位置大類別名稱,事故位置子類別名稱,路面狀況-路面鋪裝名稱,路面狀況-路面狀態名稱,路面狀況-路面缺陷名稱,道路障礙-障礙物名稱,道路障礙-視距品質名稱,道路障礙-視距名稱,號誌-號誌種類名稱,號誌-號誌動作名稱,車道劃分設施-分向設施大類別名稱,車道劃分設施-分向設施子類別名稱,車道劃分設施-分道設施-快車道或一般車道間名稱,車道劃分設施-分道設施-快慢車道間名稱,車道劃分設施-分道設施-路面邊線名稱,事故類型及型態大類別名稱,事故類型及型態子類別名稱,肇因研判大類別名稱-主要,肇因研判子類別名稱-主要,死亡受傷人數,當事者順位,當事者區分-類別-大類別名稱-車種,當事者區分-類別-子類別名稱-車種,當事者屬-性-別名稱,當事者事故發生時年齡,保護裝備名稱,行動電話或電腦或其他相類功能裝置名稱,當事者行動狀態大類別名稱,當事者行動狀態子類別名稱,車輛撞擊部位大類別名稱-最初,車輛撞擊部位子類別名稱-最初,車輛撞擊部位大類別名稱-其他,車輛撞擊部位子類別名稱-其他,肇因研判大類別名稱-個別,肇因研判子類別名稱-個別,肇事逃逸類別名稱-是否肇逃,經度,緯度
20230710,20230710,2023,7,062900,A1,雲林縣警察局,雲林縣東勢鄉安南村產業道路(東勢鄉163171)路燈附近路口,晴,無照明,村里道路,30,交岔路,四岔路,交叉路口,交叉路口內,柏油,乾燥,無缺陷,無障礙物,無遮蔽物,良好,無號誌,無號誌,無,無分向設施,未繪設車道線,未繪設快慢車道分隔線,無,車與車,路口交岔撞,駕駛者,無號誌路口，左方車未讓右方車先行,死亡1;受傷1,2,機車,普通重型,男,45,戴非半罩式安全帽,不明,車的狀態,向前直行中,機車與自行車,前車頭,NA,NA,駕駛者,未依規定減速,否,120.248685,23.697758
20230710,20230710,2023,7,072800,A1,桃園市政府警察局,桃園市觀音區福山路二段口 / 桃園市觀音區福山路二段口,晴,無照明,市區道路,50,交岔路,四岔路,交叉路口,交叉路口內,柏油,乾燥,無缺陷,無障礙物,無遮蔽物,良好,無號誌,無號誌,無,無分向設施,未繪設車道線,未繪設快慢車道分隔線,無,人與車,穿越道路中,非駕駛者,未依標誌或標線穿越道路,死亡1;受傷1,1,人,行人,女,43,其他(無需使用保護裝備之人),非駕駛人,人的狀態,步行,其他,非汽、機及自行車,NA,NA,非駕駛者,未依標誌或標線穿越道路,否,121.156236,25.015788
20230710,20230710,2023,7,072800,A1,桃園市政府警察局,桃園市觀音區福山路二段口 / 桃園市觀音區福山路二段口,晴,無照明,市區道路,50,交岔路,四岔路,交叉路口,交叉路口內,柏油,乾燥,無缺陷,無障礙物,無遮蔽物,良好,無號誌,無號誌,無,無分向設施,未繪設車道線,未繪設快慢車道分隔線,無,人與車,穿越道路中,非駕駛者,未依標誌或標線穿越道路,死亡1;受傷1,2,機車,普通重型,男,57,戴半罩式安全帽,未使用,車的狀態,向前直行中,機車與自行車,前車頭,NA,NA,駕駛者,車輛未依規定暫停讓行人先行,否,121.156236,25.015788
20230710,20230710,2023,7,072800,A1,桃園市政府警察局,桃園市觀音區福山路二段口 / 桃園市觀音區福山路二段口,晴,無照明,市區道路,50,交岔路,四岔路,交叉路口,交叉路口內,柏油,乾燥,無缺陷,無障礙物,無遮蔽物,良好,無號誌,無號誌,無,無分向設施,未繪設車道線,未繪設快慢車道分隔線,無,人與車,穿越道路中,非駕駛者,未依標誌或標線穿越道路,死亡1;受傷1,3,機車,普通重型,男,52,不明,不明,車的狀態,靜止(引擎熄火),機車與自行車,右側車身,NA,NA,無(車輛駕駛者因素),尚未發現肇事因素,否,121.156236,25.015788
20230710,20230710,2023,7,172600,A1,彰化縣警察局,彰化縣花壇鄉長春村彰員路1段105號,晴,有照明且開啟,村里道路,40,單路部分,直路,路段,一般車道(未劃分快慢車道),柏油,乾燥,無缺陷,無障礙物,無遮蔽物,良好,無號誌,無號誌,行車分向線,無標記,未繪設車道線,未繪設快慢車道分隔線,有,人與車,同向通行中,駕駛者,恍神、緊張、心不在焉分心駕駛,死亡1;受傷0,1,小客車(含客、貨兩用),自用,男,44,繫安全帶(使用幼童安全椅),未使用,車的狀態,向前直行中,汽車,右前車頭(身),NA,NA,駕駛者,恍神、緊張、心不在焉分心駕駛,否,120.589341,23.983987
20230710,20230710,2023,7,172600,A1,彰化縣警察局,彰化縣花壇鄉長春村彰員路1段105號,晴,有照明且開啟,村里道路,40,單路部分,直路,路段,一般車道(未劃分快慢車道),柏油,乾燥,無缺陷,無障礙物,無遮蔽物,良好,無號誌,無號誌,行車分向線,無標記,未繪設車道線,未繪設快慢車道分隔線,有,人與車,同向通行中,駕駛者,恍神、緊張、心不在焉分心駕駛,死亡1;受傷0,2,人,行人,女,67,其他(無需使用保護裝備之人),非駕駛人,人的狀態,步行,其他,非汽、機及自行車,NA,NA,非駕駛者,穿越道路未注意左右來車,否,120.589341,23.983987
20230710,20230710,2023,7,201800,A1,臺中市政府警察局,臺中市南屯區春社里永春南路200號前0.0公尺,晴,有照明且開啟,市區道路,50,交岔路,三岔路,交叉路口,交叉口附近,柏油,乾燥,無缺陷,無障礙物,無遮蔽物,良好,無號誌,無號誌,行車分向線,無標記,未繪設車道線,未繪設快慢車道分隔線,無,人與車,穿越道路中,駕駛者,未依規定減速,死亡1;受傷1,1,小客車(含客、貨兩用),自用,男,70,繫安全帶(使用幼童安全椅),未使用,車的狀態,向前直行中,汽車,左前車頭(身),NA,NA,駕駛者,未依規定減速,否,120.608303,24.13854
20230710,20230710,2023,7,201800,A1,臺中市政府警察局,臺中市南屯區春社里永春南路200號前0.0公尺,晴,有照明且開啟,市區道路,50,交岔路,三岔路,交叉路口,交叉口附近,柏油,乾燥,無缺陷,無障礙物,無遮蔽物,良好,無號誌,無號誌,行車分向線,無標記,未繪設車道線,未繪設快慢車道分隔線,無,人與車,穿越道路中,駕駛者,未依規定減速,死亡1;受傷1,2,人,行人,女,76,其他(無需使用保護裝備之人),非駕駛人,人的狀態,步行,其他,非汽、機及自行車,NA,NA,非駕駛者,未依標誌或標線穿越道路,否,120.608303,24.13854
20230711,20230711,2023,7,085300,A1,臺中市政府警察局,臺中市北屯區廍子里苧園巷前0.0公尺,晴,無照明,市區道路,30,單路部分,彎曲路及附近,路段,一般車道(未劃分快慢車道),柏油,乾燥,無缺陷,無障礙物,無遮蔽物,良好,無號誌,無號誌,無,無分向設施,未繪設車道線,未繪設快慢車道分隔線,有,車輛本身,撞電桿,其他,因光線、視線遮蔽致生事故,死亡1;受傷1,1,機車,普通重型,男,72,戴半罩式安全帽,未使用,車的狀態,向前直行中,機車與自行車,前車頭,機車與自行車,右側車身,其他,因光線、視線遮蔽致生事故,否,120.738382,24.168163
20230711,20230711,2023,7,085300,A1,臺中市政府警察局,臺中市北屯區廍子里苧園巷前0.0公尺,晴,無照明,市區道路,30,單路部分,彎曲路及附近,路段,一般車道(未劃分快慢車道),柏油,乾燥,無缺陷,無障礙物,無遮蔽物,良好,無號誌,無號誌,無,無分向設施,未繪設車道線,未繪設快慢車道分隔線,有,車輛本身,撞電桿,其他,因光線、視線遮蔽致生事故,死亡1;受傷1,2,NA,NA,無或物(動物、堆置物),0,NA,NA,NA,NA,NA,NA,NA,NA,無(非車輛駕駛人因素),尚未發現肇事因素,否,120.738382,24.168163
20230711,20230711,2023,7,085300,A1,臺中市政府警察局,臺中市北屯區廍子里苧園巷前0.0公尺,晴,無照明,市區道路,30,單路部分,彎曲路及附近,路段,一般車道(未劃分快慢車道),柏油,乾燥,無缺陷,無障礙物,無遮蔽物,良好,無號誌,無號誌,無,無分向設施,未繪設車道線,未繪設快慢車道分隔線,有,車輛本身,撞電桿,其他,因光線、視線遮蔽致生事故,死亡1;受傷1,3,人,乘客,女,70,戴半罩式安全帽,非駕駛人,人的狀態,其他,其他,非汽、機及自行車,NA,NA,無(非車輛駕駛人因素),尚未發現肇事因素,否,120.738382,24.168163
20230711,20230711,2023,7,085753,A1,花蓮縣警察局,花蓮縣吉安鄉永昌街口 / 花蓮縣吉安鄉明仁三街口,晴,有照明未開啟或故障,村里道路,30,交岔路,四岔路,交叉路口,交叉路口內,柏油,乾燥,無缺陷,其他障礙物,無遮蔽物,良好,無號誌,無號誌,無,無分向設施,未繪設車道線,未繪設快慢車道分隔線,無,車與車,路口交岔撞,駕駛者,無號誌路口，支線道未讓幹線道先行,死亡1;受傷0,1,機車,普通重型,女,80,戴半罩式安全帽,未使用,車的狀態,向前直行中,機車與自行車,左側車身,NA,NA,駕駛者,無號誌路口，支線道未讓幹線道先行,否,121.575429,23.982419
20230711,20230711,2023,7,085753,A1,花蓮縣警察局,花蓮縣吉安鄉永昌街口 / 花蓮縣吉安鄉明仁三街口,晴,有照明未開啟或故障,村里道路,30,交岔路,四岔路,交叉路口,交叉路口內,柏油,乾燥,無缺陷,其他障礙物,無遮蔽物,良好,無號誌,無號誌,無,無分向設施,未繪設車道線,未繪設快慢車道分隔線,無,車與車,路口交岔撞,駕駛者,無號誌路口，支線道未讓幹線道先行,死亡1;受傷0,2,小客車(含客、貨兩用),自用,男,28,繫安全帶(使用幼童安全椅),未使用,車的狀態,向前直行中,汽車,前車頭,NA,NA,駕駛者,未依規定減速,否,121.575429,23.982419
20230711,20230711,2023,7,085753,A1,花蓮縣警察局,花蓮縣吉安鄉永昌街口 / 花蓮縣吉安鄉明仁三街口,晴,有照明未開啟或故障,村里道路,30,交岔路,四岔路,交叉路口,交叉路口內,柏油,乾燥,無缺陷,其他障礙物,無遮蔽物,良好,無號誌,無號誌,無,無分向設施,未繪設車道線,未繪設快慢車道分隔線,無,車與車,路口交岔撞,駕駛者,無號誌路口，支線道未讓幹線道先行,死亡1;受傷0,3,人,乘客,男,22,戴非半罩式安全帽,非駕駛人,人的狀態,其他,其他,非汽、機及自行車,NA,NA,無(非車輛駕駛人因素),尚未發現肇事因素,否,121.575429,23.982419
20230711,20230711,2023,7,103055,A1,嘉義縣警察局,嘉義縣義竹鄉埤前村嘉26線3公里路口,晴,無照明,鄉道,30,交岔路,四岔路,交叉路口,交叉路口內,柏油,乾燥,無缺陷,無障礙物,無遮蔽物,良好,無號誌,無號誌,無,無分向設施,未繪設車道線,未繪設快慢車道分隔線,無,車與車,路口交岔撞,駕駛者,無號誌路口，左方車未讓右方車先行,死亡1;受傷1,1,小客車(含客、貨兩用),自用,女,53,繫安全帶(使用幼童安全椅),未使用,車的狀態,向前直行中,汽車,右前車頭(身),NA,NA,駕駛者,無號誌路口，左方車未讓右方車先行,否,120.220412,23.344304
20230711,20230711,2023,7,103055,A1,嘉義縣警察局,嘉義縣義竹鄉埤前村嘉26線3公里路口,晴,無照明,鄉道,30,交岔路,四岔路,交叉路口,交叉路口內,柏油,乾燥,無缺陷,無障礙物,無遮蔽物,良好,無號誌,無號誌,無,無分向設施,未繪設車道線,未繪設快慢車道分隔線,無,車與車,路口交岔撞,駕駛者,無號誌路口，左方車未讓右方車先行,死亡1;受傷1,2,機車,普通重型,男,73,戴半罩式安全帽,未使用,車的狀態,向前直行中,機車與自行車,前車頭,NA,NA,駕駛者,未依規定減速,否,120.220412,23.344304
20230711,20230711,2023,7,103055,A1,嘉義縣警察局,嘉義縣義竹鄉埤前村嘉26線3公里路口,晴,無照明,鄉道,30,交岔路,四岔路,交叉路口,交叉路口內,柏油,乾燥,無缺陷,無障礙物,無遮蔽物,良好,無號誌,無號誌,無,無分向設施,未繪設車道線,未繪設快慢車道分隔線,無,車與車,路口交岔撞,駕駛者,無號誌路口，左方車未讓右方車先行,死亡1;受傷1,3,人,乘客,女,72,戴半罩式安全帽,非駕駛人,人的狀態,其他,其他,非汽、機及自行車,NA,NA,無(非車輛駕駛人因素),尚未發現肇事因素,否,120.220412,23.344304
20230711,20230711,2023,7,161000,A1,新北市政府警察局,新北市新莊區建安街 / 新北市新莊區建安街,陰,有照明未開啟或故障,市區道路,50,交岔路,四岔路,交叉路口,交叉路口內,柏油,濕潤,無缺陷,無障礙物,無遮蔽物,良好,行車管制號誌,正常,行車分向線,附標記,未繪設車道線,未繪設快慢車道分隔線,有,車與車,側撞,駕駛者,方向不定(不包括危險駕車),死亡1;受傷0,1,小客車(含客、貨兩用),自用,男,59,繫安全帶(使用幼童安全椅),未使用,車的狀態,左轉彎,汽車,左前車頭(身),NA,NA,駕駛者,方向不定(不包括危險駕車),否,121.427698,25.025478
20230711,20230711,2023,7,161000,A1,新北市政府警察局,新北市新莊區建安街 / 新北市新莊區建安街,陰,有照明未開啟或故障,市區道路,50,交岔路,四岔路,交叉路口,交叉路口內,柏油,濕潤,無缺陷,無障礙物,無遮蔽物,良好,行車管制號誌,正常,行車分向線,附標記,未繪設車道線,未繪設快慢車道分隔線,有,車與車,側撞,駕駛者,方向不定(不包括危險駕車),死亡1;受傷0,2,機車,普通重型,女,67,戴非半罩式安全帽,未使用,車的狀態,向前直行中,機車與自行車,右側車身,NA,NA,無(車輛駕駛者因素),尚未發現肇事因素,否,121.427698,25.025478
20230711,20230711,2023,7,164000,A1,彰化縣警察局,彰化縣鹿港鎮海埔里鹿草路2段口 / 彰化縣鹿港鎮海埔里南橋巷口,晴,無照明,村里道路,50,交岔路,四岔路,交叉路口,交叉路口內,柏油,乾燥,無缺陷,無障礙物,無遮蔽物,良好,行車管制號誌,正常,無,無分向設施,未繪設車道線,未繪設快慢車道分隔線,無,車與車,路口交岔撞,駕駛者,闖紅燈直行,死亡1;受傷1,1,小客車(含客、貨兩用),自用,女,43,不明,不明,車的狀態,向前直行中,汽車,左側車身,汽車,左前車頭(身),駕駛者,闖紅燈直行,否,120.444039,24.06996
20230711,20230711,2023,7,164000,A1,彰化縣警察局,彰化縣鹿港鎮海埔里鹿草路2段口 / 彰化縣鹿港鎮海埔里南橋巷口,晴,無照明,村里道路,50,交岔路,四岔路,交叉路口,交叉路口內,柏油,乾燥,無缺陷,無障礙物,無遮蔽物,良好,行車管制號誌,正常,無,無分向設施,未繪設車道線,未繪設快慢車道分隔線,無,車與車,路口交岔撞,駕駛者,闖紅燈直行,死亡1;受傷1,2,機車,普通重型,男,50,不明,不明,車的狀態,向前直行中,其他,不明,機車與自行車,前車頭,無(車輛駕駛者因素),尚未發現肇事因素,否,120.444039,24.06996
20230711,20230711,2023,7,183100,A1,高雄市政府警察局,高雄市鳥松區中正路 / 高雄市鳥松區中正路,晴,有照明且開啟,市區道路,60,交岔路,三岔路,交叉路口,交叉口附近,柏油,乾燥,無缺陷,無障礙物,無遮蔽物,良好,無號誌,無號誌,無,無分向設施,未繪設車道線,未繪設快慢車道分隔線,無,車與車,側撞,駕駛者,左轉彎未依規定,死亡1;受傷0,1,小客車(含客、貨兩用),自用,男,52,不明,未使用,車的狀態,左轉彎,汽車,右前車頭(身),NA,NA,駕駛者,左轉彎未依規定,否,120.365077,22.645444
20230711,20230711,2023,7,183100,A1,高雄市政府警察局,高雄市鳥松區中正路 / 高雄市鳥松區中正路,晴,有照明且開啟,市區道路,60,交岔路,三岔路,交叉路口,交叉口附近,柏油,乾燥,無缺陷,無障礙物,無遮蔽物,良好,無號誌,無號誌,無,無分向設施,未繪設車道線,未繪設快慢車道分隔線,無,車與車,側撞,駕駛者,左轉彎未依規定,死亡1;受傷0,2,機車,大型重型1(550C.C.以上),男,51,戴半罩式安全帽,未使用,車的狀態,向前直行中,機車與自行車,前車頭,NA,NA,駕駛者,未依規定減速,否,120.365077,22.645444
20230711,20230711,2023,7,215900,A1,高雄市政府警察局,高雄市旗津區旗津二路 / 高雄市旗津區中洲二路,晴,有照明且開啟,市區道路,50,交岔路,四岔路,交叉路口,交叉路口內,柏油,乾燥,無缺陷,無障礙物,無遮蔽物,良好,行車管制號誌,正常,雙向禁止超車線,無標記,未繪設車道線,快慢車道分隔線,無,車與車,側撞,駕駛者,有號誌路口，轉彎車未讓直行車先行,死亡1;受傷0,1,小客車(含客、貨兩用),自用,男,28,繫安全帶(使用幼童安全椅),未使用,車的狀態,左轉彎,汽車,右前車頭(身),NA,NA,駕駛者,有號誌路口，轉彎車未讓直行車先行,否,120.298,22.57368
20230711,20230711,2023,7,215900,A1,高雄市政府警察局,高雄市旗津區旗津二路 / 高雄市旗津區中洲二路,晴,有照明且開啟,市區道路,50,交岔路,四岔路,交叉路口,交叉路口內,柏油,乾燥,無缺陷,無障礙物,無遮蔽物,良好,行車管制號誌,正常,雙向禁止超車線,無標記,未繪設車道線,快慢車道分隔線,無,車與車,側撞,駕駛者,有號誌路口，轉彎車未讓直行車先行,死亡1;受傷0,2,機車,普通重型,男,18,戴非半罩式安全帽,不明,車的狀態,向前直行中,機車與自行車,前車頭,NA,NA,無(車輛駕駛者因素),尚未發現肇事因素,否,120.298,22.57368
20230712,20230712,2023,7,003000,A1,臺中市政府警察局,臺中市霧峰區舊正里中投西路一段前0.0公尺,晴,有照明且開啟,市區道路,40,單路部分,坡路,路段,一般車道(未劃分快慢車道),柏油,乾燥,無缺陷,無障礙物,無遮蔽物,良好,無號誌,無號誌,無,無分向設施,未繪設車道線,未繪設快慢車道分隔線,有,車輛本身,路上翻車、摔倒,其他,其他不當駕車行為,死亡1;受傷0,1,機車,普通重型,男,65,戴半罩式安全帽,未使用,車的狀態,向前直行中,機車與自行車,左側車身,NA,NA,其他,其他不當駕車行為,否,120.677754,24.039523
20230712,20230712,2023,7,003000,A1,臺中市政府警察局,臺中市霧峰區舊正里中投西路一段前0.0公尺,晴,有照明且開啟,市區道路,40,單路部分,坡路,路段,一般車道(未劃分快慢車道),柏油,乾燥,無缺陷,無障礙物,無遮蔽物,良好,無號誌,無號誌,無,無分向設施,未繪設車道線,未繪設快慢車道分隔線,有,車輛本身,路上翻車、摔倒,其他,其他不當駕車行為,死亡1;受傷0,2,NA,NA,無或物(動物、堆置物),0,NA,NA,NA,NA,NA,NA,NA,NA,無(非車輛駕駛人因素),尚未發現肇事因素,否,120.677754,24.039523
20230712,20230712,2023,7,084403,A1,桃園市政府警察局,桃園市平鎮區中豐路一段114號前0.0公尺,晴,無照明,其他,50,單路部分,直路,路段,路肩、路緣,柏油,乾燥,無缺陷,無障礙物,無遮蔽物,良好,無號誌,無號誌,中央分向島,寬式(50公分以上),車道線(無標記),未繪設快慢車道分隔線,有,車與車,同向擦撞,駕駛者,恍神、緊張、心不在焉分心駕駛,死亡1;受傷1,1,其他車,動力機械,男,21,繫安全帶(使用幼童安全椅),未使用,車的狀態,向前直行中,其他,非汽、機及自行車,NA,NA,駕駛者,恍神、緊張、心不在焉分心駕駛,否,121.213776,24.92962
20230712,20230712,2023,7,084403,A1,桃園市政府警察局,桃園市平鎮區中豐路一段114號前0.0公尺,晴,無照明,其他,50,單路部分,直路,路段,路肩、路緣,柏油,乾燥,無缺陷,無障礙物,無遮蔽物,良好,無號誌,無號誌,中央分向島,寬式(50公分以上),車道線(無標記),未繪設快慢車道分隔線,有,車與車,同向擦撞,駕駛者,恍神、緊張、心不在焉分心駕駛,死亡1;受傷1,2,小客車(含客、貨兩用),自用,男,69,未戴安全帽或未繫安全帶(未使用幼童安全椅),未使用,車的狀態,靜止(引擎熄火),汽車,左側車身,NA,NA,無(車輛駕駛者因素),尚未發現肇事因素,否,121.213776,24.92962
20230712,20230712,2023,7,084403,A1,桃園市政府警察局,桃園市平鎮區中豐路一段114號前0.0公尺,晴,無照明,其他,50,單路部分,直路,路段,路肩、路緣,柏油,乾燥,無缺陷,無障礙物,無遮蔽物,良好,無號誌,無號誌,中央分向島,寬式(50公分以上),車道線(無標記),未繪設快慢車道分隔線,有,車與車,同向擦撞,駕駛者,恍神、緊張、心不在焉分心駕駛,死亡1;受傷1,3,小客車(含客、貨兩用),自用,男,55,未戴安全帽或未繫安全帶(未使用幼童安全椅),未使用,車的狀態,靜止(引擎熄火),汽車,左側車身,NA,NA,無(車輛駕駛者因素),尚未發現肇事因素,否,121.213776,24.92962
20230712,20230712,2023,7,084403,A1,桃園市政府警察局,桃園市平鎮區中豐路一段114號前0.0公尺,晴,無照明,其他,50,單路部分,直路,路段,路肩、路緣,柏油,乾燥,無缺陷,無障礙物,無遮蔽物,良好,無號誌,無號誌,中央分向島,寬式(50公分以上),車道線(無標記),未繪設快慢車道分隔線,有,車與車,同向擦撞,駕駛者,恍神、緊張、心不在焉分心駕駛,死亡1;受傷1,4,慢車,腳踏自行車,男,58,其他(無需使用保護裝備之人),未使用,車的狀態,向前直行中,機車與自行車,後車尾,NA,NA,無(車輛駕駛者因素),尚未發現肇事因素,否,121.213776,24.92962
20230712,20230712,2023,7,084403,A1,桃園市政府警察局,桃園市平鎮區中豐路一段114號前0.0公尺,晴,無照明,其他,50,單路部分,直路,路段,路肩、路緣,柏油,乾燥,無缺陷,無障礙物,無遮蔽物,良好,無號誌,無號誌,中央分向島,寬式(50公分以上),車道線(無標記),未繪設快慢車道分隔線,有,車與車,同向擦撞,駕駛者,恍神、緊張、心不在焉分心駕駛,死亡1;受傷1,5,小客車(含客、貨兩用),自用,男,72,繫安全帶(使用幼童安全椅),未使用,車的狀態,等待(引擎未熄火),汽車,後車尾,NA,NA,無(車輛駕駛者因素),尚未發現肇事因素,否,121.213776,24.92962
20230712,20230712,2023,7,084403,A1,桃園市政府警察局,桃園市平鎮區中豐路一段114號前0.0公尺,晴,無照明,其他,50,單路部分,直路,路段,路肩、路緣,柏油,乾燥,無缺陷,無障礙物,無遮蔽物,良好,無號誌,無號誌,中央分向島,寬式(50公分以上),車道線(無標記),未繪設快慢車道分隔線,有,車與車,同向擦撞,駕駛者,恍神、緊張、心不在焉分心駕駛,死亡1;受傷1,6,NA,NA,無或物(動物、堆置物),-1,NA,NA,NA,NA,NA,NA,NA,NA,無(非車輛駕駛人因素),尚未發現肇事因素,否,121.213776,24.92962
20230712,20230712,2023,7,101200,A1,臺北市政府警察局,臺北市大安區芳蘭路 / 臺北市大安區長興街,晴,無照明,市區道路,30,交岔路,四岔路,其他,行人穿越道,柏油,乾燥,無缺陷,無障礙物,無遮蔽物,良好,行車管制號誌(附設行人專用號誌),正常,行車分向線,無標記,禁止變換車道線(附標記),未繪設快慢車道分隔線,有,人與車,穿越道路中,駕駛者,車輛未依規定暫停讓行人先行,死亡1;受傷0,1,小客車(含客、貨兩用),自用,女,65,不明,不明,車的狀態,左轉彎,汽車,前車頭,NA,NA,駕駛者,車輛未依規定暫停讓行人先行,否,121.54751,25.01505
20230712,20230712,2023,7,101200,A1,臺北市政府警察局,臺北市大安區芳蘭路 / 臺北市大安區長興街,晴,無照明,市區道路,30,交岔路,四岔路,其他,行人穿越道,柏油,乾燥,無缺陷,無障礙物,無遮蔽物,良好,行車管制號誌(附設行人專用號誌),正常,行車分向線,無標記,禁止變換車道線(附標記),未繪設快慢車道分隔線,有,人與車,穿越道路中,駕駛者,車輛未依規定暫停讓行人先行,死亡1;受傷0,2,人,行人,男,54,其他(無需使用保護裝備之人),非駕駛人,人的狀態,步行,其他,非汽、機及自行車,NA,NA,無(非車輛駕駛人因素),尚未發現肇事因素,否,121.54751,25.01505
20230712,20230712,2023,7,134900,A1,新竹縣政府警察局,新竹縣寶山鄉新城村寶新路三段110號,晴,有照明且開啟,鄉道,50,單路部分,彎曲路及附近,路段,路肩、路緣,柏油,乾燥,無缺陷,無障礙物,無遮蔽物,良好,無號誌,無號誌,雙向禁止超車線,無標記,未繪設車道線,未繪設快慢車道分隔線,有,車輛本身,撞電桿,駕駛者,恍神、緊張、心不在焉分心駕駛,死亡1;受傷0,1,機車,普通重型,男,68,戴半罩式安全帽,不明,車的狀態,向前直行中,機車與自行車,前車頭,NA,NA,駕駛者,恍神、緊張、心不在焉分心駕駛,否,120.961108,24.730325
20230712,20230712,2023,7,134900,A1,新竹縣政府警察局,新竹縣寶山鄉新城村寶新路三段110號,晴,有照明且開啟,鄉道,50,單路部分,彎曲路及附近,路段,路肩、路緣,柏油,乾燥,無缺陷,無障礙物,無遮蔽物,良好,無號誌,無號誌,雙向禁止超車線,無標記,未繪設車道線,未繪設快慢車道分隔線,有,車輛本身,撞電桿,駕駛者,恍神、緊張、心不在焉分心駕駛,死亡1;受傷0,2,NA,NA,無或物(動物、堆置物),-1,NA,NA,NA,NA,NA,NA,NA,NA,無(非車輛駕駛人因素),尚未發現肇事因素,否,120.961108,24.730325
20230712,20230712,2023,7,184800,A1,新北市政府警察局,新北市淡水區關渡橋下機車引道-往臺北號前0.0公尺,晴,有照明且開啟,市區道路,50,單路部分,直路,路段,機車專用道,柏油,乾燥,無缺陷,無障礙物,無遮蔽物,良好,無號誌,無號誌,中央分向島,寬式(50公分以上),禁止變換車道線(附標記),未繪設快慢車道分隔線,有,車輛本身,撞護欄(樁),其他,其他不當駕車行為,死亡1;受傷0,1,機車,普通重型,女,40,戴非半罩式安全帽,未使用,車的狀態,向前直行中,機車與自行車,右側車身,NA,NA,其他,其他不當駕車行為,否,121.481682,25.221923
20230712,20230712,2023,7,184800,A1,新北市政府警察局,新北市淡水區關渡橋下機車引道-往臺北號前0.0公尺,晴,有照明且開啟,市區道路,50,單路部分,直路,路段,機車專用道,柏油,乾燥,無缺陷,無障礙物,無遮蔽物,良好,無號誌,無號誌,中央分向島,寬式(50公分以上),禁止變換車道線(附標記),未繪設快慢車道分隔線,有,車輛本身,撞護欄(樁),其他,其他不當駕車行為,死亡1;受傷0,2,NA,NA,無或物(動物、堆置物),112,NA,NA,NA,NA,NA,NA,NA,NA,無(非車輛駕駛人因素),尚未發現肇事因素,否,121.481682,25.221923
20230713,20230713,2023,7,062200,A1,新竹縣政府警察局,新竹縣新埔鎮照門里5鄰大坪3-5號前,晴,有照明未開啟或故障,縣道,50,單路部分,直路,路段,一般車道(未劃分快慢車道),柏油,乾燥,無缺陷,無障礙物,無遮蔽物,良好,無號誌,無號誌,行車分向線,無標記,未繪設車道線,快慢車道分隔線,有,人與車,穿越道路中,非駕駛者,未依標誌或標線穿越道路,死亡1;受傷1,1,人,行人,女,86,其他(無需使用保護裝備之人),非駕駛人,人的狀態,步行,其他,非汽、機及自行車,NA,NA,非駕駛者,未依標誌或標線穿越道路,否,121.106383,24.847201
20230713,20230713,2023,7,062200,A1,新竹縣政府警察局,新竹縣新埔鎮照門里5鄰大坪3-5號前,晴,有照明未開啟或故障,縣道,50,單路部分,直路,路段,一般車道(未劃分快慢車道),柏油,乾燥,無缺陷,無障礙物,無遮蔽物,良好,無號誌,無號誌,行車分向線,無標記,未繪設車道線,快慢車道分隔線,有,人與車,穿越道路中,非駕駛者,未依標誌或標線穿越道路,死亡1;受傷1,2,機車,大型重型1(550C.C.以上),男,66,戴半罩式安全帽,未使用,車的狀態,向前直行中,機車與自行車,前車頭,NA,NA,駕駛者,恍神、緊張、心不在焉分心駕駛,否,121.106383,24.847201
20230713,20230713,2023,7,062400,A1,高雄市政府警察局,高雄市大寮區河堤路3段 / 高雄市大寮區華中南路,晴,無照明,市區道路,50,交岔路,三岔路,交叉路口,交叉路口內,柏油,乾燥,無缺陷,無障礙物,無遮蔽物,良好,行車管制號誌,正常,無,無分向設施,未繪設車道線,未繪設快慢車道分隔線,無,車與車,側撞,駕駛者,闖紅燈直行,死亡1;受傷1,1,機車,普通重型,男,45,戴非半罩式安全帽,不明,車的狀態,向前直行中,機車與自行車,前車頭,NA,NA,駕駛者,闖紅燈直行,否,120.423338,22.550046
20230713,20230713,2023,7,062400,A1,高雄市政府警察局,高雄市大寮區河堤路3段 / 高雄市大寮區華中南路,晴,無照明,市區道路,50,交岔路,三岔路,交叉路口,交叉路口內,柏油,乾燥,無缺陷,無障礙物,無遮蔽物,良好,行車管制號誌,正常,無,無分向設施,未繪設車道線,未繪設快慢車道分隔線,無,車與車,側撞,駕駛者,闖紅燈直行,死亡1;受傷1,2,機車,普通重型,男,40,戴非半罩式安全帽,不明,車的狀態,向前直行中,機車與自行車,前車頭,NA,NA,無(車輛駕駛者因素),尚未發現肇事因素,否,120.423338,22.550046