accident_date,發生日期,發生年度,發生月份,發生時間,事故類別名稱,處理單位名稱警局層,發生地點,天候名稱,光線名稱,道路類別-第1當事者-名稱,速限-第1當事者,道路型態大類別名稱,道路型態子類別名稱,事故位置大類別名稱,事故位置子類別名稱,路面狀況-路面鋪裝名稱,路面狀況-路面狀態名稱,路面狀況-路面缺陷名稱,道路障礙-障礙物名稱,道路障礙-視距品質名稱,道路障礙-視距名稱,號誌-號誌種類名稱,號誌-號誌動作名稱,車道劃分設施-分向設施大類別名稱,車道劃分設施-分向設施子類別名稱,車道劃分設施-分道設施-快車道或一般車道間名稱,車道劃分設施-分道設施-快慢車道間名稱,車道劃分設施-分道設施-路面邊線名稱,事故類型及型態大類別名稱,事故類型及型態子類別名稱,肇因研判大類別名稱-主要,肇因研判子類別名稱-主要,死亡受傷人數,當事者順位,當事者區分-類別-大類別名稱-車種,當事者區分-類別-子類別名稱-車種,當事者屬-性-別名稱,當事者事故發生時年齡,保護裝備名稱,行動電話或電腦或其他相類功能裝置名稱,當事者行動狀態大類別名稱,當事者行動狀態子類別名稱,車輛撞擊部位大類別名稱-最初,車輛撞擊部位子類別名稱-最初,車輛撞擊部位大類別名稱-其他,車輛撞擊部位子類別名稱-其他,肇因研判大類別名稱-個別,肇因研判子類別名稱-個別,肇事逃逸類別名稱-是否肇逃,經度,緯度
20230723,20230723,2023,7,160500,A1,新北市政府警察局,新北市八里區小坑仔產業道路前0.0公尺,晴,有照明且開啟,縣道,50,單路部分,彎曲路及附近,路段,一般車道(未劃分快慢車道),柏油,乾燥,無缺陷,無障礙物,無遮蔽物,良好,無號誌,無號誌,行車分向線,無標記,未繪設車道線,未繪設快慢車道分隔線,有,車與車,對向擦撞,駕駛者,未保持行車安全距離,死亡1;受傷0,3,小客車(含客、貨兩用),自用,男,38,繫安全帶(使用幼童安全椅),未使用,車的狀態,向前直行中,汽車,左側車身,NA,NA,無(車輛駕駛者因素),尚未發現肇事因素,否,121.394183,25.114119
20230723,20230723,2023,7,163000,A1,宜蘭縣政府警察局,宜蘭縣壯圍鄉過嶺路1巷(壯圍路燈77111號),晴,有照明未開啟或故障,市區道路,30,單路部分,直路,路段,一般車道(未劃分快慢車道),柏油,乾燥,無缺陷,無障礙物,無遮蔽物,良好,無號誌,無號誌,無,無分向設施,未繪設車道線,未繪設快慢車道分隔線,有,車輛本身,衝出路外,無(車輛駕駛者因素),尚未發現肇事因素,死亡1;受傷0,1,慢車,腳踏自行車,男,62,其他(無需使用保護裝備之人),未使用,車的狀態,向前直行中,其他,不明,NA,NA,無(車輛駕駛者因素),尚未發現肇事因素,否,121.813555,24.751792
20230723,20230723,2023,7,163000,A1,宜蘭縣政府警察局,宜蘭縣壯圍鄉過嶺路1巷(壯圍路燈77111號),晴,有照明未開啟或故障,市區道路,30,單路部分,直路,路段,一般車道(未劃分快慢車道),柏油,乾燥,無缺陷,無障礙物,無遮蔽物,良好,無號誌,無號誌,無,無分向設施,未繪設車道線,未繪設快慢車道分隔線,有,車輛本身,衝出路外,無(車輛駕駛者因素),尚未發現肇事因素,死亡1;受傷0,2,NA,NA,無或物(動物、堆置物),-1,NA,NA,NA,NA,NA,NA,NA,NA,無(非車輛駕駛人因素),尚未發現肇事因素,否,121.813555,24.751792
20230723,20230723,2023,7,222628,A1,花蓮縣警察局,花蓮縣花蓮市中興路口 / 花蓮縣花蓮市民光路口,晴,有照明且開啟,市區道路,50,交岔路,三岔路,交叉路口,交叉路口內,柏油,乾燥,無缺陷,無障礙物,無遮蔽物,良好,閃光號誌,正常,行車分向線,附標記,未繪設車道線,未繪設快慢車道分隔線,無,車與車,同向擦撞,駕駛者,變換車道不當,死亡1;受傷1,1,機車,普通重型,女,25,戴半罩式安全帽,未使用,車的狀態,向左變換車道,機車與自行車,左側車身,NA,NA,駕駛者,變換車道不當,否,121.618188,23.996126
20230723,20230723,2023,7,222628,A1,花蓮縣警察局,花蓮縣花蓮市中興路口 / 花蓮縣花蓮市民光路口,晴,有照明且開啟,市區道路,50,交岔路,三岔路,交叉路口,交叉路口內,柏油,乾燥,無缺陷,無障礙物,無遮蔽物,良好,閃光號誌,正常,行車分向線,附標記,未繪設車道線,未繪設快慢車道分隔線,無,車與車,同向擦撞,駕駛者,變換車道不當,死亡1;受傷1,2,機車,普通重型,女,18,戴半罩式安全帽,未使用,車的狀態,向前直行中,機車與自行車,前車頭,NA,NA,其他,其他不當駕車行為,否,121.618188,23.996126
20230724,20230724,2023,7,064400,A1,臺中市政府警察局,臺中市龍井區龍西里舊車路1-176號前0.0公尺,晴,無照明,市區道路,50,單路部分,直路,路段,一般車道(未劃分快慢車道),柏油,乾燥,無缺陷,無障礙物,無遮蔽物,良好,無號誌,無號誌,雙向禁止超車線,無標記,未繪設車道線,未繪設快慢車道分隔線,無,車輛本身,撞建築物,駕駛者,患病或服用藥物(疲勞)駕駛,死亡1;受傷0,1,機車,普通重型,女,47,戴半罩式安全帽,未使用,車的狀態,其他,機車與自行車,前車頭,NA,NA,駕駛者,患病或服用藥物(疲勞)駕駛,否,120.529586,24.18498
20230724,20230724,2023,7,064400,A1,臺中市政府警察局,臺中市龍井區龍西里舊車路1-176號前0.0公尺,晴,無照明,市區道路,50,單路部分,直路,路段,一般車道(未劃分快慢車道),柏油,乾燥,無缺陷,無障礙物,無遮蔽物,良好,無號誌,無號誌,雙向禁止超車線,無標記,未繪設車道線,未繪設快慢車道分隔線,無,車輛本身,撞建築物,駕駛者,患病或服用藥物(疲勞)駕駛,死亡1;受傷0,2,NA,NA,無或物(動物、堆置物),0,NA,NA,NA,NA,NA,NA,NA,NA,無(非車輛駕駛人因素),尚未發現肇事因素,否,120.529586,24.18498
20230724,20230724,2023,7,134514,A1,臺南市政府警察局,臺南市鹽水區橋南里仁愛路6號前0.0公尺,晴,無照明,市區道路,60,交岔路,四岔路,交叉路口,交叉路口內,柏油,乾燥,無缺陷,無障礙物,無遮蔽物,良好,行車管制號誌,正常,無,無分向設施,未繪設車道線,未繪設快慢車道分隔線,無,車與車,側撞,駕駛者,有號誌路口，轉彎車未讓直行車先行,死亡1;受傷0,1,小客車(含客、貨兩用),自用,男,39,繫安全帶(使用幼童安全椅),未使用,車的狀態,左轉彎,汽車,右側車身,NA,NA,駕駛者,有號誌路口，轉彎車未讓直行車先行,否,120.262581,23.311146
20230724,20230724,2023,7,134514,A1,臺南市政府警察局,臺南市鹽水區橋南里仁愛路6號前0.0公尺,晴,無照明,市區道路,60,交岔路,四岔路,交叉路口,交叉路口內,柏油,乾燥,無缺陷,無障礙物,無遮蔽物,良好,行車管制號誌,正常,無,無分向設施,未繪設車道線,未繪設快慢車道分隔線,無,車與車,側撞,駕駛者,有號誌路口，轉彎車未讓直行車先行,死亡1;受傷0,2,機車,普通重型,男,60,戴半罩式安全帽,未使用,車的狀態,向前直行中,機車與自行車,前車頭,NA,NA,駕駛者,恍神、緊張、心不在焉分心駕駛,否,120.262581,23.311146
20230725,20230725,2023,7,074200,A1,臺南市政府警察局,臺南市永康區王行路南側 / 臺南市永康區育樂街口,晴,有照明且開啟,市區道路,30,交岔路,四岔路,交叉路口,交叉路口內,柏油,乾燥,無缺陷,無障礙物,無遮蔽物,良好,無號誌,無號誌,無,無分向設施,未繪設車道線,未繪設快慢車道分隔線,無,車與車,路口交岔撞,駕駛者,無號誌路口，左方車未讓右方車先行,死亡1;受傷1,1,機車,普通重型,男,23,戴非半罩式安全帽,未使用,車的狀態,向前直行中,機車與自行車,前車頭,機車與自行車,右側車身,駕駛者,無號誌路口，左方車未讓右方車先行,否,120.269602,23.040857
20230725,20230725,2023,7,074200,A1,臺南市政府警察局,臺南市永康區王行路南側 / 臺南市永康區育樂街口,晴,有照明且開啟,市區道路,30,交岔路,四岔路,交叉路口,交叉路口內,柏油,乾燥,無缺陷,無障礙物,無遮蔽物,良好,無號誌,無號誌,無,無分向設施,未繪設車道線,未繪設快慢車道分隔線,無,車與車,路口交岔撞,駕駛者,無號誌路口，左方車未讓右方車先行,死亡1;受傷1,2,機車,普通重型,女,60,戴半罩式安全帽,未使用,車的狀態,向前直行中,機車與自行車,左側車身,機車與自行車,前車頭,駕駛者,未依規定減速,否,120.269602,23.040857
20230725,20230725,2023,7,094800,A1,臺南市政府警察局,臺南市中西區民權路3段393號,晴,無照明,市區道路,50,單路部分,直路,路段,快車道,柏油,乾燥,無缺陷,無障礙物,無遮蔽物,良好,無號誌,無號誌,雙向禁止超車線,無標記,車道線(無標記),快慢車道分隔線,有,車與車,側撞,駕駛者,變換車道不當,死亡1;受傷0,1,機車,普通重型,女,66,戴半罩式安全帽,未使用,車的狀態,向左變換車道,機車與自行車,左側車身,NA,NA,駕駛者,變換車道不當,否,120.188856,22.99887
20230725,20230725,2023,7,094800,A1,臺南市政府警察局,臺南市中西區民權路3段393號,晴,無照明,市區道路,50,單路部分,直路,路段,快車道,柏油,乾燥,無缺陷,無障礙物,無遮蔽物,良好,無號誌,無號誌,雙向禁止超車線,無標記,車道線(無標記),快慢車道分隔線,有,車與車,側撞,駕駛者,變換車道不當,死亡1;受傷0,2,小客車(含客、貨兩用),自用,男,62,繫安全帶(使用幼童安全椅),未使用,車的狀態,向前直行中,汽車,右側車身,NA,NA,無(車輛駕駛者因素),尚未發現肇事因素,否,120.188856,22.99887
20230725,20230725,2023,7,164800,A1,臺東縣警察局,臺東縣鹿野鄉瑞隆村瑞景路一段113號前0.0公尺,陰,無照明,村里道路,50,單路部分,直路,路段,路肩、路緣,柏油,乾燥,無缺陷,無障礙物,無遮蔽物,良好,無號誌,無號誌,雙向禁止超車線,無標記,未繪設車道線,快慢車道分隔線,有,車輛本身,路上翻車、摔倒,駕駛者,酒醉(後)駕駛,死亡1;受傷2,1,小客車(含客、貨兩用),自用,男,26,不明,不明,車的狀態,向前直行中,汽車,右側車身,NA,NA,駕駛者,酒醉(後)駕駛,否,121.156104,22.949026
20230725,20230725,2023,7,164800,A1,臺東縣警察局,臺東縣鹿野鄉瑞隆村瑞景路一段113號前0.0公尺,陰,無照明,村里道路,50,單路部分,直路,路段,路肩、路緣,柏油,乾燥,無缺陷,無障礙物,無遮蔽物,良好,無號誌,無號誌,雙向禁止超車線,無標記,未繪設車道線,快慢車道分隔線,有,車輛本身,路上翻車、摔倒,駕駛者,酒醉(後)駕駛,死亡1;受傷2,2,NA,NA,無或物(動物、堆置物),-1,NA,NA,NA,NA,NA,NA,NA,NA,無(非車輛駕駛人因素),尚未發現肇事因素,否,121.156104,22.949026
20230725,20230725,2023,7,164800,A1,臺東縣警察局,臺東縣鹿野鄉瑞隆村瑞景路一段113號前0.0公尺,陰,無照明,村里道路,50,單路部分,直路,路段,路肩、路緣,柏油,乾燥,無缺陷,無障礙物,無遮蔽物,良好,無號誌,無號誌,雙向禁止超車線,無標記,未繪設車道線,快慢車道分隔線,有,車輛本身,路上翻車、摔倒,駕駛者,酒醉(後)駕駛,死亡1;受傷2,3,人,乘客,男,54,不明,非駕駛人,人的狀態,其他,其他,非汽、機及自行車,NA,NA,無(非車輛駕駛人因素),尚未發現肇事因素,否,121.156104,22.949026
20230725,20230725,2023,7,164800,A1,臺東縣警察局,臺東縣鹿野鄉瑞隆村瑞景路一段113號前0.0公尺,陰,無照明,村里道路,50,單路部分,直路,路段,路肩、路緣,柏油,乾燥,無缺陷,無障礙物,無遮蔽物,良好,無號誌,無號誌,雙向禁止超車線,無標記,未繪設車道線,快慢車道分隔線,有,車輛本身,路上翻車、摔倒,駕駛者,酒醉(後)駕駛,死亡1;受傷2,4,人,乘客,男,26,不明,非駕駛人,人的狀態,其他,其他,非汽、機及自行車,NA,NA,無(非車輛駕駛人因素),尚未發現肇事因素,否,121.156104,22.949026
20230725,20230725,2023,7,220850,A1,花蓮縣警察局,花蓮縣瑞穗鄉台9線 247公里300.0公尺處,雨,有照明且開啟,省道,60,單路部分,直路,路段,交通島(含槽化線),柏油,濕潤,無缺陷,無障礙物,無遮蔽物,良好,無號誌,無號誌,中央分向島,寬式(50公分以上),車道線(附標記),快慢車道分隔線,有,車輛本身,撞號誌、標誌桿,駕駛者,恍神、緊張、心不在焉分心駕駛,死亡1;受傷0,1,機車,普通重型,男,18,戴半罩式安全帽,未使用,車的狀態,向前直行中,機車與自行車,前車頭,NA,NA,駕駛者,恍神、緊張、心不在焉分心駕駛,否,121.381109,23.559393
20230725,20230725,2023,7,220850,A1,花蓮縣警察局,花蓮縣瑞穗鄉台9線 247公里300.0公尺處,雨,有照明且開啟,省道,60,單路部分,直路,路段,交通島(含槽化線),柏油,濕潤,無缺陷,無障礙物,無遮蔽物,良好,無號誌,無號誌,中央分向島,寬式(50公分以上),車道線(附標記),快慢車道分隔線,有,車輛本身,撞號誌、標誌桿,駕駛者,恍神、緊張、心不在焉分心駕駛,死亡1;受傷0,2,NA,NA,無或物(動物、堆置物),-1,NA,NA,NA,NA,NA,NA,NA,NA,無(非車輛駕駛人因素),尚未發現肇事因素,否,121.381109,23.559393
20230726,20230726,2023,7,012200,A1,臺中市政府警察局,臺中市南區德義里忠孝路 / 臺中市南區德義里忠孝路,晴,有照明且開啟,市區道路,50,交岔路,四岔路,交叉路口,交叉路口內,柏油,乾燥,無缺陷,無障礙物,無遮蔽物,良好,無號誌,無號誌,無,無分向設施,未繪設車道線,未繪設快慢車道分隔線,無,車與車,路口交岔撞,駕駛者,無號誌路口，少線道未讓多線道先行,死亡1;受傷1,1,機車,普通重型,男,14,戴半罩式安全帽,不明,車的狀態,向前直行中,機車與自行車,前車頭,NA,NA,駕駛者,無號誌路口，少線道未讓多線道先行,否,120.676073,24.127149
20230726,20230726,2023,7,012200,A1,臺中市政府警察局,臺中市南區德義里忠孝路 / 臺中市南區德義里忠孝路,晴,有照明且開啟,市區道路,50,交岔路,四岔路,交叉路口,交叉路口內,柏油,乾燥,無缺陷,無障礙物,無遮蔽物,良好,無號誌,無號誌,無,無分向設施,未繪設車道線,未繪設快慢車道分隔線,無,車與車,路口交岔撞,駕駛者,無號誌路口，少線道未讓多線道先行,死亡1;受傷1,2,小貨車(含客、貨兩用),自用,男,37,繫安全帶(使用幼童安全椅),不明,車的狀態,向前直行中,汽車,左前車頭(身),NA,NA,駕駛者,未依規定減速,否,120.676073,24.127149
20230726,20230726,2023,7,012200,A1,臺中市政府警察局,臺中市南區德義里忠孝路 / 臺中市南區德義里忠孝路,晴,有照明且開啟,市區道路,50,交岔路,四岔路,交叉路口,交叉路口內,柏油,乾燥,無缺陷,無障礙物,無遮蔽物,良好,無號誌,無號誌,無,無分向設施,未繪設車道線,未繪設快慢車道分隔線,無,車與車,路口交岔撞,駕駛者,無號誌路口，少線道未讓多線道先行,死亡1;受傷1,3,人,乘客,男,14,戴半罩式安全帽,非駕駛人,人的狀態,其他,其他,非汽、機及自行車,NA,NA,無(非車輛駕駛人因素),尚未發現肇事因素,否,120.676073,24.127149
20230726,20230726,2023,7,040800,A1,彰化縣警察局,彰化縣北斗鎮新生里興農路1段口 / 彰化縣北斗鎮新生里中新路口,晴,無照明,村里道路,50,交岔路,四岔路,交叉路口,交叉路口內,柏油,乾燥,無缺陷,無障礙物,無遮蔽物,良好,無號誌,無號誌,無,無分向設施,未繪設車道線,未繪設快慢車道分隔線,無,車與車,對撞,駕駛者,逆向行駛,死亡1;受傷1,1,小客車(含客、貨兩用),自用,男,72,不明,不明,車的狀態,向前直行中,汽車,前車頭,NA,NA,駕駛者,逆向行駛,否,120.539728,23.857763
20230726,20230726,2023,7,040800,A1,彰化縣警察局,彰化縣北斗鎮新生里興農路1段口 / 彰化縣北斗鎮新生里中新路口,晴,無照明,村里道路,50,交岔路,四岔路,交叉路口,交叉路口內,柏油,乾燥,無缺陷,無障礙物,無遮蔽物,良好,無號誌,無號誌,無,無分向設施,未繪設車道線,未繪設快慢車道分隔線,無,車與車,對撞,駕駛者,逆向行駛,死亡1;受傷1,2,大貨車,營業用,男,52,不明,不明,車的狀態,向前直行中,汽車,前車頭,NA,NA,無(車輛駕駛者因素),尚未發現肇事因素,否,120.539728,23.857763
20230726,20230726,2023,7,074634,A1,彰化縣警察局,彰化縣彰化市平和里線東路1段246號附近,晴,有照明且開啟,市區道路,60,交岔路,四岔路,交叉路口,交叉路口內,柏油,乾燥,無缺陷,無障礙物,無遮蔽物,良好,行車管制號誌,正常,雙向禁止超車線,無標記,車道線(無標記),未繪設快慢車道分隔線,有,人與車,從停車後(或中)穿出,非駕駛者,事故發生時當事者逕自離開現場,死亡1;受傷2,1,人,行人,男,66,其他(無需使用保護裝備之人),非駕駛人,人的狀態,其他,其他,非汽、機及自行車,NA,NA,非駕駛者,事故發生時當事者逕自離開現場,否,120.517968,24.068971
20230726,20230726,2023,7,074634,A1,彰化縣警察局,彰化縣彰化市平和里線東路1段246號附近,晴,有照明且開啟,市區道路,60,交岔路,四岔路,交叉路口,交叉路口內,柏油,乾燥,無缺陷,無障礙物,無遮蔽物,良好,行車管制號誌,正常,雙向禁止超車線,無標記,車道線(無標記),未繪設快慢車道分隔線,有,人與車,從停車後(或中)穿出,非駕駛者,事故發生時當事者逕自離開現場,死亡1;受傷2,2,機車,普通重型,男,62,戴半罩式安全帽,不明,車的狀態,向前直行中,其他,不明,NA,NA,無(車輛駕駛者因素),尚未發現肇事因素,否,120.517968,24.068971
20230726,20230726,2023,7,074634,A1,彰化縣警察局,彰化縣彰化市平和里線東路1段246號附近,晴,有照明且開啟,市區道路,60,交岔路,四岔路,交叉路口,交叉路口內,柏油,乾燥,無缺陷,無障礙物,無遮蔽物,良好,行車管制號誌,正常,雙向禁止超車線,無標記,車道線(無標記),未繪設快慢車道分隔線,有,人與車,從停車後(或中)穿出,非駕駛者,事故發生時當事者逕自離開現場,死亡1;受傷2,3,小貨車(含客、貨兩用),自用,男,55,不明,不明,車的狀態,向前直行中,汽車,右後車尾(身),NA,NA,無(車輛駕駛者因素),尚未發現肇事因素,否,120.517968,24.068971
20230726,20230726,2023,7,074634,A1,彰化縣警察局,彰化縣彰化市平和里線東路1段246號附近,晴,有照明且開啟,市區道路,60,交岔路,四岔路,交叉路口,交叉路口內,柏油,乾燥,無缺陷,無障礙物,無遮蔽物,良好,行車管制號誌,正常,雙向禁止超車線,無標記,車道線(無標記),未繪設快慢車道分隔線,有,人與車,從停車後(或中)穿出,非駕駛者,事故發生時當事者逕自離開現場,死亡1;受傷2,4,小貨車(含客、貨兩用),自用,男,66,不明,不明,車的狀態,靜止(引擎熄火),其他,不明,NA,NA,其他,違規(臨時)停車,否,120.517968,24.068971
20230726,20230726,2023,7,145200,A1,臺南市政府警察局,臺南市善化區台1線 312公里800.0公尺處附近,晴,有照明未開啟或故障,省道,50,交岔路,三岔路,交叉路口,交叉路口內,柏油,濕潤,無缺陷,無障礙物,無遮蔽物,良好,行車管制號誌,正常,無,無分向設施,未繪設車道線,未繪設快慢車道分隔線,無,車與車,側撞,駕駛者,恍神、緊張、心不在焉分心駕駛,死亡1;受傷0,1,小貨車(含客、貨兩用),自用,男,27,繫安全帶(使用幼童安全椅),未使用,車的狀態,左轉彎,汽車,前車頭,汽車,前車頭,駕駛者,恍神、緊張、心不在焉分心駕駛,否,120.321976,23.135441
20230726,20230726,2023,7,145200,A1,臺南市政府警察局,臺南市善化區台1線 312公里800.0公尺處附近,晴,有照明未開啟或故障,省道,50,交岔路,三岔路,交叉路口,交叉路口內,柏油,濕潤,無缺陷,無障礙物,無遮蔽物,良好,行車管制號誌,正常,無,無分向設施,未繪設車道線,未繪設快慢車道分隔線,無,車與車,側撞,駕駛者,恍神、緊張、心不在焉分心駕駛,死亡1;受傷0,2,慢車,腳踏自行車,女,87,其他(無需使用保護裝備之人),未使用,車的狀態,右轉彎,機車與自行車,左側車身,機車與自行車,前車頭,駕駛者,闖紅燈右轉,否,120.321976,23.135441
20230726,20230726,2023,7,173300,A1,臺中市政府警察局,臺中市霧峰區丁台里中投西路一段 / 臺中市霧峰區丁台里丁台路,雨,無照明,市區道路,30,交岔路,四岔路,交叉路口,交叉路口內,柏油,濕潤,無缺陷,無障礙物,無遮蔽物,良好,行車管制號誌,正常,無,無分向設施,未繪設車道線,未繪設快慢車道分隔線,無,車與車,路口交岔撞,駕駛者,闖紅燈直行,死亡1;受傷0,1,機車,普通重型,男,42,戴半罩式安全帽,未使用,車的狀態,向前直行中,機車與自行車,左側車身,NA,NA,駕駛者,闖紅燈直行,否,120.67102,24.042909
20230726,20230726,2023,7,173300,A1,臺中市政府警察局,臺中市霧峰區丁台里中投西路一段 / 臺中市霧峰區丁台里丁台路,雨,無照明,市區道路,30,交岔路,四岔路,交叉路口,交叉路口內,柏油,濕潤,無缺陷,無障礙物,無遮蔽物,良好,行車管制號誌,正常,無,無分向設施,未繪設車道線,未繪設快慢車道分隔線,無,車與車,路口交岔撞,駕駛者,闖紅燈直行,死亡1;受傷0,2,小貨車(含客、貨兩用),租賃小貨車,男,34,繫安全帶(使用幼童安全椅),未使用,車的狀態,向前直行中,汽車,右前車頭(身),NA,NA,駕駛者,違反其他標誌(線)禁制,否,120.67102,24.042909
20230726,20230726,2023,7,200159,A1,嘉義縣警察局,嘉義縣民雄鄉大崎村嘉107線6.5公里處,陰,有照明且開啟,鄉道,50,單路部分,直路,路段,一般車道(未劃分快慢車道),柏油,乾燥,無缺陷,無障礙物,無遮蔽物,良好,無號誌,無號誌,行車分向線,無標記,未繪設車道線,未繪設快慢車道分隔線,有,車與車,追撞,駕駛者,恍神、緊張、心不在焉分心駕駛,死亡1;受傷0,1,小客車(含客、貨兩用),自用,女,43,繫安全帶(使用幼童安全椅),未使用,車的狀態,向前直行中,汽車,右前車頭(身),NA,NA,駕駛者,恍神、緊張、心不在焉分心駕駛,否,120.462373,23.510975
20230726,20230726,2023,7,200159,A1,嘉義縣警察局,嘉義縣民雄鄉大崎村嘉107線6.5公里處,陰,有照明且開啟,鄉道,50,單路部分,直路,路段,一般車道(未劃分快慢車道),柏油,乾燥,無缺陷,無障礙物,無遮蔽物,良好,無號誌,無號誌,行車分向線,無標記,未繪設車道線,未繪設快慢車道分隔線,有,車與車,追撞,駕駛者,恍神、緊張、心不在焉分心駕駛,死亡1;受傷0,2,慢車,腳踏自行車,男,76,其他(無需使用保護裝備之人),未使用,車的狀態,向前直行中,機車與自行車,後車尾,NA,NA,無(車輛駕駛者因素),尚未發現肇事因素,否,120.462373,23.510975
20230726,20230726,2023,7,201900,A1,高雄市政府警察局,高雄市林園區中芸三路中芸035路燈號前0.0公尺,雨,有照明且開啟,市區道路,50,單路部分,直路,路段,一般車道(未劃分快慢車道),柏油,濕潤,無缺陷,無障礙物,無遮蔽物,良好,無號誌,無號誌,雙向禁止超車線,無標記,車道線(無標記),未繪設快慢車道分隔線,有,車與車,同向擦撞,駕駛者,未保持行車安全間隔,死亡1;受傷1,1,機車,普通重型,男,46,戴半罩式安全帽,未使用,車的狀態,向前直行中,機車與自行車,右側車身,NA,NA,駕駛者,未保持行車安全間隔,否,120.398443,22.493761
20230726,20230726,2023,7,201900,A1,高雄市政府警察局,高雄市林園區中芸三路中芸035路燈號前0.0公尺,雨,有照明且開啟,市區道路,50,單路部分,直路,路段,一般車道(未劃分快慢車道),柏油,濕潤,無缺陷,無障礙物,無遮蔽物,良好,無號誌,無號誌,雙向禁止超車線,無標記,車道線(無標記),未繪設快慢車道分隔線,有,車與車,同向擦撞,駕駛者,未保持行車安全間隔,死亡1;受傷1,2,慢車,腳踏自行車,女,52,未戴安全帽或未繫安全帶(未使用幼童安全椅),不明,不明,不明,其他,不明,NA,NA,其他,相關跡證不足且無具體影像紀錄，當事人各執一詞，經分析後無法釐清肇事原因,否,120.398443,22.493761
20230728,20230728,2023,7,033000,A1,嘉義縣警察局,嘉義縣水上鄉回歸村台1線272.1K,雨,有照明且開啟,省道,70,交岔路,四岔路,交叉路口,交叉口附近,柏油,濕潤,無缺陷,無障礙物,無遮蔽物,良好,閃光號誌,正常,中央分向島,寬式(50公分以上),車道線(無標記),快慢車道分隔線,有,車與車,追撞,駕駛者,酒醉(後)駕駛,死亡1;受傷0,1,小客車(含客、貨兩用),自用,男,28,繫安全帶(使用幼童安全椅),未使用,車的狀態,向前直行中,汽車,前車頭,NA,NA,駕駛者,酒醉(後)駕駛,否,120.411756,23.449328
20230728,20230728,2023,7,033000,A1,嘉義縣警察局,嘉義縣水上鄉回歸村台1線272.1K,雨,有照明且開啟,省道,70,交岔路,四岔路,交叉路口,交叉口附近,柏油,濕潤,無缺陷,無障礙物,無遮蔽物,良好,閃光號誌,正常,中央分向島,寬式(50公分以上),車道線(無標記),快慢車道分隔線,有,車與車,追撞,駕駛者,酒醉(後)駕駛,死亡1;受傷0,2,機車,普通重型,男,54,戴半罩式安全帽,未使用,車的狀態,向前直行中,機車與自行車,後車尾,NA,NA,無(車輛駕駛者因素),尚未發現肇事因素,否,120.411756,23.449328
20230728,20230728,2023,7,065400,A1,臺中市政府警察局,臺中市北屯區松竹路二段口 / 臺中市北屯區松竹路二段口,雨,有照明且開啟,市區道路,50,交岔路,多岔路,交叉路口,交叉口附近,柏油,濕潤,無缺陷,無障礙物,無遮蔽物,良好,行車管制號誌,正常,中央分向島,窄式附柵欄,車道線(無標記),未繪設快慢車道分隔線,無,車輛本身,撞交通島,駕駛者,酒醉(後)駕駛,死亡1;受傷0,1,小客車(含客、貨兩用),自用,男,25,不明,未使用,車的狀態,向前直行中,汽車,前車頭,NA,NA,駕駛者,酒醉(後)駕駛,否,120.699447,24.182714
20230728,20230728,2023,7,065400,A1,臺中市政府警察局,臺中市北屯區松竹路二段口 / 臺中市北屯區松竹路二段口,雨,有照明且開啟,市區道路,50,交岔路,多岔路,交叉路口,交叉口附近,柏油,濕潤,無缺陷,無障礙物,無遮蔽物,良好,行車管制號誌,正常,中央分向島,窄式附柵欄,車道線(無標記),未繪設快慢車道分隔線,無,車輛本身,撞交通島,駕駛者,酒醉(後)駕駛,死亡1;受傷0,2,NA,NA,無或物(動物、堆置物),0,NA,NA,NA,NA,NA,NA,NA,NA,無(非車輛駕駛人因素),尚未發現肇事因素,否,120.699447,24.182714
20230728,20230728,2023,7,204600,A1,國道公路警察局,苗栗縣苑裡鎮國道3號 157公里北側向苑裡出口匝道,陰,有照明且開啟,國道,50,單路部分,彎曲路及附近,交流道,直線匝道,柏油,乾燥,無缺陷,無障礙物,無遮蔽物,良好,無號誌,無號誌,無,無分向設施,車道線(附標記),未繪設快慢車道分隔線,有,車輛本身,撞護欄(樁),其他,其他不當駕車行為,死亡1;受傷0,1,小客車(含客、貨兩用),租賃車,男,34,繫安全帶(使用幼童安全椅),不明,車的狀態,其他,汽車,前車頭,NA,NA,其他,其他不當駕車行為,否,120.669893,24.395491
20230728,20230728,2023,7,204600,A1,國道公路警察局,苗栗縣苑裡鎮國道3號 157公里北側向苑裡出口匝道,陰,有照明且開啟,國道,50,單路部分,彎曲路及附近,交流道,直線匝道,柏油,乾燥,無缺陷,無障礙物,無遮蔽物,良好,無號誌,無號誌,無,無分向設施,車道線(附標記),未繪設快慢車道分隔線,有,車輛本身,撞護欄(樁),其他,其他不當駕車行為,死亡1;受傷0,2,NA,NA,無或物(動物、堆置物),-1,NA,NA,NA,NA,NA,NA,NA,NA,無(非車輛駕駛人因素),尚未發現肇事因素,否,120.669893,24.395491
20230728,20230728,2023,7,204600,A1,國道公路警察局,苗栗縣苑裡鎮國道3號 157公里北側向苑裡出口匝道,陰,有照明且開啟,國道,50,單路部分,彎曲路及附近,交流道,直線匝道,柏油,乾燥,無缺陷,無障礙物,無遮蔽物,良好,無號誌,無號誌,無,無分向設施,車道線(附標記),未繪設快慢車道分隔線,有,車輛本身,撞護欄(樁),其他,其他不當駕車行為,死亡1;受傷0,3,NA,NA,無或物(動物、堆置物),-1,NA,NA,NA,NA,NA,NA,NA,NA,無(非車輛駕駛人因素),尚未發現肇事因素,否,120.669893,24.395491