accident_date,發生日期,發生年度,發生月份,發生時間,事故類別名稱,處理單位名稱警局層,發生地點,天候名稱,光線名稱,道路類別-第1當事者-名稱,速限-第1當事者,道路型態大類別名稱,道路型態子類別名稱,事故位置大類別名稱,事故位置子類別名稱,路面狀況-路面鋪裝名稱,路面狀況-路面狀態名稱,路面狀況-路面缺陷名稱,道路障礙-障礙物名稱,道路障礙-視距品質名稱,道路障礙-視距名稱,號誌-號誌種類名稱,號誌-號誌動作名稱,車道劃分設施-分向設施大類別名稱,車道劃分設施-分向設施子類別名稱,車道劃分設施-分道設施-快車道或一般車道間名稱,車道劃分設施-分道設施-快慢車道間名稱,車道劃分設施-分道設施-路面邊線名稱,事故類型及型態大類別名稱,事故類型及型態子類別名稱,肇因研判大類別名稱-主要,肇因研判子類別名稱-主要,死亡受傷人數,當事者順位,當事者區分-類別-大類別名稱-車種,當事者區分-類別-子類別名稱-車種,當事者屬-性-別名稱,當事者事故發生時年齡,保護裝備名稱,行動電話或電腦或其他相類功能裝置名稱,當事者行動狀態大類別名稱,當事者行動狀態子類別名稱,車輛撞擊部位大類別名稱-最初,車輛撞擊部位子類別名稱-最初,車輛撞擊部位大類別名稱-其他,車輛撞擊部位子類別名稱-其他,肇因研判大類別名稱-個別,肇因研判子類別名稱-個別,肇事逃逸類別名稱-是否肇逃,經度,緯度
20230728,20230728,2023,7,204600,A1,國道公路警察局,苗栗縣苑裡鎮國道3號 157公里北側向苑裡出口匝道,陰,有照明且開啟,國道,50,單路部分,彎曲路及附近,交流道,直線匝道,柏油,乾燥,無缺陷,無障礙物,無遮蔽物,良好,無號誌,無號誌,無,無分向設施,車道線(附標記),未繪設快慢車道分隔線,有,車輛本身,撞護欄(樁),其他,其他不當駕車行為,死亡1;受傷0,4,小客車(含客、貨兩用),自用,男,36,繫安全帶(使用幼童安全椅),未使用,車的狀態,等待(引擎未熄火),汽車,前車頭,NA,NA,無(車輛駕駛者因素),尚未發現肇事因素,否,120.669893,24.395491
20230728,20230728,2023,7,211000,A1,高雄市政府警察局,高雄市旗山區旗甲路4段 / 高雄市旗山區大德路,雨,有照明且開啟,市區道路,60,交岔路,三岔路,交叉路口,交叉路口內,柏油,濕潤,無缺陷,無障礙物,無遮蔽物,良好,無號誌,無號誌,行車分向線,附標記,車道線(無標記),快慢車道分隔線,有,車輛本身,撞橋樑(橋墩),駕駛者,打瞌睡或疲勞駕駛(包括連續駕車8小時),死亡1;受傷0,1,小客車(含客、貨兩用),自用,男,73,繫安全帶(使用幼童安全椅),不明,車的狀態,向前直行中,汽車,前車頭,NA,NA,駕駛者,打瞌睡或疲勞駕駛(包括連續駕車8小時),否,120.517007,22.960729
20230728,20230728,2023,7,211000,A1,高雄市政府警察局,高雄市旗山區旗甲路4段 / 高雄市旗山區大德路,雨,有照明且開啟,市區道路,60,交岔路,三岔路,交叉路口,交叉路口內,柏油,濕潤,無缺陷,無障礙物,無遮蔽物,良好,無號誌,無號誌,行車分向線,附標記,車道線(無標記),快慢車道分隔線,有,車輛本身,撞橋樑(橋墩),駕駛者,打瞌睡或疲勞駕駛(包括連續駕車8小時),死亡1;受傷0,2,NA,NA,無或物(動物、堆置物),112,NA,NA,NA,NA,NA,NA,NA,NA,無(非車輛駕駛人因素),尚未發現肇事因素,否,120.517007,22.960729
20230729,20230729,2023,7,104400,A1,桃園市政府警察局,桃園市桃園區大有路59號前0.0公尺,晴,有照明且開啟,市區道路,50,單路部分,直路,路段,一般車道(未劃分快慢車道),柏油,乾燥,無缺陷,無障礙物,無遮蔽物,良好,無號誌,無號誌,雙向禁止超車線,無標記,車道線(無標記),未繪設快慢車道分隔線,無,車與車,追撞,駕駛者,患病或服用藥物(疲勞)駕駛,死亡1;受傷0,1,小客車(含客、貨兩用),自用,男,46,不明,不明,車的狀態,向前直行中,汽車,前車頭,NA,NA,駕駛者,患病或服用藥物(疲勞)駕駛,否,121.322944,25.004293
20230729,20230729,2023,7,104400,A1,桃園市政府警察局,桃園市桃園區大有路59號前0.0公尺,晴,有照明且開啟,市區道路,50,單路部分,直路,路段,一般車道(未劃分快慢車道),柏油,乾燥,無缺陷,無障礙物,無遮蔽物,良好,無號誌,無號誌,雙向禁止超車線,無標記,車道線(無標記),未繪設快慢車道分隔線,無,車與車,追撞,駕駛者,患病或服用藥物(疲勞)駕駛,死亡1;受傷0,2,機車,普通重型,男,68,未戴安全帽或未繫安全帶(未使用幼童安全椅),未使用,車的狀態,靜止(引擎熄火),機車與自行車,後車尾,NA,NA,無(車輛駕駛者因素),尚未發現肇事因素,否,121.322944,25.004293
20230729,20230729,2023,7,132000,A1,臺中市政府警察局,臺中市清水區台61線 147公里100.0公尺處南側向內側,雨,無照明,市區道路,80,單路部分,彎曲路及附近,路段,一般車道(未劃分快慢車道),柏油,濕潤,無缺陷,無障礙物,無遮蔽物,良好,無號誌,無號誌,中央分向島,寬式(50公分以上),車道線(無標記),未繪設快慢車道分隔線,有,車輛本身,其他,其他,相關跡證不足且無具體影像紀錄，當事人各執一詞，經分析後無法釐清肇事原因,死亡1;受傷0,1,半聯結車,營業用,男,43,未戴安全帽或未繫安全帶(未使用幼童安全椅),未使用,車的狀態,向前直行中,汽車,左前車頭(身),NA,NA,其他,相關跡證不足且無具體影像紀錄，當事人各執一詞，經分析後無法釐清肇事原因,否,120.560114,24.312555
20230729,20230729,2023,7,132000,A1,臺中市政府警察局,臺中市清水區台61線 147公里100.0公尺處南側向內側,雨,無照明,市區道路,80,單路部分,彎曲路及附近,路段,一般車道(未劃分快慢車道),柏油,濕潤,無缺陷,無障礙物,無遮蔽物,良好,無號誌,無號誌,中央分向島,寬式(50公分以上),車道線(無標記),未繪設快慢車道分隔線,有,車輛本身,其他,其他,相關跡證不足且無具體影像紀錄，當事人各執一詞，經分析後無法釐清肇事原因,死亡1;受傷0,2,NA,NA,無或物(動物、堆置物),0,NA,NA,NA,NA,NA,NA,NA,NA,無(非車輛駕駛人因素),尚未發現肇事因素,否,120.560114,24.312555
20230729,20230729,2023,7,145100,A1,屏東縣政府警察局,屏東縣屏東市博愛路95號前0.0公尺附近,晴,無照明,市區道路,30,交岔路,三岔路,交叉路口,交叉路口內,柏油,乾燥,無缺陷,無障礙物,無遮蔽物,良好,無號誌,無號誌,行車分向線,無標記,未繪設車道線,快慢車道分隔線,無,車與車,側撞,駕駛者,無號誌路口，轉彎車未讓直行車先行,死亡1;受傷1,1,機車,普通重型,男,67,戴半罩式安全帽,未使用,車的狀態,右轉彎,機車與自行車,左側車身,NA,NA,駕駛者,無號誌路口，轉彎車未讓直行車先行,否,120.481433,22.673479
20230729,20230729,2023,7,145100,A1,屏東縣政府警察局,屏東縣屏東市博愛路95號前0.0公尺附近,晴,無照明,市區道路,30,交岔路,三岔路,交叉路口,交叉路口內,柏油,乾燥,無缺陷,無障礙物,無遮蔽物,良好,無號誌,無號誌,行車分向線,無標記,未繪設車道線,快慢車道分隔線,無,車與車,側撞,駕駛者,無號誌路口，轉彎車未讓直行車先行,死亡1;受傷1,2,機車,普通重型,男,20,戴非半罩式安全帽,未使用,車的狀態,向前直行中,機車與自行車,前車頭,NA,NA,駕駛者,觀看其他事故、活動、道路環境或車外資訊分心駕駛,否,120.481433,22.673479
20230729,20230729,2023,7,145100,A1,屏東縣政府警察局,屏東縣屏東市博愛路95號前0.0公尺附近,晴,無照明,市區道路,30,交岔路,三岔路,交叉路口,交叉路口內,柏油,乾燥,無缺陷,無障礙物,無遮蔽物,良好,無號誌,無號誌,行車分向線,無標記,未繪設車道線,快慢車道分隔線,無,車與車,側撞,駕駛者,無號誌路口，轉彎車未讓直行車先行,死亡1;受傷1,3,小客車(含客、貨兩用),自用,男,74,不明,不明,車的狀態,靜止(引擎熄火),其他,無撞擊,NA,NA,其他,違規(臨時)停車,否,120.481433,22.673479
20230729,20230729,2023,7,170200,A1,新北市政府警察局,新北市永和區豫溪街18號前0.0公尺,晴,無照明,市區道路,30,單路部分,直路,路段,一般車道(未劃分快慢車道),柏油,乾燥,無缺陷,無障礙物,無遮蔽物,良好,無號誌,無號誌,無,無分向設施,未繪設車道線,未繪設快慢車道分隔線,有,人與車,穿越道路中,駕駛者,逆向行駛,死亡1;受傷0,1,機車,普通重型,男,15,戴非半罩式安全帽,未使用,車的狀態,向前直行中,機車與自行車,前車頭,NA,NA,駕駛者,逆向行駛,否,121.515067,25.009835
20230729,20230729,2023,7,170200,A1,新北市政府警察局,新北市永和區豫溪街18號前0.0公尺,晴,無照明,市區道路,30,單路部分,直路,路段,一般車道(未劃分快慢車道),柏油,乾燥,無缺陷,無障礙物,無遮蔽物,良好,無號誌,無號誌,無,無分向設施,未繪設車道線,未繪設快慢車道分隔線,有,人與車,穿越道路中,駕駛者,逆向行駛,死亡1;受傷0,2,人,行人,女,75,其他(無需使用保護裝備之人),非駕駛人,人的狀態,步行,其他,非汽、機及自行車,NA,NA,非駕駛者,其他引起事故之疏失或行為,否,121.515067,25.009835
20230729,20230729,2023,7,170200,A1,新北市政府警察局,新北市永和區豫溪街18號前0.0公尺,晴,無照明,市區道路,30,單路部分,直路,路段,一般車道(未劃分快慢車道),柏油,乾燥,無缺陷,無障礙物,無遮蔽物,良好,無號誌,無號誌,無,無分向設施,未繪設車道線,未繪設快慢車道分隔線,有,人與車,穿越道路中,駕駛者,逆向行駛,死亡1;受傷0,3,人,乘客,男,15,戴非半罩式安全帽,非駕駛人,人的狀態,其他,其他,非汽、機及自行車,NA,NA,無(非車輛駕駛人因素),尚未發現肇事因素,否,121.515067,25.009835
20230730,20230730,2023,7,060634,A1,花蓮縣警察局,花蓮縣光復鄉中山路1段口 / 花蓮縣光復鄉中山路1段口,陰,無照明,省道,50,交岔路,三岔路,交叉路口,交叉口附近,柏油,乾燥,無缺陷,無障礙物,無遮蔽物,良好,無號誌,無號誌,雙向禁止超車線,無標記,車道線(無標記),快慢車道分隔線,有,車與車,追撞,駕駛者,未保持行車安全距離,死亡1;受傷0,1,機車,大型重型1(550C.C.以上),男,45,戴半罩式安全帽,不明,車的狀態,向前直行中,機車與自行車,前車頭,NA,NA,駕駛者,未保持行車安全距離,否,121.415731,23.646958
20230730,20230730,2023,7,060634,A1,花蓮縣警察局,花蓮縣光復鄉中山路1段口 / 花蓮縣光復鄉中山路1段口,陰,無照明,省道,50,交岔路,三岔路,交叉路口,交叉口附近,柏油,乾燥,無缺陷,無障礙物,無遮蔽物,良好,無號誌,無號誌,雙向禁止超車線,無標記,車道線(無標記),快慢車道分隔線,有,車與車,追撞,駕駛者,未保持行車安全距離,死亡1;受傷0,2,小貨車(含客、貨兩用),自用,男,70,繫安全帶(使用幼童安全椅),未使用,車的狀態,向前直行中,汽車,左後車尾(身),NA,NA,無(車輛駕駛者因素),尚未發現肇事因素,否,121.415731,23.646958
20230730,20230730,2023,7,064300,A1,屏東縣政府警察局,屏東縣枋寮鄉台一線與建興路口南向,晴,有照明未開啟或故障,省道,50,交岔路,四岔路,交叉路口,交叉路口內,柏油,乾燥,無缺陷,無障礙物,無遮蔽物,良好,行車管制號誌(附設行人專用號誌),正常,中央分向島,寬式(50公分以上),車道線(附標記),快慢車道分隔線,有,車與車,側撞,駕駛者,有號誌路口，轉彎車未讓直行車先行,死亡1;受傷0,1,小客車(含客、貨兩用),自用,男,25,繫安全帶(使用幼童安全椅),未使用,車的狀態,左轉彎,汽車,右後車尾(身),NA,NA,駕駛者,有號誌路口，轉彎車未讓直行車先行,否,120.594158,22.386875
20230730,20230730,2023,7,064300,A1,屏東縣政府警察局,屏東縣枋寮鄉台一線與建興路口南向,晴,有照明未開啟或故障,省道,50,交岔路,四岔路,交叉路口,交叉路口內,柏油,乾燥,無缺陷,無障礙物,無遮蔽物,良好,行車管制號誌(附設行人專用號誌),正常,中央分向島,寬式(50公分以上),車道線(附標記),快慢車道分隔線,有,車與車,側撞,駕駛者,有號誌路口，轉彎車未讓直行車先行,死亡1;受傷0,2,機車,大型重型1(550C.C.以上),男,32,戴非半罩式安全帽,未使用,車的狀態,向前直行中,機車與自行車,右側車身,NA,NA,其他,車輛或機械操作不當(慎),否,120.594158,22.386875
20230730,20230730,2023,7,131500,A1,基隆市警察局,基隆市暖暖區東勢街77號前0.0公尺,晴,無照明,市區道路,50,單路部分,直路,路段,一般車道(未劃分快慢車道),柏油,乾燥,無缺陷,無障礙物,無遮蔽物,良好,無號誌,無號誌,雙向禁止超車線,無標記,未繪設車道線,未繪設快慢車道分隔線,無,人與車,穿越道路中,非駕駛者,穿越道路未注意左右來車,死亡1;受傷0,1,人,行人,女,87,其他(無需使用保護裝備之人),非駕駛人,人的狀態,步行,其他,非汽、機及自行車,NA,NA,非駕駛者,穿越道路未注意左右來車,否,121.747519,25.086461
20230730,20230730,2023,7,131500,A1,基隆市警察局,基隆市暖暖區東勢街77號前0.0公尺,晴,無照明,市區道路,50,單路部分,直路,路段,一般車道(未劃分快慢車道),柏油,乾燥,無缺陷,無障礙物,無遮蔽物,良好,無號誌,無號誌,雙向禁止超車線,無標記,未繪設車道線,未繪設快慢車道分隔線,無,人與車,穿越道路中,非駕駛者,穿越道路未注意左右來車,死亡1;受傷0,2,小客車(含客、貨兩用),自用,男,38,不明,未使用,車的狀態,向前直行中,汽車,右前車頭(身),NA,NA,駕駛者,恍神、緊張、心不在焉分心駕駛,否,121.747519,25.086461
20230730,20230730,2023,7,132700,A1,新北市政府警察局,新北市三峽區安坑路13-3號前0.0公尺,雨,無照明,市區道路,40,單路部分,彎曲路及附近,路段,一般車道(未劃分快慢車道),柏油,濕潤,無缺陷,無障礙物,無遮蔽物,良好,無號誌,無號誌,雙向禁止超車線,無標記,車道線(無標記),未繪設快慢車道分隔線,無,車與車,對撞,駕駛者,未依規定減速,死亡1;受傷0,1,機車,普通重型,男,21,戴非半罩式安全帽,未使用,車的狀態,向前直行中,機車與自行車,前車頭,NA,NA,駕駛者,未依規定減速,否,121.448453,24.92782
20230730,20230730,2023,7,132700,A1,新北市政府警察局,新北市三峽區安坑路13-3號前0.0公尺,雨,無照明,市區道路,40,單路部分,彎曲路及附近,路段,一般車道(未劃分快慢車道),柏油,濕潤,無缺陷,無障礙物,無遮蔽物,良好,無號誌,無號誌,雙向禁止超車線,無標記,車道線(無標記),未繪設快慢車道分隔線,無,車與車,對撞,駕駛者,未依規定減速,死亡1;受傷0,2,小客車(含客、貨兩用),自用,男,63,繫安全帶(使用幼童安全椅),未使用,車的狀態,向前直行中,汽車,前車頭,NA,NA,無(車輛駕駛者因素),尚未發現肇事因素,否,121.448453,24.92782
20230730,20230730,2023,7,162400,A1,高雄市政府警察局,高雄市鳥松區公園路 / 高雄市鳥松區山明街,雨,無照明,市區道路,40,交岔路,四岔路,交叉路口,交叉路口內,柏油,濕潤,無缺陷,無障礙物,無遮蔽物,良好,無號誌,無號誌,無,無分向設施,未繪設車道線,未繪設快慢車道分隔線,無,車與車,路口交岔撞,駕駛者,無號誌路口，少線道未讓多線道先行,死亡1;受傷1,1,慢車,腳踏自行車,男,84,其他(無需使用保護裝備之人),未使用,車的狀態,向前直行中,機車與自行車,左側車身,NA,NA,駕駛者,無號誌路口，少線道未讓多線道先行,否,120.36007,22.65534
20230730,20230730,2023,7,162400,A1,高雄市政府警察局,高雄市鳥松區公園路 / 高雄市鳥松區山明街,雨,無照明,市區道路,40,交岔路,四岔路,交叉路口,交叉路口內,柏油,濕潤,無缺陷,無障礙物,無遮蔽物,良好,無號誌,無號誌,無,無分向設施,未繪設車道線,未繪設快慢車道分隔線,無,車與車,路口交岔撞,駕駛者,無號誌路口，少線道未讓多線道先行,死亡1;受傷1,2,小客車(含客、貨兩用),自用,女,31,繫安全帶(使用幼童安全椅),未使用,車的狀態,向前直行中,汽車,右前車頭(身),NA,NA,駕駛者,未依規定減速,否,120.36007,22.65534
20230730,20230730,2023,7,193100,A1,嘉義縣警察局,嘉義縣中埔鄉同仁村台3線290公里700公尺處,陰,有照明且開啟,省道,40,交岔路,三岔路,交叉路口,交叉路口內,柏油,濕潤,無缺陷,無障礙物,無遮蔽物,良好,閃光號誌,正常,無,無分向設施,未繪設車道線,未繪設快慢車道分隔線,無,車與車,側撞,駕駛者,左轉彎未依規定,死亡1;受傷1,1,機車,普通重型,女,39,戴非半罩式安全帽,未使用,車的狀態,左轉彎,機車與自行車,左側車身,NA,NA,駕駛者,左轉彎未依規定,否,120.516535,23.415785
20230730,20230730,2023,7,193100,A1,嘉義縣警察局,嘉義縣中埔鄉同仁村台3線290公里700公尺處,陰,有照明且開啟,省道,40,交岔路,三岔路,交叉路口,交叉路口內,柏油,濕潤,無缺陷,無障礙物,無遮蔽物,良好,閃光號誌,正常,無,無分向設施,未繪設車道線,未繪設快慢車道分隔線,無,車與車,側撞,駕駛者,左轉彎未依規定,死亡1;受傷1,2,機車,普通重型,男,18,戴非半罩式安全帽,未使用,車的狀態,向前直行中,機車與自行車,前車頭,NA,NA,駕駛者,未依規定減速,否,120.516535,23.415785
20230731,20230731,2023,7,063440,A1,南投縣政府警察局,南投縣國姓鄉大旗村大長路672號前0.0公尺,晴,有照明未開啟或故障,村里道路,40,單路部分,直路,路段,路肩、路緣,柏油,乾燥,無缺陷,無障礙物,無遮蔽物,良好,無號誌,無號誌,行車分向線,無標記,車道線(無標記),未繪設快慢車道分隔線,有,車輛本身,撞號誌、標誌桿,駕駛者,未依規定減速,死亡1;受傷0,1,小貨車(含客、貨兩用),自用,男,54,繫安全帶(使用幼童安全椅),未使用,車的狀態,向前直行中,汽車,前車頭,NA,NA,駕駛者,未依規定減速,否,120.862981,24.04738
20230731,20230731,2023,7,063440,A1,南投縣政府警察局,南投縣國姓鄉大旗村大長路672號前0.0公尺,晴,有照明未開啟或故障,村里道路,40,單路部分,直路,路段,路肩、路緣,柏油,乾燥,無缺陷,無障礙物,無遮蔽物,良好,無號誌,無號誌,行車分向線,無標記,車道線(無標記),未繪設快慢車道分隔線,有,車輛本身,撞號誌、標誌桿,駕駛者,未依規定減速,死亡1;受傷0,2,NA,NA,無或物(動物、堆置物),-1,NA,NA,NA,NA,NA,NA,NA,NA,無(非車輛駕駛人因素),尚未發現肇事因素,否,120.862981,24.04738
20230731,20230731,2023,7,155358,A1,花蓮縣警察局,花蓮縣鳳林鎮鳳林鎮中興橋上,陰,有照明未開啟或故障,鄉道,50,單路部分,橋樑,路段,一般車道(未劃分快慢車道),柏油,乾燥,無缺陷,無障礙物,無遮蔽物,良好,無號誌,無號誌,雙向禁止超車線,無標記,未繪設車道線,未繪設快慢車道分隔線,有,車與車,對撞,駕駛者,違反禁止超車標誌(線),死亡1;受傷1,1,機車,普通重型,男,29,戴半罩式安全帽,未使用,車的狀態,向前直行中,機車與自行車,前車頭,NA,NA,駕駛者,違反禁止超車標誌(線),否,121.498119,23.767407
20230731,20230731,2023,7,155358,A1,花蓮縣警察局,花蓮縣鳳林鎮鳳林鎮中興橋上,陰,有照明未開啟或故障,鄉道,50,單路部分,橋樑,路段,一般車道(未劃分快慢車道),柏油,乾燥,無缺陷,無障礙物,無遮蔽物,良好,無號誌,無號誌,雙向禁止超車線,無標記,未繪設車道線,未繪設快慢車道分隔線,有,車與車,對撞,駕駛者,違反禁止超車標誌(線),死亡1;受傷1,2,機車,普通重型,男,46,戴半罩式安全帽,未使用,車的狀態,向前直行中,機車與自行車,前車頭,NA,NA,無(車輛駕駛者因素),尚未發現肇事因素,否,121.498119,23.767407
20230731,20230731,2023,7,234700,A1,屏東縣政府警察局,屏東縣麟洛鄉中山路673號(果菜市場),晴,有照明且開啟,省道,50,單路部分,直路,路段,快車道,柏油,乾燥,無缺陷,無障礙物,無遮蔽物,良好,閃光號誌,正常,中央分向島,寬式(50公分以上),車道線(無標記),快慢車道分隔線,有,人與車,穿越道路中,非駕駛者,未依標誌或標線穿越道路,死亡1;受傷1,1,人,行人,男,56,其他(無需使用保護裝備之人),非駕駛人,人的狀態,步行,其他,非汽、機及自行車,NA,NA,非駕駛者,未依標誌或標線穿越道路,否,120.518996,22.655464
20230731,20230731,2023,7,234700,A1,屏東縣政府警察局,屏東縣麟洛鄉中山路673號(果菜市場),晴,有照明且開啟,省道,50,單路部分,直路,路段,快車道,柏油,乾燥,無缺陷,無障礙物,無遮蔽物,良好,閃光號誌,正常,中央分向島,寬式(50公分以上),車道線(無標記),快慢車道分隔線,有,人與車,穿越道路中,非駕駛者,未依標誌或標線穿越道路,死亡1;受傷1,2,小客車(含客、貨兩用),自用,男,24,繫安全帶(使用幼童安全椅),未使用,車的狀態,向前直行中,汽車,右前車頭(身),NA,NA,駕駛者,未依規定減速,否,120.518996,22.655464
20230731,20230731,2023,7,234700,A1,屏東縣政府警察局,屏東縣麟洛鄉中山路673號(果菜市場),晴,有照明且開啟,省道,50,單路部分,直路,路段,快車道,柏油,乾燥,無缺陷,無障礙物,無遮蔽物,良好,閃光號誌,正常,中央分向島,寬式(50公分以上),車道線(無標記),快慢車道分隔線,有,人與車,穿越道路中,非駕駛者,未依標誌或標線穿越道路,死亡1;受傷1,3,機車,大型重型2(250-550C.C.),男,22,戴非半罩式安全帽,未使用,車的狀態,向前直行中,機車與自行車,右側車身,NA,NA,駕駛者,未依規定減速,否,120.518996,22.655464
20230731,20230731,2023,7,234700,A1,屏東縣政府警察局,屏東縣麟洛鄉中山路673號(果菜市場),晴,有照明且開啟,省道,50,單路部分,直路,路段,快車道,柏油,乾燥,無缺陷,無障礙物,無遮蔽物,良好,閃光號誌,正常,中央分向島,寬式(50公分以上),車道線(無標記),快慢車道分隔線,有,人與車,穿越道路中,非駕駛者,未依標誌或標線穿越道路,死亡1;受傷1,4,小貨車(含客、貨兩用),自用,男,45,繫安全帶(使用幼童安全椅),未使用,車的狀態,向前直行中,汽車,左前車頭(身),NA,NA,駕駛者,閃避不當(慎),否,120.518996,22.655464
20230801,20230801,2023,8,055700,A1,臺南市政府警察局,臺南市西港區西港里文化路口 / 臺南市西港區西港里文化路口,晴,有照明未開啟或故障,市區道路,50,交岔路,四岔路,交叉路口,交叉路口內,柏油,乾燥,無缺陷,無障礙物,無遮蔽物,良好,閃光號誌,正常,無,無分向設施,未繪設車道線,未繪設快慢車道分隔線,無,車與車,路口交岔撞,駕駛者,違反閃光號誌,死亡1;受傷0,1,小貨車(含客、貨兩用),自用,男,64,不明,不明,車的狀態,向前直行中,汽車,左前車頭(身),NA,NA,駕駛者,違反閃光號誌,否,120.207203,23.124685
20230801,20230801,2023,8,055700,A1,臺南市政府警察局,臺南市西港區西港里文化路口 / 臺南市西港區西港里文化路口,晴,有照明未開啟或故障,市區道路,50,交岔路,四岔路,交叉路口,交叉路口內,柏油,乾燥,無缺陷,無障礙物,無遮蔽物,良好,閃光號誌,正常,無,無分向設施,未繪設車道線,未繪設快慢車道分隔線,無,車與車,路口交岔撞,駕駛者,違反閃光號誌,死亡1;受傷0,2,小客車(含客、貨兩用),自用,男,68,繫安全帶(使用幼童安全椅),未使用,車的狀態,向前直行中,汽車,右前車頭(身),NA,NA,駕駛者,未依規定減速,否,120.207203,23.124685
20230801,20230801,2023,8,105520,A1,臺南市政府警察局,臺南市鹽水區坔頭港里坔頭港200之45號旁路口(電桿-下竹高幹79),晴,有照明未開啟或故障,市區道路,30,交岔路,四岔路,交叉路口,交叉路口內,柏油,乾燥,無缺陷,無障礙物,無遮蔽物,良好,無號誌,無號誌,無,無分向設施,未繪設車道線,未繪設快慢車道分隔線,無,車與車,路口交岔撞,駕駛者,無號誌路口，左方車未讓右方車先行,死亡1;受傷0,1,機車,普通重型,男,73,不明,未使用,車的狀態,向前直行中,機車與自行車,右側車身,機車與自行車,右側車身,駕駛者,無號誌路口，左方車未讓右方車先行,否,120.247102,23.247689
20230801,20230801,2023,8,105520,A1,臺南市政府警察局,臺南市鹽水區坔頭港里坔頭港200之45號旁路口(電桿-下竹高幹79),晴,有照明未開啟或故障,市區道路,30,交岔路,四岔路,交叉路口,交叉路口內,柏油,乾燥,無缺陷,無障礙物,無遮蔽物,良好,無號誌,無號誌,無,無分向設施,未繪設車道線,未繪設快慢車道分隔線,無,車與車,路口交岔撞,駕駛者,無號誌路口，左方車未讓右方車先行,死亡1;受傷0,2,小客車(含客、貨兩用),自用,男,43,繫安全帶(使用幼童安全椅),未使用,車的狀態,向前直行中,汽車,前車頭,汽車,前車頭,駕駛者,未依規定減速,否,120.247102,23.247689
20230801,20230801,2023,8,123902,A1,桃園市政府警察局,桃園市蘆竹區南崁路一段東側 / 桃園市蘆竹區長榮路南側,陰,有照明未開啟或故障,縣道,50,交岔路,四岔路,交叉路口,交叉路口內,柏油,乾燥,無缺陷,無障礙物,無遮蔽物,良好,行車管制號誌,正常,無,無分向設施,未繪設車道線,未繪設快慢車道分隔線,無,車與車,側撞,駕駛者,右轉彎未依規定,死亡1;受傷0,1,曳引車,營業用,男,61,繫安全帶(使用幼童安全椅),未使用,車的狀態,右轉彎,汽車,右側車身,NA,NA,駕駛者,右轉彎未依規定,否,121.285016,25.053514
20230801,20230801,2023,8,123902,A1,桃園市政府警察局,桃園市蘆竹區南崁路一段東側 / 桃園市蘆竹區長榮路南側,陰,有照明未開啟或故障,縣道,50,交岔路,四岔路,交叉路口,交叉路口內,柏油,乾燥,無缺陷,無障礙物,無遮蔽物,良好,行車管制號誌,正常,無,無分向設施,未繪設車道線,未繪設快慢車道分隔線,無,車與車,側撞,駕駛者,右轉彎未依規定,死亡1;受傷0,2,機車,普通重型,男,61,戴半罩式安全帽,未使用,車的狀態,向前直行中,機車與自行車,左側車身,NA,NA,無(車輛駕駛者因素),尚未發現肇事因素,否,121.285016,25.053514
20230801,20230801,2023,8,151300,A1,屏東縣政府警察局,屏東縣長治鄉南二高平面道路77號橋墩,晴,有照明未開啟或故障,村里道路,60,交岔路,四岔路,交叉路口,交叉路口內,柏油,乾燥,無缺陷,無障礙物,無遮蔽物,良好,行車管制號誌,正常,中央分向島,寬式(50公分以上),禁止變換車道線(無標記),未繪設快慢車道分隔線,有,車與車,追撞,駕駛者,恍神、緊張、心不在焉分心駕駛,死亡1;受傷0,1,大貨車,自用,男,36,繫安全帶(使用幼童安全椅),未使用,車的狀態,向前直行中,汽車,前車頭,NA,NA,駕駛者,恍神、緊張、心不在焉分心駕駛,否,120.560215,22.691474
20230801,20230801,2023,8,151300,A1,屏東縣政府警察局,屏東縣長治鄉南二高平面道路77號橋墩,晴,有照明未開啟或故障,村里道路,60,交岔路,四岔路,交叉路口,交叉路口內,柏油,乾燥,無缺陷,無障礙物,無遮蔽物,良好,行車管制號誌,正常,中央分向島,寬式(50公分以上),禁止變換車道線(無標記),未繪設快慢車道分隔線,有,車與車,追撞,駕駛者,恍神、緊張、心不在焉分心駕駛,死亡1;受傷0,2,機車,普通重型,男,82,戴半罩式安全帽,未使用,車的狀態,向前直行中,機車與自行車,後車尾,NA,NA,無(車輛駕駛者因素),尚未發現肇事因素,否,120.560215,22.691474
20230801,20230801,2023,8,182100,A1,桃園市政府警察局,桃園市中壢區龍岡路三段口 / 桃園市中壢區龍岡路三段口,陰,有照明未開啟或故障,市區道路,50,交岔路,四岔路,交叉路口,交叉路口內,柏油,乾燥,無缺陷,無障礙物,無遮蔽物,良好,行車管制號誌(附設行人專用號誌),正常,無,無分向設施,未繪設車道線,未繪設快慢車道分隔線,無,車與車,側撞,駕駛者,有號誌路口，轉彎車未讓直行車先行,死亡1;受傷0,1,小客車(含客、貨兩用),自用,女,41,繫安全帶(使用幼童安全椅),未使用,車的狀態,左轉彎,汽車,右側車身,NA,NA,駕駛者,有號誌路口，轉彎車未讓直行車先行,否,121.235592,24.9343
20230801,20230801,2023,8,182100,A1,桃園市政府警察局,桃園市中壢區龍岡路三段口 / 桃園市中壢區龍岡路三段口,陰,有照明未開啟或故障,市區道路,50,交岔路,四岔路,交叉路口,交叉路口內,柏油,乾燥,無缺陷,無障礙物,無遮蔽物,良好,行車管制號誌(附設行人專用號誌),正常,無,無分向設施,未繪設車道線,未繪設快慢車道分隔線,無,車與車,側撞,駕駛者,有號誌路口，轉彎車未讓直行車先行,死亡1;受傷0,2,機車,普通重型,男,34,戴半罩式安全帽,未使用,車的狀態,向前直行中,機車與自行車,前車頭,機車與自行車,右側車身,無(車輛駕駛者因素),尚未發現肇事因素,否,121.235592,24.9343