accident_date,發生日期,發生年度,發生月份,發生時間,事故類別名稱,處理單位名稱警局層,發生地點,天候名稱,光線名稱,道路類別-第1當事者-名稱,速限-第1當事者,道路型態大類別名稱,道路型態子類別名稱,事故位置大類別名稱,事故位置子類別名稱,路面狀況-路面鋪裝名稱,路面狀況-路面狀態名稱,路面狀況-路面缺陷名稱,道路障礙-障礙物名稱,道路障礙-視距品質名稱,道路障礙-視距名稱,號誌-號誌種類名稱,號誌-號誌動作名稱,車道劃分設施-分向設施大類別名稱,車道劃分設施-分向設施子類別名稱,車道劃分設施-分道設施-快車道或一般車道間名稱,車道劃分設施-分道設施-快慢車道間名稱,車道劃分設施-分道設施-路面邊線名稱,事故類型及型態大類別名稱,事故類型及型態子類別名稱,肇因研判大類別名稱-主要,肇因研判子類別名稱-主要,死亡受傷人數,當事者順位,當事者區分-類別-大類別名稱-車種,當事者區分-類別-子類別名稱-車種,當事者屬-性-別名稱,當事者事故發生時年齡,保護裝備名稱,行動電話或電腦或其他相類功能裝置名稱,當事者行動狀態大類別名稱,當事者行動狀態子類別名稱,車輛撞擊部位大類別名稱-最初,車輛撞擊部位子類別名稱-最初,車輛撞擊部位大類別名稱-其他,車輛撞擊部位子類別名稱-其他,肇因研判大類別名稱-個別,肇因研判子類別名稱-個別,肇事逃逸類別名稱-是否肇逃,經度,緯度
20230801,20230801,2023,8,211000,A1,基隆市警察局,基隆市中山區復興路 / 基隆市中山區德安路,晴,有照明且開啟,市區道路,50,交岔路,多岔路,交叉路口,交叉路口內,柏油,濕潤,無缺陷,無障礙物,無遮蔽物,良好,行車管制號誌,正常,無,無分向設施,未繪設車道線,未繪設快慢車道分隔線,無,車與車,追撞,駕駛者,起步時未注意安全,死亡1;受傷0,1,小客車(含客、貨兩用),自用,男,70,繫安全帶(使用幼童安全椅),未使用,車的狀態,起步,汽車,前車頭,NA,NA,駕駛者,起步時未注意安全,否,121.725865,25.148771
20230801,20230801,2023,8,211000,A1,基隆市警察局,基隆市中山區復興路 / 基隆市中山區德安路,晴,有照明且開啟,市區道路,50,交岔路,多岔路,交叉路口,交叉路口內,柏油,濕潤,無缺陷,無障礙物,無遮蔽物,良好,行車管制號誌,正常,無,無分向設施,未繪設車道線,未繪設快慢車道分隔線,無,車與車,追撞,駕駛者,起步時未注意安全,死亡1;受傷0,2,機車,普通重型,女,53,戴半罩式安全帽,未使用,車的狀態,等待(引擎未熄火),機車與自行車,後車尾,NA,NA,無(車輛駕駛者因素),尚未發現肇事因素,否,121.725865,25.148771
20230801,20230801,2023,8,211000,A1,基隆市警察局,基隆市中山區復興路 / 基隆市中山區德安路,晴,有照明且開啟,市區道路,50,交岔路,多岔路,交叉路口,交叉路口內,柏油,濕潤,無缺陷,無障礙物,無遮蔽物,良好,行車管制號誌,正常,無,無分向設施,未繪設車道線,未繪設快慢車道分隔線,無,車與車,追撞,駕駛者,起步時未注意安全,死亡1;受傷0,3,NA,NA,無或物(動物、堆置物),53,NA,NA,NA,NA,NA,NA,NA,NA,無(非車輛駕駛人因素),尚未發現肇事因素,否,121.725865,25.148771
20230802,20230802,2023,8,020241,A1,國道公路警察局,新竹縣湖口鄉國道1號 87公里600.0公尺處南側向路肩,雨,無照明,國道,100,單路部分,直路,路段,快車道,柏油,濕潤,無缺陷,無障礙物,無遮蔽物,良好,無號誌,無號誌,中央分向島,寬式(50公分以上),車道線(附標記),未繪設快慢車道分隔線,有,車輛本身,撞護欄(樁),其他,車輛或機械操作不當(慎),死亡1;受傷0,1,小客車(含客、貨兩用),自用,女,25,未戴安全帽或未繫安全帶(未使用幼童安全椅),不明,車的狀態,向前直行中,汽車,左前車頭(身),汽車,車頂,其他,車輛或機械操作不當(慎),否,121.064183,24.876976
20230802,20230802,2023,8,020241,A1,國道公路警察局,新竹縣湖口鄉國道1號 87公里600.0公尺處南側向路肩,雨,無照明,國道,100,單路部分,直路,路段,快車道,柏油,濕潤,無缺陷,無障礙物,無遮蔽物,良好,無號誌,無號誌,中央分向島,寬式(50公分以上),車道線(附標記),未繪設快慢車道分隔線,有,車輛本身,撞護欄(樁),其他,車輛或機械操作不當(慎),死亡1;受傷0,2,NA,NA,無或物(動物、堆置物),-1,NA,NA,NA,NA,NA,NA,NA,NA,無(非車輛駕駛人因素),尚未發現肇事因素,否,121.064183,24.876976
20230802,20230802,2023,8,020241,A1,國道公路警察局,新竹縣湖口鄉國道1號 87公里600.0公尺處南側向路肩,雨,無照明,國道,100,單路部分,直路,路段,快車道,柏油,濕潤,無缺陷,無障礙物,無遮蔽物,良好,無號誌,無號誌,中央分向島,寬式(50公分以上),車道線(附標記),未繪設快慢車道分隔線,有,車輛本身,撞護欄(樁),其他,車輛或機械操作不當(慎),死亡1;受傷0,3,小客車(含客、貨兩用),自用,男,46,繫安全帶(使用幼童安全椅),未使用,車的狀態,向前直行中,汽車,前車頭,NA,NA,駕駛者,恍神、緊張、心不在焉分心駕駛,是,121.064183,24.876976
20230802,20230802,2023,8,020241,A1,國道公路警察局,新竹縣湖口鄉國道1號 87公里600.0公尺處南側向路肩,雨,無照明,國道,100,單路部分,直路,路段,快車道,柏油,濕潤,無缺陷,無障礙物,無遮蔽物,良好,無號誌,無號誌,中央分向島,寬式(50公分以上),車道線(附標記),未繪設快慢車道分隔線,有,車輛本身,撞護欄(樁),其他,車輛或機械操作不當(慎),死亡1;受傷0,4,小客車(含客、貨兩用),自用,男,26,繫安全帶(使用幼童安全椅),未使用,車的狀態,向前直行中,汽車,車底,NA,NA,駕駛者,恍神、緊張、心不在焉分心駕駛,否,121.064183,24.876976
20230802,20230802,2023,8,214300,A1,南投縣政府警察局,南投縣草屯鎮雙冬里中正路4號旁,晴,有照明且開啟,省道,70,單路部分,彎曲路及附近,路段,路肩、路緣,柏油,乾燥,無缺陷,無障礙物,無遮蔽物,良好,無號誌,無號誌,中央分向島,寬式(50公分以上),禁止變換車道線(無標記),未繪設快慢車道分隔線,有,車輛本身,衝出路外,其他,其他不當駕車行為,死亡1;受傷0,1,小客車(含客、貨兩用),自用,男,43,不明,不明,車的狀態,向前直行中,汽車,前車頭,NA,NA,其他,其他不當駕車行為,否,120.812724,24.00002
20230802,20230802,2023,8,214300,A1,南投縣政府警察局,南投縣草屯鎮雙冬里中正路4號旁,晴,有照明且開啟,省道,70,單路部分,彎曲路及附近,路段,路肩、路緣,柏油,乾燥,無缺陷,無障礙物,無遮蔽物,良好,無號誌,無號誌,中央分向島,寬式(50公分以上),禁止變換車道線(無標記),未繪設快慢車道分隔線,有,車輛本身,衝出路外,其他,其他不當駕車行為,死亡1;受傷0,2,NA,NA,無或物(動物、堆置物),-1,NA,NA,NA,NA,NA,NA,NA,NA,無(非車輛駕駛人因素),尚未發現肇事因素,否,120.812724,24.00002
20230802,20230802,2023,8,214300,A1,南投縣政府警察局,南投縣草屯鎮雙冬里中正路4號旁,晴,有照明且開啟,省道,70,單路部分,彎曲路及附近,路段,路肩、路緣,柏油,乾燥,無缺陷,無障礙物,無遮蔽物,良好,無號誌,無號誌,中央分向島,寬式(50公分以上),禁止變換車道線(無標記),未繪設快慢車道分隔線,有,車輛本身,衝出路外,其他,其他不當駕車行為,死亡1;受傷0,3,NA,NA,無或物(動物、堆置物),-1,NA,NA,NA,NA,NA,NA,NA,NA,無(非車輛駕駛人因素),尚未發現肇事因素,否,120.812724,24.00002
20230802,20230802,2023,8,220500,A1,嘉義縣警察局,嘉義縣東石鄉龍港村166縣道與嘉7鄉道(口),陰,有照明且開啟,縣道,50,交岔路,四岔路,交叉路口,交叉路口內,柏油,乾燥,無缺陷,無障礙物,無遮蔽物,良好,閃光號誌,正常,無,無分向設施,未繪設車道線,未繪設快慢車道分隔線,無,車與車,路口交岔撞,駕駛者,酒醉(後)駕駛,死亡1;受傷2,1,小客車(含客、貨兩用),租賃車,男,43,不明,不明,車的狀態,向前直行中,汽車,前車頭,NA,NA,駕駛者,酒醉(後)駕駛,否,120.192815,23.484653
20230802,20230802,2023,8,220500,A1,嘉義縣警察局,嘉義縣東石鄉龍港村166縣道與嘉7鄉道(口),陰,有照明且開啟,縣道,50,交岔路,四岔路,交叉路口,交叉路口內,柏油,乾燥,無缺陷,無障礙物,無遮蔽物,良好,閃光號誌,正常,無,無分向設施,未繪設車道線,未繪設快慢車道分隔線,無,車與車,路口交岔撞,駕駛者,酒醉(後)駕駛,死亡1;受傷2,2,小客車(含客、貨兩用),自用,男,39,不明,不明,車的狀態,向前直行中,汽車,右側車身,NA,NA,駕駛者,未依規定減速,否,120.192815,23.484653
20230802,20230802,2023,8,220500,A1,嘉義縣警察局,嘉義縣東石鄉龍港村166縣道與嘉7鄉道(口),陰,有照明且開啟,縣道,50,交岔路,四岔路,交叉路口,交叉路口內,柏油,乾燥,無缺陷,無障礙物,無遮蔽物,良好,閃光號誌,正常,無,無分向設施,未繪設車道線,未繪設快慢車道分隔線,無,車與車,路口交岔撞,駕駛者,酒醉(後)駕駛,死亡1;受傷2,3,人,乘客,女,40,不明,非駕駛人,人的狀態,其他,其他,非汽、機及自行車,NA,NA,無(非車輛駕駛人因素),尚未發現肇事因素,否,120.192815,23.484653
20230802,20230802,2023,8,220500,A1,嘉義縣警察局,嘉義縣東石鄉龍港村166縣道與嘉7鄉道(口),陰,有照明且開啟,縣道,50,交岔路,四岔路,交叉路口,交叉路口內,柏油,乾燥,無缺陷,無障礙物,無遮蔽物,良好,閃光號誌,正常,無,無分向設施,未繪設車道線,未繪設快慢車道分隔線,無,車與車,路口交岔撞,駕駛者,酒醉(後)駕駛,死亡1;受傷2,4,NA,NA,無或物(動物、堆置物),-1,NA,NA,NA,NA,NA,NA,NA,NA,無(非車輛駕駛人因素),尚未發現肇事因素,否,120.192815,23.484653
20230803,20230803,2023,8,111500,A1,臺東縣警察局,臺東縣臺東市精誠路口 / 臺東縣臺東市復興路口,晴,有照明未開啟或故障,市區道路,50,交岔路,四岔路,交叉路口,交叉路口內,柏油,乾燥,無缺陷,無障礙物,無遮蔽物,良好,無號誌,無號誌,無,無分向設施,未繪設車道線,未繪設快慢車道分隔線,無,車與車,路口交岔撞,駕駛者,無號誌路口，支線道未讓幹線道先行,死亡1;受傷1,1,機車,普通重型,男,22,戴半罩式安全帽,未使用,車的狀態,向前直行中,機車與自行車,前車頭,NA,NA,駕駛者,無號誌路口，支線道未讓幹線道先行,否,121.153131,22.750184
20230803,20230803,2023,8,111500,A1,臺東縣警察局,臺東縣臺東市精誠路口 / 臺東縣臺東市復興路口,晴,有照明未開啟或故障,市區道路,50,交岔路,四岔路,交叉路口,交叉路口內,柏油,乾燥,無缺陷,無障礙物,無遮蔽物,良好,無號誌,無號誌,無,無分向設施,未繪設車道線,未繪設快慢車道分隔線,無,車與車,路口交岔撞,駕駛者,無號誌路口，支線道未讓幹線道先行,死亡1;受傷1,2,大貨車,自用,男,69,繫安全帶(使用幼童安全椅),未使用,車的狀態,向前直行中,汽車,左前車頭(身),NA,NA,駕駛者,未依規定減速,否,121.153131,22.750184
20230803,20230803,2023,8,111500,A1,臺東縣警察局,臺東縣臺東市精誠路口 / 臺東縣臺東市復興路口,晴,有照明未開啟或故障,市區道路,50,交岔路,四岔路,交叉路口,交叉路口內,柏油,乾燥,無缺陷,無障礙物,無遮蔽物,良好,無號誌,無號誌,無,無分向設施,未繪設車道線,未繪設快慢車道分隔線,無,車與車,路口交岔撞,駕駛者,無號誌路口，支線道未讓幹線道先行,死亡1;受傷1,3,人,乘客,女,23,戴半罩式安全帽,非駕駛人,人的狀態,其他,其他,非汽、機及自行車,NA,NA,無(非車輛駕駛人因素),尚未發現肇事因素,否,121.153131,22.750184
20230803,20230803,2023,8,111519,A1,雲林縣警察局,雲林縣古坑鄉縣200線 400.0公尺處西側向外側,晴,有照明未開啟或故障,縣道,30,單路部分,直路,路段,一般車道(未劃分快慢車道),柏油,乾燥,無缺陷,路上有停車,有遮蔽物,建築物,無號誌,無號誌,行車分向線,無標記,車道線(無標記),未繪設快慢車道分隔線,有,車與車,追撞,駕駛者,恍神、緊張、心不在焉分心駕駛,死亡1;受傷0,1,機車,普通重型,女,27,戴半罩式安全帽,不明,車的狀態,向前直行中,機車與自行車,前車頭,NA,NA,駕駛者,恍神、緊張、心不在焉分心駕駛,否,120.547449,23.666638
20230803,20230803,2023,8,111519,A1,雲林縣警察局,雲林縣古坑鄉縣200線 400.0公尺處西側向外側,晴,有照明未開啟或故障,縣道,30,單路部分,直路,路段,一般車道(未劃分快慢車道),柏油,乾燥,無缺陷,路上有停車,有遮蔽物,建築物,無號誌,無號誌,行車分向線,無標記,車道線(無標記),未繪設快慢車道分隔線,有,車與車,追撞,駕駛者,恍神、緊張、心不在焉分心駕駛,死亡1;受傷0,2,大貨車,自用,男,69,未戴安全帽或未繫安全帶(未使用幼童安全椅),未使用,車的狀態,靜止(引擎熄火),汽車,後車尾,NA,NA,其他,違規(臨時)停車,否,120.547449,23.666638
20230803,20230803,2023,8,111519,A1,雲林縣警察局,雲林縣古坑鄉縣200線 400.0公尺處西側向外側,晴,有照明未開啟或故障,縣道,30,單路部分,直路,路段,一般車道(未劃分快慢車道),柏油,乾燥,無缺陷,路上有停車,有遮蔽物,建築物,無號誌,無號誌,行車分向線,無標記,車道線(無標記),未繪設快慢車道分隔線,有,車與車,追撞,駕駛者,恍神、緊張、心不在焉分心駕駛,死亡1;受傷0,3,小貨車(含客、貨兩用),自用,男,44,未戴安全帽或未繫安全帶(未使用幼童安全椅),未使用,車的狀態,靜止(引擎熄火),其他,不明,NA,NA,其他,違規(臨時)停車,否,120.547449,23.666638
20230803,20230803,2023,8,195700,A1,彰化縣警察局,彰化縣和美鎮塗厝里彰新路五段口 / 彰化縣和美鎮塗厝里和厝路二段口,陰,有照明且開啟,村里道路,50,單路部分,直路,路段,一般車道(未劃分快慢車道),柏油,乾燥,無缺陷,無障礙物,無遮蔽物,良好,行車管制號誌,正常,雙向禁止超車線,無標記,禁止變換車道線(無標記),快慢車道分隔線,有,人與車,穿越道路中,非駕駛者,未依標誌或標線穿越道路,死亡1;受傷1,1,人,行人,女,54,其他(無需使用保護裝備之人),非駕駛人,人的狀態,步行,其他,非汽、機及自行車,NA,NA,非駕駛者,未依標誌或標線穿越道路,否,120.509624,24.137216
20230803,20230803,2023,8,195700,A1,彰化縣警察局,彰化縣和美鎮塗厝里彰新路五段口 / 彰化縣和美鎮塗厝里和厝路二段口,陰,有照明且開啟,村里道路,50,單路部分,直路,路段,一般車道(未劃分快慢車道),柏油,乾燥,無缺陷,無障礙物,無遮蔽物,良好,行車管制號誌,正常,雙向禁止超車線,無標記,禁止變換車道線(無標記),快慢車道分隔線,有,人與車,穿越道路中,非駕駛者,未依標誌或標線穿越道路,死亡1;受傷1,2,機車,普通重型,男,44,戴非半罩式安全帽,未使用,車的狀態,向前直行中,機車與自行車,前車頭,NA,NA,無(車輛駕駛者因素),尚未發現肇事因素,否,120.509624,24.137216
20230804,20230804,2023,8,113200,A1,彰化縣警察局,彰化縣福興鄉廈粘村沿海路3段口 / 彰化縣福興鄉廈粘村管厝街口,晴,有照明未開啟或故障,村里道路,30,交岔路,四岔路,其他,行人穿越道,柏油,乾燥,無缺陷,無障礙物,無遮蔽物,良好,行車管制號誌,正常,中央分向島,寬式(50公分以上),車道線(無標記),未繪設快慢車道分隔線,有,人與車,同向通行中,駕駛者,車輛未依規定暫停讓行人先行,死亡1;受傷0,1,小貨車(含客、貨兩用),自用,男,44,不明,不明,車的狀態,左轉彎,汽車,左前車頭(身),汽車,左前車頭(身),駕駛者,車輛未依規定暫停讓行人先行,否,120.413509,24.02941
20230804,20230804,2023,8,113200,A1,彰化縣警察局,彰化縣福興鄉廈粘村沿海路3段口 / 彰化縣福興鄉廈粘村管厝街口,晴,有照明未開啟或故障,村里道路,30,交岔路,四岔路,其他,行人穿越道,柏油,乾燥,無缺陷,無障礙物,無遮蔽物,良好,行車管制號誌,正常,中央分向島,寬式(50公分以上),車道線(無標記),未繪設快慢車道分隔線,有,人與車,同向通行中,駕駛者,車輛未依規定暫停讓行人先行,死亡1;受傷0,2,人,行人,女,65,其他(無需使用保護裝備之人),非駕駛人,人的狀態,步行,其他,非汽、機及自行車,其他,非汽、機及自行車,無(非車輛駕駛人因素),尚未發現肇事因素,否,120.413509,24.02941
20230805,20230805,2023,8,085900,A1,臺東縣警察局,臺東縣臺東市台11線 158公里600.0公尺處東側向內側,雨,無照明,市區道路,70,單路部分,直路,路段,快車道,柏油,濕潤,無缺陷,無障礙物,無遮蔽物,良好,無號誌,無號誌,雙向禁止超車線,附標記,車道線(無標記),快慢車道分隔線,有,車與車,其他,駕駛者,違反其他標誌(線)禁制,死亡1;受傷2,1,小客車(含客、貨兩用),自用,男,30,不明,未使用,車的狀態,向前直行中,汽車,右側車身,其他,無撞擊,駕駛者,違反其他標誌(線)禁制,否,121.180574,22.784648
20230805,20230805,2023,8,085900,A1,臺東縣警察局,臺東縣臺東市台11線 158公里600.0公尺處東側向內側,雨,無照明,市區道路,70,單路部分,直路,路段,快車道,柏油,濕潤,無缺陷,無障礙物,無遮蔽物,良好,無號誌,無號誌,雙向禁止超車線,附標記,車道線(無標記),快慢車道分隔線,有,車與車,其他,駕駛者,違反其他標誌(線)禁制,死亡1;受傷2,2,小貨車(含客、貨兩用),自用,男,48,繫安全帶(使用幼童安全椅),未使用,車的狀態,向前直行中,汽車,前車頭,其他,無撞擊,無(車輛駕駛者因素),尚未發現肇事因素,否,121.180574,22.784648
20230805,20230805,2023,8,085900,A1,臺東縣警察局,臺東縣臺東市台11線 158公里600.0公尺處東側向內側,雨,無照明,市區道路,70,單路部分,直路,路段,快車道,柏油,濕潤,無缺陷,無障礙物,無遮蔽物,良好,無號誌,無號誌,雙向禁止超車線,附標記,車道線(無標記),快慢車道分隔線,有,車與車,其他,駕駛者,違反其他標誌(線)禁制,死亡1;受傷2,3,人,乘客,女,47,繫安全帶(使用幼童安全椅),非駕駛人,人的狀態,其他,其他,非汽、機及自行車,其他,無撞擊,無(非車輛駕駛人因素),尚未發現肇事因素,否,121.180574,22.784648
20230805,20230805,2023,8,085900,A1,臺東縣警察局,臺東縣臺東市台11線 158公里600.0公尺處東側向內側,雨,無照明,市區道路,70,單路部分,直路,路段,快車道,柏油,濕潤,無缺陷,無障礙物,無遮蔽物,良好,無號誌,無號誌,雙向禁止超車線,附標記,車道線(無標記),快慢車道分隔線,有,車與車,其他,駕駛者,違反其他標誌(線)禁制,死亡1;受傷2,4,人,乘客,男,14,繫安全帶(使用幼童安全椅),非駕駛人,人的狀態,其他,其他,非汽、機及自行車,其他,無撞擊,無(非車輛駕駛人因素),尚未發現肇事因素,否,121.180574,22.784648
20230805,20230805,2023,8,121500,A1,臺東縣警察局,臺東縣海端鄉台20線 198公里200.0公尺處,陰,無照明,省道,30,單路部分,彎曲路及附近,路段,一般車道(未劃分快慢車道),柏油,乾燥,無缺陷,無障礙物,無遮蔽物,良好,無號誌,無號誌,無,無分向設施,未繪設車道線,未繪設快慢車道分隔線,有,車輛本身,其他,裝載,其他裝載不當,死亡1;受傷0,1,小貨車(含客、貨兩用),自用,男,62,不明,未使用,車的狀態,向前直行中,其他,無撞擊,NA,NA,裝載,其他裝載不當,否,121.159902,23.126849
20230805,20230805,2023,8,121500,A1,臺東縣警察局,臺東縣海端鄉台20線 198公里200.0公尺處,陰,無照明,省道,30,單路部分,彎曲路及附近,路段,一般車道(未劃分快慢車道),柏油,乾燥,無缺陷,無障礙物,無遮蔽物,良好,無號誌,無號誌,無,無分向設施,未繪設車道線,未繪設快慢車道分隔線,有,車輛本身,其他,裝載,其他裝載不當,死亡1;受傷0,2,NA,NA,無或物(動物、堆置物),-1,NA,NA,NA,NA,NA,NA,NA,NA,無(非車輛駕駛人因素),尚未發現肇事因素,否,121.159902,23.126849
20230805,20230805,2023,8,121500,A1,臺東縣警察局,臺東縣海端鄉台20線 198公里200.0公尺處,陰,無照明,省道,30,單路部分,彎曲路及附近,路段,一般車道(未劃分快慢車道),柏油,乾燥,無缺陷,無障礙物,無遮蔽物,良好,無號誌,無號誌,無,無分向設施,未繪設車道線,未繪設快慢車道分隔線,有,車輛本身,其他,裝載,其他裝載不當,死亡1;受傷0,3,人,乘客,男,43,未戴安全帽或未繫安全帶(未使用幼童安全椅),非駕駛人,人的狀態,其他,其他,非汽、機及自行車,NA,NA,非駕駛者,乘坐不當(慎),否,121.159902,23.126849
20230805,20230805,2023,8,215200,A1,南投縣政府警察局,南投縣名間鄉出林虎路二段與竹圍巷口,晴,有照明且開啟,市區道路,50,交岔路,四岔路,交叉路口,交叉路口內,柏油,乾燥,無缺陷,無障礙物,無遮蔽物,良好,閃光號誌,無動作,無,無分向設施,未繪設車道線,未繪設快慢車道分隔線,無,車與車,路口交岔撞,駕駛者,無號誌路口，左方車未讓右方車先行,死亡1;受傷2,1,小貨車(含客、貨兩用),自用,男,36,不明,不明,車的狀態,向前直行中,汽車,前車頭,NA,NA,駕駛者,無號誌路口，左方車未讓右方車先行,否,120.631474,23.857336
20230805,20230805,2023,8,215200,A1,南投縣政府警察局,南投縣名間鄉出林虎路二段與竹圍巷口,晴,有照明且開啟,市區道路,50,交岔路,四岔路,交叉路口,交叉路口內,柏油,乾燥,無缺陷,無障礙物,無遮蔽物,良好,閃光號誌,無動作,無,無分向設施,未繪設車道線,未繪設快慢車道分隔線,無,車與車,路口交岔撞,駕駛者,無號誌路口，左方車未讓右方車先行,死亡1;受傷2,2,小客車(含客、貨兩用),自用,男,70,不明,不明,車的狀態,向前直行中,汽車,左側車身,NA,NA,駕駛者,未依規定減速,否,120.631474,23.857336
20230805,20230805,2023,8,215200,A1,南投縣政府警察局,南投縣名間鄉出林虎路二段與竹圍巷口,晴,有照明且開啟,市區道路,50,交岔路,四岔路,交叉路口,交叉路口內,柏油,乾燥,無缺陷,無障礙物,無遮蔽物,良好,閃光號誌,無動作,無,無分向設施,未繪設車道線,未繪設快慢車道分隔線,無,車與車,路口交岔撞,駕駛者,無號誌路口，左方車未讓右方車先行,死亡1;受傷2,3,人,乘客,男,62,不明,非駕駛人,人的狀態,其他,其他,非汽、機及自行車,NA,NA,無(非車輛駕駛人因素),尚未發現肇事因素,否,120.631474,23.857336
20230806,20230806,2023,8,000800,A1,臺南市政府警察局,臺南市山上區玉峯里蚵壳潭39號旁市區道路,雨,無照明,市區道路,30,單路部分,彎曲路及附近,路段,一般車道(未劃分快慢車道),柏油,濕潤,無缺陷,無障礙物,無遮蔽物,良好,無號誌,無號誌,無,無分向設施,未繪設車道線,未繪設快慢車道分隔線,有,車輛本身,路上翻車、摔倒,其他,其他不當駕車行為,死亡1;受傷0,1,機車,普通重型,男,63,戴半罩式安全帽,未使用,車的狀態,向前直行中,機車與自行車,前車頭,機車與自行車,右側車身,其他,其他不當駕車行為,否,120.390044,23.099436
20230806,20230806,2023,8,000800,A1,臺南市政府警察局,臺南市山上區玉峯里蚵壳潭39號旁市區道路,雨,無照明,市區道路,30,單路部分,彎曲路及附近,路段,一般車道(未劃分快慢車道),柏油,濕潤,無缺陷,無障礙物,無遮蔽物,良好,無號誌,無號誌,無,無分向設施,未繪設車道線,未繪設快慢車道分隔線,有,車輛本身,路上翻車、摔倒,其他,其他不當駕車行為,死亡1;受傷0,2,NA,NA,無或物(動物、堆置物),-1,NA,NA,NA,NA,NA,NA,NA,NA,無(非車輛駕駛人因素),尚未發現肇事因素,否,120.390044,23.099436
20230806,20230806,2023,8,004000,A1,新北市政府警察局,新北市萬里區台2線前0.0公尺,陰,有照明且開啟,省道,50,單路部分,彎曲路及附近,路段,一般車道(未劃分快慢車道),柏油,乾燥,無缺陷,無障礙物,有遮蔽物,路上停放車輛,無號誌,無號誌,中央分向島,寬式(50公分以上),車道線(無標記),未繪設快慢車道分隔線,有,車輛本身,撞護欄(樁),其他,車輛或機械操作不當(慎),死亡1;受傷0,1,機車,大型重型1(550C.C.以上),男,55,戴非半罩式安全帽,不明,車的狀態,向前直行中,機車與自行車,左側車身,NA,NA,其他,車輛或機械操作不當(慎),否,121.691234,25.203859
20230806,20230806,2023,8,004000,A1,新北市政府警察局,新北市萬里區台2線前0.0公尺,陰,有照明且開啟,省道,50,單路部分,彎曲路及附近,路段,一般車道(未劃分快慢車道),柏油,乾燥,無缺陷,無障礙物,有遮蔽物,路上停放車輛,無號誌,無號誌,中央分向島,寬式(50公分以上),車道線(無標記),未繪設快慢車道分隔線,有,車輛本身,撞護欄(樁),其他,車輛或機械操作不當(慎),死亡1;受傷0,2,NA,NA,無或物(動物、堆置物),0,NA,NA,NA,NA,NA,NA,NA,NA,無(非車輛駕駛人因素),尚未發現肇事因素,否,121.691234,25.203859
20230806,20230806,2023,8,215200,A1,臺北市政府警察局,臺北市大安區仁愛路3段 / 臺北市大安區復興南路1段,晴,有照明且開啟,市區道路,50,交岔路,四岔路,交叉路口,交叉路口內,柏油,乾燥,無缺陷,無障礙物,無遮蔽物,良好,行車管制號誌(附設行人專用號誌),正常,中央分向島,寬式(50公分以上),車道線(無標記),未繪設快慢車道分隔線,無,車與車,側撞,駕駛者,闖紅燈左轉(或迴轉),死亡1;受傷1,1,小客車(含客、貨兩用),自用,女,66,繫安全帶(使用幼童安全椅),未使用,車的狀態,左轉彎,汽車,右側車身,NA,NA,駕駛者,闖紅燈左轉(或迴轉),否,121.543626,25.037921
20230806,20230806,2023,8,215200,A1,臺北市政府警察局,臺北市大安區仁愛路3段 / 臺北市大安區復興南路1段,晴,有照明且開啟,市區道路,50,交岔路,四岔路,交叉路口,交叉路口內,柏油,乾燥,無缺陷,無障礙物,無遮蔽物,良好,行車管制號誌(附設行人專用號誌),正常,中央分向島,寬式(50公分以上),車道線(無標記),未繪設快慢車道分隔線,無,車與車,側撞,駕駛者,闖紅燈左轉(或迴轉),死亡1;受傷1,2,機車,普通重型,男,20,戴非半罩式安全帽,未使用,車的狀態,向前直行中,其他,不明,NA,NA,駕駛者,超速駕駛,否,121.543626,25.037921
20230806,20230806,2023,8,224000,A1,高雄市政府警察局,高雄市鳳山區五甲二路 / 高雄市鳳山區五甲二路,晴,有照明且開啟,市區道路,50,交岔路,多岔路,交叉路口,交叉口附近,柏油,乾燥,無缺陷,無障礙物,無遮蔽物,良好,行車管制號誌,正常,雙向禁止超車線,無標記,車道線(無標記),快慢車道分隔線,無,人與車,穿越道路中,非駕駛者,未依標誌或標線穿越道路,死亡1;受傷0,1,人,行人,女,54,其他(無需使用保護裝備之人),非駕駛人,人的狀態,步行,其他,非汽、機及自行車,NA,NA,非駕駛者,未依標誌或標線穿越道路,否,120.3293,22.59355
20230806,20230806,2023,8,224000,A1,高雄市政府警察局,高雄市鳳山區五甲二路 / 高雄市鳳山區五甲二路,晴,有照明且開啟,市區道路,50,交岔路,多岔路,交叉路口,交叉口附近,柏油,乾燥,無缺陷,無障礙物,無遮蔽物,良好,行車管制號誌,正常,雙向禁止超車線,無標記,車道線(無標記),快慢車道分隔線,無,人與車,穿越道路中,非駕駛者,未依標誌或標線穿越道路,死亡1;受傷0,2,小客車(含客、貨兩用),自用,男,25,繫安全帶(使用幼童安全椅),未使用,車的狀態,向前直行中,汽車,前車頭,NA,NA,駕駛者,恍神、緊張、心不在焉分心駕駛,否,120.3293,22.59355
20230806,20230806,2023,8,224000,A1,高雄市政府警察局,高雄市鳳山區五甲二路 / 高雄市鳳山區五甲二路,晴,有照明且開啟,市區道路,50,交岔路,多岔路,交叉路口,交叉口附近,柏油,乾燥,無缺陷,無障礙物,無遮蔽物,良好,行車管制號誌,正常,雙向禁止超車線,無標記,車道線(無標記),快慢車道分隔線,無,人與車,穿越道路中,非駕駛者,未依標誌或標線穿越道路,死亡1;受傷0,3,小客車(含客、貨兩用),自用,男,22,繫安全帶(使用幼童安全椅),未使用,車的狀態,向前直行中,汽車,前車頭,NA,NA,無(車輛駕駛者因素),尚未發現肇事因素,否,120.3293,22.59355