accident_date,發生日期,發生年度,發生月份,發生時間,事故類別名稱,處理單位名稱警局層,發生地點,天候名稱,光線名稱,道路類別-第1當事者-名稱,速限-第1當事者,道路型態大類別名稱,道路型態子類別名稱,事故位置大類別名稱,事故位置子類別名稱,路面狀況-路面鋪裝名稱,路面狀況-路面狀態名稱,路面狀況-路面缺陷名稱,道路障礙-障礙物名稱,道路障礙-視距品質名稱,道路障礙-視距名稱,號誌-號誌種類名稱,號誌-號誌動作名稱,車道劃分設施-分向設施大類別名稱,車道劃分設施-分向設施子類別名稱,車道劃分設施-分道設施-快車道或一般車道間名稱,車道劃分設施-分道設施-快慢車道間名稱,車道劃分設施-分道設施-路面邊線名稱,事故類型及型態大類別名稱,事故類型及型態子類別名稱,肇因研判大類別名稱-主要,肇因研判子類別名稱-主要,死亡受傷人數,當事者順位,當事者區分-類別-大類別名稱-車種,當事者區分-類別-子類別名稱-車種,當事者屬-性-別名稱,當事者事故發生時年齡,保護裝備名稱,行動電話或電腦或其他相類功能裝置名稱,當事者行動狀態大類別名稱,當事者行動狀態子類別名稱,車輛撞擊部位大類別名稱-最初,車輛撞擊部位子類別名稱-最初,車輛撞擊部位大類別名稱-其他,車輛撞擊部位子類別名稱-其他,肇因研判大類別名稱-個別,肇因研判子類別名稱-個別,肇事逃逸類別名稱-是否肇逃,經度,緯度
20230807,20230807,2023,8,004455,A1,彰化縣警察局,彰化縣溪州鄉溪州村中山路3段前0.0公尺,晴,有照明且開啟,村里道路,70,單路部分,直路,路段,路肩、路緣,柏油,乾燥,無缺陷,無障礙物,無遮蔽物,良好,無號誌,無號誌,中央分向島,寬式(50公分以上),車道線(無標記),未繪設快慢車道分隔線,有,車輛本身,撞電桿,駕駛者,打瞌睡或疲勞駕駛(包括連續駕車8小時),死亡1;受傷0,1,機車,普通重型,男,20,戴非半罩式安全帽,未使用,車的狀態,向前直行中,機車與自行車,前車頭,NA,NA,駕駛者,打瞌睡或疲勞駕駛(包括連續駕車8小時),否,120.490442,23.852865
20230807,20230807,2023,8,004455,A1,彰化縣警察局,彰化縣溪州鄉溪州村中山路3段前0.0公尺,晴,有照明且開啟,村里道路,70,單路部分,直路,路段,路肩、路緣,柏油,乾燥,無缺陷,無障礙物,無遮蔽物,良好,無號誌,無號誌,中央分向島,寬式(50公分以上),車道線(無標記),未繪設快慢車道分隔線,有,車輛本身,撞電桿,駕駛者,打瞌睡或疲勞駕駛(包括連續駕車8小時),死亡1;受傷0,2,NA,NA,無或物(動物、堆置物),-1,NA,NA,NA,NA,NA,NA,NA,NA,無(非車輛駕駛人因素),尚未發現肇事因素,否,120.490442,23.852865
20230807,20230807,2023,8,071100,A1,臺南市政府警察局,臺南市關廟區南雄南路838號斜對面,陰,有照明未開啟或故障,市區道路,40,單路部分,直路,其他,其他,柏油,濕潤,無缺陷,無障礙物,無遮蔽物,良好,無號誌,無號誌,雙向禁止超車線,無標記,未繪設車道線,未繪設快慢車道分隔線,有,車輛本身,衝出路外,駕駛者,患病或服用藥物(疲勞)駕駛,死亡1;受傷0,1,機車,普通重型,男,85,戴半罩式安全帽,未使用,車的狀態,向前直行中,機車與自行車,左側車身,NA,NA,駕駛者,患病或服用藥物(疲勞)駕駛,否,120.34556,22.898857
20230807,20230807,2023,8,071100,A1,臺南市政府警察局,臺南市關廟區南雄南路838號斜對面,陰,有照明未開啟或故障,市區道路,40,單路部分,直路,其他,其他,柏油,濕潤,無缺陷,無障礙物,無遮蔽物,良好,無號誌,無號誌,雙向禁止超車線,無標記,未繪設車道線,未繪設快慢車道分隔線,有,車輛本身,衝出路外,駕駛者,患病或服用藥物(疲勞)駕駛,死亡1;受傷0,2,NA,NA,無或物(動物、堆置物),-1,NA,NA,NA,NA,NA,NA,NA,NA,無(非車輛駕駛人因素),尚未發現肇事因素,否,120.34556,22.898857
20230807,20230807,2023,8,075700,A1,新北市政府警察局,新北市瑞芳區臺2丁線道路 / 新北市瑞芳區瑞濱路,晴,有照明未開啟或故障,市區道路,50,交岔路,三岔路,交叉路口,交叉口附近,柏油,乾燥,無缺陷,無障礙物,無遮蔽物,良好,無號誌,無號誌,雙向禁止超車線,附標記,未繪設車道線,未繪設快慢車道分隔線,有,車與車,側撞,駕駛者,違反其他標誌(線)禁制,死亡1;受傷1,1,小客車(含客、貨兩用),自用,男,43,繫安全帶(使用幼童安全椅),未使用,車的狀態,左轉彎,汽車,右側車身,NA,NA,駕駛者,違反其他標誌(線)禁制,否,121.820011,25.118204
20230807,20230807,2023,8,075700,A1,新北市政府警察局,新北市瑞芳區臺2丁線道路 / 新北市瑞芳區瑞濱路,晴,有照明未開啟或故障,市區道路,50,交岔路,三岔路,交叉路口,交叉口附近,柏油,乾燥,無缺陷,無障礙物,無遮蔽物,良好,無號誌,無號誌,雙向禁止超車線,附標記,未繪設車道線,未繪設快慢車道分隔線,有,車與車,側撞,駕駛者,違反其他標誌(線)禁制,死亡1;受傷1,2,機車,普通重型,男,34,戴半罩式安全帽,未使用,車的狀態,向前直行中,機車與自行車,前車頭,NA,NA,駕駛者,未依規定減速,否,121.820011,25.118204
20230807,20230807,2023,8,075700,A1,新北市政府警察局,新北市瑞芳區臺2丁線道路 / 新北市瑞芳區瑞濱路,晴,有照明未開啟或故障,市區道路,50,交岔路,三岔路,交叉路口,交叉口附近,柏油,乾燥,無缺陷,無障礙物,無遮蔽物,良好,無號誌,無號誌,雙向禁止超車線,附標記,未繪設車道線,未繪設快慢車道分隔線,有,車與車,側撞,駕駛者,違反其他標誌(線)禁制,死亡1;受傷1,3,人,乘客,女,36,戴非半罩式安全帽,非駕駛人,人的狀態,其他,其他,非汽、機及自行車,NA,NA,無(非車輛駕駛人因素),尚未發現肇事因素,否,121.820011,25.118204
20230807,20230807,2023,8,080700,A1,苗栗縣警察局,苗栗縣獅潭鄉台3線115.8公里處南下車道,晴,無照明,省道,60,單路部分,彎曲路及附近,路段,一般車道(未劃分快慢車道),柏油,乾燥,無缺陷,無障礙物,無遮蔽物,良好,無號誌,無號誌,雙向禁止超車線,附標記,車道線(無標記),未繪設快慢車道分隔線,有,車輛本身,衝出路外,駕駛者,超速駕駛,死亡1;受傷0,1,機車,大型重型1(550C.C.以上),男,23,戴半罩式安全帽,未使用,車的狀態,左轉彎,機車與自行車,左側車身,機車與自行車,左側車身,駕駛者,超速駕駛,否,120.912801,24.526875
20230807,20230807,2023,8,080700,A1,苗栗縣警察局,苗栗縣獅潭鄉台3線115.8公里處南下車道,晴,無照明,省道,60,單路部分,彎曲路及附近,路段,一般車道(未劃分快慢車道),柏油,乾燥,無缺陷,無障礙物,無遮蔽物,良好,無號誌,無號誌,雙向禁止超車線,附標記,車道線(無標記),未繪設快慢車道分隔線,有,車輛本身,衝出路外,駕駛者,超速駕駛,死亡1;受傷0,2,NA,NA,無或物(動物、堆置物),-1,NA,NA,NA,NA,NA,NA,NA,NA,無(非車輛駕駛人因素),尚未發現肇事因素,否,120.912801,24.526875
20230807,20230807,2023,8,150700,A1,臺南市政府警察局,臺南市白河區河東里糞箕湖99之6號前0.0公尺,晴,無照明,縣道,40,單路部分,直路,路段,慢車道,柏油,乾燥,無缺陷,無障礙物,無遮蔽物,良好,無號誌,無號誌,中央分向島,寬式(50公分以上),車道線(無標記),快慢車道分隔線,有,車與車,倒車撞,駕駛者,倒車未依規定,死亡1;受傷1,1,大貨車,自用,男,49,繫安全帶(使用幼童安全椅),未使用,車的狀態,倒車,汽車,後車尾,NA,NA,駕駛者,倒車未依規定,否,120.433734,23.345921
20230807,20230807,2023,8,150700,A1,臺南市政府警察局,臺南市白河區河東里糞箕湖99之6號前0.0公尺,晴,無照明,縣道,40,單路部分,直路,路段,慢車道,柏油,乾燥,無缺陷,無障礙物,無遮蔽物,良好,無號誌,無號誌,中央分向島,寬式(50公分以上),車道線(無標記),快慢車道分隔線,有,車與車,倒車撞,駕駛者,倒車未依規定,死亡1;受傷1,2,機車,普通重型,男,42,戴半罩式安全帽,未使用,車的狀態,等待(引擎未熄火),機車與自行車,前車頭,NA,NA,無(車輛駕駛者因素),尚未發現肇事因素,否,120.433734,23.345921
20230807,20230807,2023,8,150700,A1,臺南市政府警察局,臺南市白河區河東里糞箕湖99之6號前0.0公尺,晴,無照明,縣道,40,單路部分,直路,路段,慢車道,柏油,乾燥,無缺陷,無障礙物,無遮蔽物,良好,無號誌,無號誌,中央分向島,寬式(50公分以上),車道線(無標記),快慢車道分隔線,有,車與車,倒車撞,駕駛者,倒車未依規定,死亡1;受傷1,3,人,乘客,女,68,戴半罩式安全帽,非駕駛人,人的狀態,其他,其他,非汽、機及自行車,NA,NA,無(非車輛駕駛人因素),尚未發現肇事因素,否,120.433734,23.345921
20230807,20230807,2023,8,160302,A1,嘉義縣警察局,嘉義縣義竹鄉埤前村嘉27線0.6公里,晴,有照明未開啟或故障,鄉道,50,單路部分,直路,路段,路肩、路緣,柏油,乾燥,無缺陷,無障礙物,無遮蔽物,良好,無號誌,無號誌,雙向禁止超車線,無標記,車道線(無標記),未繪設快慢車道分隔線,有,車輛本身,撞電桿,駕駛者,酒醉(後)駕駛,死亡1;受傷0,1,機車,普通重型,男,26,戴半罩式安全帽,未使用,車的狀態,向前直行中,機車與自行車,前車頭,NA,NA,駕駛者,酒醉(後)駕駛,否,120.223363,23.347026
20230807,20230807,2023,8,160302,A1,嘉義縣警察局,嘉義縣義竹鄉埤前村嘉27線0.6公里,晴,有照明未開啟或故障,鄉道,50,單路部分,直路,路段,路肩、路緣,柏油,乾燥,無缺陷,無障礙物,無遮蔽物,良好,無號誌,無號誌,雙向禁止超車線,無標記,車道線(無標記),未繪設快慢車道分隔線,有,車輛本身,撞電桿,駕駛者,酒醉(後)駕駛,死亡1;受傷0,2,NA,NA,無或物(動物、堆置物),-1,NA,NA,NA,NA,NA,NA,NA,NA,無(非車輛駕駛人因素),尚未發現肇事因素,否,120.223363,23.347026
20230807,20230807,2023,8,192236,A1,臺東縣警察局,臺東縣長濱鄉台11線 90公里500.0公尺處,晴,無照明,省道,50,單路部分,彎曲路及附近,路段,慢車道,柏油,乾燥,無缺陷,無障礙物,無遮蔽物,良好,無號誌,無號誌,雙向禁止超車線,附標記,未繪設車道線,快慢車道分隔線,有,人與車,其他,其他,其他不當駕車行為,死亡1;受傷1,1,機車,普通重型,男,22,戴半罩式安全帽,未使用,車的狀態,向前直行中,機車與自行車,前車頭,NA,NA,其他,其他不當駕車行為,否,121.459172,23.32343
20230807,20230807,2023,8,192236,A1,臺東縣警察局,臺東縣長濱鄉台11線 90公里500.0公尺處,晴,無照明,省道,50,單路部分,彎曲路及附近,路段,慢車道,柏油,乾燥,無缺陷,無障礙物,無遮蔽物,良好,無號誌,無號誌,雙向禁止超車線,附標記,未繪設車道線,快慢車道分隔線,有,人與車,其他,其他,其他不當駕車行為,死亡1;受傷1,2,人,行人,女,78,其他(無需使用保護裝備之人),非駕駛人,人的狀態,步行,其他,非汽、機及自行車,NA,NA,非駕駛者,其他引起事故之疏失或行為,否,121.459172,23.32343
20230807,20230807,2023,8,204800,A1,臺南市政府警察局,臺南市學甲區秀昌里中山路口 / 臺南市學甲區秀昌里集合街口,晴,有照明且開啟,市區道路,50,交岔路,三岔路,交叉路口,交叉路口內,柏油,乾燥,無缺陷,無障礙物,無遮蔽物,良好,閃光號誌,正常,無,無分向設施,未繪設車道線,未繪設快慢車道分隔線,無,車與車,追撞,其他,其他不當駕車行為,死亡1;受傷1,1,機車,普通重型,男,46,未戴安全帽或未繫安全帶(未使用幼童安全椅),未使用,車的狀態,向前直行中,機車與自行車,前車頭,NA,NA,其他,其他不當駕車行為,否,120.167779,23.240449
20230807,20230807,2023,8,204800,A1,臺南市政府警察局,臺南市學甲區秀昌里中山路口 / 臺南市學甲區秀昌里集合街口,晴,有照明且開啟,市區道路,50,交岔路,三岔路,交叉路口,交叉路口內,柏油,乾燥,無缺陷,無障礙物,無遮蔽物,良好,閃光號誌,正常,無,無分向設施,未繪設車道線,未繪設快慢車道分隔線,無,車與車,追撞,其他,其他不當駕車行為,死亡1;受傷1,2,慢車,微型電動二輪車,男,73,未戴安全帽或未繫安全帶(未使用幼童安全椅),未使用,車的狀態,向前直行中,機車與自行車,後車尾,NA,NA,無(車輛駕駛者因素),尚未發現肇事因素,否,120.167779,23.240449
20230808,20230808,2023,8,010100,A1,臺中市政府警察局,臺中市大雅區二和里神林南路 / 臺中市大雅區二和里神林南路,晴,有照明且開啟,市區道路,30,交岔路,三岔路,交叉路口,交叉路口內,柏油,乾燥,無缺陷,無障礙物,無遮蔽物,良好,無號誌,無號誌,無,無分向設施,未繪設車道線,未繪設快慢車道分隔線,有,人與車,其他,駕駛者,未依規定減速,死亡1;受傷0,1,小客車(含客、貨兩用),自用,女,69,繫安全帶(使用幼童安全椅),未使用,車的狀態,右轉彎,汽車,右前車頭(身),NA,NA,駕駛者,未依規定減速,是,120.657049,24.223656
20230808,20230808,2023,8,010100,A1,臺中市政府警察局,臺中市大雅區二和里神林南路 / 臺中市大雅區二和里神林南路,晴,有照明且開啟,市區道路,30,交岔路,三岔路,交叉路口,交叉路口內,柏油,乾燥,無缺陷,無障礙物,無遮蔽物,良好,無號誌,無號誌,無,無分向設施,未繪設車道線,未繪設快慢車道分隔線,有,人與車,其他,駕駛者,未依規定減速,死亡1;受傷0,2,人,行人,男,52,其他(無需使用保護裝備之人),非駕駛人,人的狀態,其他,其他,非汽、機及自行車,NA,NA,非駕駛者,其他引起事故之疏失或行為,否,120.657049,24.223656
20230808,20230808,2023,8,065000,A1,嘉義縣警察局,嘉義縣布袋鎮菜舖里鋪新54西分14電力桿旁,雨,無照明,村里道路,30,交岔路,四岔路,交叉路口,交叉路口內,柏油,濕潤,無缺陷,無障礙物,無遮蔽物,良好,無號誌,無號誌,無,無分向設施,未繪設車道線,未繪設快慢車道分隔線,無,車與車,路口交岔撞,駕駛者,無號誌路口，左方車未讓右方車先行,死亡1;受傷0,1,機車,普通重型,女,84,未戴安全帽或未繫安全帶(未使用幼童安全椅),未使用,車的狀態,向前直行中,機車與自行車,右側車身,NA,NA,駕駛者,無號誌路口，左方車未讓右方車先行,否,120.214146,23.400706
20230808,20230808,2023,8,065000,A1,嘉義縣警察局,嘉義縣布袋鎮菜舖里鋪新54西分14電力桿旁,雨,無照明,村里道路,30,交岔路,四岔路,交叉路口,交叉路口內,柏油,濕潤,無缺陷,無障礙物,無遮蔽物,良好,無號誌,無號誌,無,無分向設施,未繪設車道線,未繪設快慢車道分隔線,無,車與車,路口交岔撞,駕駛者,無號誌路口，左方車未讓右方車先行,死亡1;受傷0,2,小貨車(含客、貨兩用),自用,男,52,繫安全帶(使用幼童安全椅),未使用,車的狀態,向前直行中,汽車,前車頭,NA,NA,駕駛者,未依規定減速,否,120.214146,23.400706
20230808,20230808,2023,8,081548,A1,南投縣政府警察局,南投縣水里鄉台16線 19公里500.0公尺處東側,晴,有照明未開啟或故障,省道,40,單路部分,彎曲路及附近,路段,一般車道(未劃分快慢車道),柏油,乾燥,無缺陷,無障礙物,無遮蔽物,良好,無號誌,無號誌,雙向禁止超車線,無標記,車道線(無標記),未繪設快慢車道分隔線,有,車與車,對撞,駕駛者,違反其他標誌(線)禁制,死亡1;受傷1,1,半聯結車,營業用,男,52,不明,不明,車的狀態,向前直行中,汽車,前車頭,汽車,前車頭,駕駛者,違反其他標誌(線)禁制,否,120.87327,23.790338
20230808,20230808,2023,8,081548,A1,南投縣政府警察局,南投縣水里鄉台16線 19公里500.0公尺處東側,晴,有照明未開啟或故障,省道,40,單路部分,彎曲路及附近,路段,一般車道(未劃分快慢車道),柏油,乾燥,無缺陷,無障礙物,無遮蔽物,良好,無號誌,無號誌,雙向禁止超車線,無標記,車道線(無標記),未繪設快慢車道分隔線,有,車與車,對撞,駕駛者,違反其他標誌(線)禁制,死亡1;受傷1,2,半聯結車,營業用,男,39,繫安全帶(使用幼童安全椅),未使用,車的狀態,向前直行中,汽車,前車頭,汽車,前車頭,無(車輛駕駛者因素),尚未發現肇事因素,否,120.87327,23.790338
20230808,20230808,2023,8,104810,A1,臺南市政府警察局,臺南市將軍區忠嘉里北幹二路與東幹二路口二路與東幹二路口,晴,無照明,村里道路,30,交岔路,四岔路,交叉路口,交叉路口內,柏油,乾燥,無缺陷,無障礙物,無遮蔽物,良好,無號誌,無號誌,無,無分向設施,未繪設車道線,未繪設快慢車道分隔線,無,車與車,路口交岔撞,駕駛者,無號誌路口，支線道未讓幹線道先行,死亡1;受傷1,1,小客車(含客、貨兩用),自用,女,47,繫安全帶(使用幼童安全椅),未使用,車的狀態,向前直行中,汽車,前車頭,NA,NA,駕駛者,無號誌路口，支線道未讓幹線道先行,否,120.170236,23.211901
20230808,20230808,2023,8,104810,A1,臺南市政府警察局,臺南市將軍區忠嘉里北幹二路與東幹二路口二路與東幹二路口,晴,無照明,村里道路,30,交岔路,四岔路,交叉路口,交叉路口內,柏油,乾燥,無缺陷,無障礙物,無遮蔽物,良好,無號誌,無號誌,無,無分向設施,未繪設車道線,未繪設快慢車道分隔線,無,車與車,路口交岔撞,駕駛者,無號誌路口，支線道未讓幹線道先行,死亡1;受傷1,2,小客車(含客、貨兩用),自用,女,26,繫安全帶(使用幼童安全椅),未使用,車的狀態,向前直行中,汽車,左側車身,NA,NA,駕駛者,未依規定減速,否,120.170236,23.211901
20230808,20230808,2023,8,104810,A1,臺南市政府警察局,臺南市將軍區忠嘉里北幹二路與東幹二路口二路與東幹二路口,晴,無照明,村里道路,30,交岔路,四岔路,交叉路口,交叉路口內,柏油,乾燥,無缺陷,無障礙物,無遮蔽物,良好,無號誌,無號誌,無,無分向設施,未繪設車道線,未繪設快慢車道分隔線,無,車與車,路口交岔撞,駕駛者,無號誌路口，支線道未讓幹線道先行,死亡1;受傷1,3,機車,普通重型,男,72,不明,不明,車的狀態,向前直行中,其他,不明,NA,NA,無(車輛駕駛者因素),尚未發現肇事因素,否,120.170236,23.211901
20230808,20230808,2023,8,115927,A1,苗栗縣警察局,苗栗縣後龍鎮台一線後龍溪橋上(北往南)外車道,晴,有照明未開啟或故障,省道,60,單路部分,彎曲路及附近,路段,快車道,柏油,乾燥,無缺陷,無障礙物,無遮蔽物,良好,無號誌,無號誌,中央分向島,寬式(50公分以上),車道線(無標記),寬式快慢車道分隔島(50公分以上),有,車與車,同向擦撞,駕駛者,變換車道不當,死亡1;受傷0,1,小客車(含客、貨兩用),自用,女,20,繫安全帶(使用幼童安全椅),未使用,車的狀態,插入行列,汽車,左側車身,NA,NA,駕駛者,變換車道不當,否,120.784135,24.610056
20230808,20230808,2023,8,115927,A1,苗栗縣警察局,苗栗縣後龍鎮台一線後龍溪橋上(北往南)外車道,晴,有照明未開啟或故障,省道,60,單路部分,彎曲路及附近,路段,快車道,柏油,乾燥,無缺陷,無障礙物,無遮蔽物,良好,無號誌,無號誌,中央分向島,寬式(50公分以上),車道線(無標記),寬式快慢車道分隔島(50公分以上),有,車與車,同向擦撞,駕駛者,變換車道不當,死亡1;受傷0,2,機車,普通重型,男,61,戴非半罩式安全帽,未使用,車的狀態,向前直行中,機車與自行車,右側車身,NA,NA,駕駛者,恍神、緊張、心不在焉分心駕駛,否,120.784135,24.610056
20230808,20230808,2023,8,175023,A1,新竹縣政府警察局,新竹縣芎林鄉石潭村8鄰福昌街148號附近,晴,有照明未開啟或故障,村里道路,50,單路部分,直路,路段,一般車道(未劃分快慢車道),柏油,乾燥,無缺陷,無障礙物,無遮蔽物,良好,無號誌,無號誌,雙向禁止超車線,無標記,未繪設車道線,未繪設快慢車道分隔線,有,車與車,對撞,駕駛者,逆向行駛,死亡1;受傷1,1,機車,普通重型,男,48,戴半罩式安全帽,未使用,車的狀態,向前直行中,機車與自行車,前車頭,NA,NA,駕駛者,逆向行駛,否,121.10209,24.746935
20230808,20230808,2023,8,175023,A1,新竹縣政府警察局,新竹縣芎林鄉石潭村8鄰福昌街148號附近,晴,有照明未開啟或故障,村里道路,50,單路部分,直路,路段,一般車道(未劃分快慢車道),柏油,乾燥,無缺陷,無障礙物,無遮蔽物,良好,無號誌,無號誌,雙向禁止超車線,無標記,未繪設車道線,未繪設快慢車道分隔線,有,車與車,對撞,駕駛者,逆向行駛,死亡1;受傷1,2,機車,普通重型,男,63,戴半罩式安全帽,未使用,車的狀態,向前直行中,機車與自行車,前車頭,NA,NA,無(車輛駕駛者因素),尚未發現肇事因素,否,121.10209,24.746935
20230808,20230808,2023,8,200900,A1,屏東縣政府警察局,屏東縣屏東市機場北路附近 / 屏東縣屏東市勝利路附近,晴,有照明且開啟,市區道路,50,交岔路,四岔路,其他,行人穿越道,柏油,乾燥,無缺陷,無障礙物,無遮蔽物,良好,行車管制號誌,正常,雙向禁止超車線,無標記,未繪設車道線,快慢車道分隔線,有,人與車,對向通行中,駕駛者,車輛未依規定暫停讓行人先行,死亡1;受傷0,1,小客車(含客、貨兩用),自用,男,34,繫安全帶(使用幼童安全椅),未使用,車的狀態,左轉彎,汽車,前車頭,汽車,前車頭,駕駛者,車輛未依規定暫停讓行人先行,否,120.472605,22.678598
20230808,20230808,2023,8,200900,A1,屏東縣政府警察局,屏東縣屏東市機場北路附近 / 屏東縣屏東市勝利路附近,晴,有照明且開啟,市區道路,50,交岔路,四岔路,其他,行人穿越道,柏油,乾燥,無缺陷,無障礙物,無遮蔽物,良好,行車管制號誌,正常,雙向禁止超車線,無標記,未繪設車道線,快慢車道分隔線,有,人與車,對向通行中,駕駛者,車輛未依規定暫停讓行人先行,死亡1;受傷0,2,人,行人,女,74,其他(無需使用保護裝備之人),非駕駛人,人的狀態,步行,其他,非汽、機及自行車,其他,非汽、機及自行車,無(非車輛駕駛人因素),尚未發現肇事因素,否,120.472605,22.678598
20230809,20230809,2023,8,023300,A1,高雄市政府警察局,高雄市左營區左營大路 / 高雄市左營區店仔頂路,陰,有照明且開啟,市區道路,50,交岔路,三岔路,交叉路口,交叉口附近,柏油,濕潤,無缺陷,無障礙物,無遮蔽物,良好,行車管制號誌,正常,雙向禁止超車線,無標記,未繪設車道線,快慢車道分隔線,無,車與車,追撞,駕駛者,酒醉(後)駕駛,死亡1;受傷2,1,小客車(含客、貨兩用),自用,男,25,不明,不明,車的狀態,向前直行中,汽車,右後車尾(身),NA,NA,駕駛者,酒醉(後)駕駛,否,120.2899,22.68559
20230809,20230809,2023,8,023300,A1,高雄市政府警察局,高雄市左營區左營大路 / 高雄市左營區店仔頂路,陰,有照明且開啟,市區道路,50,交岔路,三岔路,交叉路口,交叉口附近,柏油,濕潤,無缺陷,無障礙物,無遮蔽物,良好,行車管制號誌,正常,雙向禁止超車線,無標記,未繪設車道線,快慢車道分隔線,無,車與車,追撞,駕駛者,酒醉(後)駕駛,死亡1;受傷2,2,機車,普通重型,男,55,戴非半罩式安全帽,未使用,車的狀態,等待(引擎未熄火),機車與自行車,後車尾,NA,NA,無(車輛駕駛者因素),尚未發現肇事因素,否,120.2899,22.68559
20230809,20230809,2023,8,023300,A1,高雄市政府警察局,高雄市左營區左營大路 / 高雄市左營區店仔頂路,陰,有照明且開啟,市區道路,50,交岔路,三岔路,交叉路口,交叉口附近,柏油,濕潤,無缺陷,無障礙物,無遮蔽物,良好,行車管制號誌,正常,雙向禁止超車線,無標記,未繪設車道線,快慢車道分隔線,無,車與車,追撞,駕駛者,酒醉(後)駕駛,死亡1;受傷2,3,人,乘客,女,46,戴非半罩式安全帽,非駕駛人,不明,不明,其他,非汽、機及自行車,NA,NA,無(非車輛駕駛人因素),尚未發現肇事因素,否,120.2899,22.68559
20230809,20230809,2023,8,190500,A1,彰化縣警察局,彰化縣大城鄉上山村魚寮路116號前0.0公尺,晴,無照明,其他,50,單路部分,直路,路段,一般車道(未劃分快慢車道),柏油,乾燥,無缺陷,無障礙物,無遮蔽物,良好,無號誌,無號誌,行車分向線,無標記,未繪設車道線,未繪設快慢車道分隔線,有,車與車,追撞,無(車輛駕駛者因素),尚未發現肇事因素,死亡1;受傷0,1,機車,普通重型,女,27,不明,不明,車的狀態,向前直行中,機車與自行車,前車頭,機車與自行車,前車頭,無(車輛駕駛者因素),尚未發現肇事因素,否,120.335505,23.86947
20230809,20230809,2023,8,190500,A1,彰化縣警察局,彰化縣大城鄉上山村魚寮路116號前0.0公尺,晴,無照明,其他,50,單路部分,直路,路段,一般車道(未劃分快慢車道),柏油,乾燥,無缺陷,無障礙物,無遮蔽物,良好,無號誌,無號誌,行車分向線,無標記,未繪設車道線,未繪設快慢車道分隔線,有,車與車,追撞,無(車輛駕駛者因素),尚未發現肇事因素,死亡1;受傷0,2,其他車,農耕用車(或機械),男,21,不明,不明,車的狀態,靜止(引擎熄火),其他,非汽、機及自行車,其他,非汽、機及自行車,其他,車輛拋錨未採安全措施,否,120.335505,23.86947
20230810,20230810,2023,8,005100,A1,基隆市警察局,基隆市中山區中山二路前0.0公尺,晴,有照明且開啟,市區道路,50,單路部分,直路,路段,一般車道(未劃分快慢車道),柏油,乾燥,無缺陷,無障礙物,無遮蔽物,良好,無號誌,無號誌,行車分向線,無標記,車道線(無標記),未繪設快慢車道分隔線,無,車與車,其他,駕駛者,恍神、緊張、心不在焉分心駕駛,死亡1;受傷1,1,機車,普通重型,男,15,戴半罩式安全帽,未使用,車的狀態,向前直行中,機車與自行車,前車頭,NA,NA,駕駛者,恍神、緊張、心不在焉分心駕駛,否,121.738188,25.143139
20230810,20230810,2023,8,005100,A1,基隆市警察局,基隆市中山區中山二路前0.0公尺,晴,有照明且開啟,市區道路,50,單路部分,直路,路段,一般車道(未劃分快慢車道),柏油,乾燥,無缺陷,無障礙物,無遮蔽物,良好,無號誌,無號誌,行車分向線,無標記,車道線(無標記),未繪設快慢車道分隔線,無,車與車,其他,駕駛者,恍神、緊張、心不在焉分心駕駛,死亡1;受傷1,2,機車,普通重型,男,17,戴半罩式安全帽,未使用,車的狀態,向前直行中,其他,無撞擊,NA,NA,駕駛者,未保持行車安全間隔,否,121.738188,25.143139
20230810,20230810,2023,8,005100,A1,基隆市警察局,基隆市中山區中山二路前0.0公尺,晴,有照明且開啟,市區道路,50,單路部分,直路,路段,一般車道(未劃分快慢車道),柏油,乾燥,無缺陷,無障礙物,無遮蔽物,良好,無號誌,無號誌,行車分向線,無標記,車道線(無標記),未繪設快慢車道分隔線,無,車與車,其他,駕駛者,恍神、緊張、心不在焉分心駕駛,死亡1;受傷1,3,小客車(含客、貨兩用),計程車,男,52,不明,不明,車的狀態,靜止(引擎熄火),汽車,左側車身,NA,NA,無(車輛駕駛者因素),尚未發現肇事因素,否,121.738188,25.143139
20230810,20230810,2023,8,005100,A1,基隆市警察局,基隆市中山區中山二路前0.0公尺,晴,有照明且開啟,市區道路,50,單路部分,直路,路段,一般車道(未劃分快慢車道),柏油,乾燥,無缺陷,無障礙物,無遮蔽物,良好,無號誌,無號誌,行車分向線,無標記,車道線(無標記),未繪設快慢車道分隔線,無,車與車,其他,駕駛者,恍神、緊張、心不在焉分心駕駛,死亡1;受傷1,4,NA,NA,無或物(動物、堆置物),0,NA,NA,NA,NA,NA,NA,NA,NA,無(非車輛駕駛人因素),尚未發現肇事因素,否,121.738188,25.143139
20230810,20230810,2023,8,005100,A1,基隆市警察局,基隆市中山區中山二路前0.0公尺,晴,有照明且開啟,市區道路,50,單路部分,直路,路段,一般車道(未劃分快慢車道),柏油,乾燥,無缺陷,無障礙物,無遮蔽物,良好,無號誌,無號誌,行車分向線,無標記,車道線(無標記),未繪設快慢車道分隔線,無,車與車,其他,駕駛者,恍神、緊張、心不在焉分心駕駛,死亡1;受傷1,5,人,乘客,男,17,不明,非駕駛人,人的狀態,其他,其他,非汽、機及自行車,NA,NA,無(非車輛駕駛人因素),尚未發現肇事因素,否,121.738188,25.143139