accident_date,發生日期,發生年度,發生月份,發生時間,事故類別名稱,處理單位名稱警局層,發生地點,天候名稱,光線名稱,道路類別-第1當事者-名稱,速限-第1當事者,道路型態大類別名稱,道路型態子類別名稱,事故位置大類別名稱,事故位置子類別名稱,路面狀況-路面鋪裝名稱,路面狀況-路面狀態名稱,路面狀況-路面缺陷名稱,道路障礙-障礙物名稱,道路障礙-視距品質名稱,道路障礙-視距名稱,號誌-號誌種類名稱,號誌-號誌動作名稱,車道劃分設施-分向設施大類別名稱,車道劃分設施-分向設施子類別名稱,車道劃分設施-分道設施-快車道或一般車道間名稱,車道劃分設施-分道設施-快慢車道間名稱,車道劃分設施-分道設施-路面邊線名稱,事故類型及型態大類別名稱,事故類型及型態子類別名稱,肇因研判大類別名稱-主要,肇因研判子類別名稱-主要,死亡受傷人數,當事者順位,當事者區分-類別-大類別名稱-車種,當事者區分-類別-子類別名稱-車種,當事者屬-性-別名稱,當事者事故發生時年齡,保護裝備名稱,行動電話或電腦或其他相類功能裝置名稱,當事者行動狀態大類別名稱,當事者行動狀態子類別名稱,車輛撞擊部位大類別名稱-最初,車輛撞擊部位子類別名稱-最初,車輛撞擊部位大類別名稱-其他,車輛撞擊部位子類別名稱-其他,肇因研判大類別名稱-個別,肇因研判子類別名稱-個別,肇事逃逸類別名稱-是否肇逃,經度,緯度
20230810,20230810,2023,8,081000,A1,新北市政府警察局,新北市金山區台2甲線前0.0公尺,陰,無照明,省道,50,單路部分,彎曲路及附近,路段,一般車道(未劃分快慢車道),柏油,乾燥,無缺陷,無障礙物,有遮蔽物,路上停放車輛,無號誌,無號誌,雙向禁止超車線,無標記,車道線(無標記),未繪設快慢車道分隔線,有,車與車,側撞,駕駛者,違反其他標誌(線)禁制,死亡1;受傷1,1,小客車(含客、貨兩用),自用,男,60,繫安全帶(使用幼童安全椅),未使用,車的狀態,左轉彎,汽車,右後車尾(身),NA,NA,駕駛者,違反其他標誌(線)禁制,否,121.589569,25.188959
20230810,20230810,2023,8,081000,A1,新北市政府警察局,新北市金山區台2甲線前0.0公尺,陰,無照明,省道,50,單路部分,彎曲路及附近,路段,一般車道(未劃分快慢車道),柏油,乾燥,無缺陷,無障礙物,有遮蔽物,路上停放車輛,無號誌,無號誌,雙向禁止超車線,無標記,車道線(無標記),未繪設快慢車道分隔線,有,車與車,側撞,駕駛者,違反其他標誌(線)禁制,死亡1;受傷1,2,機車,大型重型1(550C.C.以上),男,41,戴非半罩式安全帽,未使用,車的狀態,向前直行中,機車與自行車,前車頭,NA,NA,其他,車輛或機械操作不當(慎),否,121.589569,25.188959
20230810,20230810,2023,8,091200,A1,臺南市政府警察局,臺南市安南區安通路六段(西濱高幹74號左6),雨,有照明未開啟或故障,市區道路,60,單路部分,直路,路段,機車優先道,柏油,濕潤,無缺陷,無障礙物,無遮蔽物,良好,無號誌,無號誌,行車分向線,無標記,未繪設車道線,快慢車道分隔線,有,車與車,側撞,其他,其他不當駕車行為,死亡1;受傷1,1,小客車(含客、貨兩用),自用,男,58,不明,未使用,車的狀態,其他,汽車,右側車身,汽車,前車頭,其他,其他不當駕車行為,否,120.174814,23.024724
20230810,20230810,2023,8,091200,A1,臺南市政府警察局,臺南市安南區安通路六段(西濱高幹74號左6),雨,有照明未開啟或故障,市區道路,60,單路部分,直路,路段,機車優先道,柏油,濕潤,無缺陷,無障礙物,無遮蔽物,良好,無號誌,無號誌,行車分向線,無標記,未繪設車道線,快慢車道分隔線,有,車與車,側撞,其他,其他不當駕車行為,死亡1;受傷1,2,機車,普通重型,女,29,戴半罩式安全帽,未使用,車的狀態,向前直行中,機車與自行車,前車頭,機車與自行車,左側車身,無(車輛駕駛者因素),尚未發現肇事因素,否,120.174814,23.024724
20230810,20230810,2023,8,113947,A1,宜蘭縣政府警察局,宜蘭縣五結鄉協安路口 / 宜蘭縣五結鄉協福路,晴,無照明,鄉道,30,交岔路,四岔路,交叉路口,交叉路口內,柏油,乾燥,無缺陷,無障礙物,無遮蔽物,良好,無號誌,無號誌,行車分向線,無標記,未繪設車道線,未繪設快慢車道分隔線,有,車與車,路口交岔撞,駕駛者,無號誌路口，支線道未讓幹線道先行,死亡1;受傷0,1,機車,普通重型,女,44,戴半罩式安全帽,未使用,車的狀態,向前直行中,機車與自行車,右側車身,NA,NA,駕駛者,無號誌路口，支線道未讓幹線道先行,否,121.804678,24.674505
20230810,20230810,2023,8,113947,A1,宜蘭縣政府警察局,宜蘭縣五結鄉協安路口 / 宜蘭縣五結鄉協福路,晴,無照明,鄉道,30,交岔路,四岔路,交叉路口,交叉路口內,柏油,乾燥,無缺陷,無障礙物,無遮蔽物,良好,無號誌,無號誌,行車分向線,無標記,未繪設車道線,未繪設快慢車道分隔線,有,車與車,路口交岔撞,駕駛者,無號誌路口，支線道未讓幹線道先行,死亡1;受傷0,2,小客車(含客、貨兩用),自用,女,66,繫安全帶(使用幼童安全椅),未使用,車的狀態,向前直行中,汽車,前車頭,NA,NA,駕駛者,未依規定減速,否,121.804678,24.674505
20230810,20230810,2023,8,113947,A1,宜蘭縣政府警察局,宜蘭縣五結鄉協安路口 / 宜蘭縣五結鄉協福路,晴,無照明,鄉道,30,交岔路,四岔路,交叉路口,交叉路口內,柏油,乾燥,無缺陷,無障礙物,無遮蔽物,良好,無號誌,無號誌,行車分向線,無標記,未繪設車道線,未繪設快慢車道分隔線,有,車與車,路口交岔撞,駕駛者,無號誌路口，支線道未讓幹線道先行,死亡1;受傷0,3,小客車(含客、貨兩用),自用,男,42,繫安全帶(使用幼童安全椅),未使用,車的狀態,向前直行中,汽車,前車頭,NA,NA,無(車輛駕駛者因素),尚未發現肇事因素,否,121.804678,24.674505
20230810,20230810,2023,8,123200,A1,桃園市政府警察局,桃園市大園區中正東路349號前0.0公尺,晴,有照明未開啟或故障,市區道路,50,單路部分,直路,路段,快車道,柏油,乾燥,無缺陷,無障礙物,無遮蔽物,良好,無號誌,無號誌,中央分向島,窄式附柵欄,車道線(無標記),未繪設快慢車道分隔線,有,車與車,對撞,駕駛者,酒醉(後)駕駛,死亡1;受傷3,1,小客車(含客、貨兩用),自用,男,44,不明,未使用,車的狀態,向前直行中,汽車,左前車頭(身),NA,NA,駕駛者,酒醉(後)駕駛,否,121.206918,25.060647
20230810,20230810,2023,8,123200,A1,桃園市政府警察局,桃園市大園區中正東路349號前0.0公尺,晴,有照明未開啟或故障,市區道路,50,單路部分,直路,路段,快車道,柏油,乾燥,無缺陷,無障礙物,無遮蔽物,良好,無號誌,無號誌,中央分向島,窄式附柵欄,車道線(無標記),未繪設快慢車道分隔線,有,車與車,對撞,駕駛者,酒醉(後)駕駛,死亡1;受傷3,2,小客車(含客、貨兩用),自用,男,49,繫安全帶(使用幼童安全椅),未使用,車的狀態,向前直行中,汽車,左前車頭(身),NA,NA,無(車輛駕駛者因素),尚未發現肇事因素,否,121.206918,25.060647
20230810,20230810,2023,8,123200,A1,桃園市政府警察局,桃園市大園區中正東路349號前0.0公尺,晴,有照明未開啟或故障,市區道路,50,單路部分,直路,路段,快車道,柏油,乾燥,無缺陷,無障礙物,無遮蔽物,良好,無號誌,無號誌,中央分向島,窄式附柵欄,車道線(無標記),未繪設快慢車道分隔線,有,車與車,對撞,駕駛者,酒醉(後)駕駛,死亡1;受傷3,3,人,乘客,女,13,繫安全帶(使用幼童安全椅),非駕駛人,人的狀態,其他,其他,非汽、機及自行車,NA,NA,無(非車輛駕駛人因素),尚未發現肇事因素,否,121.206918,25.060647
20230810,20230810,2023,8,123200,A1,桃園市政府警察局,桃園市大園區中正東路349號前0.0公尺,晴,有照明未開啟或故障,市區道路,50,單路部分,直路,路段,快車道,柏油,乾燥,無缺陷,無障礙物,無遮蔽物,良好,無號誌,無號誌,中央分向島,窄式附柵欄,車道線(無標記),未繪設快慢車道分隔線,有,車與車,對撞,駕駛者,酒醉(後)駕駛,死亡1;受傷3,4,人,乘客,女,15,繫安全帶(使用幼童安全椅),非駕駛人,人的狀態,其他,其他,非汽、機及自行車,NA,NA,無(非車輛駕駛人因素),尚未發現肇事因素,否,121.206918,25.060647
20230810,20230810,2023,8,171500,A1,雲林縣警察局,雲林縣崙背鄉水尾村154縣道頂街口,晴,有照明未開啟或故障,縣道,50,交岔路,三岔路,交叉路口,交叉路口內,柏油,乾燥,無缺陷,無障礙物,無遮蔽物,良好,閃光號誌,正常,無,無分向設施,未繪設車道線,未繪設快慢車道分隔線,有,車與車,同向擦撞,駕駛者,左轉彎未依規定,死亡1;受傷1,1,機車,普通重型,男,83,不明,未使用,車的狀態,左轉彎,機車與自行車,左側車身,NA,NA,駕駛者,左轉彎未依規定,否,120.353915,23.786181
20230810,20230810,2023,8,171500,A1,雲林縣警察局,雲林縣崙背鄉水尾村154縣道頂街口,晴,有照明未開啟或故障,縣道,50,交岔路,三岔路,交叉路口,交叉路口內,柏油,乾燥,無缺陷,無障礙物,無遮蔽物,良好,閃光號誌,正常,無,無分向設施,未繪設車道線,未繪設快慢車道分隔線,有,車與車,同向擦撞,駕駛者,左轉彎未依規定,死亡1;受傷1,2,機車,普通重型,男,27,戴半罩式安全帽,未使用,車的狀態,向前直行中,機車與自行車,前車頭,NA,NA,駕駛者,未依規定減速,否,120.353915,23.786181
20230811,20230811,2023,8,064742,A1,彰化縣警察局,彰化縣福興鄉麥厝村沿海路1段東側 / 彰化縣福興鄉麥厝村沿海路1段北側,晴,無照明,村里道路,70,交岔路,四岔路,交叉路口,交叉路口內,柏油,乾燥,無缺陷,無障礙物,無遮蔽物,良好,行車管制號誌,正常,中央分向島,窄式無柵欄,未繪設車道線,未繪設快慢車道分隔線,有,車與車,追撞,駕駛者,方向不定(不包括危險駕車),死亡1;受傷0,1,慢車,腳踏自行車,女,78,其他(無需使用保護裝備之人),未使用,車的狀態,迴轉或橫越道路中,機車與自行車,後車尾,NA,NA,駕駛者,方向不定(不包括危險駕車),否,120.428466,24.045535
20230811,20230811,2023,8,064742,A1,彰化縣警察局,彰化縣福興鄉麥厝村沿海路1段東側 / 彰化縣福興鄉麥厝村沿海路1段北側,晴,無照明,村里道路,70,交岔路,四岔路,交叉路口,交叉路口內,柏油,乾燥,無缺陷,無障礙物,無遮蔽物,良好,行車管制號誌,正常,中央分向島,窄式無柵欄,未繪設車道線,未繪設快慢車道分隔線,有,車與車,追撞,駕駛者,方向不定(不包括危險駕車),死亡1;受傷0,2,小客車(含客、貨兩用),自用,男,28,繫安全帶(使用幼童安全椅),未使用,車的狀態,向前直行中,汽車,前車頭,NA,NA,駕駛者,閃避不當(慎),否,120.428466,24.045535
20230811,20230811,2023,8,072800,A1,新北市政府警察局,新北市三重區集賢路53號前0.0公尺,晴,無照明,市區道路,50,單路部分,直路,路段,一般車道(未劃分快慢車道),柏油,乾燥,無缺陷,無障礙物,無遮蔽物,良好,無號誌,無號誌,中央分向島,寬式(50公分以上),未繪設車道線,未繪設快慢車道分隔線,有,車輛本身,撞路樹,其他,車輛或機械操作不當(慎),死亡1;受傷0,1,機車,普通重型,男,34,戴半罩式安全帽,未使用,車的狀態,向前直行中,其他,不明,NA,NA,其他,車輛或機械操作不當(慎),否,121.495264,25.086391
20230811,20230811,2023,8,072800,A1,新北市政府警察局,新北市三重區集賢路53號前0.0公尺,晴,無照明,市區道路,50,單路部分,直路,路段,一般車道(未劃分快慢車道),柏油,乾燥,無缺陷,無障礙物,無遮蔽物,良好,無號誌,無號誌,中央分向島,寬式(50公分以上),未繪設車道線,未繪設快慢車道分隔線,有,車輛本身,撞路樹,其他,車輛或機械操作不當(慎),死亡1;受傷0,2,NA,NA,無或物(動物、堆置物),112,NA,NA,NA,NA,NA,NA,NA,NA,無(非車輛駕駛人因素),尚未發現肇事因素,否,121.495264,25.086391
20230811,20230811,2023,8,115300,A1,新北市政府警察局,新北市貢寮區臺2線道路 / 新北市貢寮區北40線道,晴,無照明,省道,50,交岔路,三岔路,交叉路口,交叉口附近,柏油,乾燥,無缺陷,無障礙物,無遮蔽物,良好,閃光號誌,正常,無,無分向設施,車道線(無標記),未繪設快慢車道分隔線,有,車與車,側撞,駕駛者,違反閃光號誌,死亡1;受傷0,1,機車,普通重型,男,84,不明,不明,車的狀態,左轉彎,機車與自行車,前車頭,NA,NA,駕駛者,違反閃光號誌,否,121.944716,25.01589
20230811,20230811,2023,8,115300,A1,新北市政府警察局,新北市貢寮區臺2線道路 / 新北市貢寮區北40線道,晴,無照明,省道,50,交岔路,三岔路,交叉路口,交叉口附近,柏油,乾燥,無缺陷,無障礙物,無遮蔽物,良好,閃光號誌,正常,無,無分向設施,車道線(無標記),未繪設快慢車道分隔線,有,車與車,側撞,駕駛者,違反閃光號誌,死亡1;受傷0,2,大客車,營業用,男,36,不明,不明,車的狀態,向前直行中,汽車,左側車身,NA,NA,駕駛者,未依規定減速,否,121.944716,25.01589
20230811,20230811,2023,8,135800,A1,桃園市政府警察局,桃園市中壢區松江北路口 / 桃園市中壢區定寧路口,陰,無照明,市區道路,50,交岔路,多岔路,交叉路口,交叉路口內,柏油,乾燥,無缺陷,無障礙物,無遮蔽物,良好,行車管制號誌,正常,無,無分向設施,未繪設車道線,未繪設快慢車道分隔線,無,車與車,側撞,其他,其他不當駕車行為,死亡1;受傷0,1,大貨車,自用,男,47,繫安全帶(使用幼童安全椅),未使用,車的狀態,右轉彎,汽車,右側車身,汽車,右側車身,其他,其他不當駕車行為,否,121.248794,24.993247
20230811,20230811,2023,8,135800,A1,桃園市政府警察局,桃園市中壢區松江北路口 / 桃園市中壢區定寧路口,陰,無照明,市區道路,50,交岔路,多岔路,交叉路口,交叉路口內,柏油,乾燥,無缺陷,無障礙物,無遮蔽物,良好,行車管制號誌,正常,無,無分向設施,未繪設車道線,未繪設快慢車道分隔線,無,車與車,側撞,其他,其他不當駕車行為,死亡1;受傷0,2,機車,普通重型,女,70,戴非半罩式安全帽,未使用,車的狀態,右轉彎,機車與自行車,左側車身,機車與自行車,左側車身,其他,其他不當駕車行為,否,121.248794,24.993247
20230811,20230811,2023,8,170825,A1,屏東縣政府警察局,屏東縣枋山鄉台26線 2公里600.0公尺處南側,陰,無照明,省道,50,單路部分,直路,路段,快車道,柏油,乾燥,無缺陷,無障礙物,無遮蔽物,良好,閃光號誌,正常,中央分向島,寬式(50公分以上),車道線(附標記),快慢車道分隔線,有,車與車,側撞,駕駛者,逆向行駛,死亡1;受傷0,1,機車,普通重型,男,66,戴半罩式安全帽,未使用,車的狀態,迴轉或橫越道路中,機車與自行車,前車頭,NA,NA,駕駛者,逆向行駛,否,120.691664,22.190458
20230811,20230811,2023,8,170825,A1,屏東縣政府警察局,屏東縣枋山鄉台26線 2公里600.0公尺處南側,陰,無照明,省道,50,單路部分,直路,路段,快車道,柏油,乾燥,無缺陷,無障礙物,無遮蔽物,良好,閃光號誌,正常,中央分向島,寬式(50公分以上),車道線(附標記),快慢車道分隔線,有,車與車,側撞,駕駛者,逆向行駛,死亡1;受傷0,2,小客車(含客、貨兩用),自用,男,70,繫安全帶(使用幼童安全椅),未使用,車的狀態,向前直行中,汽車,右前車頭(身),NA,NA,駕駛者,未依規定減速,否,120.691664,22.190458
20230811,20230811,2023,8,170825,A1,屏東縣政府警察局,屏東縣枋山鄉台26線 2公里600.0公尺處南側,陰,無照明,省道,50,單路部分,直路,路段,快車道,柏油,乾燥,無缺陷,無障礙物,無遮蔽物,良好,閃光號誌,正常,中央分向島,寬式(50公分以上),車道線(附標記),快慢車道分隔線,有,車與車,側撞,駕駛者,逆向行駛,死亡1;受傷0,3,小客車(含客、貨兩用),自用,男,28,繫安全帶(使用幼童安全椅),未使用,車的狀態,等待(引擎未熄火),汽車,後車尾,NA,NA,無(車輛駕駛者因素),尚未發現肇事因素,否,120.691664,22.190458
20230811,20230811,2023,8,195500,A1,高雄市政府警察局,高雄市美濃區中正路2段426-12號前0.0公尺,晴,有照明且開啟,市區道路,40,單路部分,直路,路段,一般車道(未劃分快慢車道),柏油,乾燥,無缺陷,無障礙物,無遮蔽物,良好,無號誌,無號誌,雙向禁止超車線,無標記,禁止變換車道線(無標記),未繪設快慢車道分隔線,有,車與車,追撞,駕駛者,恍神、緊張、心不在焉分心駕駛,死亡1;受傷1,1,機車,普通重型,男,34,戴非半罩式安全帽,未使用,車的狀態,向前直行中,機車與自行車,前車頭,NA,NA,駕駛者,恍神、緊張、心不在焉分心駕駛,否,120.535241,22.878532
20230811,20230811,2023,8,195500,A1,高雄市政府警察局,高雄市美濃區中正路2段426-12號前0.0公尺,晴,有照明且開啟,市區道路,40,單路部分,直路,路段,一般車道(未劃分快慢車道),柏油,乾燥,無缺陷,無障礙物,無遮蔽物,良好,無號誌,無號誌,雙向禁止超車線,無標記,禁止變換車道線(無標記),未繪設快慢車道分隔線,有,車與車,追撞,駕駛者,恍神、緊張、心不在焉分心駕駛,死亡1;受傷1,2,慢車,腳踏自行車,男,84,其他(無需使用保護裝備之人),未使用,車的狀態,向前直行中,機車與自行車,後車尾,NA,NA,燈光,夜間行駛無燈光設備,否,120.535241,22.878532
20230811,20230811,2023,8,204000,A1,臺東縣警察局,臺東縣蘭嶼鄉東80線31公里往北52公尺處,晴,有照明且開啟,村里道路,50,單路部分,直路,路段,一般車道(未劃分快慢車道),水泥,乾燥,無缺陷,無障礙物,無遮蔽物,良好,無號誌,無號誌,行車分向線,無標記,未繪設車道線,未繪設快慢車道分隔線,有,車輛本身,撞護欄(樁),駕駛者,酒醉(後)駕駛,死亡1;受傷0,1,機車,普通重型,男,45,未戴安全帽或未繫安全帶(未使用幼童安全椅),未使用,車的狀態,向前直行中,機車與自行車,右側車身,NA,NA,駕駛者,酒醉(後)駕駛,否,121.529734,22.032555
20230811,20230811,2023,8,204000,A1,臺東縣警察局,臺東縣蘭嶼鄉東80線31公里往北52公尺處,晴,有照明且開啟,村里道路,50,單路部分,直路,路段,一般車道(未劃分快慢車道),水泥,乾燥,無缺陷,無障礙物,無遮蔽物,良好,無號誌,無號誌,行車分向線,無標記,未繪設車道線,未繪設快慢車道分隔線,有,車輛本身,撞護欄(樁),駕駛者,酒醉(後)駕駛,死亡1;受傷0,2,NA,NA,無或物(動物、堆置物),-1,NA,NA,NA,NA,NA,NA,NA,NA,無(非車輛駕駛人因素),尚未發現肇事因素,否,121.529734,22.032555
20230812,20230812,2023,8,082600,A1,臺東縣警察局,臺東縣臺東市臨海路3段口 / 臺東縣臺東市中華路4段口,晴,有照明未開啟或故障,市區道路,60,交岔路,多岔路,交叉路口,交叉路口內,柏油,乾燥,無缺陷,無障礙物,無遮蔽物,良好,行車管制號誌,正常,無,無分向設施,未繪設車道線,未繪設快慢車道分隔線,無,車與車,路口交岔撞,駕駛者,闖紅燈直行,死亡1;受傷1,1,機車,大型重型1(550C.C.以上),男,60,戴半罩式安全帽,未使用,車的狀態,向前直行中,機車與自行車,前車頭,NA,NA,駕駛者,闖紅燈直行,否,121.105582,22.72777
20230812,20230812,2023,8,082600,A1,臺東縣警察局,臺東縣臺東市臨海路3段口 / 臺東縣臺東市中華路4段口,晴,有照明未開啟或故障,市區道路,60,交岔路,多岔路,交叉路口,交叉路口內,柏油,乾燥,無缺陷,無障礙物,無遮蔽物,良好,行車管制號誌,正常,無,無分向設施,未繪設車道線,未繪設快慢車道分隔線,無,車與車,路口交岔撞,駕駛者,闖紅燈直行,死亡1;受傷1,2,機車,普通重型,男,81,戴半罩式安全帽,未使用,車的狀態,向前直行中,機車與自行車,左側車身,NA,NA,無(車輛駕駛者因素),尚未發現肇事因素,否,121.105582,22.72777
20230812,20230812,2023,8,122551,A1,苗栗縣警察局,苗栗縣頭份市124丙線2.5公里處(往東),晴,有照明未開啟或故障,縣道,40,單路部分,直路,路段,路肩、路緣,柏油,乾燥,無缺陷,無障礙物,無遮蔽物,良好,無號誌,無號誌,中央分向島,寬式(50公分以上),車道線(無標記),快慢車道分隔線,有,車輛本身,撞電桿,其他,其他不當駕車行為,死亡1;受傷0,1,機車,普通重型,男,44,戴半罩式安全帽,未使用,車的狀態,向前直行中,機車與自行車,前車頭,NA,NA,其他,其他不當駕車行為,否,120.903852,24.672883
20230812,20230812,2023,8,122551,A1,苗栗縣警察局,苗栗縣頭份市124丙線2.5公里處(往東),晴,有照明未開啟或故障,縣道,40,單路部分,直路,路段,路肩、路緣,柏油,乾燥,無缺陷,無障礙物,無遮蔽物,良好,無號誌,無號誌,中央分向島,寬式(50公分以上),車道線(無標記),快慢車道分隔線,有,車輛本身,撞電桿,其他,其他不當駕車行為,死亡1;受傷0,2,NA,NA,無或物(動物、堆置物),-1,NA,NA,NA,NA,NA,NA,NA,NA,無(非車輛駕駛人因素),尚未發現肇事因素,否,120.903852,24.672883
20230812,20230812,2023,8,171300,A1,臺中市政府警察局,臺中市北屯區仁美里昌平東六路 / 臺中市北屯區仁美里昌平五街,晴,有照明未開啟或故障,市區道路,50,交岔路,四岔路,交叉路口,交叉路口內,柏油,乾燥,無缺陷,無障礙物,無遮蔽物,良好,無號誌,無號誌,無,無分向設施,未繪設車道線,未繪設快慢車道分隔線,無,車與車,路口交岔撞,駕駛者,無號誌路口，支線道未讓幹線道先行,死亡1;受傷2,1,機車,普通重型,男,22,戴非半罩式安全帽,未使用,車的狀態,向前直行中,機車與自行車,左側車身,NA,NA,駕駛者,無號誌路口，支線道未讓幹線道先行,否,120.69048,24.191669
20230812,20230812,2023,8,171300,A1,臺中市政府警察局,臺中市北屯區仁美里昌平東六路 / 臺中市北屯區仁美里昌平五街,晴,有照明未開啟或故障,市區道路,50,交岔路,四岔路,交叉路口,交叉路口內,柏油,乾燥,無缺陷,無障礙物,無遮蔽物,良好,無號誌,無號誌,無,無分向設施,未繪設車道線,未繪設快慢車道分隔線,無,車與車,路口交岔撞,駕駛者,無號誌路口，支線道未讓幹線道先行,死亡1;受傷2,2,小客車(含客、貨兩用),自用,男,40,繫安全帶(使用幼童安全椅),未使用,車的狀態,向前直行中,汽車,前車頭,NA,NA,駕駛者,超速駕駛,否,120.69048,24.191669
20230812,20230812,2023,8,171300,A1,臺中市政府警察局,臺中市北屯區仁美里昌平東六路 / 臺中市北屯區仁美里昌平五街,晴,有照明未開啟或故障,市區道路,50,交岔路,四岔路,交叉路口,交叉路口內,柏油,乾燥,無缺陷,無障礙物,無遮蔽物,良好,無號誌,無號誌,無,無分向設施,未繪設車道線,未繪設快慢車道分隔線,無,車與車,路口交岔撞,駕駛者,無號誌路口，支線道未讓幹線道先行,死亡1;受傷2,3,大貨車,自用,男,29,繫安全帶(使用幼童安全椅),未使用,車的狀態,右轉彎,汽車,左前車頭(身),NA,NA,無(車輛駕駛者因素),尚未發現肇事因素,否,120.69048,24.191669
20230812,20230812,2023,8,173000,A1,桃園市政府警察局,桃園市新屋區快速路七段口 / 桃園市新屋區快速路七段,晴,無照明,市區道路,50,交岔路,三岔路,交叉路口,交叉路口內,柏油,乾燥,無缺陷,無障礙物,無遮蔽物,良好,無號誌,無號誌,無,無分向設施,未繪設車道線,未繪設快慢車道分隔線,無,車與車,側撞,駕駛者,右轉彎未依規定,死亡1;受傷0,1,大貨車,營業用,男,32,繫安全帶(使用幼童安全椅),未使用,車的狀態,右轉彎,汽車,右前車頭(身),NA,NA,駕駛者,右轉彎未依規定,否,121.118119,24.990347
20230812,20230812,2023,8,173000,A1,桃園市政府警察局,桃園市新屋區快速路七段口 / 桃園市新屋區快速路七段,晴,無照明,市區道路,50,交岔路,三岔路,交叉路口,交叉路口內,柏油,乾燥,無缺陷,無障礙物,無遮蔽物,良好,無號誌,無號誌,無,無分向設施,未繪設車道線,未繪設快慢車道分隔線,無,車與車,側撞,駕駛者,右轉彎未依規定,死亡1;受傷0,2,機車,普通重型,男,19,戴非半罩式安全帽,未使用,車的狀態,向前直行中,機車與自行車,前車頭,NA,NA,無(車輛駕駛者因素),尚未發現肇事因素,否,121.118119,24.990347
20230812,20230812,2023,8,191400,A1,彰化縣警察局,彰化縣芬園鄉大彰路5段35號,晴,無照明,村里道路,40,單路部分,彎曲路及附近,路段,一般車道(未劃分快慢車道),柏油,乾燥,無缺陷,無障礙物,無遮蔽物,良好,無號誌,無號誌,行車分向線,附標記,車道線(附標記),未繪設快慢車道分隔線,有,車輛本身,路上翻車、摔倒,駕駛者,未依規定減速,死亡1;受傷0,1,機車,普通重型,男,25,戴非半罩式安全帽,未使用,車的狀態,向前直行中,機車與自行車,前車頭,NA,NA,駕駛者,未依規定減速,否,120.595027,24.033142
20230812,20230812,2023,8,191400,A1,彰化縣警察局,彰化縣芬園鄉大彰路5段35號,晴,無照明,村里道路,40,單路部分,彎曲路及附近,路段,一般車道(未劃分快慢車道),柏油,乾燥,無缺陷,無障礙物,無遮蔽物,良好,無號誌,無號誌,行車分向線,附標記,車道線(附標記),未繪設快慢車道分隔線,有,車輛本身,路上翻車、摔倒,駕駛者,未依規定減速,死亡1;受傷0,2,NA,NA,無或物(動物、堆置物),-1,NA,NA,NA,NA,NA,NA,NA,NA,無(非車輛駕駛人因素),尚未發現肇事因素,否,120.595027,24.033142
20230813,20230813,2023,8,094055,A1,彰化縣警察局,彰化縣芬園鄉溪頭村彰南路1段189號前0.0公尺附近,雨,無照明,村里道路,50,交岔路,四岔路,交叉路口,交叉口附近,柏油,濕潤,無缺陷,無障礙物,無遮蔽物,良好,行車管制號誌,正常,雙向禁止超車線,無標記,未繪設車道線,未繪設快慢車道分隔線,無,車與車,其他,駕駛者,起步時未注意安全,死亡1;受傷0,1,小客車(含客、貨兩用),自用,男,53,不明,不明,車的狀態,起步,汽車,右前車頭(身),汽車,右前車頭(身),駕駛者,起步時未注意安全,否,120.644437,23.97471
20230813,20230813,2023,8,094055,A1,彰化縣警察局,彰化縣芬園鄉溪頭村彰南路1段189號前0.0公尺附近,雨,無照明,村里道路,50,交岔路,四岔路,交叉路口,交叉口附近,柏油,濕潤,無缺陷,無障礙物,無遮蔽物,良好,行車管制號誌,正常,雙向禁止超車線,無標記,未繪設車道線,未繪設快慢車道分隔線,無,車與車,其他,駕駛者,起步時未注意安全,死亡1;受傷0,2,機車,普通重型,男,70,未戴安全帽或未繫安全帶(未使用幼童安全椅),未使用,車的狀態,其他,其他,不明,其他,不明,其他,其他不當駕車行為,否,120.644437,23.97471
20230813,20230813,2023,8,211800,A1,桃園市政府警察局,桃園市平鎮區中豐路口 / 桃園市平鎮區延平路一段口,晴,有照明且開啟,市區道路,50,交岔路,四岔路,交叉路口,交叉路口內,柏油,乾燥,無缺陷,其他障礙物,無遮蔽物,良好,行車管制號誌,正常,無,無分向設施,未繪設車道線,未繪設快慢車道分隔線,無,車與車,路口交岔撞,其他,因光線、視線遮蔽致生事故,死亡1;受傷0,1,小客車(含客、貨兩用),自用,女,56,繫安全帶(使用幼童安全椅),未使用,車的狀態,向前直行中,汽車,前車頭,NA,NA,其他,因光線、視線遮蔽致生事故,否,121.218269,24.950764
20230813,20230813,2023,8,211800,A1,桃園市政府警察局,桃園市平鎮區中豐路口 / 桃園市平鎮區延平路一段口,晴,有照明且開啟,市區道路,50,交岔路,四岔路,交叉路口,交叉路口內,柏油,乾燥,無缺陷,其他障礙物,無遮蔽物,良好,行車管制號誌,正常,無,無分向設施,未繪設車道線,未繪設快慢車道分隔線,無,車與車,路口交岔撞,其他,因光線、視線遮蔽致生事故,死亡1;受傷0,2,機車,普通重型,女,69,戴半罩式安全帽,未使用,車的狀態,向前直行中,機車與自行車,右側車身,NA,NA,其他,其他不當駕車行為,否,121.218269,24.950764
20230814,20230814,2023,8,092018,A1,雲林縣警察局,雲林縣口湖鄉湖口村雲147線(電桿湖口10前),晴,無照明,村里道路,30,單路部分,直路,路段,一般車道(未劃分快慢車道),柏油,乾燥,無缺陷,無障礙物,無遮蔽物,良好,無號誌,無號誌,無,無分向設施,未繪設車道線,未繪設快慢車道分隔線,有,車與車,側撞,駕駛者,起步時未注意安全,死亡1;受傷0,1,小客車(含客、貨兩用),自用,男,24,繫安全帶(使用幼童安全椅),未使用,車的狀態,起步,汽車,前車頭,NA,NA,駕駛者,起步時未注意安全,是,120.162062,23.535094