accident_date,發生日期,發生年度,發生月份,發生時間,事故類別名稱,處理單位名稱警局層,發生地點,天候名稱,光線名稱,道路類別-第1當事者-名稱,速限-第1當事者,道路型態大類別名稱,道路型態子類別名稱,事故位置大類別名稱,事故位置子類別名稱,路面狀況-路面鋪裝名稱,路面狀況-路面狀態名稱,路面狀況-路面缺陷名稱,道路障礙-障礙物名稱,道路障礙-視距品質名稱,道路障礙-視距名稱,號誌-號誌種類名稱,號誌-號誌動作名稱,車道劃分設施-分向設施大類別名稱,車道劃分設施-分向設施子類別名稱,車道劃分設施-分道設施-快車道或一般車道間名稱,車道劃分設施-分道設施-快慢車道間名稱,車道劃分設施-分道設施-路面邊線名稱,事故類型及型態大類別名稱,事故類型及型態子類別名稱,肇因研判大類別名稱-主要,肇因研判子類別名稱-主要,死亡受傷人數,當事者順位,當事者區分-類別-大類別名稱-車種,當事者區分-類別-子類別名稱-車種,當事者屬-性-別名稱,當事者事故發生時年齡,保護裝備名稱,行動電話或電腦或其他相類功能裝置名稱,當事者行動狀態大類別名稱,當事者行動狀態子類別名稱,車輛撞擊部位大類別名稱-最初,車輛撞擊部位子類別名稱-最初,車輛撞擊部位大類別名稱-其他,車輛撞擊部位子類別名稱-其他,肇因研判大類別名稱-個別,肇因研判子類別名稱-個別,肇事逃逸類別名稱-是否肇逃,經度,緯度
20230814,20230814,2023,8,092018,A1,雲林縣警察局,雲林縣口湖鄉湖口村雲147線(電桿湖口10前),晴,無照明,村里道路,30,單路部分,直路,路段,一般車道(未劃分快慢車道),柏油,乾燥,無缺陷,無障礙物,無遮蔽物,良好,無號誌,無號誌,無,無分向設施,未繪設車道線,未繪設快慢車道分隔線,有,車與車,側撞,駕駛者,起步時未注意安全,死亡1;受傷0,2,機車,大型重型2(250-550C.C.),男,57,戴非半罩式安全帽,未使用,車的狀態,向前直行中,機車與自行車,右側車身,NA,NA,無(車輛駕駛者因素),尚未發現肇事因素,否,120.162062,23.535094
20230814,20230814,2023,8,124100,A1,新北市政府警察局,新北市鶯歌區中正二路106號前0.0公尺,晴,有照明且開啟,市區道路,50,單路部分,彎曲路及附近,路段,一般車道(未劃分快慢車道),柏油,乾燥,無缺陷,無障礙物,無遮蔽物,良好,無號誌,無號誌,雙向禁止超車線,無標記,車道線(無標記),未繪設快慢車道分隔線,有,車與車,對向擦撞,駕駛者,違反其他標誌(線)禁制,死亡1;受傷0,1,大客車,營業用,男,45,繫安全帶(使用幼童安全椅),未使用,車的狀態,向前直行中,汽車,左側車身,NA,NA,駕駛者,違反其他標誌(線)禁制,否,121.348573,24.950159
20230814,20230814,2023,8,124100,A1,新北市政府警察局,新北市鶯歌區中正二路106號前0.0公尺,晴,有照明且開啟,市區道路,50,單路部分,彎曲路及附近,路段,一般車道(未劃分快慢車道),柏油,乾燥,無缺陷,無障礙物,無遮蔽物,良好,無號誌,無號誌,雙向禁止超車線,無標記,車道線(無標記),未繪設快慢車道分隔線,有,車與車,對向擦撞,駕駛者,違反其他標誌(線)禁制,死亡1;受傷0,2,機車,普通重型,男,27,戴半罩式安全帽,未使用,車的狀態,向前直行中,機車與自行車,前車頭,NA,NA,駕駛者,未依規定減速,否,121.348573,24.950159
20230815,20230815,2023,8,184850,A1,桃園市政府警察局,桃園市龍潭區中原路一段口 / 桃園市龍潭區楊銅路一段口,晴,有照明未開啟或故障,市區道路,50,交岔路,三岔路,交叉路口,交叉路口內,柏油,乾燥,無缺陷,無障礙物,無遮蔽物,良好,行車管制號誌,正常,無,無分向設施,未繪設車道線,未繪設快慢車道分隔線,無,車與車,側撞,駕駛者,有號誌路口，轉彎車未讓直行車先行,死亡1;受傷0,1,小客車(含客、貨兩用),自用,男,46,繫安全帶(使用幼童安全椅),未使用,車的狀態,左轉彎,汽車,前車頭,汽車,右前車頭(身),駕駛者,有號誌路口，轉彎車未讓直行車先行,否,121.199325,24.84805
20230815,20230815,2023,8,184850,A1,桃園市政府警察局,桃園市龍潭區中原路一段口 / 桃園市龍潭區楊銅路一段口,晴,有照明未開啟或故障,市區道路,50,交岔路,三岔路,交叉路口,交叉路口內,柏油,乾燥,無缺陷,無障礙物,無遮蔽物,良好,行車管制號誌,正常,無,無分向設施,未繪設車道線,未繪設快慢車道分隔線,無,車與車,側撞,駕駛者,有號誌路口，轉彎車未讓直行車先行,死亡1;受傷0,2,機車,普通重型,男,47,戴非半罩式安全帽,未使用,車的狀態,向前直行中,機車與自行車,前車頭,機車與自行車,前車頭,其他,其他不當駕車行為,否,121.199325,24.84805
20230815,20230815,2023,8,211700,A1,臺北市政府警察局,臺北市萬華區忠孝橋前0.0公尺,晴,有照明且開啟,市區道路,40,單路部分,橋樑,路段,一般車道(未劃分快慢車道),柏油,乾燥,無缺陷,無障礙物,無遮蔽物,良好,無號誌,無號誌,中央分向島,窄式無柵欄,車道線(無標記),未繪設快慢車道分隔線,無,車輛本身,其他,駕駛者,恍神、緊張、心不在焉分心駕駛,死亡1;受傷0,1,機車,普通重型,男,22,戴非半罩式安全帽,未使用,車的狀態,向前直行中,機車與自行車,前車頭,NA,NA,駕駛者,恍神、緊張、心不在焉分心駕駛,否,121.506013,25.048986
20230815,20230815,2023,8,211700,A1,臺北市政府警察局,臺北市萬華區忠孝橋前0.0公尺,晴,有照明且開啟,市區道路,40,單路部分,橋樑,路段,一般車道(未劃分快慢車道),柏油,乾燥,無缺陷,無障礙物,無遮蔽物,良好,無號誌,無號誌,中央分向島,窄式無柵欄,車道線(無標記),未繪設快慢車道分隔線,無,車輛本身,其他,駕駛者,恍神、緊張、心不在焉分心駕駛,死亡1;受傷0,2,NA,NA,無或物(動物、堆置物),0,NA,NA,NA,NA,NA,NA,NA,NA,無(非車輛駕駛人因素),尚未發現肇事因素,否,121.506013,25.048986
20230816,20230816,2023,8,024820,A1,苗栗縣警察局,苗栗縣竹南鎮台一己線與全天路路口,陰,有照明且開啟,省道,60,交岔路,四岔路,交叉路口,交叉路口內,柏油,乾燥,無缺陷,無障礙物,無遮蔽物,良好,行車管制號誌,正常,無,無分向設施,未繪設車道線,未繪設快慢車道分隔線,無,車與車,路口交岔撞,駕駛者,闖紅燈直行,死亡1;受傷2,1,小客車(含客、貨兩用),自用,男,36,繫安全帶(使用幼童安全椅),未使用,車的狀態,向前直行中,汽車,前車頭,NA,NA,駕駛者,闖紅燈直行,否,120.86706,24.67029
20230816,20230816,2023,8,024820,A1,苗栗縣警察局,苗栗縣竹南鎮台一己線與全天路路口,陰,有照明且開啟,省道,60,交岔路,四岔路,交叉路口,交叉路口內,柏油,乾燥,無缺陷,無障礙物,無遮蔽物,良好,行車管制號誌,正常,無,無分向設施,未繪設車道線,未繪設快慢車道分隔線,無,車與車,路口交岔撞,駕駛者,闖紅燈直行,死亡1;受傷2,2,機車,普通重型,男,19,戴半罩式安全帽,未使用,車的狀態,向前直行中,機車與自行車,右側車身,NA,NA,無(車輛駕駛者因素),尚未發現肇事因素,否,120.86706,24.67029
20230816,20230816,2023,8,024820,A1,苗栗縣警察局,苗栗縣竹南鎮台一己線與全天路路口,陰,有照明且開啟,省道,60,交岔路,四岔路,交叉路口,交叉路口內,柏油,乾燥,無缺陷,無障礙物,無遮蔽物,良好,行車管制號誌,正常,無,無分向設施,未繪設車道線,未繪設快慢車道分隔線,無,車與車,路口交岔撞,駕駛者,闖紅燈直行,死亡1;受傷2,3,NA,NA,無或物(動物、堆置物),-1,NA,NA,NA,NA,NA,NA,NA,NA,無(非車輛駕駛人因素),尚未發現肇事因素,否,120.86706,24.67029
20230816,20230816,2023,8,024820,A1,苗栗縣警察局,苗栗縣竹南鎮台一己線與全天路路口,陰,有照明且開啟,省道,60,交岔路,四岔路,交叉路口,交叉路口內,柏油,乾燥,無缺陷,無障礙物,無遮蔽物,良好,行車管制號誌,正常,無,無分向設施,未繪設車道線,未繪設快慢車道分隔線,無,車與車,路口交岔撞,駕駛者,闖紅燈直行,死亡1;受傷2,4,NA,NA,無或物(動物、堆置物),-1,NA,NA,NA,NA,NA,NA,NA,NA,無(非車輛駕駛人因素),尚未發現肇事因素,否,120.86706,24.67029
20230816,20230816,2023,8,024820,A1,苗栗縣警察局,苗栗縣竹南鎮台一己線與全天路路口,陰,有照明且開啟,省道,60,交岔路,四岔路,交叉路口,交叉路口內,柏油,乾燥,無缺陷,無障礙物,無遮蔽物,良好,行車管制號誌,正常,無,無分向設施,未繪設車道線,未繪設快慢車道分隔線,無,車與車,路口交岔撞,駕駛者,闖紅燈直行,死亡1;受傷2,5,人,乘客,男,18,未戴安全帽或未繫安全帶(未使用幼童安全椅),非駕駛人,人的狀態,其他,其他,非汽、機及自行車,NA,NA,無(非車輛駕駛人因素),尚未發現肇事因素,否,120.86706,24.67029
20230816,20230816,2023,8,123000,A1,基隆市警察局,基隆市七堵區長安街18號前0.0公尺,雨,有照明未開啟或故障,市區道路,50,單路部分,直路,路段,一般車道(未劃分快慢車道),柏油,濕潤,無缺陷,無障礙物,無遮蔽物,良好,無號誌,無號誌,雙向禁止超車線,無標記,車道線(附標記),未繪設快慢車道分隔線,無,車與車,其他,駕駛者,未保持行車安全距離,死亡1;受傷0,1,機車,普通重型,男,81,戴半罩式安全帽,未使用,車的狀態,急減速或急停止,其他,不明,NA,NA,駕駛者,未保持行車安全距離,否,121.690703,25.077449
20230816,20230816,2023,8,123000,A1,基隆市警察局,基隆市七堵區長安街18號前0.0公尺,雨,有照明未開啟或故障,市區道路,50,單路部分,直路,路段,一般車道(未劃分快慢車道),柏油,濕潤,無缺陷,無障礙物,無遮蔽物,良好,無號誌,無號誌,雙向禁止超車線,無標記,車道線(附標記),未繪設快慢車道分隔線,無,車與車,其他,駕駛者,未保持行車安全距離,死亡1;受傷0,2,小客車(含客、貨兩用),自用,男,51,不明,未使用,車的狀態,向前直行中,其他,不明,NA,NA,無(車輛駕駛者因素),尚未發現肇事因素,否,121.690703,25.077449
20230816,20230816,2023,8,123000,A1,基隆市警察局,基隆市七堵區長安街18號前0.0公尺,雨,有照明未開啟或故障,市區道路,50,單路部分,直路,路段,一般車道(未劃分快慢車道),柏油,濕潤,無缺陷,無障礙物,無遮蔽物,良好,無號誌,無號誌,雙向禁止超車線,無標記,車道線(附標記),未繪設快慢車道分隔線,無,車與車,其他,駕駛者,未保持行車安全距離,死亡1;受傷0,3,大客車,公營公車,男,59,不明,未使用,車的狀態,等待(引擎未熄火),其他,無撞擊,NA,NA,無(車輛駕駛者因素),尚未發現肇事因素,否,121.690703,25.077449
20230816,20230816,2023,8,193400,A1,嘉義縣警察局,嘉義縣六腳鄉蘇厝村縣道145線與水防道路口,陰,有照明且開啟,縣道,30,交岔路,四岔路,交叉路口,交叉路口內,柏油,乾燥,無缺陷,無障礙物,無遮蔽物,良好,行車管制號誌,正常,無,無分向設施,未繪設車道線,未繪設快慢車道分隔線,無,車與車,路口交岔撞,駕駛者,闖紅燈直行,死亡1;受傷0,1,慢車,腳踏自行車,男,66,未戴安全帽或未繫安全帶(未使用幼童安全椅),未使用,車的狀態,向前直行中,機車與自行車,後車尾,NA,NA,駕駛者,闖紅燈直行,否,120.295907,23.556827
20230816,20230816,2023,8,193400,A1,嘉義縣警察局,嘉義縣六腳鄉蘇厝村縣道145線與水防道路口,陰,有照明且開啟,縣道,30,交岔路,四岔路,交叉路口,交叉路口內,柏油,乾燥,無缺陷,無障礙物,無遮蔽物,良好,行車管制號誌,正常,無,無分向設施,未繪設車道線,未繪設快慢車道分隔線,無,車與車,路口交岔撞,駕駛者,闖紅燈直行,死亡1;受傷0,2,小貨車(含客、貨兩用),自用,男,29,繫安全帶(使用幼童安全椅),未使用,車的狀態,向前直行中,汽車,右前車頭(身),NA,NA,其他,其他不當駕車行為,是,120.295907,23.556827
20230817,20230817,2023,8,065500,A1,新北市政府警察局,新北市新莊區中正路 / 新北市新莊區中環路1段,晴,有照明未開啟或故障,市區道路,50,交岔路,四岔路,交叉路口,交叉路口內,柏油,乾燥,無缺陷,無障礙物,無遮蔽物,良好,行車管制號誌(附設行人專用號誌),正常,中央分向島,寬式(50公分以上),車道線(無標記),未繪設快慢車道分隔線,有,車與車,其他,駕駛者,違反其他標誌(線)禁制,死亡1;受傷0,1,機車,普通重型,女,27,戴非半罩式安全帽,不明,車的狀態,向前直行中,其他,不明,NA,NA,駕駛者,違反其他標誌(線)禁制,否,121.452619,25.036297
20230817,20230817,2023,8,065500,A1,新北市政府警察局,新北市新莊區中正路 / 新北市新莊區中環路1段,晴,有照明未開啟或故障,市區道路,50,交岔路,四岔路,交叉路口,交叉路口內,柏油,乾燥,無缺陷,無障礙物,無遮蔽物,良好,行車管制號誌(附設行人專用號誌),正常,中央分向島,寬式(50公分以上),車道線(無標記),未繪設快慢車道分隔線,有,車與車,其他,駕駛者,違反其他標誌(線)禁制,死亡1;受傷0,2,機車,普通重型,男,49,戴非半罩式安全帽,未使用,車的狀態,右轉彎,機車與自行車,後車尾,NA,NA,無(車輛駕駛者因素),尚未發現肇事因素,是,121.452619,25.036297
20230817,20230817,2023,8,065500,A1,新北市政府警察局,新北市新莊區中正路 / 新北市新莊區中環路1段,晴,有照明未開啟或故障,市區道路,50,交岔路,四岔路,交叉路口,交叉路口內,柏油,乾燥,無缺陷,無障礙物,無遮蔽物,良好,行車管制號誌(附設行人專用號誌),正常,中央分向島,寬式(50公分以上),車道線(無標記),未繪設快慢車道分隔線,有,車與車,其他,駕駛者,違反其他標誌(線)禁制,死亡1;受傷0,3,大客車,自用,男,52,繫安全帶(使用幼童安全椅),未使用,車的狀態,右轉彎,汽車,右後車尾(身),NA,NA,裝載,載運貨物超重,否,121.452619,25.036297
20230817,20230817,2023,8,094900,A1,桃園市政府警察局,桃園市桃園區三民路二段69號前0.0公尺,晴,無照明,市區道路,50,單路部分,直路,路段,一般車道(未劃分快慢車道),柏油,乾燥,無缺陷,路上有停車,無遮蔽物,良好,無號誌,無號誌,中央分向島,寬式(50公分以上),車道線(無標記),未繪設快慢車道分隔線,無,車與車,同向擦撞,駕駛者,變換車道不當,死亡1;受傷0,1,機車,普通重型,男,57,戴非半罩式安全帽,不明,車的狀態,向左變換車道,機車與自行車,左側車身,NA,NA,駕駛者,變換車道不當,否,121.314561,25.000891
20230817,20230817,2023,8,094900,A1,桃園市政府警察局,桃園市桃園區三民路二段69號前0.0公尺,晴,無照明,市區道路,50,單路部分,直路,路段,一般車道(未劃分快慢車道),柏油,乾燥,無缺陷,路上有停車,無遮蔽物,良好,無號誌,無號誌,中央分向島,寬式(50公分以上),車道線(無標記),未繪設快慢車道分隔線,無,車與車,同向擦撞,駕駛者,變換車道不當,死亡1;受傷0,2,小客車(含客、貨兩用),計程車,男,60,不明,不明,車的狀態,向前直行中,汽車,右後車尾(身),NA,NA,無(車輛駕駛者因素),尚未發現肇事因素,否,121.314561,25.000891
20230817,20230817,2023,8,094900,A1,桃園市政府警察局,桃園市桃園區三民路二段69號前0.0公尺,晴,無照明,市區道路,50,單路部分,直路,路段,一般車道(未劃分快慢車道),柏油,乾燥,無缺陷,路上有停車,無遮蔽物,良好,無號誌,無號誌,中央分向島,寬式(50公分以上),車道線(無標記),未繪設快慢車道分隔線,無,車與車,同向擦撞,駕駛者,變換車道不當,死亡1;受傷0,3,小貨車(含客、貨兩用),營業用,男,48,不明,不明,車的狀態,靜止(引擎熄火),汽車,左側車身,NA,NA,其他,違規(臨時)停車,否,121.314561,25.000891
20230817,20230817,2023,8,114224,A1,新竹市警察局,新竹市北區林森路305號,晴,有照明未開啟或故障,市區道路,50,單路部分,直路,路段,一般車道(未劃分快慢車道),柏油,乾燥,無缺陷,路上有停車,無遮蔽物,良好,無號誌,無號誌,雙向禁止超車線,無標記,車道線(無標記),未繪設快慢車道分隔線,有,車與車,追撞,駕駛者,恍神、緊張、心不在焉分心駕駛,死亡1;受傷0,1,小客車(含客、貨兩用),自用,男,27,不明,不明,車的狀態,向右變換車道,汽車,前車頭,NA,NA,駕駛者,恍神、緊張、心不在焉分心駕駛,否,120.961328,24.797001
20230817,20230817,2023,8,114224,A1,新竹市警察局,新竹市北區林森路305號,晴,有照明未開啟或故障,市區道路,50,單路部分,直路,路段,一般車道(未劃分快慢車道),柏油,乾燥,無缺陷,路上有停車,無遮蔽物,良好,無號誌,無號誌,雙向禁止超車線,無標記,車道線(無標記),未繪設快慢車道分隔線,有,車與車,追撞,駕駛者,恍神、緊張、心不在焉分心駕駛,死亡1;受傷0,2,機車,普通重型,男,56,不明,不明,車的狀態,向前直行中,機車與自行車,後車尾,NA,NA,駕駛者,觀看其他事故、活動、道路環境或車外資訊分心駕駛,否,120.961328,24.797001
20230817,20230817,2023,8,114224,A1,新竹市警察局,新竹市北區林森路305號,晴,有照明未開啟或故障,市區道路,50,單路部分,直路,路段,一般車道(未劃分快慢車道),柏油,乾燥,無缺陷,路上有停車,無遮蔽物,良好,無號誌,無號誌,雙向禁止超車線,無標記,車道線(無標記),未繪設快慢車道分隔線,有,車與車,追撞,駕駛者,恍神、緊張、心不在焉分心駕駛,死亡1;受傷0,3,大貨車,營業用,男,61,不明,不明,車的狀態,靜止(引擎熄火),汽車,後車尾,NA,NA,其他,違規(臨時)停車,否,120.961328,24.797001
20230818,20230818,2023,8,014400,A1,臺中市政府警察局,臺中市西區公正里向上路一段 / 臺中市西區公正里東興路三段,陰,有照明且開啟,市區道路,50,交岔路,四岔路,交叉路口,交叉路口內,柏油,濕潤,無缺陷,無障礙物,無遮蔽物,良好,閃光號誌,正常,無,無分向設施,未繪設車道線,未繪設快慢車道分隔線,無,車與車,路口交岔撞,駕駛者,其他未依規定讓車,死亡1;受傷1,1,機車,普通重型,女,23,戴非半罩式安全帽,未使用,車的狀態,向前直行中,機車與自行車,前車頭,NA,NA,駕駛者,其他未依規定讓車,否,120.652997,24.146726
20230818,20230818,2023,8,014400,A1,臺中市政府警察局,臺中市西區公正里向上路一段 / 臺中市西區公正里東興路三段,陰,有照明且開啟,市區道路,50,交岔路,四岔路,交叉路口,交叉路口內,柏油,濕潤,無缺陷,無障礙物,無遮蔽物,良好,閃光號誌,正常,無,無分向設施,未繪設車道線,未繪設快慢車道分隔線,無,車與車,路口交岔撞,駕駛者,其他未依規定讓車,死亡1;受傷1,2,小客車(含客、貨兩用),計程車,男,52,繫安全帶(使用幼童安全椅),未使用,車的狀態,向前直行中,汽車,左側車身,NA,NA,駕駛者,未依規定減速,否,120.652997,24.146726
20230818,20230818,2023,8,142104,A1,花蓮縣警察局,花蓮縣吉安鄉太昌路口 / 花蓮縣吉安鄉明義四街口,晴,有照明未開啟或故障,村里道路,30,交岔路,四岔路,交叉路口,交叉路口內,柏油,乾燥,無缺陷,無障礙物,無遮蔽物,良好,無號誌,無號誌,無,無分向設施,未繪設車道線,未繪設快慢車道分隔線,無,車與車,路口交岔撞,駕駛者,無號誌路口，支線道未讓幹線道先行,死亡1;受傷0,1,機車,普通重型,男,58,戴半罩式安全帽,未使用,車的狀態,向前直行中,機車與自行車,右側車身,NA,NA,駕駛者,無號誌路口，支線道未讓幹線道先行,否,121.565927,23.992344
20230818,20230818,2023,8,142104,A1,花蓮縣警察局,花蓮縣吉安鄉太昌路口 / 花蓮縣吉安鄉明義四街口,晴,有照明未開啟或故障,村里道路,30,交岔路,四岔路,交叉路口,交叉路口內,柏油,乾燥,無缺陷,無障礙物,無遮蔽物,良好,無號誌,無號誌,無,無分向設施,未繪設車道線,未繪設快慢車道分隔線,無,車與車,路口交岔撞,駕駛者,無號誌路口，支線道未讓幹線道先行,死亡1;受傷0,2,小客車(含客、貨兩用),自用,女,32,繫安全帶(使用幼童安全椅),未使用,車的狀態,向前直行中,汽車,前車頭,NA,NA,駕駛者,未依規定減速,否,121.565927,23.992344
20230818,20230818,2023,8,202000,A1,嘉義縣警察局,嘉義縣大林鎮義和里三塊厝2號(溝背派出所前),晴,有照明且開啟,鄉道,50,交岔路,三岔路,交叉路口,交叉口附近,柏油,乾燥,無缺陷,無障礙物,無遮蔽物,良好,無號誌,無號誌,雙向禁止超車線,無標記,未繪設車道線,未繪設快慢車道分隔線,有,車輛本身,撞橋樑(橋墩),駕駛者,未依規定減速,死亡1;受傷0,1,機車,普通重型,男,66,戴半罩式安全帽,未使用,車的狀態,右轉彎,機車與自行車,前車頭,NA,NA,駕駛者,未依規定減速,否,120.487486,23.613737
20230818,20230818,2023,8,202000,A1,嘉義縣警察局,嘉義縣大林鎮義和里三塊厝2號(溝背派出所前),晴,有照明且開啟,鄉道,50,交岔路,三岔路,交叉路口,交叉口附近,柏油,乾燥,無缺陷,無障礙物,無遮蔽物,良好,無號誌,無號誌,雙向禁止超車線,無標記,未繪設車道線,未繪設快慢車道分隔線,有,車輛本身,撞橋樑(橋墩),駕駛者,未依規定減速,死亡1;受傷0,2,NA,NA,無或物(動物、堆置物),-1,NA,NA,NA,NA,NA,NA,NA,NA,無(非車輛駕駛人因素),尚未發現肇事因素,否,120.487486,23.613737
20230818,20230818,2023,8,222800,A1,宜蘭縣政府警察局,宜蘭縣冬山鄉三星路1段220號前0.0公尺附近,晴,有照明且開啟,省道,60,單路部分,直路,路段,快車道,柏油,乾燥,無缺陷,無障礙物,無遮蔽物,良好,無號誌,無號誌,行車分向線,附標記,未繪設車道線,快慢車道分隔線,有,車與車,對撞,駕駛者,逆向行駛,死亡1;受傷1,1,機車,普通重型,男,69,戴半罩式安全帽,未使用,車的狀態,向前直行中,機車與自行車,前車頭,NA,NA,駕駛者,逆向行駛,否,121.724366,24.669673
20230818,20230818,2023,8,222800,A1,宜蘭縣政府警察局,宜蘭縣冬山鄉三星路1段220號前0.0公尺附近,晴,有照明且開啟,省道,60,單路部分,直路,路段,快車道,柏油,乾燥,無缺陷,無障礙物,無遮蔽物,良好,無號誌,無號誌,行車分向線,附標記,未繪設車道線,快慢車道分隔線,有,車與車,對撞,駕駛者,逆向行駛,死亡1;受傷1,2,小客車(含客、貨兩用),自用,女,35,繫安全帶(使用幼童安全椅),未使用,車的狀態,向前直行中,汽車,前車頭,NA,NA,無(車輛駕駛者因素),尚未發現肇事因素,否,121.724366,24.669673
20230819,20230819,2023,8,084622,A1,苗栗縣警察局,苗栗縣苗栗市中正路、為公路路口,晴,無照明,市區道路,50,交岔路,四岔路,交叉路口,交叉路口內,柏油,乾燥,無缺陷,無障礙物,無遮蔽物,良好,行車管制號誌(附設行人專用號誌),正常,雙向禁止超車線,無標記,未繪設車道線,未繪設快慢車道分隔線,有,車與車,側撞,駕駛者,逆向行駛,死亡1;受傷1,1,小客車(含客、貨兩用),自用,男,74,繫安全帶(使用幼童安全椅),未使用,車的狀態,向前直行中,汽車,前車頭,NA,NA,駕駛者,逆向行駛,否,120.824529,24.56997
20230819,20230819,2023,8,084622,A1,苗栗縣警察局,苗栗縣苗栗市中正路、為公路路口,晴,無照明,市區道路,50,交岔路,四岔路,交叉路口,交叉路口內,柏油,乾燥,無缺陷,無障礙物,無遮蔽物,良好,行車管制號誌(附設行人專用號誌),正常,雙向禁止超車線,無標記,未繪設車道線,未繪設快慢車道分隔線,有,車與車,側撞,駕駛者,逆向行駛,死亡1;受傷1,2,機車,普通重型,男,41,戴半罩式安全帽,未使用,車的狀態,右轉彎,機車與自行車,前車頭,NA,NA,無(車輛駕駛者因素),尚未發現肇事因素,否,120.824529,24.56997
20230819,20230819,2023,8,084622,A1,苗栗縣警察局,苗栗縣苗栗市中正路、為公路路口,晴,無照明,市區道路,50,交岔路,四岔路,交叉路口,交叉路口內,柏油,乾燥,無缺陷,無障礙物,無遮蔽物,良好,行車管制號誌(附設行人專用號誌),正常,雙向禁止超車線,無標記,未繪設車道線,未繪設快慢車道分隔線,有,車與車,側撞,駕駛者,逆向行駛,死亡1;受傷1,3,小貨車(含客、貨兩用),自用,男,66,不明,未使用,車的狀態,靜止(引擎熄火),汽車,左後車尾(身),NA,NA,無(車輛駕駛者因素),尚未發現肇事因素,否,120.824529,24.56997
20230819,20230819,2023,8,094000,A1,新北市政府警察局,新北市中和區民德路 / 新北市中和區壽德街,晴,無照明,市區道路,50,交岔路,四岔路,其他,行人穿越道,柏油,乾燥,無缺陷,無障礙物,無遮蔽物,良好,行車管制號誌(附設行人專用號誌),正常,雙向禁止超車線,無標記,車道線(無標記),快慢車道分隔線,無,人與車,穿越道路中,駕駛者,車輛未依規定暫停讓行人先行,死亡1;受傷0,1,大客車,民營公車,女,53,不明,不明,車的狀態,左轉彎,汽車,左前車頭(身),NA,NA,駕駛者,車輛未依規定暫停讓行人先行,否,121.468362,25.002377
20230819,20230819,2023,8,094000,A1,新北市政府警察局,新北市中和區民德路 / 新北市中和區壽德街,晴,無照明,市區道路,50,交岔路,四岔路,其他,行人穿越道,柏油,乾燥,無缺陷,無障礙物,無遮蔽物,良好,行車管制號誌(附設行人專用號誌),正常,雙向禁止超車線,無標記,車道線(無標記),快慢車道分隔線,無,人與車,穿越道路中,駕駛者,車輛未依規定暫停讓行人先行,死亡1;受傷0,2,人,行人,男,82,其他(無需使用保護裝備之人),非駕駛人,人的狀態,步行,其他,非汽、機及自行車,NA,NA,無(非車輛駕駛人因素),尚未發現肇事因素,否,121.468362,25.002377
20230819,20230819,2023,8,095321,A1,宜蘭縣政府警察局,宜蘭縣宜蘭市縣政北路口 / 宜蘭縣宜蘭市凱旋路口,晴,有照明未開啟或故障,市區道路,30,交岔路,四岔路,交叉路口,交叉路口內,柏油,乾燥,無缺陷,無障礙物,無遮蔽物,良好,行車管制號誌,正常,無,無分向設施,未繪設車道線,未繪設快慢車道分隔線,無,車與車,路口交岔撞,駕駛者,闖紅燈直行,死亡1;受傷1,1,機車,普通重型,男,32,戴半罩式安全帽,未使用,車的狀態,向前直行中,機車與自行車,前車頭,NA,NA,駕駛者,闖紅燈直行,否,121.760982,24.73096
20230819,20230819,2023,8,095321,A1,宜蘭縣政府警察局,宜蘭縣宜蘭市縣政北路口 / 宜蘭縣宜蘭市凱旋路口,晴,有照明未開啟或故障,市區道路,30,交岔路,四岔路,交叉路口,交叉路口內,柏油,乾燥,無缺陷,無障礙物,無遮蔽物,良好,行車管制號誌,正常,無,無分向設施,未繪設車道線,未繪設快慢車道分隔線,無,車與車,路口交岔撞,駕駛者,闖紅燈直行,死亡1;受傷1,2,特種車,警備車,男,23,繫安全帶(使用幼童安全椅),未使用,車的狀態,向前直行中,汽車,右前車頭(身),NA,NA,無(車輛駕駛者因素),尚未發現肇事因素,否,121.760982,24.73096
20230819,20230819,2023,8,134900,A1,臺中市政府警察局,臺中市北屯區新平里敦化路二段 / 臺中市北屯區新平里經貿東路,晴,有照明未開啟或故障,市區道路,50,交岔路,四岔路,交叉路口,交叉路口內,柏油,乾燥,無缺陷,無障礙物,無遮蔽物,良好,行車管制號誌,正常,無,無分向設施,未繪設車道線,未繪設快慢車道分隔線,無,車與車,路口交岔撞,駕駛者,闖紅燈直行,死亡1;受傷0,1,小客車(含客、貨兩用),自用,男,69,繫安全帶(使用幼童安全椅),未使用,車的狀態,向前直行中,汽車,前車頭,NA,NA,駕駛者,闖紅燈直行,否,120.659202,24.184759
20230819,20230819,2023,8,134900,A1,臺中市政府警察局,臺中市北屯區新平里敦化路二段 / 臺中市北屯區新平里經貿東路,晴,有照明未開啟或故障,市區道路,50,交岔路,四岔路,交叉路口,交叉路口內,柏油,乾燥,無缺陷,無障礙物,無遮蔽物,良好,行車管制號誌,正常,無,無分向設施,未繪設車道線,未繪設快慢車道分隔線,無,車與車,路口交岔撞,駕駛者,闖紅燈直行,死亡1;受傷0,2,機車,普通重型,女,54,戴半罩式安全帽,未使用,車的狀態,向前直行中,機車與自行車,右側車身,NA,NA,無(車輛駕駛者因素),尚未發現肇事因素,否,120.659202,24.184759