accident_date,發生日期,發生年度,發生月份,發生時間,事故類別名稱,處理單位名稱警局層,發生地點,天候名稱,光線名稱,道路類別-第1當事者-名稱,速限-第1當事者,道路型態大類別名稱,道路型態子類別名稱,事故位置大類別名稱,事故位置子類別名稱,路面狀況-路面鋪裝名稱,路面狀況-路面狀態名稱,路面狀況-路面缺陷名稱,道路障礙-障礙物名稱,道路障礙-視距品質名稱,道路障礙-視距名稱,號誌-號誌種類名稱,號誌-號誌動作名稱,車道劃分設施-分向設施大類別名稱,車道劃分設施-分向設施子類別名稱,車道劃分設施-分道設施-快車道或一般車道間名稱,車道劃分設施-分道設施-快慢車道間名稱,車道劃分設施-分道設施-路面邊線名稱,事故類型及型態大類別名稱,事故類型及型態子類別名稱,肇因研判大類別名稱-主要,肇因研判子類別名稱-主要,死亡受傷人數,當事者順位,當事者區分-類別-大類別名稱-車種,當事者區分-類別-子類別名稱-車種,當事者屬-性-別名稱,當事者事故發生時年齡,保護裝備名稱,行動電話或電腦或其他相類功能裝置名稱,當事者行動狀態大類別名稱,當事者行動狀態子類別名稱,車輛撞擊部位大類別名稱-最初,車輛撞擊部位子類別名稱-最初,車輛撞擊部位大類別名稱-其他,車輛撞擊部位子類別名稱-其他,肇因研判大類別名稱-個別,肇因研判子類別名稱-個別,肇事逃逸類別名稱-是否肇逃,經度,緯度
20230828,20230828,2023,8,195500,A1,苗栗縣警察局,苗栗縣通霄鎮五南里中山路436號前0.0公尺南側,晴,有照明且開啟,省道,40,單路部分,直路,路段,路肩、路緣,柏油,乾燥,無缺陷,無障礙物,無遮蔽物,良好,無號誌,無號誌,中央分向島,寬式(50公分以上),車道線(無標記),快慢車道分隔線,有,車與車,同向擦撞,其他,其他不當駕車行為,死亡2;受傷0,1,機車,普通重型,男,48,未戴安全帽或未繫安全帶(未使用幼童安全椅),不明,車的狀態,向前直行中,機車與自行車,前車頭,NA,NA,其他,其他不當駕車行為,否,120.663622,24.464206
20230828,20230828,2023,8,195500,A1,苗栗縣警察局,苗栗縣通霄鎮五南里中山路436號前0.0公尺南側,晴,有照明且開啟,省道,40,單路部分,直路,路段,路肩、路緣,柏油,乾燥,無缺陷,無障礙物,無遮蔽物,良好,無號誌,無號誌,中央分向島,寬式(50公分以上),車道線(無標記),快慢車道分隔線,有,車與車,同向擦撞,其他,其他不當駕車行為,死亡2;受傷0,2,曳引車,營業用,男,37,不明,不明,車的狀態,靜止(引擎熄火),汽車,左後車尾(身),NA,NA,無(車輛駕駛者因素),尚未發現肇事因素,否,120.663622,24.464206
20230828,20230828,2023,8,195500,A1,苗栗縣警察局,苗栗縣通霄鎮五南里中山路436號前0.0公尺南側,晴,有照明且開啟,省道,40,單路部分,直路,路段,路肩、路緣,柏油,乾燥,無缺陷,無障礙物,無遮蔽物,良好,無號誌,無號誌,中央分向島,寬式(50公分以上),車道線(無標記),快慢車道分隔線,有,車與車,同向擦撞,其他,其他不當駕車行為,死亡2;受傷0,3,人,乘客,女,38,未戴安全帽或未繫安全帶(未使用幼童安全椅),非駕駛人,不明,不明,其他,非汽、機及自行車,NA,NA,無(非車輛駕駛人因素),尚未發現肇事因素,否,120.663622,24.464206
20230828,20230828,2023,8,212804,A1,雲林縣警察局,雲林縣斗六市南仁路51號前0.0公尺,晴,有照明且開啟,市區道路,50,單路部分,直路,路段,一般車道(未劃分快慢車道),柏油,乾燥,無缺陷,無障礙物,無遮蔽物,良好,閃光號誌,正常,雙向禁止超車線,無標記,未繪設車道線,未繪設快慢車道分隔線,有,人與車,同向通行中,駕駛者,酒醉(後)駕駛,死亡1;受傷0,1,小客車(含客、貨兩用),自用,男,32,不明,不明,車的狀態,向前直行中,汽車,右前車頭(身),NA,NA,駕駛者,酒醉(後)駕駛,是,120.584587,23.720911
20230828,20230828,2023,8,212804,A1,雲林縣警察局,雲林縣斗六市南仁路51號前0.0公尺,晴,有照明且開啟,市區道路,50,單路部分,直路,路段,一般車道(未劃分快慢車道),柏油,乾燥,無缺陷,無障礙物,無遮蔽物,良好,閃光號誌,正常,雙向禁止超車線,無標記,未繪設車道線,未繪設快慢車道分隔線,有,人與車,同向通行中,駕駛者,酒醉(後)駕駛,死亡1;受傷0,2,人,行人,女,68,其他(無需使用保護裝備之人),非駕駛人,人的狀態,步行,其他,非汽、機及自行車,NA,NA,非駕駛者,其他引起事故之疏失或行為,否,120.584587,23.720911
20230829,20230829,2023,8,082738,A1,新竹縣政府警察局,新竹縣湖口鄉新興路448號前0.0公尺,晴,有照明未開啟或故障,省道,50,單路部分,直路,路段,快車道,柏油,乾燥,無缺陷,無障礙物,無遮蔽物,良好,無號誌,無號誌,中央分向島,寬式(50公分以上),車道線(無標記),快慢車道分隔線,有,車與車,其他,駕駛者,超速駕駛,死亡1;受傷0,1,機車,普通重型,男,21,戴半罩式安全帽,未使用,車的狀態,向左變換車道,機車與自行車,前車頭,NA,NA,駕駛者,超速駕駛,否,121.002951,24.874827
20230829,20230829,2023,8,082738,A1,新竹縣政府警察局,新竹縣湖口鄉新興路448號前0.0公尺,晴,有照明未開啟或故障,省道,50,單路部分,直路,路段,快車道,柏油,乾燥,無缺陷,無障礙物,無遮蔽物,良好,無號誌,無號誌,中央分向島,寬式(50公分以上),車道線(無標記),快慢車道分隔線,有,車與車,其他,駕駛者,超速駕駛,死亡1;受傷0,2,小貨車(含客、貨兩用),自用,男,49,繫安全帶(使用幼童安全椅),未使用,車的狀態,向右變換車道,汽車,左後車尾(身),NA,NA,無(車輛駕駛者因素),尚未發現肇事因素,否,121.002951,24.874827
20230829,20230829,2023,8,082738,A1,新竹縣政府警察局,新竹縣湖口鄉新興路448號前0.0公尺,晴,有照明未開啟或故障,省道,50,單路部分,直路,路段,快車道,柏油,乾燥,無缺陷,無障礙物,無遮蔽物,良好,無號誌,無號誌,中央分向島,寬式(50公分以上),車道線(無標記),快慢車道分隔線,有,車與車,其他,駕駛者,超速駕駛,死亡1;受傷0,3,大貨車,營業用,男,48,繫安全帶(使用幼童安全椅),未使用,車的狀態,向前直行中,汽車,車底,NA,NA,無(車輛駕駛者因素),尚未發現肇事因素,否,121.002951,24.874827
20230829,20230829,2023,8,115000,A1,苗栗縣警察局,苗栗縣泰安鄉錦水村八卦道路10.25公里處,晴,無照明,村里道路,30,單路部分,彎曲路及附近,路段,一般車道(未劃分快慢車道),柏油,乾燥,無缺陷,無障礙物,無遮蔽物,良好,無號誌,無號誌,無,無分向設施,未繪設車道線,未繪設快慢車道分隔線,有,車輛本身,撞護欄(樁),駕駛者,打瞌睡或疲勞駕駛(包括連續駕車8小時),死亡1;受傷1,1,小客車(含客、貨兩用),自用,男,74,未戴安全帽或未繫安全帶(未使用幼童安全椅),不明,車的狀態,向前直行中,汽車,左前車頭(身),NA,NA,駕駛者,打瞌睡或疲勞駕駛(包括連續駕車8小時),否,120.921557,24.472184
20230829,20230829,2023,8,115000,A1,苗栗縣警察局,苗栗縣泰安鄉錦水村八卦道路10.25公里處,晴,無照明,村里道路,30,單路部分,彎曲路及附近,路段,一般車道(未劃分快慢車道),柏油,乾燥,無缺陷,無障礙物,無遮蔽物,良好,無號誌,無號誌,無,無分向設施,未繪設車道線,未繪設快慢車道分隔線,有,車輛本身,撞護欄(樁),駕駛者,打瞌睡或疲勞駕駛(包括連續駕車8小時),死亡1;受傷1,2,NA,NA,無或物(動物、堆置物),-1,NA,NA,NA,NA,NA,NA,NA,NA,無(非車輛駕駛人因素),尚未發現肇事因素,否,120.921557,24.472184
20230829,20230829,2023,8,115000,A1,苗栗縣警察局,苗栗縣泰安鄉錦水村八卦道路10.25公里處,晴,無照明,村里道路,30,單路部分,彎曲路及附近,路段,一般車道(未劃分快慢車道),柏油,乾燥,無缺陷,無障礙物,無遮蔽物,良好,無號誌,無號誌,無,無分向設施,未繪設車道線,未繪設快慢車道分隔線,有,車輛本身,撞護欄(樁),駕駛者,打瞌睡或疲勞駕駛(包括連續駕車8小時),死亡1;受傷1,3,人,乘客,女,71,未戴安全帽或未繫安全帶(未使用幼童安全椅),非駕駛人,人的狀態,靜立(止),其他,非汽、機及自行車,NA,NA,非駕駛者,乘坐不當(慎),否,120.921557,24.472184
20230829,20230829,2023,8,120400,A1,南投縣政府警察局,南投縣竹山鎮鯉南路福泉幹81號電桿前,晴,有照明未開啟或故障,縣道,40,單路部分,直路,路段,一般車道(未劃分快慢車道),柏油,乾燥,無缺陷,無障礙物,無遮蔽物,良好,無號誌,無號誌,雙向禁止超車線,無標記,未繪設車道線,未繪設快慢車道分隔線,有,車輛本身,撞電桿,其他,其他不當駕車行為,死亡1;受傷1,1,機車,普通重型,女,28,戴非半罩式安全帽,未使用,車的狀態,向前直行中,機車與自行車,前車頭,NA,NA,其他,其他不當駕車行為,否,120.663123,23.702224
20230829,20230829,2023,8,120400,A1,南投縣政府警察局,南投縣竹山鎮鯉南路福泉幹81號電桿前,晴,有照明未開啟或故障,縣道,40,單路部分,直路,路段,一般車道(未劃分快慢車道),柏油,乾燥,無缺陷,無障礙物,無遮蔽物,良好,無號誌,無號誌,雙向禁止超車線,無標記,未繪設車道線,未繪設快慢車道分隔線,有,車輛本身,撞電桿,其他,其他不當駕車行為,死亡1;受傷1,2,NA,NA,無或物(動物、堆置物),-1,NA,NA,NA,NA,NA,NA,NA,NA,無(非車輛駕駛人因素),尚未發現肇事因素,否,120.663123,23.702224
20230829,20230829,2023,8,120400,A1,南投縣政府警察局,南投縣竹山鎮鯉南路福泉幹81號電桿前,晴,有照明未開啟或故障,縣道,40,單路部分,直路,路段,一般車道(未劃分快慢車道),柏油,乾燥,無缺陷,無障礙物,無遮蔽物,良好,無號誌,無號誌,雙向禁止超車線,無標記,未繪設車道線,未繪設快慢車道分隔線,有,車輛本身,撞電桿,其他,其他不當駕車行為,死亡1;受傷1,3,人,乘客,女,34,戴非半罩式安全帽,非駕駛人,人的狀態,其他,其他,非汽、機及自行車,NA,NA,無(非車輛駕駛人因素),尚未發現肇事因素,否,120.663123,23.702224
20230829,20230829,2023,8,123900,A1,屏東縣政府警察局,屏東縣枋寮鄉大豐路、東角路,晴,無照明,省道,70,交岔路,四岔路,交叉路口,交叉路口內,柏油,乾燥,無缺陷,無障礙物,無遮蔽物,良好,行車管制號誌,正常,中央分向島,寬式(50公分以上),車道線(無標記),快慢車道分隔線,有,車與車,路口交岔撞,駕駛者,闖紅燈直行,死亡1;受傷1,1,小客車(含客、貨兩用),自用,男,32,不明,不明,車的狀態,向前直行中,汽車,左前車頭(身),NA,NA,駕駛者,闖紅燈直行,否,120.570844,22.434117
20230829,20230829,2023,8,123900,A1,屏東縣政府警察局,屏東縣枋寮鄉大豐路、東角路,晴,無照明,省道,70,交岔路,四岔路,交叉路口,交叉路口內,柏油,乾燥,無缺陷,無障礙物,無遮蔽物,良好,行車管制號誌,正常,中央分向島,寬式(50公分以上),車道線(無標記),快慢車道分隔線,有,車與車,路口交岔撞,駕駛者,闖紅燈直行,死亡1;受傷1,2,機車,普通重型,男,66,未戴安全帽或未繫安全帶(未使用幼童安全椅),不明,車的狀態,向前直行中,機車與自行車,前車頭,NA,NA,駕駛者,未避讓(跟隨、併駛、超車)消防、救護、警備、工程救險車、毒性化學物質災害事故應變車等執行緊急任務車,否,120.570844,22.434117
20230829,20230829,2023,8,123900,A1,屏東縣政府警察局,屏東縣枋寮鄉大豐路、東角路,晴,無照明,省道,70,交岔路,四岔路,交叉路口,交叉路口內,柏油,乾燥,無缺陷,無障礙物,無遮蔽物,良好,行車管制號誌,正常,中央分向島,寬式(50公分以上),車道線(無標記),快慢車道分隔線,有,車與車,路口交岔撞,駕駛者,闖紅燈直行,死亡1;受傷1,3,人,乘客,女,47,不明,非駕駛人,人的狀態,其他,其他,非汽、機及自行車,NA,NA,無(非車輛駕駛人因素),尚未發現肇事因素,否,120.570844,22.434117
20230829,20230829,2023,8,123900,A1,屏東縣政府警察局,屏東縣枋寮鄉大豐路、東角路,晴,無照明,省道,70,交岔路,四岔路,交叉路口,交叉路口內,柏油,乾燥,無缺陷,無障礙物,無遮蔽物,良好,行車管制號誌,正常,中央分向島,寬式(50公分以上),車道線(無標記),快慢車道分隔線,有,車與車,路口交岔撞,駕駛者,闖紅燈直行,死亡1;受傷1,4,人,乘客,男,53,不明,非駕駛人,人的狀態,其他,其他,非汽、機及自行車,NA,NA,無(非車輛駕駛人因素),尚未發現肇事因素,否,120.570844,22.434117
20230829,20230829,2023,8,123900,A1,屏東縣政府警察局,屏東縣枋寮鄉大豐路、東角路,晴,無照明,省道,70,交岔路,四岔路,交叉路口,交叉路口內,柏油,乾燥,無缺陷,無障礙物,無遮蔽物,良好,行車管制號誌,正常,中央分向島,寬式(50公分以上),車道線(無標記),快慢車道分隔線,有,車與車,路口交岔撞,駕駛者,闖紅燈直行,死亡1;受傷1,5,人,乘客,女,21,不明,非駕駛人,人的狀態,其他,其他,非汽、機及自行車,NA,NA,無(非車輛駕駛人因素),尚未發現肇事因素,否,120.570844,22.434117
20230830,20230830,2023,8,060551,A1,桃園市政府警察局,桃園市桃園區春日路1215號前0.0公尺北側,晴,有照明未開啟或故障,市區道路,50,單路部分,直路,路段,一般車道(未劃分快慢車道),柏油,乾燥,無缺陷,無障礙物,無遮蔽物,良好,無號誌,無號誌,中央分向島,寬式(50公分以上),車道線(無標記),未繪設快慢車道分隔線,有,人與車,穿越道路中,非駕駛者,未依標誌或標線穿越道路,死亡1;受傷1,1,人,行人,女,73,其他(無需使用保護裝備之人),非駕駛人,人的狀態,步行,其他,非汽、機及自行車,NA,NA,非駕駛者,未依標誌或標線穿越道路,否,121.30895,25.016186
20230830,20230830,2023,8,060551,A1,桃園市政府警察局,桃園市桃園區春日路1215號前0.0公尺北側,晴,有照明未開啟或故障,市區道路,50,單路部分,直路,路段,一般車道(未劃分快慢車道),柏油,乾燥,無缺陷,無障礙物,無遮蔽物,良好,無號誌,無號誌,中央分向島,寬式(50公分以上),車道線(無標記),未繪設快慢車道分隔線,有,人與車,穿越道路中,非駕駛者,未依標誌或標線穿越道路,死亡1;受傷1,2,機車,普通重型,男,26,戴半罩式安全帽,未使用,車的狀態,向前直行中,機車與自行車,前車頭,NA,NA,駕駛者,恍神、緊張、心不在焉分心駕駛,否,121.30895,25.016186
20230830,20230830,2023,8,090017,A1,桃園市政府警察局,桃園市蘆竹區南山路一段1號前0.0公尺,晴,無照明,市區道路,50,單路部分,直路,路段,一般車道(未劃分快慢車道),柏油,乾燥,無缺陷,無障礙物,無遮蔽物,良好,無號誌,無號誌,中央分向島,寬式(50公分以上),車道線(無標記),未繪設快慢車道分隔線,有,人與車,穿越道路中,非駕駛者,未依標誌或標線穿越道路,死亡1;受傷0,1,人,行人,女,71,其他(無需使用保護裝備之人),非駕駛人,人的狀態,步行,其他,非汽、機及自行車,NA,NA,非駕駛者,未依標誌或標線穿越道路,否,121.291638,25.049479
20230830,20230830,2023,8,090017,A1,桃園市政府警察局,桃園市蘆竹區南山路一段1號前0.0公尺,晴,無照明,市區道路,50,單路部分,直路,路段,一般車道(未劃分快慢車道),柏油,乾燥,無缺陷,無障礙物,無遮蔽物,良好,無號誌,無號誌,中央分向島,寬式(50公分以上),車道線(無標記),未繪設快慢車道分隔線,有,人與車,穿越道路中,非駕駛者,未依標誌或標線穿越道路,死亡1;受傷0,2,曳引車,營業用,男,59,繫安全帶(使用幼童安全椅),未使用,車的狀態,起步,汽車,右前車頭(身),NA,NA,無(車輛駕駛者因素),尚未發現肇事因素,否,121.291638,25.049479
20230830,20230830,2023,8,104341,A1,南投縣政府警察局,南投縣名間鄉彰南路366-1號前0.0公尺,晴,無照明,省道,60,單路部分,直路,路段,路肩、路緣,柏油,乾燥,無缺陷,無障礙物,無遮蔽物,良好,無號誌,無號誌,中央分向島,寬式(50公分以上),車道線(無標記),未繪設快慢車道分隔線,有,車與車,同向擦撞,駕駛者,恍神、緊張、心不在焉分心駕駛,死亡1;受傷0,1,機車,普通重型,女,58,戴半罩式安全帽,未使用,車的狀態,向前直行中,機車與自行車,前車頭,機車與自行車,前車頭,駕駛者,恍神、緊張、心不在焉分心駕駛,否,120.693458,23.876514
20230830,20230830,2023,8,104341,A1,南投縣政府警察局,南投縣名間鄉彰南路366-1號前0.0公尺,晴,無照明,省道,60,單路部分,直路,路段,路肩、路緣,柏油,乾燥,無缺陷,無障礙物,無遮蔽物,良好,無號誌,無號誌,中央分向島,寬式(50公分以上),車道線(無標記),未繪設快慢車道分隔線,有,車與車,同向擦撞,駕駛者,恍神、緊張、心不在焉分心駕駛,死亡1;受傷0,2,小客車(含客、貨兩用),自用,男,49,不明,不明,車的狀態,靜止(引擎熄火),汽車,左後車尾(身),NA,NA,無(車輛駕駛者因素),尚未發現肇事因素,否,120.693458,23.876514
20230830,20230830,2023,8,132200,A1,桃園市政府警察局,桃園市大園區保安路19號前0.0公尺,晴,有照明未開啟或故障,村里道路,50,單路部分,直路,路段,一般車道(未劃分快慢車道),柏油,乾燥,無缺陷,無障礙物,無遮蔽物,良好,無號誌,無號誌,行車分向線,無標記,未繪設車道線,未繪設快慢車道分隔線,有,車輛本身,撞電桿,駕駛者,酒醉(後)駕駛,死亡1;受傷0,1,機車,普通重型,男,73,戴非半罩式安全帽,未使用,車的狀態,向前直行中,機車與自行車,前車頭,NA,NA,駕駛者,酒醉(後)駕駛,否,121.21985,25.095515
20230830,20230830,2023,8,132200,A1,桃園市政府警察局,桃園市大園區保安路19號前0.0公尺,晴,有照明未開啟或故障,村里道路,50,單路部分,直路,路段,一般車道(未劃分快慢車道),柏油,乾燥,無缺陷,無障礙物,無遮蔽物,良好,無號誌,無號誌,行車分向線,無標記,未繪設車道線,未繪設快慢車道分隔線,有,車輛本身,撞電桿,駕駛者,酒醉(後)駕駛,死亡1;受傷0,2,NA,NA,無或物(動物、堆置物),-1,NA,NA,NA,NA,NA,NA,NA,NA,無(非車輛駕駛人因素),尚未發現肇事因素,否,121.21985,25.095515
20230830,20230830,2023,8,141400,A1,新北市政府警察局,新北市鶯歌區文化路 / 新北市鶯歌區尖山路,晴,無照明,市區道路,50,單路部分,直路,路段,一般車道(未劃分快慢車道),柏油,乾燥,無缺陷,無障礙物,無遮蔽物,良好,行車管制號誌(附設行人專用號誌),正常,雙向禁止超車線,無標記,禁止變換車道線(無標記),未繪設快慢車道分隔線,有,人與車,穿越道路中,非駕駛者,未依標誌或標線穿越道路,死亡1;受傷0,1,人,行人,男,65,其他(無需使用保護裝備之人),非駕駛人,人的狀態,步行,其他,非汽、機及自行車,NA,NA,非駕駛者,未依標誌或標線穿越道路,否,121.359548,24.956608
20230830,20230830,2023,8,141400,A1,新北市政府警察局,新北市鶯歌區文化路 / 新北市鶯歌區尖山路,晴,無照明,市區道路,50,單路部分,直路,路段,一般車道(未劃分快慢車道),柏油,乾燥,無缺陷,無障礙物,無遮蔽物,良好,行車管制號誌(附設行人專用號誌),正常,雙向禁止超車線,無標記,禁止變換車道線(無標記),未繪設快慢車道分隔線,有,人與車,穿越道路中,非駕駛者,未依標誌或標線穿越道路,死亡1;受傷0,2,大客車,營業用,男,58,不明,不明,車的狀態,起步,汽車,前車頭,NA,NA,無(車輛駕駛者因素),尚未發現肇事因素,是,121.359548,24.956608
20230830,20230830,2023,8,141400,A1,新北市政府警察局,新北市鶯歌區文化路 / 新北市鶯歌區尖山路,晴,無照明,市區道路,50,單路部分,直路,路段,一般車道(未劃分快慢車道),柏油,乾燥,無缺陷,無障礙物,無遮蔽物,良好,行車管制號誌(附設行人專用號誌),正常,雙向禁止超車線,無標記,禁止變換車道線(無標記),未繪設快慢車道分隔線,有,人與車,穿越道路中,非駕駛者,未依標誌或標線穿越道路,死亡1;受傷0,3,小客車(含客、貨兩用),租賃車,男,33,繫安全帶(使用幼童安全椅),未使用,車的狀態,起步,汽車,前車頭,NA,NA,無(車輛駕駛者因素),尚未發現肇事因素,否,121.359548,24.956608
20230830,20230830,2023,8,144300,A1,彰化縣警察局,彰化縣彰化市福田里彰南路6段前0.0公尺,陰,有照明未開啟或故障,市區道路,70,單路部分,直路,路段,路肩、路緣,柏油,乾燥,無缺陷,無障礙物,無遮蔽物,良好,閃光號誌,正常,中央分向島,寬式(50公分以上),車道線(無標記),窄式快慢車道分隔島(無柵欄),有,車輛本身,撞電桿,無(車輛駕駛者因素),尚未發現肇事因素,死亡1;受傷0,1,機車,普通重型,男,68,戴非半罩式安全帽,未使用,車的狀態,向前直行中,機車與自行車,前車頭,NA,NA,無(車輛駕駛者因素),尚未發現肇事因素,否,120.621517,24.049986
20230830,20230830,2023,8,144300,A1,彰化縣警察局,彰化縣彰化市福田里彰南路6段前0.0公尺,陰,有照明未開啟或故障,市區道路,70,單路部分,直路,路段,路肩、路緣,柏油,乾燥,無缺陷,無障礙物,無遮蔽物,良好,閃光號誌,正常,中央分向島,寬式(50公分以上),車道線(無標記),窄式快慢車道分隔島(無柵欄),有,車輛本身,撞電桿,無(車輛駕駛者因素),尚未發現肇事因素,死亡1;受傷0,2,NA,NA,無或物(動物、堆置物),-1,NA,NA,NA,NA,NA,NA,NA,NA,無(非車輛駕駛人因素),尚未發現肇事因素,否,120.621517,24.049986
20230830,20230830,2023,8,174609,A1,臺南市政府警察局,臺南市七股區樹林里樹林99之1號前未命名道路四岔路口,晴,無照明,市區道路,30,交岔路,四岔路,交叉路口,交叉路口內,柏油,乾燥,無缺陷,無障礙物,無遮蔽物,良好,無號誌,無號誌,無,無分向設施,未繪設車道線,未繪設快慢車道分隔線,無,車與車,路口交岔撞,駕駛者,無號誌路口，左方車未讓右方車先行,死亡1;受傷0,1,小貨車(含客、貨兩用),自用,男,59,繫安全帶(使用幼童安全椅),未使用,車的狀態,向前直行中,汽車,前車頭,NA,NA,駕駛者,無號誌路口，左方車未讓右方車先行,否,120.156044,23.110708
20230830,20230830,2023,8,174609,A1,臺南市政府警察局,臺南市七股區樹林里樹林99之1號前未命名道路四岔路口,晴,無照明,市區道路,30,交岔路,四岔路,交叉路口,交叉路口內,柏油,乾燥,無缺陷,無障礙物,無遮蔽物,良好,無號誌,無號誌,無,無分向設施,未繪設車道線,未繪設快慢車道分隔線,無,車與車,路口交岔撞,駕駛者,無號誌路口，左方車未讓右方車先行,死亡1;受傷0,2,機車,普通重型,男,67,未戴安全帽或未繫安全帶(未使用幼童安全椅),不明,車的狀態,向前直行中,機車與自行車,左側車身,NA,NA,駕駛者,未依規定減速,否,120.156044,23.110708
20230831,20230831,2023,8,142800,A1,臺中市政府警察局,臺中市南屯區鎮平里新鎮和路640-2號前0.0公尺,陰,有照明未開啟或故障,市區道路,50,單路部分,直路,路段,快車道,柏油,乾燥,無缺陷,無障礙物,無遮蔽物,良好,無號誌,無號誌,行車分向線,無標記,車道線(無標記),快慢車道分隔線,無,人與車,其他,其他,其他不當駕車行為,死亡1;受傷0,1,小貨車(含客、貨兩用),自用,男,26,繫安全帶(使用幼童安全椅),未使用,車的狀態,向前直行中,汽車,左前車頭(身),NA,NA,其他,其他不當駕車行為,否,120.620988,24.132333
20230831,20230831,2023,8,142800,A1,臺中市政府警察局,臺中市南屯區鎮平里新鎮和路640-2號前0.0公尺,陰,有照明未開啟或故障,市區道路,50,單路部分,直路,路段,快車道,柏油,乾燥,無缺陷,無障礙物,無遮蔽物,良好,無號誌,無號誌,行車分向線,無標記,車道線(無標記),快慢車道分隔線,無,人與車,其他,其他,其他不當駕車行為,死亡1;受傷0,2,人,行人,女,38,其他(無需使用保護裝備之人),非駕駛人,人的狀態,奔跑,其他,非汽、機及自行車,NA,NA,非駕駛者,穿越道路未注意左右來車,否,120.620988,24.132333
20230831,20230831,2023,8,142800,A1,臺中市政府警察局,臺中市南屯區鎮平里新鎮和路640-2號前0.0公尺,陰,有照明未開啟或故障,市區道路,50,單路部分,直路,路段,快車道,柏油,乾燥,無缺陷,無障礙物,無遮蔽物,良好,無號誌,無號誌,行車分向線,無標記,車道線(無標記),快慢車道分隔線,無,人與車,其他,其他,其他不當駕車行為,死亡1;受傷0,3,小客車(含客、貨兩用),租賃車,男,49,繫安全帶(使用幼童安全椅),未使用,車的狀態,等待(引擎未熄火),其他,無撞擊,NA,NA,其他,違規(臨時)停車,否,120.620988,24.132333
20230902,20230902,2023,9,042429,A1,苗栗縣警察局,苗栗縣銅鑼鄉樟樹村竹圍42之1號,陰,有照明未開啟或故障,省道,50,單路部分,彎曲路及附近,路段,路肩、路緣,柏油,乾燥,無缺陷,無障礙物,無遮蔽物,良好,無號誌,無號誌,行車分向線,無標記,未繪設車道線,未繪設快慢車道分隔線,有,車輛本身,撞電桿,其他,其他不當駕車行為,死亡1;受傷0,1,機車,普通重型,男,40,戴半罩式安全帽,未使用,車的狀態,向前直行中,機車與自行車,前車頭,NA,NA,其他,其他不當駕車行為,否,120.77695,24.439889
20230902,20230902,2023,9,042429,A1,苗栗縣警察局,苗栗縣銅鑼鄉樟樹村竹圍42之1號,陰,有照明未開啟或故障,省道,50,單路部分,彎曲路及附近,路段,路肩、路緣,柏油,乾燥,無缺陷,無障礙物,無遮蔽物,良好,無號誌,無號誌,行車分向線,無標記,未繪設車道線,未繪設快慢車道分隔線,有,車輛本身,撞電桿,其他,其他不當駕車行為,死亡1;受傷0,2,NA,NA,無或物(動物、堆置物),-1,NA,NA,NA,NA,NA,NA,NA,NA,無(非車輛駕駛人因素),尚未發現肇事因素,否,120.77695,24.439889
20230902,20230902,2023,9,060026,A1,彰化縣警察局,彰化縣鹿港鎮海埔里吉安路口 / 彰化縣鹿港鎮海埔里工業東三路口,晴,無照明,市區道路,50,交岔路,三岔路,交叉路口,交叉路口內,柏油,乾燥,無缺陷,無障礙物,無遮蔽物,良好,閃光號誌,正常,無,無分向設施,未繪設車道線,未繪設快慢車道分隔線,無,車輛本身,撞護欄(樁),其他,其他不當駕車行為,死亡1;受傷0,1,機車,普通重型,男,19,不明,不明,車的狀態,向前直行中,機車與自行車,前車頭,NA,NA,其他,其他不當駕車行為,否,120.41693,24.080873
20230902,20230902,2023,9,060026,A1,彰化縣警察局,彰化縣鹿港鎮海埔里吉安路口 / 彰化縣鹿港鎮海埔里工業東三路口,晴,無照明,市區道路,50,交岔路,三岔路,交叉路口,交叉路口內,柏油,乾燥,無缺陷,無障礙物,無遮蔽物,良好,閃光號誌,正常,無,無分向設施,未繪設車道線,未繪設快慢車道分隔線,無,車輛本身,撞護欄(樁),其他,其他不當駕車行為,死亡1;受傷0,2,NA,NA,無或物(動物、堆置物),-1,NA,NA,NA,NA,NA,NA,NA,NA,無(非車輛駕駛人因素),尚未發現肇事因素,否,120.41693,24.080873
20230902,20230902,2023,9,064300,A1,彰化縣警察局,彰化縣員林市大饒里萬年路一段與員集路二段386巷路口,晴,有照明未開啟或故障,市區道路,50,交岔路,四岔路,交叉路口,交叉路口內,柏油,乾燥,無缺陷,無障礙物,無遮蔽物,良好,行車管制號誌,正常,中央分向島,寬式(50公分以上),車道線(附標記),未繪設快慢車道分隔線,有,車與車,路口交岔撞,駕駛者,闖紅燈直行,死亡1;受傷0,1,慢車,微型電動二輪車,男,-1,未戴安全帽或未繫安全帶(未使用幼童安全椅),使用手持或有礙駕駛安全,車的狀態,向前直行中,機車與自行車,右側車身,NA,NA,駕駛者,闖紅燈直行,否,120.580653,23.944761