accident_date,發生日期,發生年度,發生月份,發生時間,事故類別名稱,處理單位名稱警局層,發生地點,天候名稱,光線名稱,道路類別-第1當事者-名稱,速限-第1當事者,道路型態大類別名稱,道路型態子類別名稱,事故位置大類別名稱,事故位置子類別名稱,路面狀況-路面鋪裝名稱,路面狀況-路面狀態名稱,路面狀況-路面缺陷名稱,道路障礙-障礙物名稱,道路障礙-視距品質名稱,道路障礙-視距名稱,號誌-號誌種類名稱,號誌-號誌動作名稱,車道劃分設施-分向設施大類別名稱,車道劃分設施-分向設施子類別名稱,車道劃分設施-分道設施-快車道或一般車道間名稱,車道劃分設施-分道設施-快慢車道間名稱,車道劃分設施-分道設施-路面邊線名稱,事故類型及型態大類別名稱,事故類型及型態子類別名稱,肇因研判大類別名稱-主要,肇因研判子類別名稱-主要,死亡受傷人數,當事者順位,當事者區分-類別-大類別名稱-車種,當事者區分-類別-子類別名稱-車種,當事者屬-性-別名稱,當事者事故發生時年齡,保護裝備名稱,行動電話或電腦或其他相類功能裝置名稱,當事者行動狀態大類別名稱,當事者行動狀態子類別名稱,車輛撞擊部位大類別名稱-最初,車輛撞擊部位子類別名稱-最初,車輛撞擊部位大類別名稱-其他,車輛撞擊部位子類別名稱-其他,肇因研判大類別名稱-個別,肇因研判子類別名稱-個別,肇事逃逸類別名稱-是否肇逃,經度,緯度
20230910,20230910,2023,9,044700,A1,新北市政府警察局,新北市樹林區柑園街2段 / 新北市樹林區柑園街2段,晴,有照明且開啟,市區道路,50,單路部分,直路,路段,一般車道(未劃分快慢車道),柏油,乾燥,無缺陷,無障礙物,無遮蔽物,良好,無號誌,無號誌,雙向禁止超車線,無標記,未繪設車道線,未繪設快慢車道分隔線,有,車輛本身,衝出路外,駕駛者,恍神、緊張、心不在焉分心駕駛,死亡1;受傷0,1,機車,普通重型,男,80,戴半罩式安全帽,未使用,車的狀態,向前直行中,機車與自行車,右側車身,NA,NA,駕駛者,恍神、緊張、心不在焉分心駕駛,否,121.370603,24.950604
20230910,20230910,2023,9,044700,A1,新北市政府警察局,新北市樹林區柑園街2段 / 新北市樹林區柑園街2段,晴,有照明且開啟,市區道路,50,單路部分,直路,路段,一般車道(未劃分快慢車道),柏油,乾燥,無缺陷,無障礙物,無遮蔽物,良好,無號誌,無號誌,雙向禁止超車線,無標記,未繪設車道線,未繪設快慢車道分隔線,有,車輛本身,衝出路外,駕駛者,恍神、緊張、心不在焉分心駕駛,死亡1;受傷0,2,NA,NA,無或物(動物、堆置物),112,NA,NA,NA,NA,NA,NA,NA,NA,無(非車輛駕駛人因素),尚未發現肇事因素,否,121.370603,24.950604
20230910,20230910,2023,9,050700,A1,雲林縣警察局,雲林縣斗六市萬年路46號旁,雨,有照明且開啟,村里道路,50,單路部分,彎曲路及附近,其他,其他,柏油,濕潤,無缺陷,無障礙物,無遮蔽物,良好,無號誌,無號誌,雙向禁止超車線,無標記,未繪設車道線,未繪設快慢車道分隔線,有,車輛本身,衝出路外,無(車輛駕駛者因素),尚未發現肇事因素,死亡1;受傷0,1,機車,普通重型,男,31,戴半罩式安全帽,不明,車的狀態,向前直行中,機車與自行車,前車頭,機車與自行車,前車頭,無(車輛駕駛者因素),尚未發現肇事因素,否,120.543314,23.721042
20230910,20230910,2023,9,050700,A1,雲林縣警察局,雲林縣斗六市萬年路46號旁,雨,有照明且開啟,村里道路,50,單路部分,彎曲路及附近,其他,其他,柏油,濕潤,無缺陷,無障礙物,無遮蔽物,良好,無號誌,無號誌,雙向禁止超車線,無標記,未繪設車道線,未繪設快慢車道分隔線,有,車輛本身,衝出路外,無(車輛駕駛者因素),尚未發現肇事因素,死亡1;受傷0,2,NA,NA,無或物(動物、堆置物),-1,NA,NA,NA,NA,NA,NA,NA,NA,無(非車輛駕駛人因素),尚未發現肇事因素,否,120.543314,23.721042
20230910,20230910,2023,9,073800,A1,花蓮縣警察局,花蓮縣富里鄉台9線 292公里600.0公尺處,晴,無照明,省道,50,交岔路,四岔路,交叉路口,交叉路口內,柏油,乾燥,無缺陷,無障礙物,無遮蔽物,良好,行車管制號誌,正常,無,無分向設施,未繪設車道線,未繪設快慢車道分隔線,有,車輛本身,撞電桿,駕駛者,觀看其他事故、活動、道路環境或車外資訊分心駕駛,死亡1;受傷0,1,小客車(含客、貨兩用),自用,女,74,繫安全帶(使用幼童安全椅),未使用,車的狀態,向前直行中,汽車,前車頭,汽車,前車頭,駕駛者,觀看其他事故、活動、道路環境或車外資訊分心駕駛,否,121.28231,23.22297
20230910,20230910,2023,9,073800,A1,花蓮縣警察局,花蓮縣富里鄉台9線 292公里600.0公尺處,晴,無照明,省道,50,交岔路,四岔路,交叉路口,交叉路口內,柏油,乾燥,無缺陷,無障礙物,無遮蔽物,良好,行車管制號誌,正常,無,無分向設施,未繪設車道線,未繪設快慢車道分隔線,有,車輛本身,撞電桿,駕駛者,觀看其他事故、活動、道路環境或車外資訊分心駕駛,死亡1;受傷0,2,NA,NA,無或物(動物、堆置物),-1,NA,NA,NA,NA,NA,NA,NA,NA,無(非車輛駕駛人因素),尚未發現肇事因素,否,121.28231,23.22297
20230910,20230910,2023,9,142400,A1,新北市政府警察局,新北市樹林區環漢路5段 / 新北市樹林區水源街,晴,有照明未開啟或故障,市區道路,50,交岔路,三岔路,交叉路口,交叉路口內,柏油,乾燥,無缺陷,無障礙物,無遮蔽物,良好,行車管制號誌,正常,雙向禁止超車線,無標記,未繪設車道線,未繪設快慢車道分隔線,無,車與車,側撞,駕駛者,違反其他號誌,死亡1;受傷0,1,小客車(含客、貨兩用),自用,男,37,繫安全帶(使用幼童安全椅),未使用,車的狀態,左轉彎,汽車,右前車頭(身),NA,NA,駕駛者,違反其他號誌,否,121.435191,24.995727
20230910,20230910,2023,9,142400,A1,新北市政府警察局,新北市樹林區環漢路5段 / 新北市樹林區水源街,晴,有照明未開啟或故障,市區道路,50,交岔路,三岔路,交叉路口,交叉路口內,柏油,乾燥,無缺陷,無障礙物,無遮蔽物,良好,行車管制號誌,正常,雙向禁止超車線,無標記,未繪設車道線,未繪設快慢車道分隔線,無,車與車,側撞,駕駛者,違反其他號誌,死亡1;受傷0,2,機車,普通重型,男,23,戴半罩式安全帽,未使用,車的狀態,向前直行中,機車與自行車,前車頭,NA,NA,無(車輛駕駛者因素),尚未發現肇事因素,否,121.435191,24.995727
20230911,20230911,2023,9,011600,A1,屏東縣政府警察局,屏東縣九如鄉東寧路55之3號,陰,有照明且開啟,鄉道,50,交岔路,四岔路,交叉路口,交叉路口內,柏油,濕潤,無缺陷,無障礙物,無遮蔽物,良好,無號誌,無號誌,雙向禁止超車線,無標記,車道線(無標記),快慢車道分隔線,有,車與車,側撞,駕駛者,酒醉(後)駕駛,死亡1;受傷0,1,小客車(含客、貨兩用),自用,男,23,未戴安全帽或未繫安全帶(未使用幼童安全椅),未使用,車的狀態,超車(含超越),汽車,右前車頭(身),汽車,右前車頭(身),駕駛者,酒醉(後)駕駛,是,120.496489,22.734771
20230911,20230911,2023,9,011600,A1,屏東縣政府警察局,屏東縣九如鄉東寧路55之3號,陰,有照明且開啟,鄉道,50,交岔路,四岔路,交叉路口,交叉路口內,柏油,濕潤,無缺陷,無障礙物,無遮蔽物,良好,無號誌,無號誌,雙向禁止超車線,無標記,車道線(無標記),快慢車道分隔線,有,車與車,側撞,駕駛者,酒醉(後)駕駛,死亡1;受傷0,2,機車,普通重型,男,22,戴非半罩式安全帽,不明,車的狀態,左轉彎,機車與自行車,左側車身,機車與自行車,後車尾,駕駛者,左轉彎未依規定,否,120.496489,22.734771
20230911,20230911,2023,9,011600,A1,屏東縣政府警察局,屏東縣九如鄉東寧路55之3號,陰,有照明且開啟,鄉道,50,交岔路,四岔路,交叉路口,交叉路口內,柏油,濕潤,無缺陷,無障礙物,無遮蔽物,良好,無號誌,無號誌,雙向禁止超車線,無標記,車道線(無標記),快慢車道分隔線,有,車與車,側撞,駕駛者,酒醉(後)駕駛,死亡1;受傷0,3,人,乘客,男,24,未戴安全帽或未繫安全帶(未使用幼童安全椅),非駕駛人,不明,不明,其他,非汽、機及自行車,其他,非汽、機及自行車,無(非車輛駕駛人因素),尚未發現肇事因素,否,120.496489,22.734771
20230911,20230911,2023,9,011600,A1,屏東縣政府警察局,屏東縣九如鄉東寧路55之3號,陰,有照明且開啟,鄉道,50,交岔路,四岔路,交叉路口,交叉路口內,柏油,濕潤,無缺陷,無障礙物,無遮蔽物,良好,無號誌,無號誌,雙向禁止超車線,無標記,車道線(無標記),快慢車道分隔線,有,車與車,側撞,駕駛者,酒醉(後)駕駛,死亡1;受傷0,4,人,乘客,男,24,不明,非駕駛人,人的狀態,其他,其他,非汽、機及自行車,其他,非汽、機及自行車,無(非車輛駕駛人因素),尚未發現肇事因素,否,120.496489,22.734771
20230911,20230911,2023,9,072710,A1,桃園市政府警察局,桃園市蘆竹區南青路口 / 桃園市蘆竹區大華街口,晴,有照明且開啟,村里道路,50,交岔路,四岔路,交叉路口,交叉路口內,柏油,乾燥,無缺陷,無障礙物,無遮蔽物,良好,行車管制號誌(附設行人專用號誌),正常,無,無分向設施,未繪設車道線,未繪設快慢車道分隔線,無,車與車,側撞,其他,其他不當駕車行為,死亡1;受傷0,1,機車,普通重型,男,49,戴半罩式安全帽,未使用,車的狀態,向前直行中,機車與自行車,前車頭,NA,NA,其他,其他不當駕車行為,否,121.255396,25.050144
20230911,20230911,2023,9,072710,A1,桃園市政府警察局,桃園市蘆竹區南青路口 / 桃園市蘆竹區大華街口,晴,有照明且開啟,村里道路,50,交岔路,四岔路,交叉路口,交叉路口內,柏油,乾燥,無缺陷,無障礙物,無遮蔽物,良好,行車管制號誌(附設行人專用號誌),正常,無,無分向設施,未繪設車道線,未繪設快慢車道分隔線,無,車與車,側撞,其他,其他不當駕車行為,死亡1;受傷0,2,小客車(含客、貨兩用),自用,男,37,繫安全帶(使用幼童安全椅),未使用,車的狀態,左轉彎,汽車,右前車頭(身),NA,NA,其他,其他不當駕車行為,否,121.255396,25.050144
20230911,20230911,2023,9,112246,A1,苗栗縣警察局,苗栗縣通霄鎮西濱橋下P075號橋墩前產業道路,晴,有照明未開啟或故障,其他,50,交岔路,三岔路,交叉路口,交叉路口內,柏油,乾燥,無缺陷,無障礙物,無遮蔽物,良好,無號誌,無號誌,無,無分向設施,未繪設車道線,未繪設快慢車道分隔線,無,車與車,側撞,駕駛者,違規超車,死亡1;受傷0,1,機車,普通重型,男,77,戴非半罩式安全帽,未使用,車的狀態,向前直行中,機車與自行車,右側車身,NA,NA,駕駛者,違規超車,否,120.660669,24.472427
20230911,20230911,2023,9,112246,A1,苗栗縣警察局,苗栗縣通霄鎮西濱橋下P075號橋墩前產業道路,晴,有照明未開啟或故障,其他,50,交岔路,三岔路,交叉路口,交叉路口內,柏油,乾燥,無缺陷,無障礙物,無遮蔽物,良好,無號誌,無號誌,無,無分向設施,未繪設車道線,未繪設快慢車道分隔線,無,車與車,側撞,駕駛者,違規超車,死亡1;受傷0,2,小貨車(含客、貨兩用),自用,男,62,繫安全帶(使用幼童安全椅),未使用,車的狀態,左轉彎,汽車,左前車頭(身),NA,NA,駕駛者,左轉彎未依規定,否,120.660669,24.472427
20230911,20230911,2023,9,154700,A1,桃園市政府警察局,桃園市大溪區介壽路口 / 桃園市大溪區介壽路口,晴,有照明未開啟或故障,市區道路,50,交岔路,三岔路,交叉路口,交叉路口內,柏油,乾燥,無缺陷,無障礙物,無遮蔽物,良好,無號誌,無號誌,無,無分向設施,未繪設車道線,未繪設快慢車道分隔線,無,人與車,穿越道路中,非駕駛者,未依標誌或標線穿越道路,死亡1;受傷0,1,人,行人,女,87,其他(無需使用保護裝備之人),非駕駛人,人的狀態,步行,其他,非汽、機及自行車,其他,非汽、機及自行車,非駕駛者,未依標誌或標線穿越道路,否,121.285012,24.90529
20230911,20230911,2023,9,154700,A1,桃園市政府警察局,桃園市大溪區介壽路口 / 桃園市大溪區介壽路口,晴,有照明未開啟或故障,市區道路,50,交岔路,三岔路,交叉路口,交叉路口內,柏油,乾燥,無缺陷,無障礙物,無遮蔽物,良好,無號誌,無號誌,無,無分向設施,未繪設車道線,未繪設快慢車道分隔線,無,人與車,穿越道路中,非駕駛者,未依標誌或標線穿越道路,死亡1;受傷0,2,曳引車,營業用,男,52,不明,不明,車的狀態,起步,汽車,前車頭,汽車,前車頭,其他,其他不當駕車行為,否,121.285012,24.90529
20230911,20230911,2023,9,172500,A1,高雄市政府警察局,高雄市左營區翠華路 / 高雄市左營區新庄仔路,晴,無照明,市區道路,50,交岔路,多岔路,交叉路口,交叉路口內,柏油,乾燥,無缺陷,無障礙物,無遮蔽物,良好,行車管制號誌,正常,無,無分向設施,未繪設車道線,未繪設快慢車道分隔線,無,車與車,追撞,駕駛者,打瞌睡或疲勞駕駛(包括連續駕車8小時),死亡1;受傷4,1,小客車(含客、貨兩用),自用,女,36,繫安全帶(使用幼童安全椅),未使用,車的狀態,向前直行中,汽車,前車頭,NA,NA,駕駛者,打瞌睡或疲勞駕駛(包括連續駕車8小時),否,120.297864,22.678622
20230911,20230911,2023,9,172500,A1,高雄市政府警察局,高雄市左營區翠華路 / 高雄市左營區新庄仔路,晴,無照明,市區道路,50,交岔路,多岔路,交叉路口,交叉路口內,柏油,乾燥,無缺陷,無障礙物,無遮蔽物,良好,行車管制號誌,正常,無,無分向設施,未繪設車道線,未繪設快慢車道分隔線,無,車與車,追撞,駕駛者,打瞌睡或疲勞駕駛(包括連續駕車8小時),死亡1;受傷4,2,機車,普通重型,男,50,戴非半罩式安全帽,未使用,車的狀態,向前直行中,機車與自行車,後車尾,NA,NA,無(車輛駕駛者因素),尚未發現肇事因素,否,120.297864,22.678622
20230911,20230911,2023,9,172500,A1,高雄市政府警察局,高雄市左營區翠華路 / 高雄市左營區新庄仔路,晴,無照明,市區道路,50,交岔路,多岔路,交叉路口,交叉路口內,柏油,乾燥,無缺陷,無障礙物,無遮蔽物,良好,行車管制號誌,正常,無,無分向設施,未繪設車道線,未繪設快慢車道分隔線,無,車與車,追撞,駕駛者,打瞌睡或疲勞駕駛(包括連續駕車8小時),死亡1;受傷4,3,機車,普通重型,男,31,戴非半罩式安全帽,未使用,車的狀態,向前直行中,機車與自行車,前車頭,NA,NA,無(車輛駕駛者因素),尚未發現肇事因素,否,120.297864,22.678622
20230911,20230911,2023,9,172500,A1,高雄市政府警察局,高雄市左營區翠華路 / 高雄市左營區新庄仔路,晴,無照明,市區道路,50,交岔路,多岔路,交叉路口,交叉路口內,柏油,乾燥,無缺陷,無障礙物,無遮蔽物,良好,行車管制號誌,正常,無,無分向設施,未繪設車道線,未繪設快慢車道分隔線,無,車與車,追撞,駕駛者,打瞌睡或疲勞駕駛(包括連續駕車8小時),死亡1;受傷4,4,小客車(含客、貨兩用),自用,女,59,繫安全帶(使用幼童安全椅),未使用,車的狀態,向前直行中,汽車,右前車頭(身),NA,NA,無(車輛駕駛者因素),尚未發現肇事因素,否,120.297864,22.678622
20230911,20230911,2023,9,172500,A1,高雄市政府警察局,高雄市左營區翠華路 / 高雄市左營區新庄仔路,晴,無照明,市區道路,50,交岔路,多岔路,交叉路口,交叉路口內,柏油,乾燥,無缺陷,無障礙物,無遮蔽物,良好,行車管制號誌,正常,無,無分向設施,未繪設車道線,未繪設快慢車道分隔線,無,車與車,追撞,駕駛者,打瞌睡或疲勞駕駛(包括連續駕車8小時),死亡1;受傷4,5,人,乘客,男,17,戴非半罩式安全帽,非駕駛人,人的狀態,其他,其他,非汽、機及自行車,NA,NA,無(非車輛駕駛人因素),尚未發現肇事因素,否,120.297864,22.678622
20230911,20230911,2023,9,194100,A1,嘉義市政府警察局,嘉義市西區美源里杭州三街 / 嘉義市西區美源里杭州六街,晴,有照明且開啟,市區道路,30,交岔路,四岔路,交叉路口,交叉路口內,柏油,乾燥,無缺陷,無障礙物,無遮蔽物,良好,無號誌,無號誌,無,無分向設施,未繪設車道線,未繪設快慢車道分隔線,無,車與車,路口交岔撞,駕駛者,無號誌路口，支線道未讓幹線道先行,死亡1;受傷0,1,機車,普通重型,男,80,戴非半罩式安全帽,未使用,車的狀態,向前直行中,機車與自行車,前車頭,NA,NA,駕駛者,無號誌路口，支線道未讓幹線道先行,否,120.444148,23.466899
20230911,20230911,2023,9,194100,A1,嘉義市政府警察局,嘉義市西區美源里杭州三街 / 嘉義市西區美源里杭州六街,晴,有照明且開啟,市區道路,30,交岔路,四岔路,交叉路口,交叉路口內,柏油,乾燥,無缺陷,無障礙物,無遮蔽物,良好,無號誌,無號誌,無,無分向設施,未繪設車道線,未繪設快慢車道分隔線,無,車與車,路口交岔撞,駕駛者,無號誌路口，支線道未讓幹線道先行,死亡1;受傷0,2,小貨車(含客、貨兩用),自用,男,25,繫安全帶(使用幼童安全椅),未使用,車的狀態,向前直行中,汽車,右側車身,NA,NA,其他,其他不當駕車行為,否,120.444148,23.466899
20230911,20230911,2023,9,205500,A1,臺南市政府警察局,臺南市仁德區中山路153號,晴,有照明且開啟,市區道路,60,單路部分,直路,路段,快車道,柏油,乾燥,無缺陷,路上有停車,無遮蔽物,良好,無號誌,無號誌,中央分向島,窄式無柵欄,車道線(無標記),未繪設快慢車道分隔線,有,車與車,追撞,駕駛者,未保持行車安全距離,死亡1;受傷2,1,機車,普通重型,女,22,戴非半罩式安全帽,未使用,車的狀態,向前直行中,機車與自行車,前車頭,機車與自行車,前車頭,駕駛者,未保持行車安全距離,否,120.264355,22.970073
20230911,20230911,2023,9,205500,A1,臺南市政府警察局,臺南市仁德區中山路153號,晴,有照明且開啟,市區道路,60,單路部分,直路,路段,快車道,柏油,乾燥,無缺陷,路上有停車,無遮蔽物,良好,無號誌,無號誌,中央分向島,窄式無柵欄,車道線(無標記),未繪設快慢車道分隔線,有,車與車,追撞,駕駛者,未保持行車安全距離,死亡1;受傷2,2,小客車(含客、貨兩用),自用,男,42,繫安全帶(使用幼童安全椅),未使用,車的狀態,等待(引擎未熄火),汽車,左後車尾(身),汽車,左後車尾(身),無(車輛駕駛者因素),尚未發現肇事因素,否,120.264355,22.970073
20230911,20230911,2023,9,205500,A1,臺南市政府警察局,臺南市仁德區中山路153號,晴,有照明且開啟,市區道路,60,單路部分,直路,路段,快車道,柏油,乾燥,無缺陷,路上有停車,無遮蔽物,良好,無號誌,無號誌,中央分向島,窄式無柵欄,車道線(無標記),未繪設快慢車道分隔線,有,車與車,追撞,駕駛者,未保持行車安全距離,死亡1;受傷2,3,機車,普通重型,女,19,戴半罩式安全帽,未使用,車的狀態,向前直行中,其他,不明,其他,不明,其他,相關跡證不足且無具體影像紀錄，當事人各執一詞，經分析後無法釐清肇事原因,否,120.264355,22.970073
20230911,20230911,2023,9,205500,A1,臺南市政府警察局,臺南市仁德區中山路153號,晴,有照明且開啟,市區道路,60,單路部分,直路,路段,快車道,柏油,乾燥,無缺陷,路上有停車,無遮蔽物,良好,無號誌,無號誌,中央分向島,窄式無柵欄,車道線(無標記),未繪設快慢車道分隔線,有,車與車,追撞,駕駛者,未保持行車安全距離,死亡1;受傷2,4,人,乘客,女,19,戴半罩式安全帽,非駕駛人,人的狀態,其他,其他,非汽、機及自行車,其他,非汽、機及自行車,無(非車輛駕駛人因素),尚未發現肇事因素,否,120.264355,22.970073
20230911,20230911,2023,9,215000,A1,高雄市政府警察局,高雄市三民區村九如二路 / 高雄市三民區自立一路,晴,有照明且開啟,市區道路,50,交岔路,四岔路,交叉路口,交叉路口內,柏油,乾燥,無缺陷,無障礙物,無遮蔽物,良好,行車管制號誌,正常,雙向禁止超車線,無標記,車道線(無標記),快慢車道分隔線,有,車與車,側撞,駕駛者,右轉彎未依規定,死亡1;受傷0,1,大客車,自用,男,53,繫安全帶(使用幼童安全椅),未使用,車的狀態,右轉彎,汽車,前車頭,NA,NA,駕駛者,右轉彎未依規定,否,120.296205,22.641694
20230911,20230911,2023,9,215000,A1,高雄市政府警察局,高雄市三民區村九如二路 / 高雄市三民區自立一路,晴,有照明且開啟,市區道路,50,交岔路,四岔路,交叉路口,交叉路口內,柏油,乾燥,無缺陷,無障礙物,無遮蔽物,良好,行車管制號誌,正常,雙向禁止超車線,無標記,車道線(無標記),快慢車道分隔線,有,車與車,側撞,駕駛者,右轉彎未依規定,死亡1;受傷0,2,慢車,腳踏自行車,男,27,其他(無需使用保護裝備之人),未使用,車的狀態,向前直行中,機車與自行車,後車尾,NA,NA,無(車輛駕駛者因素),尚未發現肇事因素,否,120.296205,22.641694
20230912,20230912,2023,9,070000,A1,新北市政府警察局,新北市瑞芳區臺2線道路前0.0公尺,晴,有照明未開啟或故障,省道,50,單路部分,彎曲路及附近,路段,一般車道(未劃分快慢車道),柏油,乾燥,無缺陷,無障礙物,無遮蔽物,良好,無號誌,無號誌,雙向禁止超車線,附標記,未繪設車道線,未繪設快慢車道分隔線,有,車輛本身,路上翻車、摔倒,駕駛者,未依規定減速,死亡1;受傷0,1,大客車,營業用,男,46,繫安全帶(使用幼童安全椅),未使用,車的狀態,向前直行中,其他,不明,NA,NA,駕駛者,未依規定減速,否,121.842028,25.122113
20230912,20230912,2023,9,070000,A1,新北市政府警察局,新北市瑞芳區臺2線道路前0.0公尺,晴,有照明未開啟或故障,省道,50,單路部分,彎曲路及附近,路段,一般車道(未劃分快慢車道),柏油,乾燥,無缺陷,無障礙物,無遮蔽物,良好,無號誌,無號誌,雙向禁止超車線,附標記,未繪設車道線,未繪設快慢車道分隔線,有,車輛本身,路上翻車、摔倒,駕駛者,未依規定減速,死亡1;受傷0,2,NA,NA,無或物(動物、堆置物),0,NA,NA,NA,NA,NA,NA,NA,NA,無(非車輛駕駛人因素),尚未發現肇事因素,否,121.842028,25.122113
20230912,20230912,2023,9,130800,A1,高雄市政府警察局,高雄市小港區松青街 / 高雄市小港區松正路,晴,有照明未開啟或故障,市區道路,30,交岔路,四岔路,交叉路口,交叉路口內,柏油,乾燥,無缺陷,無障礙物,無遮蔽物,良好,無號誌,無號誌,無,無分向設施,未繪設車道線,未繪設快慢車道分隔線,無,車與車,路口交岔撞,駕駛者,無號誌路口，支線道未讓幹線道先行,死亡1;受傷0,1,小客車(含客、貨兩用),自用,男,29,繫安全帶(使用幼童安全椅),未使用,車的狀態,向前直行中,汽車,左前車頭(身),NA,NA,駕駛者,無號誌路口，支線道未讓幹線道先行,否,120.376728,22.571452
20230912,20230912,2023,9,130800,A1,高雄市政府警察局,高雄市小港區松青街 / 高雄市小港區松正路,晴,有照明未開啟或故障,市區道路,30,交岔路,四岔路,交叉路口,交叉路口內,柏油,乾燥,無缺陷,無障礙物,無遮蔽物,良好,無號誌,無號誌,無,無分向設施,未繪設車道線,未繪設快慢車道分隔線,無,車與車,路口交岔撞,駕駛者,無號誌路口，支線道未讓幹線道先行,死亡1;受傷0,2,機車,普通重型,女,67,戴半罩式安全帽,不明,車的狀態,向前直行中,機車與自行車,右側車身,NA,NA,駕駛者,未依規定減速,否,120.376728,22.571452
20230912,20230912,2023,9,144700,A1,新北市政府警察局,新北市土城區和城路2段253號前0.0公尺,晴,有照明未開啟或故障,市區道路,30,單路部分,直路,路段,一般車道(未劃分快慢車道),柏油,乾燥,無缺陷,無障礙物,無遮蔽物,良好,無號誌,無號誌,無,無分向設施,未繪設車道線,未繪設快慢車道分隔線,有,車與車,其他,其他,其他不當駕車行為,死亡1;受傷1,1,機車,普通重型,男,28,戴非半罩式安全帽,未使用,車的狀態,其他,機車與自行車,後車尾,機車與自行車,前車頭,其他,其他不當駕車行為,否,121.475229,24.989315
20230912,20230912,2023,9,144700,A1,新北市政府警察局,新北市土城區和城路2段253號前0.0公尺,晴,有照明未開啟或故障,市區道路,30,單路部分,直路,路段,一般車道(未劃分快慢車道),柏油,乾燥,無缺陷,無障礙物,無遮蔽物,良好,無號誌,無號誌,無,無分向設施,未繪設車道線,未繪設快慢車道分隔線,有,車與車,其他,其他,其他不當駕車行為,死亡1;受傷1,2,機車,普通重型,女,19,戴非半罩式安全帽,未使用,車的狀態,向前直行中,機車與自行車,前車頭,NA,NA,無(車輛駕駛者因素),尚未發現肇事因素,否,121.475229,24.989315
20230912,20230912,2023,9,144700,A1,新北市政府警察局,新北市土城區和城路2段253號前0.0公尺,晴,有照明未開啟或故障,市區道路,30,單路部分,直路,路段,一般車道(未劃分快慢車道),柏油,乾燥,無缺陷,無障礙物,無遮蔽物,良好,無號誌,無號誌,無,無分向設施,未繪設車道線,未繪設快慢車道分隔線,有,車與車,其他,其他,其他不當駕車行為,死亡1;受傷1,3,小客車(含客、貨兩用),自用,男,52,不明,不明,車的狀態,靜止(引擎熄火),汽車,左前車頭(身),NA,NA,無(車輛駕駛者因素),尚未發現肇事因素,否,121.475229,24.989315
20230913,20230913,2023,9,080400,A1,臺南市政府警察局,臺南市七股區南31 5公里600.0公尺處,晴,有照明未開啟或故障,市區道路,30,單路部分,彎曲路及附近,路段,一般車道(未劃分快慢車道),柏油,乾燥,無缺陷,無障礙物,無遮蔽物,良好,無號誌,無號誌,無,無分向設施,未繪設車道線,未繪設快慢車道分隔線,有,車與車,對撞,駕駛者,未靠右行駛,死亡1;受傷0,1,機車,普通重型,男,27,戴非半罩式安全帽,不明,車的狀態,向前直行中,機車與自行車,前車頭,NA,NA,駕駛者,未靠右行駛,否,120.084028,23.123736
20230913,20230913,2023,9,080400,A1,臺南市政府警察局,臺南市七股區南31 5公里600.0公尺處,晴,有照明未開啟或故障,市區道路,30,單路部分,彎曲路及附近,路段,一般車道(未劃分快慢車道),柏油,乾燥,無缺陷,無障礙物,無遮蔽物,良好,無號誌,無號誌,無,無分向設施,未繪設車道線,未繪設快慢車道分隔線,有,車與車,對撞,駕駛者,未靠右行駛,死亡1;受傷0,2,小貨車(含客、貨兩用),自用,男,40,繫安全帶(使用幼童安全椅),未使用,車的狀態,向前直行中,汽車,右前車頭(身),NA,NA,駕駛者,未靠右行駛,否,120.084028,23.123736
20230913,20230913,2023,9,080800,A1,彰化縣警察局,彰化縣埤頭鄉埤頭村斗苑東路561號前0.0公尺南側,晴,有照明未開啟或故障,村里道路,60,單路部分,直路,路段,迴轉道,柏油,乾燥,無缺陷,無障礙物,無遮蔽物,良好,無號誌,無號誌,中央分向島,寬式(50公分以上),車道線(無標記),快慢車道分隔線,有,車與車,追撞,駕駛者,起步時未注意安全,死亡1;受傷0,1,機車,普通重型,女,62,戴半罩式安全帽,未使用,車的狀態,起步,機車與自行車,左側車身,NA,NA,駕駛者,起步時未注意安全,否,120.478938,23.88907
20230913,20230913,2023,9,080800,A1,彰化縣警察局,彰化縣埤頭鄉埤頭村斗苑東路561號前0.0公尺南側,晴,有照明未開啟或故障,村里道路,60,單路部分,直路,路段,迴轉道,柏油,乾燥,無缺陷,無障礙物,無遮蔽物,良好,無號誌,無號誌,中央分向島,寬式(50公分以上),車道線(無標記),快慢車道分隔線,有,車與車,追撞,駕駛者,起步時未注意安全,死亡1;受傷0,2,小客車(含客、貨兩用),自用,男,23,繫安全帶(使用幼童安全椅),未使用,車的狀態,向前直行中,汽車,前車頭,NA,NA,駕駛者,觀看其他事故、活動、道路環境或車外資訊分心駕駛,否,120.478938,23.88907
20230913,20230913,2023,9,082947,A1,雲林縣警察局,雲林縣西螺鎮頂湳里(七座6東14電桿處),晴,有照明未開啟或故障,村里道路,30,交岔路,四岔路,交叉路口,交叉路口內,柏油,乾燥,無缺陷,無障礙物,無遮蔽物,良好,無號誌,無號誌,無,無分向設施,未繪設車道線,未繪設快慢車道分隔線,無,車與車,路口交岔撞,駕駛者,無號誌路口，左方車未讓右方車先行,死亡1;受傷0,1,機車,普通重型,女,72,未戴安全帽或未繫安全帶(未使用幼童安全椅),未使用,車的狀態,向前直行中,機車與自行車,右側車身,NA,NA,駕駛者,無號誌路口，左方車未讓右方車先行,否,120.447033,23.765111