accident_date,發生日期,發生年度,發生月份,發生時間,事故類別名稱,處理單位名稱警局層,發生地點,天候名稱,光線名稱,道路類別-第1當事者-名稱,速限-第1當事者,道路型態大類別名稱,道路型態子類別名稱,事故位置大類別名稱,事故位置子類別名稱,路面狀況-路面鋪裝名稱,路面狀況-路面狀態名稱,路面狀況-路面缺陷名稱,道路障礙-障礙物名稱,道路障礙-視距品質名稱,道路障礙-視距名稱,號誌-號誌種類名稱,號誌-號誌動作名稱,車道劃分設施-分向設施大類別名稱,車道劃分設施-分向設施子類別名稱,車道劃分設施-分道設施-快車道或一般車道間名稱,車道劃分設施-分道設施-快慢車道間名稱,車道劃分設施-分道設施-路面邊線名稱,事故類型及型態大類別名稱,事故類型及型態子類別名稱,肇因研判大類別名稱-主要,肇因研判子類別名稱-主要,死亡受傷人數,當事者順位,當事者區分-類別-大類別名稱-車種,當事者區分-類別-子類別名稱-車種,當事者屬-性-別名稱,當事者事故發生時年齡,保護裝備名稱,行動電話或電腦或其他相類功能裝置名稱,當事者行動狀態大類別名稱,當事者行動狀態子類別名稱,車輛撞擊部位大類別名稱-最初,車輛撞擊部位子類別名稱-最初,車輛撞擊部位大類別名稱-其他,車輛撞擊部位子類別名稱-其他,肇因研判大類別名稱-個別,肇因研判子類別名稱-個別,肇事逃逸類別名稱-是否肇逃,經度,緯度
20230917,20230917,2023,9,140208,A1,臺東縣警察局,臺東縣成功鎮台23線 41公里200.0公尺處,陰,無照明,省道,50,交岔路,三岔路,交叉路口,交叉路口內,柏油,乾燥,無缺陷,無障礙物,無遮蔽物,良好,無號誌,無號誌,無,無分向設施,未繪設車道線,未繪設快慢車道分隔線,有,車輛本身,撞護欄(樁),其他,其他不當駕車行為,死亡1;受傷4,1,小客車(含客、貨兩用),自用,男,66,不明,未使用,車的狀態,向前直行中,汽車,前車頭,NA,NA,其他,其他不當駕車行為,否,121.298983,22.9905
20230917,20230917,2023,9,140208,A1,臺東縣警察局,臺東縣成功鎮台23線 41公里200.0公尺處,陰,無照明,省道,50,交岔路,三岔路,交叉路口,交叉路口內,柏油,乾燥,無缺陷,無障礙物,無遮蔽物,良好,無號誌,無號誌,無,無分向設施,未繪設車道線,未繪設快慢車道分隔線,有,車輛本身,撞護欄(樁),其他,其他不當駕車行為,死亡1;受傷4,2,NA,NA,無或物(動物、堆置物),-1,NA,NA,NA,NA,NA,NA,NA,NA,無(非車輛駕駛人因素),尚未發現肇事因素,否,121.298983,22.9905
20230917,20230917,2023,9,140208,A1,臺東縣警察局,臺東縣成功鎮台23線 41公里200.0公尺處,陰,無照明,省道,50,交岔路,三岔路,交叉路口,交叉路口內,柏油,乾燥,無缺陷,無障礙物,無遮蔽物,良好,無號誌,無號誌,無,無分向設施,未繪設車道線,未繪設快慢車道分隔線,有,車輛本身,撞護欄(樁),其他,其他不當駕車行為,死亡1;受傷4,3,人,乘客,男,73,不明,非駕駛人,人的狀態,其他,其他,非汽、機及自行車,NA,NA,無(非車輛駕駛人因素),尚未發現肇事因素,否,121.298983,22.9905
20230917,20230917,2023,9,140208,A1,臺東縣警察局,臺東縣成功鎮台23線 41公里200.0公尺處,陰,無照明,省道,50,交岔路,三岔路,交叉路口,交叉路口內,柏油,乾燥,無缺陷,無障礙物,無遮蔽物,良好,無號誌,無號誌,無,無分向設施,未繪設車道線,未繪設快慢車道分隔線,有,車輛本身,撞護欄(樁),其他,其他不當駕車行為,死亡1;受傷4,4,人,乘客,男,35,不明,非駕駛人,人的狀態,其他,其他,非汽、機及自行車,NA,NA,無(非車輛駕駛人因素),尚未發現肇事因素,否,121.298983,22.9905
20230917,20230917,2023,9,140208,A1,臺東縣警察局,臺東縣成功鎮台23線 41公里200.0公尺處,陰,無照明,省道,50,交岔路,三岔路,交叉路口,交叉路口內,柏油,乾燥,無缺陷,無障礙物,無遮蔽物,良好,無號誌,無號誌,無,無分向設施,未繪設車道線,未繪設快慢車道分隔線,有,車輛本身,撞護欄(樁),其他,其他不當駕車行為,死亡1;受傷4,5,人,乘客,男,61,不明,非駕駛人,人的狀態,其他,其他,非汽、機及自行車,NA,NA,無(非車輛駕駛人因素),尚未發現肇事因素,否,121.298983,22.9905
20230917,20230917,2023,9,140208,A1,臺東縣警察局,臺東縣成功鎮台23線 41公里200.0公尺處,陰,無照明,省道,50,交岔路,三岔路,交叉路口,交叉路口內,柏油,乾燥,無缺陷,無障礙物,無遮蔽物,良好,無號誌,無號誌,無,無分向設施,未繪設車道線,未繪設快慢車道分隔線,有,車輛本身,撞護欄(樁),其他,其他不當駕車行為,死亡1;受傷4,6,人,乘客,男,56,不明,非駕駛人,人的狀態,其他,其他,非汽、機及自行車,NA,NA,無(非車輛駕駛人因素),尚未發現肇事因素,否,121.298983,22.9905
20230917,20230917,2023,9,173410,A1,苗栗縣警察局,苗栗縣三灣鄉苗17-2線1.5公里,晴,有照明且開啟,其他,60,單路部分,直路,路段,一般車道(未劃分快慢車道),柏油,乾燥,無缺陷,無障礙物,無遮蔽物,良好,無號誌,無號誌,雙向禁止超車線,無標記,未繪設車道線,未繪設快慢車道分隔線,有,車輛本身,衝出路外,駕駛者,未依規定減速,死亡1;受傷0,1,小客車(含客、貨兩用),自用,男,31,繫安全帶(使用幼童安全椅),未使用,車的狀態,向前直行中,汽車,右前車頭(身),NA,NA,駕駛者,未依規定減速,否,120.958706,24.660218
20230917,20230917,2023,9,173410,A1,苗栗縣警察局,苗栗縣三灣鄉苗17-2線1.5公里,晴,有照明且開啟,其他,60,單路部分,直路,路段,一般車道(未劃分快慢車道),柏油,乾燥,無缺陷,無障礙物,無遮蔽物,良好,無號誌,無號誌,雙向禁止超車線,無標記,未繪設車道線,未繪設快慢車道分隔線,有,車輛本身,衝出路外,駕駛者,未依規定減速,死亡1;受傷0,2,NA,NA,無或物(動物、堆置物),-1,NA,NA,NA,NA,NA,NA,NA,NA,無(非車輛駕駛人因素),尚未發現肇事因素,否,120.958706,24.660218
20230917,20230917,2023,9,213500,A1,臺中市政府警察局,臺中市新社區東興里興社街一段前0.0公尺,晴,有照明且開啟,市區道路,50,單路部分,直路,路段,一般車道(未劃分快慢車道),柏油,乾燥,無缺陷,無障礙物,無遮蔽物,良好,無號誌,無號誌,行車分向線,無標記,未繪設車道線,未繪設快慢車道分隔線,有,車輛本身,撞電桿,駕駛者,酒醉(後)駕駛,死亡1;受傷0,1,機車,普通重型,男,28,未戴安全帽或未繫安全帶(未使用幼童安全椅),未使用,車的狀態,向前直行中,機車與自行車,前車頭,NA,NA,駕駛者,酒醉(後)駕駛,否,120.81748,24.214983
20230917,20230917,2023,9,213500,A1,臺中市政府警察局,臺中市新社區東興里興社街一段前0.0公尺,晴,有照明且開啟,市區道路,50,單路部分,直路,路段,一般車道(未劃分快慢車道),柏油,乾燥,無缺陷,無障礙物,無遮蔽物,良好,無號誌,無號誌,行車分向線,無標記,未繪設車道線,未繪設快慢車道分隔線,有,車輛本身,撞電桿,駕駛者,酒醉(後)駕駛,死亡1;受傷0,2,NA,NA,無或物(動物、堆置物),0,NA,NA,NA,NA,NA,NA,NA,NA,無(非車輛駕駛人因素),尚未發現肇事因素,否,120.81748,24.214983
20230918,20230918,2023,9,060724,A1,桃園市政府警察局,桃園市平鎮區延平路一段口 / 桃園市平鎮區德育路口,晴,有照明未開啟或故障,市區道路,50,交岔路,四岔路,交叉路口,交叉口附近,柏油,乾燥,無缺陷,無障礙物,無遮蔽物,良好,行車管制號誌,正常,無,無分向設施,未繪設車道線,未繪設快慢車道分隔線,無,車與車,同向擦撞,駕駛者,酒醉(後)駕駛,死亡1;受傷0,1,小客車(含客、貨兩用),自用,男,32,繫安全帶(使用幼童安全椅),未使用,車的狀態,向前直行中,汽車,右前車頭(身),NA,NA,駕駛者,酒醉(後)駕駛,否,121.220178,24.95211
20230918,20230918,2023,9,060724,A1,桃園市政府警察局,桃園市平鎮區延平路一段口 / 桃園市平鎮區德育路口,晴,有照明未開啟或故障,市區道路,50,交岔路,四岔路,交叉路口,交叉口附近,柏油,乾燥,無缺陷,無障礙物,無遮蔽物,良好,行車管制號誌,正常,無,無分向設施,未繪設車道線,未繪設快慢車道分隔線,無,車與車,同向擦撞,駕駛者,酒醉(後)駕駛,死亡1;受傷0,2,機車,普通重型,男,22,未戴安全帽或未繫安全帶(未使用幼童安全椅),未使用,車的狀態,靜止(引擎熄火),機車與自行車,右側車身,NA,NA,其他,違規(臨時)停車,否,121.220178,24.95211
20230918,20230918,2023,9,060724,A1,桃園市政府警察局,桃園市平鎮區延平路一段口 / 桃園市平鎮區德育路口,晴,有照明未開啟或故障,市區道路,50,交岔路,四岔路,交叉路口,交叉口附近,柏油,乾燥,無缺陷,無障礙物,無遮蔽物,良好,行車管制號誌,正常,無,無分向設施,未繪設車道線,未繪設快慢車道分隔線,無,車與車,同向擦撞,駕駛者,酒醉(後)駕駛,死亡1;受傷0,3,機車,普通重型,女,39,未戴安全帽或未繫安全帶(未使用幼童安全椅),未使用,車的狀態,靜止(引擎熄火),機車與自行車,右側車身,NA,NA,其他,違規(臨時)停車,否,121.220178,24.95211
20230918,20230918,2023,9,060724,A1,桃園市政府警察局,桃園市平鎮區延平路一段口 / 桃園市平鎮區德育路口,晴,有照明未開啟或故障,市區道路,50,交岔路,四岔路,交叉路口,交叉口附近,柏油,乾燥,無缺陷,無障礙物,無遮蔽物,良好,行車管制號誌,正常,無,無分向設施,未繪設車道線,未繪設快慢車道分隔線,無,車與車,同向擦撞,駕駛者,酒醉(後)駕駛,死亡1;受傷0,4,機車,普通重型,男,31,未戴安全帽或未繫安全帶(未使用幼童安全椅),未使用,車的狀態,靜止(引擎熄火),機車與自行車,右側車身,NA,NA,其他,違規(臨時)停車,否,121.220178,24.95211
20230918,20230918,2023,9,060724,A1,桃園市政府警察局,桃園市平鎮區延平路一段口 / 桃園市平鎮區德育路口,晴,有照明未開啟或故障,市區道路,50,交岔路,四岔路,交叉路口,交叉口附近,柏油,乾燥,無缺陷,無障礙物,無遮蔽物,良好,行車管制號誌,正常,無,無分向設施,未繪設車道線,未繪設快慢車道分隔線,無,車與車,同向擦撞,駕駛者,酒醉(後)駕駛,死亡1;受傷0,5,機車,普通重型,男,27,未戴安全帽或未繫安全帶(未使用幼童安全椅),未使用,車的狀態,靜止(引擎熄火),機車與自行車,右側車身,NA,NA,其他,違規(臨時)停車,否,121.220178,24.95211
20230918,20230918,2023,9,060724,A1,桃園市政府警察局,桃園市平鎮區延平路一段口 / 桃園市平鎮區德育路口,晴,有照明未開啟或故障,市區道路,50,交岔路,四岔路,交叉路口,交叉口附近,柏油,乾燥,無缺陷,無障礙物,無遮蔽物,良好,行車管制號誌,正常,無,無分向設施,未繪設車道線,未繪設快慢車道分隔線,無,車與車,同向擦撞,駕駛者,酒醉(後)駕駛,死亡1;受傷0,6,機車,普通重型,男,43,未戴安全帽或未繫安全帶(未使用幼童安全椅),未使用,車的狀態,靜止(引擎熄火),機車與自行車,右側車身,NA,NA,其他,違規(臨時)停車,否,121.220178,24.95211
20230918,20230918,2023,9,060724,A1,桃園市政府警察局,桃園市平鎮區延平路一段口 / 桃園市平鎮區德育路口,晴,有照明未開啟或故障,市區道路,50,交岔路,四岔路,交叉路口,交叉口附近,柏油,乾燥,無缺陷,無障礙物,無遮蔽物,良好,行車管制號誌,正常,無,無分向設施,未繪設車道線,未繪設快慢車道分隔線,無,車與車,同向擦撞,駕駛者,酒醉(後)駕駛,死亡1;受傷0,7,人,行人,男,81,其他(無需使用保護裝備之人),非駕駛人,人的狀態,步行,其他,非汽、機及自行車,NA,NA,無(非車輛駕駛人因素),尚未發現肇事因素,否,121.220178,24.95211
20230918,20230918,2023,9,071500,A1,臺中市政府警察局,臺中市新社區復盛里中和街三段 / 臺中市新社區復盛里中和街三段,晴,有照明未開啟或故障,市區道路,50,交岔路,三岔路,交叉路口,交叉口附近,柏油,乾燥,無缺陷,無障礙物,無遮蔽物,良好,無號誌,無號誌,雙向禁止超車線,附標記,禁止變換車道線(無標記),未繪設快慢車道分隔線,有,車輛本身,撞護欄(樁),駕駛者,酒醉(後)駕駛,死亡1;受傷0,1,機車,普通重型,男,38,戴半罩式安全帽,未使用,車的狀態,向前直行中,機車與自行車,前車頭,NA,NA,駕駛者,酒醉(後)駕駛,否,120.803051,24.234557
20230918,20230918,2023,9,071500,A1,臺中市政府警察局,臺中市新社區復盛里中和街三段 / 臺中市新社區復盛里中和街三段,晴,有照明未開啟或故障,市區道路,50,交岔路,三岔路,交叉路口,交叉口附近,柏油,乾燥,無缺陷,無障礙物,無遮蔽物,良好,無號誌,無號誌,雙向禁止超車線,附標記,禁止變換車道線(無標記),未繪設快慢車道分隔線,有,車輛本身,撞護欄(樁),駕駛者,酒醉(後)駕駛,死亡1;受傷0,2,NA,NA,無或物(動物、堆置物),0,NA,NA,NA,NA,NA,NA,NA,NA,無(非車輛駕駛人因素),尚未發現肇事因素,否,120.803051,24.234557
20230918,20230918,2023,9,122900,A1,高雄市政府警察局,高雄市三民區村褒揚街148號前0.0公尺,晴,有照明未開啟或故障,市區道路,30,單路部分,直路,路段,一般車道(未劃分快慢車道),柏油,乾燥,無缺陷,無障礙物,無遮蔽物,良好,無號誌,無號誌,行車分向線,無標記,未繪設車道線,未繪設快慢車道分隔線,無,車與車,其他,駕駛者,起步時未注意安全,死亡1;受傷2,1,機車,普通重型,男,67,戴半罩式安全帽,未使用,車的狀態,起步,機車與自行車,左側車身,NA,NA,駕駛者,起步時未注意安全,否,120.341139,22.641061
20230918,20230918,2023,9,122900,A1,高雄市政府警察局,高雄市三民區村褒揚街148號前0.0公尺,晴,有照明未開啟或故障,市區道路,30,單路部分,直路,路段,一般車道(未劃分快慢車道),柏油,乾燥,無缺陷,無障礙物,無遮蔽物,良好,無號誌,無號誌,行車分向線,無標記,未繪設車道線,未繪設快慢車道分隔線,無,車與車,其他,駕駛者,起步時未注意安全,死亡1;受傷2,2,小客車(含客、貨兩用),自用,男,28,繫安全帶(使用幼童安全椅),未使用,車的狀態,向前直行中,汽車,前車頭,NA,NA,駕駛者,恍神、緊張、心不在焉分心駕駛,否,120.341139,22.641061
20230918,20230918,2023,9,122900,A1,高雄市政府警察局,高雄市三民區村褒揚街148號前0.0公尺,晴,有照明未開啟或故障,市區道路,30,單路部分,直路,路段,一般車道(未劃分快慢車道),柏油,乾燥,無缺陷,無障礙物,無遮蔽物,良好,無號誌,無號誌,行車分向線,無標記,未繪設車道線,未繪設快慢車道分隔線,無,車與車,其他,駕駛者,起步時未注意安全,死亡1;受傷2,3,機車,普通重型,男,30,不明,不明,車的狀態,靜止(引擎熄火),機車與自行車,左側車身,NA,NA,無(車輛駕駛者因素),尚未發現肇事因素,否,120.341139,22.641061
20230918,20230918,2023,9,122900,A1,高雄市政府警察局,高雄市三民區村褒揚街148號前0.0公尺,晴,有照明未開啟或故障,市區道路,30,單路部分,直路,路段,一般車道(未劃分快慢車道),柏油,乾燥,無缺陷,無障礙物,無遮蔽物,良好,無號誌,無號誌,行車分向線,無標記,未繪設車道線,未繪設快慢車道分隔線,無,車與車,其他,駕駛者,起步時未注意安全,死亡1;受傷2,4,人,行人,女,62,其他(無需使用保護裝備之人),非駕駛人,人的狀態,步行,其他,非汽、機及自行車,NA,NA,無(非車輛駕駛人因素),尚未發現肇事因素,否,120.341139,22.641061
20230918,20230918,2023,9,143056,A1,彰化縣警察局,彰化縣二林鎮彰170,晴,無照明,鄉道,30,交岔路,四岔路,交叉路口,交叉路口內,柏油,乾燥,無缺陷,無障礙物,有遮蔽物,坡道,無號誌,無號誌,無,無分向設施,未繪設車道線,未繪設快慢車道分隔線,有,車與車,路口交岔撞,駕駛者,無號誌路口，左方車未讓右方車先行,死亡1;受傷0,1,小貨車(含客、貨兩用),自用,男,42,不明,不明,車的狀態,向前直行中,汽車,前車頭,汽車,前車頭,駕駛者,無號誌路口，左方車未讓右方車先行,否,120.367489,23.874333
20230918,20230918,2023,9,143056,A1,彰化縣警察局,彰化縣二林鎮彰170,晴,無照明,鄉道,30,交岔路,四岔路,交叉路口,交叉路口內,柏油,乾燥,無缺陷,無障礙物,有遮蔽物,坡道,無號誌,無號誌,無,無分向設施,未繪設車道線,未繪設快慢車道分隔線,有,車與車,路口交岔撞,駕駛者,無號誌路口，左方車未讓右方車先行,死亡1;受傷0,2,機車,普通重型,男,85,不明,不明,車的狀態,向前直行中,機車與自行車,左側車身,機車與自行車,左側車身,駕駛者,未依規定減速,否,120.367489,23.874333
20230918,20230918,2023,9,185600,A1,臺北市政府警察局,臺北市南港區南湖大橋前0.0公尺,晴,有照明且開啟,市區道路,50,單路部分,橋樑,路段,一般車道(未劃分快慢車道),柏油,乾燥,無缺陷,無障礙物,無遮蔽物,良好,無號誌,無號誌,中央分向島,寬式(50公分以上),車道線(無標記),寬式快慢車道分隔島(50公分以上),有,車與車,追撞,駕駛者,恍神、緊張、心不在焉分心駕駛,死亡1;受傷0,1,機車,普通重型,男,46,戴半罩式安全帽,未使用,車的狀態,向前直行中,機車與自行車,前車頭,NA,NA,駕駛者,恍神、緊張、心不在焉分心駕駛,否,121.613339,25.061873
20230918,20230918,2023,9,185600,A1,臺北市政府警察局,臺北市南港區南湖大橋前0.0公尺,晴,有照明且開啟,市區道路,50,單路部分,橋樑,路段,一般車道(未劃分快慢車道),柏油,乾燥,無缺陷,無障礙物,無遮蔽物,良好,無號誌,無號誌,中央分向島,寬式(50公分以上),車道線(無標記),寬式快慢車道分隔島(50公分以上),有,車與車,追撞,駕駛者,恍神、緊張、心不在焉分心駕駛,死亡1;受傷0,2,小客車(含客、貨兩用),自用,男,58,繫安全帶(使用幼童安全椅),未使用,車的狀態,向前直行中,汽車,右後車尾(身),NA,NA,無(車輛駕駛者因素),尚未發現肇事因素,否,121.613339,25.061873
20230919,20230919,2023,9,055500,A1,嘉義市政府警察局,嘉義市東區芳草里南興路 / 嘉義市東區芳草里信興街,晴,有照明未開啟或故障,市區道路,50,交岔路,四岔路,交叉路口,交叉路口內,柏油,乾燥,無缺陷,無障礙物,無遮蔽物,良好,閃光號誌,正常,無,無分向設施,未繪設車道線,未繪設快慢車道分隔線,無,車與車,路口交岔撞,駕駛者,違反閃光號誌,死亡1;受傷0,1,機車,普通重型,男,81,戴半罩式安全帽,未使用,車的狀態,向前直行中,機車與自行車,左側車身,NA,NA,駕駛者,違反閃光號誌,否,120.459122,23.466653
20230919,20230919,2023,9,055500,A1,嘉義市政府警察局,嘉義市東區芳草里南興路 / 嘉義市東區芳草里信興街,晴,有照明未開啟或故障,市區道路,50,交岔路,四岔路,交叉路口,交叉路口內,柏油,乾燥,無缺陷,無障礙物,無遮蔽物,良好,閃光號誌,正常,無,無分向設施,未繪設車道線,未繪設快慢車道分隔線,無,車與車,路口交岔撞,駕駛者,違反閃光號誌,死亡1;受傷0,2,小貨車(含客、貨兩用),自用,男,25,不明,未使用,車的狀態,向前直行中,汽車,右前車頭(身),NA,NA,駕駛者,違反閃光號誌,否,120.459122,23.466653
20230919,20230919,2023,9,190000,A1,高雄市政府警察局,高雄市前金區村河東路8號前0.0公尺,晴,有照明且開啟,市區道路,50,單路部分,直路,路段,快車道,柏油,乾燥,無缺陷,無障礙物,無遮蔽物,良好,無號誌,無號誌,行車分向線,附標記,車道線(附標記),快慢車道分隔線,無,人與車,穿越道路中,駕駛者,恍神、緊張、心不在焉分心駕駛,死亡1;受傷0,1,小客車(含客、貨兩用),自用,男,58,繫安全帶(使用幼童安全椅),未使用,車的狀態,向前直行中,汽車,前車頭,NA,NA,駕駛者,恍神、緊張、心不在焉分心駕駛,否,120.291045,22.621654
20230919,20230919,2023,9,190000,A1,高雄市政府警察局,高雄市前金區村河東路8號前0.0公尺,晴,有照明且開啟,市區道路,50,單路部分,直路,路段,快車道,柏油,乾燥,無缺陷,無障礙物,無遮蔽物,良好,無號誌,無號誌,行車分向線,附標記,車道線(附標記),快慢車道分隔線,無,人與車,穿越道路中,駕駛者,恍神、緊張、心不在焉分心駕駛,死亡1;受傷0,2,人,行人,女,79,其他(無需使用保護裝備之人),非駕駛人,人的狀態,步行,其他,非汽、機及自行車,NA,NA,非駕駛者,未依標誌或標線穿越道路,否,120.291045,22.621654
20230920,20230920,2023,9,024400,A1,臺中市政府警察局,臺中市東區新庄里復興路四段 / 臺中市東區新庄里復興路四段,晴,有照明未開啟或故障,市區道路,50,交岔路,四岔路,交叉路口,交叉口附近,柏油,乾燥,無缺陷,無障礙物,無遮蔽物,良好,無號誌,無號誌,雙向禁止超車線,無標記,未繪設車道線,未繪設快慢車道分隔線,無,人與車,穿越道路中,駕駛者,超速駕駛,死亡1;受傷1,1,機車,普通重型,男,24,戴非半罩式安全帽,未使用,車的狀態,向前直行中,機車與自行車,前車頭,NA,NA,駕駛者,超速駕駛,否,120.683471,24.134653
20230920,20230920,2023,9,024400,A1,臺中市政府警察局,臺中市東區新庄里復興路四段 / 臺中市東區新庄里復興路四段,晴,有照明未開啟或故障,市區道路,50,交岔路,四岔路,交叉路口,交叉口附近,柏油,乾燥,無缺陷,無障礙物,無遮蔽物,良好,無號誌,無號誌,雙向禁止超車線,無標記,未繪設車道線,未繪設快慢車道分隔線,無,人與車,穿越道路中,駕駛者,超速駕駛,死亡1;受傷1,2,人,行人,男,69,其他(無需使用保護裝備之人),非駕駛人,人的狀態,步行,其他,非汽、機及自行車,NA,NA,非駕駛者,未依規定行走地下道、天橋穿越道路,否,120.683471,24.134653
20230920,20230920,2023,9,074000,A1,雲林縣警察局,雲林縣斗六市梅林路與湖山路口,晴,有照明未開啟或故障,市區道路,50,交岔路,四岔路,交叉路口,交叉口附近,柏油,乾燥,無缺陷,無障礙物,無遮蔽物,良好,行車管制號誌,正常,無,無分向設施,未繪設車道線,未繪設快慢車道分隔線,無,車與車,側撞,其他,其他不當駕車行為,死亡1;受傷0,1,小客車(含客、貨兩用),自用,女,41,繫安全帶(使用幼童安全椅),未使用,車的狀態,左轉彎,汽車,右前車頭(身),NA,NA,其他,其他不當駕車行為,否,120.598243,23.702755
20230920,20230920,2023,9,074000,A1,雲林縣警察局,雲林縣斗六市梅林路與湖山路口,晴,有照明未開啟或故障,市區道路,50,交岔路,四岔路,交叉路口,交叉口附近,柏油,乾燥,無缺陷,無障礙物,無遮蔽物,良好,行車管制號誌,正常,無,無分向設施,未繪設車道線,未繪設快慢車道分隔線,無,車與車,側撞,其他,其他不當駕車行為,死亡1;受傷0,2,機車,普通重型,女,76,戴非半罩式安全帽,未使用,車的狀態,向前直行中,機車與自行車,右側車身,NA,NA,其他,其他不當駕車行為,否,120.598243,23.702755
20230920,20230920,2023,9,093626,A1,彰化縣警察局,彰化縣員林市浮圳里員東路1段236號西側,晴,無照明,市區道路,30,單路部分,直路,路段,一般車道(未劃分快慢車道),柏油,乾燥,無缺陷,無障礙物,無遮蔽物,良好,無號誌,無號誌,行車分向線,無標記,車道線(無標記),未繪設快慢車道分隔線,有,車與車,同向擦撞,駕駛者,未保持行車安全間隔,死亡1;受傷0,1,小客車(含客、貨兩用),自用,女,54,不明,不明,車的狀態,超車(含超越),汽車,右前車頭(身),NA,NA,駕駛者,未保持行車安全間隔,否,120.591218,23.961752
20230920,20230920,2023,9,093626,A1,彰化縣警察局,彰化縣員林市浮圳里員東路1段236號西側,晴,無照明,市區道路,30,單路部分,直路,路段,一般車道(未劃分快慢車道),柏油,乾燥,無缺陷,無障礙物,無遮蔽物,良好,無號誌,無號誌,行車分向線,無標記,車道線(無標記),未繪設快慢車道分隔線,有,車與車,同向擦撞,駕駛者,未保持行車安全間隔,死亡1;受傷0,2,機車,普通輕型,男,73,戴半罩式安全帽,未使用,車的狀態,向前直行中,機車與自行車,左側車身,NA,NA,無(車輛駕駛者因素),尚未發現肇事因素,否,120.591218,23.961752
20230920,20230920,2023,9,153900,A1,臺南市政府警察局,臺南市西港區南海里慶安路與南海街路口,晴,有照明未開啟或故障,市區道路,50,交岔路,三岔路,交叉路口,交叉路口內,柏油,乾燥,無缺陷,無障礙物,無遮蔽物,良好,行車管制號誌,正常,無,無分向設施,未繪設車道線,未繪設快慢車道分隔線,無,車與車,同向擦撞,駕駛者,恍神、緊張、心不在焉分心駕駛,死亡1;受傷0,1,慢車,腳踏自行車,女,83,其他(無需使用保護裝備之人),未使用,車的狀態,向前直行中,其他,不明,NA,NA,駕駛者,恍神、緊張、心不在焉分心駕駛,否,120.197537,23.120351
20230920,20230920,2023,9,153900,A1,臺南市政府警察局,臺南市西港區南海里慶安路與南海街路口,晴,有照明未開啟或故障,市區道路,50,交岔路,三岔路,交叉路口,交叉路口內,柏油,乾燥,無缺陷,無障礙物,無遮蔽物,良好,行車管制號誌,正常,無,無分向設施,未繪設車道線,未繪設快慢車道分隔線,無,車與車,同向擦撞,駕駛者,恍神、緊張、心不在焉分心駕駛,死亡1;受傷0,2,大客車,遊覽車,男,67,繫安全帶(使用幼童安全椅),未使用,車的狀態,向前直行中,汽車,右側車身,NA,NA,無(車輛駕駛者因素),尚未發現肇事因素,否,120.197537,23.120351
20230921,20230921,2023,9,005800,A1,新竹縣政府警察局,新竹縣竹東鎮台68線 13公里500.0公尺處附近,晴,無照明,快速(公)道,90,單路部分,直路,路段,一般車道(未劃分快慢車道),柏油,乾燥,無缺陷,其他障礙物,無遮蔽物,良好,無號誌,無號誌,中央分向島,窄式無柵欄,車道線(附標記),未繪設快慢車道分隔線,有,車與車,其他,機件,車輪脫落或輪胎爆裂,死亡1;受傷3,1,小客車(含客、貨兩用),自用,女,34,繫安全帶(使用幼童安全椅),未使用,車的狀態,向前直行中,汽車,前車頭,汽車,左側車身,機件,車輪脫落或輪胎爆裂,否,121.054488,24.78488
20230921,20230921,2023,9,005800,A1,新竹縣政府警察局,新竹縣竹東鎮台68線 13公里500.0公尺處附近,晴,無照明,快速(公)道,90,單路部分,直路,路段,一般車道(未劃分快慢車道),柏油,乾燥,無缺陷,其他障礙物,無遮蔽物,良好,無號誌,無號誌,中央分向島,窄式無柵欄,車道線(附標記),未繪設快慢車道分隔線,有,車與車,其他,機件,車輪脫落或輪胎爆裂,死亡1;受傷3,2,小客車(含客、貨兩用),自用,男,75,不明,不明,車的狀態,向前直行中,汽車,左側車身,汽車,左前車頭(身),無(車輛駕駛者因素),尚未發現肇事因素,否,121.054488,24.78488
20230921,20230921,2023,9,005800,A1,新竹縣政府警察局,新竹縣竹東鎮台68線 13公里500.0公尺處附近,晴,無照明,快速(公)道,90,單路部分,直路,路段,一般車道(未劃分快慢車道),柏油,乾燥,無缺陷,其他障礙物,無遮蔽物,良好,無號誌,無號誌,中央分向島,窄式無柵欄,車道線(附標記),未繪設快慢車道分隔線,有,車與車,其他,機件,車輪脫落或輪胎爆裂,死亡1;受傷3,3,小客車(含客、貨兩用),自用,男,29,繫安全帶(使用幼童安全椅),未使用,車的狀態,向前直行中,汽車,右前車頭(身),NA,NA,駕駛者,恍神、緊張、心不在焉分心駕駛,否,121.054488,24.78488
20230921,20230921,2023,9,005800,A1,新竹縣政府警察局,新竹縣竹東鎮台68線 13公里500.0公尺處附近,晴,無照明,快速(公)道,90,單路部分,直路,路段,一般車道(未劃分快慢車道),柏油,乾燥,無缺陷,其他障礙物,無遮蔽物,良好,無號誌,無號誌,中央分向島,窄式無柵欄,車道線(附標記),未繪設快慢車道分隔線,有,車與車,其他,機件,車輪脫落或輪胎爆裂,死亡1;受傷3,4,小客車(含客、貨兩用),自用,男,23,繫安全帶(使用幼童安全椅),未使用,車的狀態,向前直行中,汽車,左前車頭(身),汽車,前車頭,駕駛者,恍神、緊張、心不在焉分心駕駛,否,121.054488,24.78488
20230921,20230921,2023,9,072817,A1,苗栗縣警察局,苗栗縣後龍鎮灣寶里8鄰龍山路101號前,晴,有照明未開啟或故障,村里道路,50,單路部分,直路,路段,一般車道(未劃分快慢車道),柏油,乾燥,無缺陷,無障礙物,無遮蔽物,良好,無號誌,無號誌,行車分向線,無標記,未繪設車道線,未繪設快慢車道分隔線,有,車與車,側撞,駕駛者,迴轉未依規定,死亡1;受傷1,1,機車,普通重型,女,76,戴半罩式安全帽,未使用,車的狀態,迴轉或橫越道路中,機車與自行車,右側車身,機車與自行車,右側車身,駕駛者,迴轉未依規定,否,120.806642,24.64254