accident_date,發生日期,發生年度,發生月份,發生時間,事故類別名稱,處理單位名稱警局層,發生地點,天候名稱,光線名稱,道路類別-第1當事者-名稱,速限-第1當事者,道路型態大類別名稱,道路型態子類別名稱,事故位置大類別名稱,事故位置子類別名稱,路面狀況-路面鋪裝名稱,路面狀況-路面狀態名稱,路面狀況-路面缺陷名稱,道路障礙-障礙物名稱,道路障礙-視距品質名稱,道路障礙-視距名稱,號誌-號誌種類名稱,號誌-號誌動作名稱,車道劃分設施-分向設施大類別名稱,車道劃分設施-分向設施子類別名稱,車道劃分設施-分道設施-快車道或一般車道間名稱,車道劃分設施-分道設施-快慢車道間名稱,車道劃分設施-分道設施-路面邊線名稱,事故類型及型態大類別名稱,事故類型及型態子類別名稱,肇因研判大類別名稱-主要,肇因研判子類別名稱-主要,死亡受傷人數,當事者順位,當事者區分-類別-大類別名稱-車種,當事者區分-類別-子類別名稱-車種,當事者屬-性-別名稱,當事者事故發生時年齡,保護裝備名稱,行動電話或電腦或其他相類功能裝置名稱,當事者行動狀態大類別名稱,當事者行動狀態子類別名稱,車輛撞擊部位大類別名稱-最初,車輛撞擊部位子類別名稱-最初,車輛撞擊部位大類別名稱-其他,車輛撞擊部位子類別名稱-其他,肇因研判大類別名稱-個別,肇因研判子類別名稱-個別,肇事逃逸類別名稱-是否肇逃,經度,緯度
20230921,20230921,2023,9,072817,A1,苗栗縣警察局,苗栗縣後龍鎮灣寶里8鄰龍山路101號前,晴,有照明未開啟或故障,村里道路,50,單路部分,直路,路段,一般車道(未劃分快慢車道),柏油,乾燥,無缺陷,無障礙物,無遮蔽物,良好,無號誌,無號誌,行車分向線,無標記,未繪設車道線,未繪設快慢車道分隔線,有,車與車,側撞,駕駛者,迴轉未依規定,死亡1;受傷1,2,小客車(含客、貨兩用),自用,男,27,繫安全帶(使用幼童安全椅),未使用,車的狀態,向前直行中,汽車,前車頭,汽車,左前車頭(身),駕駛者,未依規定減速,否,120.806642,24.64254
20230921,20230921,2023,9,080700,A1,金門縣警察局,金門縣金寧鄉嚨口村莊產業道路,晴,無照明,村里道路,30,交岔路,四岔路,交叉路口,交叉路口內,水泥,乾燥,無缺陷,無障礙物,無遮蔽物,良好,無號誌,無號誌,無,無分向設施,未繪設車道線,未繪設快慢車道分隔線,無,車與車,路口交岔撞,駕駛者,無號誌路口，左方車未讓右方車先行,死亡1;受傷0,1,機車,普通重型,男,79,戴半罩式安全帽,未使用,車的狀態,向前直行中,機車與自行車,右側車身,NA,NA,駕駛者,無號誌路口，左方車未讓右方車先行,否,118.351662,24.463487
20230921,20230921,2023,9,080700,A1,金門縣警察局,金門縣金寧鄉嚨口村莊產業道路,晴,無照明,村里道路,30,交岔路,四岔路,交叉路口,交叉路口內,水泥,乾燥,無缺陷,無障礙物,無遮蔽物,良好,無號誌,無號誌,無,無分向設施,未繪設車道線,未繪設快慢車道分隔線,無,車與車,路口交岔撞,駕駛者,無號誌路口，左方車未讓右方車先行,死亡1;受傷0,2,小貨車(含客、貨兩用),自用,男,54,繫安全帶(使用幼童安全椅),未使用,車的狀態,向前直行中,汽車,前車頭,NA,NA,駕駛者,未依規定減速,否,118.351662,24.463487
20230921,20230921,2023,9,114800,A1,臺中市政府警察局,臺中市大里區瑞城里成功路 / 臺中市大里區瑞城里塗城路,晴,有照明未開啟或故障,市區道路,50,交岔路,四岔路,交叉路口,交叉路口內,柏油,乾燥,無缺陷,無障礙物,無遮蔽物,良好,行車管制號誌,正常,雙向禁止超車線,無標記,車道線(無標記),快慢車道分隔線,有,人與車,穿越道路中,駕駛者,車輛未依規定暫停讓行人先行,死亡1;受傷0,1,小客車(含客、貨兩用),自用,女,38,繫安全帶(使用幼童安全椅),未使用,車的狀態,左轉彎,汽車,前車頭,NA,NA,駕駛者,車輛未依規定暫停讓行人先行,否,120.704135,24.090456
20230921,20230921,2023,9,114800,A1,臺中市政府警察局,臺中市大里區瑞城里成功路 / 臺中市大里區瑞城里塗城路,晴,有照明未開啟或故障,市區道路,50,交岔路,四岔路,交叉路口,交叉路口內,柏油,乾燥,無缺陷,無障礙物,無遮蔽物,良好,行車管制號誌,正常,雙向禁止超車線,無標記,車道線(無標記),快慢車道分隔線,有,人與車,穿越道路中,駕駛者,車輛未依規定暫停讓行人先行,死亡1;受傷0,2,人,行人,女,82,其他(無需使用保護裝備之人),非駕駛人,人的狀態,步行,其他,非汽、機及自行車,NA,NA,無(非車輛駕駛人因素),尚未發現肇事因素,否,120.704135,24.090456
20230921,20230921,2023,9,134204,A1,彰化縣警察局,彰化縣福興鄉福興村沿海路五段南側 / 彰化縣福興鄉福興村144縣道路南側,晴,無照明,村里道路,70,交岔路,四岔路,交叉路口,交叉路口內,柏油,乾燥,無缺陷,無障礙物,無遮蔽物,良好,行車管制號誌,正常,雙向禁止超車線,無標記,禁止變換車道線(無標記),快慢車道分隔線,有,車與車,路口交岔撞,駕駛者,闖紅燈直行,死亡1;受傷0,1,機車,普通重型,男,73,戴半罩式安全帽,未使用,車的狀態,向前直行中,機車與自行車,左側車身,NA,NA,駕駛者,闖紅燈直行,否,120.429705,24.048076
20230921,20230921,2023,9,134204,A1,彰化縣警察局,彰化縣福興鄉福興村沿海路五段南側 / 彰化縣福興鄉福興村144縣道路南側,晴,無照明,村里道路,70,交岔路,四岔路,交叉路口,交叉路口內,柏油,乾燥,無缺陷,無障礙物,無遮蔽物,良好,行車管制號誌,正常,雙向禁止超車線,無標記,禁止變換車道線(無標記),快慢車道分隔線,有,車與車,路口交岔撞,駕駛者,闖紅燈直行,死亡1;受傷0,2,大貨車,自用,男,52,繫安全帶(使用幼童安全椅),未使用,車的狀態,向前直行中,汽車,前車頭,NA,NA,無(車輛駕駛者因素),尚未發現肇事因素,否,120.429705,24.048076
20230921,20230921,2023,9,231232,A1,國道公路警察局,高雄市岡山區國道1號 349公里400.0公尺處,晴,有照明且開啟,國道,90,單路部分,直路,路段,快車道,柏油,乾燥,無缺陷,無障礙物,無遮蔽物,良好,無號誌,無號誌,中央分向島,寬式(50公分以上),車道線(附標記),未繪設快慢車道分隔線,有,車與車,追撞,駕駛者,恍神、緊張、心不在焉分心駕駛,死亡1;受傷4,1,半聯結車,營業用,男,51,繫安全帶(使用幼童安全椅),未使用,車的狀態,向前直行中,汽車,前車頭,NA,NA,駕駛者,恍神、緊張、心不在焉分心駕駛,否,120.320427,22.788244
20230921,20230921,2023,9,231232,A1,國道公路警察局,高雄市岡山區國道1號 349公里400.0公尺處,晴,有照明且開啟,國道,90,單路部分,直路,路段,快車道,柏油,乾燥,無缺陷,無障礙物,無遮蔽物,良好,無號誌,無號誌,中央分向島,寬式(50公分以上),車道線(附標記),未繪設快慢車道分隔線,有,車與車,追撞,駕駛者,恍神、緊張、心不在焉分心駕駛,死亡1;受傷4,2,小客車(含客、貨兩用),自用,男,32,繫安全帶(使用幼童安全椅),未使用,車的狀態,向前直行中,汽車,後車尾,汽車,前車頭,無(車輛駕駛者因素),尚未發現肇事因素,否,120.320427,22.788244
20230921,20230921,2023,9,231232,A1,國道公路警察局,高雄市岡山區國道1號 349公里400.0公尺處,晴,有照明且開啟,國道,90,單路部分,直路,路段,快車道,柏油,乾燥,無缺陷,無障礙物,無遮蔽物,良好,無號誌,無號誌,中央分向島,寬式(50公分以上),車道線(附標記),未繪設快慢車道分隔線,有,車與車,追撞,駕駛者,恍神、緊張、心不在焉分心駕駛,死亡1;受傷4,3,NA,NA,無或物(動物、堆置物),-1,NA,NA,NA,NA,NA,NA,NA,NA,無(非車輛駕駛人因素),尚未發現肇事因素,否,120.320427,22.788244
20230921,20230921,2023,9,231232,A1,國道公路警察局,高雄市岡山區國道1號 349公里400.0公尺處,晴,有照明且開啟,國道,90,單路部分,直路,路段,快車道,柏油,乾燥,無缺陷,無障礙物,無遮蔽物,良好,無號誌,無號誌,中央分向島,寬式(50公分以上),車道線(附標記),未繪設快慢車道分隔線,有,車與車,追撞,駕駛者,恍神、緊張、心不在焉分心駕駛,死亡1;受傷4,4,大貨車,營業用,男,39,繫安全帶(使用幼童安全椅),未使用,車的狀態,向前直行中,汽車,後車尾,汽車,前車頭,無(車輛駕駛者因素),尚未發現肇事因素,否,120.320427,22.788244
20230921,20230921,2023,9,231232,A1,國道公路警察局,高雄市岡山區國道1號 349公里400.0公尺處,晴,有照明且開啟,國道,90,單路部分,直路,路段,快車道,柏油,乾燥,無缺陷,無障礙物,無遮蔽物,良好,無號誌,無號誌,中央分向島,寬式(50公分以上),車道線(附標記),未繪設快慢車道分隔線,有,車與車,追撞,駕駛者,恍神、緊張、心不在焉分心駕駛,死亡1;受傷4,5,半聯結車,營業用,男,38,繫安全帶(使用幼童安全椅),未使用,車的狀態,等待(引擎未熄火),汽車,後車尾,汽車,前車頭,無(車輛駕駛者因素),尚未發現肇事因素,否,120.320427,22.788244
20230921,20230921,2023,9,231232,A1,國道公路警察局,高雄市岡山區國道1號 349公里400.0公尺處,晴,有照明且開啟,國道,90,單路部分,直路,路段,快車道,柏油,乾燥,無缺陷,無障礙物,無遮蔽物,良好,無號誌,無號誌,中央分向島,寬式(50公分以上),車道線(附標記),未繪設快慢車道分隔線,有,車與車,追撞,駕駛者,恍神、緊張、心不在焉分心駕駛,死亡1;受傷4,6,半聯結車,營業用,男,62,繫安全帶(使用幼童安全椅),未使用,車的狀態,等待(引擎未熄火),汽車,後車尾,NA,NA,無(車輛駕駛者因素),尚未發現肇事因素,否,120.320427,22.788244
20230921,20230921,2023,9,231232,A1,國道公路警察局,高雄市岡山區國道1號 349公里400.0公尺處,晴,有照明且開啟,國道,90,單路部分,直路,路段,快車道,柏油,乾燥,無缺陷,無障礙物,無遮蔽物,良好,無號誌,無號誌,中央分向島,寬式(50公分以上),車道線(附標記),未繪設快慢車道分隔線,有,車與車,追撞,駕駛者,恍神、緊張、心不在焉分心駕駛,死亡1;受傷4,7,人,乘客,男,39,繫安全帶(使用幼童安全椅),非駕駛人,人的狀態,靜立(止),其他,非汽、機及自行車,NA,NA,無(非車輛駕駛人因素),尚未發現肇事因素,否,120.320427,22.788244
20230921,20230921,2023,9,231232,A1,國道公路警察局,高雄市岡山區國道1號 349公里400.0公尺處,晴,有照明且開啟,國道,90,單路部分,直路,路段,快車道,柏油,乾燥,無缺陷,無障礙物,無遮蔽物,良好,無號誌,無號誌,中央分向島,寬式(50公分以上),車道線(附標記),未繪設快慢車道分隔線,有,車與車,追撞,駕駛者,恍神、緊張、心不在焉分心駕駛,死亡1;受傷4,8,人,乘客,女,29,繫安全帶(使用幼童安全椅),非駕駛人,人的狀態,其他,其他,非汽、機及自行車,NA,NA,無(非車輛駕駛人因素),尚未發現肇事因素,否,120.320427,22.788244
20230922,20230922,2023,9,092500,A1,嘉義縣警察局,嘉義縣水上鄉大崙村168線22.9公里處,晴,無照明,縣道,70,交岔路,四岔路,交叉路口,交叉路口內,柏油,乾燥,無缺陷,無障礙物,無遮蔽物,良好,行車管制號誌,正常,無,無分向設施,未繪設車道線,未繪設快慢車道分隔線,無,車與車,路口交岔撞,駕駛者,闖紅燈直行,死亡1;受傷3,1,小客車(含客、貨兩用),自用,男,34,繫安全帶(使用幼童安全椅),未使用,車的狀態,向前直行中,汽車,前車頭,NA,NA,駕駛者,闖紅燈直行,否,120.366262,23.444553
20230922,20230922,2023,9,092500,A1,嘉義縣警察局,嘉義縣水上鄉大崙村168線22.9公里處,晴,無照明,縣道,70,交岔路,四岔路,交叉路口,交叉路口內,柏油,乾燥,無缺陷,無障礙物,無遮蔽物,良好,行車管制號誌,正常,無,無分向設施,未繪設車道線,未繪設快慢車道分隔線,無,車與車,路口交岔撞,駕駛者,闖紅燈直行,死亡1;受傷3,2,小客車(含客、貨兩用),自用,男,46,不明,不明,車的狀態,向前直行中,汽車,左側車身,NA,NA,無(車輛駕駛者因素),尚未發現肇事因素,否,120.366262,23.444553
20230922,20230922,2023,9,092500,A1,嘉義縣警察局,嘉義縣水上鄉大崙村168線22.9公里處,晴,無照明,縣道,70,交岔路,四岔路,交叉路口,交叉路口內,柏油,乾燥,無缺陷,無障礙物,無遮蔽物,良好,行車管制號誌,正常,無,無分向設施,未繪設車道線,未繪設快慢車道分隔線,無,車與車,路口交岔撞,駕駛者,闖紅燈直行,死亡1;受傷3,3,NA,NA,無或物(動物、堆置物),-1,NA,NA,NA,NA,NA,NA,NA,NA,無(非車輛駕駛人因素),尚未發現肇事因素,否,120.366262,23.444553
20230922,20230922,2023,9,092500,A1,嘉義縣警察局,嘉義縣水上鄉大崙村168線22.9公里處,晴,無照明,縣道,70,交岔路,四岔路,交叉路口,交叉路口內,柏油,乾燥,無缺陷,無障礙物,無遮蔽物,良好,行車管制號誌,正常,無,無分向設施,未繪設車道線,未繪設快慢車道分隔線,無,車與車,路口交岔撞,駕駛者,闖紅燈直行,死亡1;受傷3,4,NA,NA,無或物(動物、堆置物),-1,NA,NA,NA,NA,NA,NA,NA,NA,無(非車輛駕駛人因素),尚未發現肇事因素,否,120.366262,23.444553
20230922,20230922,2023,9,092500,A1,嘉義縣警察局,嘉義縣水上鄉大崙村168線22.9公里處,晴,無照明,縣道,70,交岔路,四岔路,交叉路口,交叉路口內,柏油,乾燥,無缺陷,無障礙物,無遮蔽物,良好,行車管制號誌,正常,無,無分向設施,未繪設車道線,未繪設快慢車道分隔線,無,車與車,路口交岔撞,駕駛者,闖紅燈直行,死亡1;受傷3,5,人,乘客,女,36,繫安全帶(使用幼童安全椅),非駕駛人,人的狀態,其他,其他,非汽、機及自行車,NA,NA,無(非車輛駕駛人因素),尚未發現肇事因素,否,120.366262,23.444553
20230922,20230922,2023,9,092500,A1,嘉義縣警察局,嘉義縣水上鄉大崙村168線22.9公里處,晴,無照明,縣道,70,交岔路,四岔路,交叉路口,交叉路口內,柏油,乾燥,無缺陷,無障礙物,無遮蔽物,良好,行車管制號誌,正常,無,無分向設施,未繪設車道線,未繪設快慢車道分隔線,無,車與車,路口交岔撞,駕駛者,闖紅燈直行,死亡1;受傷3,6,人,乘客,女,6,不明,非駕駛人,人的狀態,其他,其他,非汽、機及自行車,NA,NA,無(非車輛駕駛人因素),尚未發現肇事因素,否,120.366262,23.444553
20230922,20230922,2023,9,182531,A1,南投縣政府警察局,南投縣草屯鎮中正路台14線25.35公里處東向,晴,有照明且開啟,省道,70,交岔路,三岔路,路段,一般車道(未劃分快慢車道),柏油,乾燥,無缺陷,路上有停車,無遮蔽物,良好,無號誌,無號誌,中央分向島,窄式附柵欄,車道線(無標記),未繪設快慢車道分隔線,有,人與車,在路上作業中,駕駛者,恍神、緊張、心不在焉分心駕駛,死亡1;受傷1,1,小客車(含客、貨兩用),自用,男,39,繫安全帶(使用幼童安全椅),未使用,車的狀態,向前直行中,汽車,右前車頭(身),NA,NA,駕駛者,恍神、緊張、心不在焉分心駕駛,否,120.740211,23.984345
20230922,20230922,2023,9,182531,A1,南投縣政府警察局,南投縣草屯鎮中正路台14線25.35公里處東向,晴,有照明且開啟,省道,70,交岔路,三岔路,路段,一般車道(未劃分快慢車道),柏油,乾燥,無缺陷,路上有停車,無遮蔽物,良好,無號誌,無號誌,中央分向島,窄式附柵欄,車道線(無標記),未繪設快慢車道分隔線,有,人與車,在路上作業中,駕駛者,恍神、緊張、心不在焉分心駕駛,死亡1;受傷1,2,人,其他人,男,29,其他(無需使用保護裝備之人),非駕駛人,人的狀態,其他,其他,非汽、機及自行車,NA,NA,非駕駛者,其他引起事故之疏失或行為,否,120.740211,23.984345
20230922,20230922,2023,9,182531,A1,南投縣政府警察局,南投縣草屯鎮中正路台14線25.35公里處東向,晴,有照明且開啟,省道,70,交岔路,三岔路,路段,一般車道(未劃分快慢車道),柏油,乾燥,無缺陷,路上有停車,無遮蔽物,良好,無號誌,無號誌,中央分向島,窄式附柵欄,車道線(無標記),未繪設快慢車道分隔線,有,人與車,在路上作業中,駕駛者,恍神、緊張、心不在焉分心駕駛,死亡1;受傷1,3,大貨車,自用,男,49,繫安全帶(使用幼童安全椅),未使用,車的狀態,靜止(引擎熄火),汽車,左後車尾(身),NA,NA,其他,違規(臨時)停車,否,120.740211,23.984345
20230922,20230922,2023,9,201700,A1,臺東縣警察局,臺東縣臺東市雲南路377號前0.0公尺,晴,有照明且開啟,市區道路,30,單路部分,直路,路段,一般車道(未劃分快慢車道),柏油,乾燥,無缺陷,無障礙物,無遮蔽物,良好,無號誌,無號誌,無,無分向設施,未繪設車道線,未繪設快慢車道分隔線,無,人與車,其他,其他,其他不當駕車行為,死亡1;受傷0,1,小客車(含客、貨兩用),自用,男,50,繫安全帶(使用幼童安全椅),未使用,車的狀態,向前直行中,汽車,右前車頭(身),NA,NA,其他,其他不當駕車行為,否,121.059441,22.720091
20230922,20230922,2023,9,201700,A1,臺東縣警察局,臺東縣臺東市雲南路377號前0.0公尺,晴,有照明且開啟,市區道路,30,單路部分,直路,路段,一般車道(未劃分快慢車道),柏油,乾燥,無缺陷,無障礙物,無遮蔽物,良好,無號誌,無號誌,無,無分向設施,未繪設車道線,未繪設快慢車道分隔線,無,人與車,其他,其他,其他不當駕車行為,死亡1;受傷0,2,人,行人,男,47,其他(無需使用保護裝備之人),非駕駛人,人的狀態,其他,其他,非汽、機及自行車,NA,NA,非駕駛者,其他引起事故之疏失或行為,否,121.059441,22.720091
20230923,20230923,2023,9,094500,A1,新北市政府警察局,新北市中和區景平路 / 新北市中和區成功路,晴,無照明,市區道路,50,單路部分,直路,路段,一般車道(未劃分快慢車道),柏油,乾燥,無缺陷,無障礙物,無遮蔽物,良好,無號誌,無號誌,中央分向島,寬式(50公分以上),車道線(無標記),未繪設快慢車道分隔線,有,車輛本身,其他,其他,其他不當駕車行為,死亡1;受傷1,1,小客車(含客、貨兩用),自用,男,81,不明,不明,車的狀態,其他,汽車,前車頭,NA,NA,其他,其他不當駕車行為,否,121.496319,25.00367
20230923,20230923,2023,9,094500,A1,新北市政府警察局,新北市中和區景平路 / 新北市中和區成功路,晴,無照明,市區道路,50,單路部分,直路,路段,一般車道(未劃分快慢車道),柏油,乾燥,無缺陷,無障礙物,無遮蔽物,良好,無號誌,無號誌,中央分向島,寬式(50公分以上),車道線(無標記),未繪設快慢車道分隔線,有,車輛本身,其他,其他,其他不當駕車行為,死亡1;受傷1,2,NA,NA,無或物(動物、堆置物),0,NA,NA,NA,NA,NA,NA,NA,NA,無(非車輛駕駛人因素),尚未發現肇事因素,否,121.496319,25.00367
20230923,20230923,2023,9,094500,A1,新北市政府警察局,新北市中和區景平路 / 新北市中和區成功路,晴,無照明,市區道路,50,單路部分,直路,路段,一般車道(未劃分快慢車道),柏油,乾燥,無缺陷,無障礙物,無遮蔽物,良好,無號誌,無號誌,中央分向島,寬式(50公分以上),車道線(無標記),未繪設快慢車道分隔線,有,車輛本身,其他,其他,其他不當駕車行為,死亡1;受傷1,3,人,乘客,女,79,不明,非駕駛人,不明,不明,其他,非汽、機及自行車,NA,NA,無(非車輛駕駛人因素),尚未發現肇事因素,否,121.496319,25.00367
20230923,20230923,2023,9,183659,A1,桃園市政府警察局,桃園市八德區興豐路1144號前0.0公尺附近,晴,有照明且開啟,鄉道,50,交岔路,三岔路,其他,行人穿越道,柏油,乾燥,無缺陷,無障礙物,無遮蔽物,良好,行車管制號誌,正常,無,無分向設施,未繪設車道線,未繪設快慢車道分隔線,無,人與車,穿越道路中,非駕駛者,未依號誌或手勢指揮(示)穿越道路,死亡1;受傷0,1,人,行人,男,92,其他(無需使用保護裝備之人),非駕駛人,人的狀態,步行,其他,非汽、機及自行車,NA,NA,非駕駛者,未依號誌或手勢指揮(示)穿越道路,否,121.307052,24.937532
20230923,20230923,2023,9,183659,A1,桃園市政府警察局,桃園市八德區興豐路1144號前0.0公尺附近,晴,有照明且開啟,鄉道,50,交岔路,三岔路,其他,行人穿越道,柏油,乾燥,無缺陷,無障礙物,無遮蔽物,良好,行車管制號誌,正常,無,無分向設施,未繪設車道線,未繪設快慢車道分隔線,無,人與車,穿越道路中,非駕駛者,未依號誌或手勢指揮(示)穿越道路,死亡1;受傷0,2,小客車(含客、貨兩用),自用,男,68,繫安全帶(使用幼童安全椅),未使用,車的狀態,向前直行中,汽車,前車頭,NA,NA,駕駛者,車輛未依規定暫停讓行人先行,否,121.307052,24.937532
20230924,20230924,2023,9,035411,A1,宜蘭縣政府警察局,宜蘭縣南澳鄉台9丁線32.9公里處北上車道,晴,無照明,省道,40,單路部分,彎曲路及附近,路段,一般車道(未劃分快慢車道),柏油,乾燥,無缺陷,無障礙物,無遮蔽物,良好,無號誌,無號誌,雙向禁止超車線,附標記,車道線(附標記),未繪設快慢車道分隔線,有,車輛本身,路上翻車、摔倒,無(車輛駕駛者因素),尚未發現肇事因素,死亡1;受傷0,1,機車,大型重型1(550C.C.以上),男,49,戴非半罩式安全帽,不明,車的狀態,左轉彎,機車與自行車,前車頭,機車與自行車,右側車身,無(車輛駕駛者因素),尚未發現肇事因素,否,121.787432,24.432811
20230924,20230924,2023,9,035411,A1,宜蘭縣政府警察局,宜蘭縣南澳鄉台9丁線32.9公里處北上車道,晴,無照明,省道,40,單路部分,彎曲路及附近,路段,一般車道(未劃分快慢車道),柏油,乾燥,無缺陷,無障礙物,無遮蔽物,良好,無號誌,無號誌,雙向禁止超車線,附標記,車道線(附標記),未繪設快慢車道分隔線,有,車輛本身,路上翻車、摔倒,無(車輛駕駛者因素),尚未發現肇事因素,死亡1;受傷0,2,NA,NA,無或物(動物、堆置物),-1,NA,NA,NA,NA,NA,NA,NA,NA,無(非車輛駕駛人因素),尚未發現肇事因素,否,121.787432,24.432811
20230924,20230924,2023,9,040549,A1,國道公路警察局,臺南市善化區國道3號 342公里100.0公尺處南側,晴,有照明且開啟,其他,40,其他,其他,其他,其他,柏油,乾燥,無缺陷,無障礙物,無遮蔽物,良好,無號誌,無號誌,無,無分向設施,未繪設車道線,未繪設快慢車道分隔線,有,車輛本身,撞護欄(樁),駕駛者,酒醉(後)駕駛,死亡1;受傷0,1,小客車(含客、貨兩用),自用,男,41,未戴安全帽或未繫安全帶(未使用幼童安全椅),未使用,車的狀態,向前直行中,汽車,前車頭,NA,NA,駕駛者,酒醉(後)駕駛,否,120.333615,23.130946
20230924,20230924,2023,9,040549,A1,國道公路警察局,臺南市善化區國道3號 342公里100.0公尺處南側,晴,有照明且開啟,其他,40,其他,其他,其他,其他,柏油,乾燥,無缺陷,無障礙物,無遮蔽物,良好,無號誌,無號誌,無,無分向設施,未繪設車道線,未繪設快慢車道分隔線,有,車輛本身,撞護欄(樁),駕駛者,酒醉(後)駕駛,死亡1;受傷0,2,NA,NA,無或物(動物、堆置物),-1,NA,NA,NA,NA,NA,NA,NA,NA,無(非車輛駕駛人因素),尚未發現肇事因素,否,120.333615,23.130946
20230924,20230924,2023,9,090600,A1,基隆市警察局,基隆市中山區中山一路207號前0.0公尺,晴,無照明,市區道路,50,單路部分,直路,路段,一般車道(未劃分快慢車道),柏油,乾燥,無缺陷,無障礙物,無遮蔽物,良好,行車管制號誌,正常,中央分向島,寬式(50公分以上),未繪設車道線,未繪設快慢車道分隔線,無,車與車,側撞,駕駛者,違反二段式左(右)轉標誌(線),死亡1;受傷0,1,機車,普通重型,男,72,戴半罩式安全帽,未使用,車的狀態,左轉彎,機車與自行車,左側車身,NA,NA,駕駛者,違反二段式左(右)轉標誌(線),否,121.739316,25.134184
20230924,20230924,2023,9,090600,A1,基隆市警察局,基隆市中山區中山一路207號前0.0公尺,晴,無照明,市區道路,50,單路部分,直路,路段,一般車道(未劃分快慢車道),柏油,乾燥,無缺陷,無障礙物,無遮蔽物,良好,行車管制號誌,正常,中央分向島,寬式(50公分以上),未繪設車道線,未繪設快慢車道分隔線,無,車與車,側撞,駕駛者,違反二段式左(右)轉標誌(線),死亡1;受傷0,2,大客車,公營客運,男,49,不明,未使用,車的狀態,向前直行中,汽車,右前車頭(身),NA,NA,無(車輛駕駛者因素),尚未發現肇事因素,否,121.739316,25.134184
20230924,20230924,2023,9,105700,A1,嘉義縣警察局,嘉義縣新港鄉西庄村產業道路台電西庄45號電桿處,晴,無照明,村里道路,30,交岔路,四岔路,交叉路口,交叉路口內,柏油,乾燥,無缺陷,無障礙物,無遮蔽物,良好,無號誌,無號誌,無,無分向設施,未繪設車道線,未繪設快慢車道分隔線,有,車與車,路口交岔撞,駕駛者,無號誌路口，左方車未讓右方車先行,死亡1;受傷0,1,大貨車,自用,男,20,未戴安全帽或未繫安全帶(未使用幼童安全椅),未使用,車的狀態,向前直行中,汽車,右前車頭(身),NA,NA,駕駛者,無號誌路口，左方車未讓右方車先行,否,120.384418,23.565397
20230924,20230924,2023,9,105700,A1,嘉義縣警察局,嘉義縣新港鄉西庄村產業道路台電西庄45號電桿處,晴,無照明,村里道路,30,交岔路,四岔路,交叉路口,交叉路口內,柏油,乾燥,無缺陷,無障礙物,無遮蔽物,良好,無號誌,無號誌,無,無分向設施,未繪設車道線,未繪設快慢車道分隔線,有,車與車,路口交岔撞,駕駛者,無號誌路口，左方車未讓右方車先行,死亡1;受傷0,2,機車,普通重型,男,88,戴半罩式安全帽,不明,車的狀態,向前直行中,機車與自行車,左側車身,NA,NA,無(車輛駕駛者因素),尚未發現肇事因素,否,120.384418,23.565397
20230924,20230924,2023,9,123300,A1,高雄市政府警察局,高雄市大寮區萬丹路 / 高雄市大寮區前庄路,晴,有照明未開啟或故障,市區道路,30,交岔路,四岔路,交叉路口,交叉路口內,柏油,乾燥,無缺陷,無障礙物,無遮蔽物,良好,無號誌,無號誌,無,無分向設施,未繪設車道線,未繪設快慢車道分隔線,有,車與車,路口交岔撞,駕駛者,無號誌路口，支線道未讓幹線道先行,死亡1;受傷0,1,小客車(含客、貨兩用),自用,男,28,未戴安全帽或未繫安全帶(未使用幼童安全椅),未使用,車的狀態,向前直行中,汽車,前車頭,NA,NA,駕駛者,無號誌路口，支線道未讓幹線道先行,否,120.4016,22.61705
20230924,20230924,2023,9,123300,A1,高雄市政府警察局,高雄市大寮區萬丹路 / 高雄市大寮區前庄路,晴,有照明未開啟或故障,市區道路,30,交岔路,四岔路,交叉路口,交叉路口內,柏油,乾燥,無缺陷,無障礙物,無遮蔽物,良好,無號誌,無號誌,無,無分向設施,未繪設車道線,未繪設快慢車道分隔線,有,車與車,路口交岔撞,駕駛者,無號誌路口，支線道未讓幹線道先行,死亡1;受傷0,2,機車,普通重型,女,63,戴半罩式安全帽,不明,車的狀態,向前直行中,機車與自行車,右側車身,NA,NA,駕駛者,未依規定減速,否,120.4016,22.61705
20230924,20230924,2023,9,165320,A1,臺南市政府警察局,臺南市下營區大吉里大屯寮1之17號,晴,無照明,市區道路,30,交岔路,三岔路,交叉路口,交叉路口內,柏油,乾燥,無缺陷,道路工事(程)中,無遮蔽物,良好,無號誌,無號誌,無,無分向設施,未繪設車道線,未繪設快慢車道分隔線,無,車與車,側撞,駕駛者,無號誌路口，支線道未讓幹線道先行,死亡1;受傷0,1,機車,普通重型,女,75,未戴安全帽或未繫安全帶(未使用幼童安全椅),未使用,車的狀態,右轉彎,機車與自行車,左側車身,NA,NA,駕駛者,無號誌路口，支線道未讓幹線道先行,否,120.249783,23.233946
20230924,20230924,2023,9,165320,A1,臺南市政府警察局,臺南市下營區大吉里大屯寮1之17號,晴,無照明,市區道路,30,交岔路,三岔路,交叉路口,交叉路口內,柏油,乾燥,無缺陷,道路工事(程)中,無遮蔽物,良好,無號誌,無號誌,無,無分向設施,未繪設車道線,未繪設快慢車道分隔線,無,車與車,側撞,駕駛者,無號誌路口，支線道未讓幹線道先行,死亡1;受傷0,2,小客車(含客、貨兩用),自用,女,35,未戴安全帽或未繫安全帶(未使用幼童安全椅),未使用,車的狀態,向前直行中,汽車,右前車頭(身),NA,NA,駕駛者,未依規定減速,否,120.249783,23.233946