accident_date,發生日期,發生年度,發生月份,發生時間,事故類別名稱,處理單位名稱警局層,發生地點,天候名稱,光線名稱,道路類別-第1當事者-名稱,速限-第1當事者,道路型態大類別名稱,道路型態子類別名稱,事故位置大類別名稱,事故位置子類別名稱,路面狀況-路面鋪裝名稱,路面狀況-路面狀態名稱,路面狀況-路面缺陷名稱,道路障礙-障礙物名稱,道路障礙-視距品質名稱,道路障礙-視距名稱,號誌-號誌種類名稱,號誌-號誌動作名稱,車道劃分設施-分向設施大類別名稱,車道劃分設施-分向設施子類別名稱,車道劃分設施-分道設施-快車道或一般車道間名稱,車道劃分設施-分道設施-快慢車道間名稱,車道劃分設施-分道設施-路面邊線名稱,事故類型及型態大類別名稱,事故類型及型態子類別名稱,肇因研判大類別名稱-主要,肇因研判子類別名稱-主要,死亡受傷人數,當事者順位,當事者區分-類別-大類別名稱-車種,當事者區分-類別-子類別名稱-車種,當事者屬-性-別名稱,當事者事故發生時年齡,保護裝備名稱,行動電話或電腦或其他相類功能裝置名稱,當事者行動狀態大類別名稱,當事者行動狀態子類別名稱,車輛撞擊部位大類別名稱-最初,車輛撞擊部位子類別名稱-最初,車輛撞擊部位大類別名稱-其他,車輛撞擊部位子類別名稱-其他,肇因研判大類別名稱-個別,肇因研判子類別名稱-個別,肇事逃逸類別名稱-是否肇逃,經度,緯度
20231002,20231002,2023,10,103742,A1,雲林縣警察局,雲林縣臺西鄉海南村中山路299巷、民族路30巷 交岔路口,晴,有照明且開啟,村里道路,30,交岔路,多岔路,交叉路口,交叉路口內,柏油,乾燥,無缺陷,無障礙物,無遮蔽物,良好,無號誌,無號誌,無,無分向設施,未繪設車道線,未繪設快慢車道分隔線,無,車與車,路口交岔撞,駕駛者,無號誌路口，左方車未讓右方車先行,死亡1;受傷0,2,小客車(含客、貨兩用),自用,男,64,不明,不明,車的狀態,向前直行中,汽車,左側車身,NA,NA,駕駛者,未依規定減速,否,120.194656,23.697736
20231002,20231002,2023,10,113000,A1,臺中市政府警察局,臺中市霧峰區本堂里乾溪東路前0.0公尺,晴,有照明且開啟,市區道路,40,單路部分,彎曲路及附近,路段,一般車道(未劃分快慢車道),柏油,乾燥,無缺陷,無障礙物,無遮蔽物,良好,無號誌,無號誌,無,無分向設施,未繪設車道線,未繪設快慢車道分隔線,有,車與車,對撞,駕駛者,未靠右行駛,死亡1;受傷1,1,機車,普通重型,女,67,戴半罩式安全帽,未使用,車的狀態,向前直行中,機車與自行車,前車頭,NA,NA,駕駛者,未靠右行駛,否,120.69382,24.05772
20231002,20231002,2023,10,113000,A1,臺中市政府警察局,臺中市霧峰區本堂里乾溪東路前0.0公尺,晴,有照明且開啟,市區道路,40,單路部分,彎曲路及附近,路段,一般車道(未劃分快慢車道),柏油,乾燥,無缺陷,無障礙物,無遮蔽物,良好,無號誌,無號誌,無,無分向設施,未繪設車道線,未繪設快慢車道分隔線,有,車與車,對撞,駕駛者,未靠右行駛,死亡1;受傷1,2,機車,普通重型,女,50,戴半罩式安全帽,未使用,車的狀態,向前直行中,機車與自行車,前車頭,NA,NA,無(車輛駕駛者因素),尚未發現肇事因素,否,120.69382,24.05772
20231002,20231002,2023,10,113315,A1,雲林縣警察局,雲林縣斗南鎮小東里大同路642號前0.0公尺附近,晴,無照明,市區道路,50,單路部分,彎曲路及附近,路段,路肩、路緣,柏油,乾燥,無缺陷,無障礙物,無遮蔽物,良好,無號誌,無號誌,雙向禁止超車線,無標記,未繪設車道線,未繪設快慢車道分隔線,有,車輛本身,撞建築物,駕駛者,超速駕駛,死亡1;受傷0,1,小客車(含客、貨兩用),自用,男,51,未戴安全帽或未繫安全帶(未使用幼童安全椅),不明,車的狀態,向前直行中,汽車,前車頭,NA,NA,駕駛者,超速駕駛,否,120.467903,23.691475
20231002,20231002,2023,10,113315,A1,雲林縣警察局,雲林縣斗南鎮小東里大同路642號前0.0公尺附近,晴,無照明,市區道路,50,單路部分,彎曲路及附近,路段,路肩、路緣,柏油,乾燥,無缺陷,無障礙物,無遮蔽物,良好,無號誌,無號誌,雙向禁止超車線,無標記,未繪設車道線,未繪設快慢車道分隔線,有,車輛本身,撞建築物,駕駛者,超速駕駛,死亡1;受傷0,2,NA,NA,無或物(動物、堆置物),-1,NA,NA,NA,NA,NA,NA,NA,NA,無(非車輛駕駛人因素),尚未發現肇事因素,否,120.467903,23.691475
20231002,20231002,2023,10,120852,A1,彰化縣警察局,彰化縣員林市員林市萬年里萬年路一段326號前,晴,有照明未開啟或故障,市區道路,50,交岔路,四岔路,交叉路口,交叉路口內,柏油,乾燥,無缺陷,無障礙物,無遮蔽物,良好,行車管制號誌,正常,中央分向島,寬式(50公分以上),車道線(附標記),未繪設快慢車道分隔線,有,車輛本身,撞交通島,駕駛者,患病或服用藥物(疲勞)駕駛,死亡1;受傷0,1,機車,普通重型,男,85,戴半罩式安全帽,未使用,車的狀態,向前直行中,機車與自行車,左側車身,NA,NA,駕駛者,患病或服用藥物(疲勞)駕駛,否,120.578656,23.952386
20231002,20231002,2023,10,120852,A1,彰化縣警察局,彰化縣員林市員林市萬年里萬年路一段326號前,晴,有照明未開啟或故障,市區道路,50,交岔路,四岔路,交叉路口,交叉路口內,柏油,乾燥,無缺陷,無障礙物,無遮蔽物,良好,行車管制號誌,正常,中央分向島,寬式(50公分以上),車道線(附標記),未繪設快慢車道分隔線,有,車輛本身,撞交通島,駕駛者,患病或服用藥物(疲勞)駕駛,死亡1;受傷0,2,NA,NA,無或物(動物、堆置物),-1,NA,NA,NA,NA,NA,NA,NA,NA,無(非車輛駕駛人因素),尚未發現肇事因素,否,120.578656,23.952386
20231002,20231002,2023,10,122642,A1,臺南市政府警察局,臺南市麻豆區新興里新生北路口 / 臺南市麻豆區新興里新生南路口,晴,無照明,市區道路,50,交岔路,多岔路,其他,行人穿越道,柏油,乾燥,無缺陷,無障礙物,無遮蔽物,良好,行車管制號誌,正常,無,無分向設施,未繪設車道線,未繪設快慢車道分隔線,無,人與車,穿越道路中,駕駛者,車輛未依規定暫停讓行人先行,死亡1;受傷0,1,小客車(含客、貨兩用),自用,男,61,不明,不明,車的狀態,向前直行中,汽車,前車頭,NA,NA,駕駛者,車輛未依規定暫停讓行人先行,是,120.240999,23.185006
20231002,20231002,2023,10,122642,A1,臺南市政府警察局,臺南市麻豆區新興里新生北路口 / 臺南市麻豆區新興里新生南路口,晴,無照明,市區道路,50,交岔路,多岔路,其他,行人穿越道,柏油,乾燥,無缺陷,無障礙物,無遮蔽物,良好,行車管制號誌,正常,無,無分向設施,未繪設車道線,未繪設快慢車道分隔線,無,人與車,穿越道路中,駕駛者,車輛未依規定暫停讓行人先行,死亡1;受傷0,2,人,行人,女,67,其他(無需使用保護裝備之人),非駕駛人,人的狀態,步行,其他,非汽、機及自行車,NA,NA,非駕駛者,未依號誌或手勢指揮(示)穿越道路,否,120.240999,23.185006
20231002,20231002,2023,10,143000,A1,屏東縣政府警察局,屏東縣長治鄉南二高平面道路與德華路口,陰,無照明,縣道,50,交岔路,四岔路,交叉路口,交叉路口內,柏油,濕潤,無缺陷,無障礙物,無遮蔽物,良好,行車管制號誌,正常,中央分向島,寬式(50公分以上),車道線(附標記),窄式快慢車道分隔島(無柵欄),有,車與車,路口交岔撞,駕駛者,闖紅燈直行,死亡2;受傷0,1,慢車,腳踏自行車,男,37,其他(無需使用保護裝備之人),未使用,車的狀態,向前直行中,機車與自行車,前車頭,NA,NA,駕駛者,闖紅燈直行,否,120.527215,22.717893
20231002,20231002,2023,10,143000,A1,屏東縣政府警察局,屏東縣長治鄉南二高平面道路與德華路口,陰,無照明,縣道,50,交岔路,四岔路,交叉路口,交叉路口內,柏油,濕潤,無缺陷,無障礙物,無遮蔽物,良好,行車管制號誌,正常,中央分向島,寬式(50公分以上),車道線(附標記),窄式快慢車道分隔島(無柵欄),有,車與車,路口交岔撞,駕駛者,闖紅燈直行,死亡2;受傷0,2,機車,普通重型,男,18,戴半罩式安全帽,未使用,車的狀態,向前直行中,機車與自行車,前車頭,NA,NA,駕駛者,恍神、緊張、心不在焉分心駕駛,否,120.527215,22.717893
20231002,20231002,2023,10,155200,A1,臺中市政府警察局,臺中市北屯區大坑里東山路二段126-1號前0.0公尺,晴,有照明未開啟或故障,市區道路,50,單路部分,直路,路段,一般車道(未劃分快慢車道),柏油,乾燥,無缺陷,無障礙物,無遮蔽物,良好,無號誌,無號誌,雙向禁止超車線,無標記,車道線(無標記),未繪設快慢車道分隔線,無,車輛本身,撞電桿,其他,其他不當駕車行為,死亡1;受傷0,1,機車,普通重型,男,43,戴半罩式安全帽,未使用,車的狀態,向前直行中,機車與自行車,前車頭,NA,NA,其他,其他不當駕車行為,否,120.748801,24.197827
20231002,20231002,2023,10,155200,A1,臺中市政府警察局,臺中市北屯區大坑里東山路二段126-1號前0.0公尺,晴,有照明未開啟或故障,市區道路,50,單路部分,直路,路段,一般車道(未劃分快慢車道),柏油,乾燥,無缺陷,無障礙物,無遮蔽物,良好,無號誌,無號誌,雙向禁止超車線,無標記,車道線(無標記),未繪設快慢車道分隔線,無,車輛本身,撞電桿,其他,其他不當駕車行為,死亡1;受傷0,2,NA,NA,無或物(動物、堆置物),0,NA,NA,NA,NA,NA,NA,NA,NA,無(非車輛駕駛人因素),尚未發現肇事因素,否,120.748801,24.197827
20231003,20231003,2023,10,074525,A1,嘉義縣警察局,嘉義縣竹崎鄉和平村坑仔坪152之3號,晴,有照明未開啟或故障,省道,60,交岔路,三岔路,交叉路口,交叉路口內,柏油,乾燥,無缺陷,無障礙物,無遮蔽物,良好,無號誌,無號誌,無,無分向設施,未繪設車道線,未繪設快慢車道分隔線,無,車與車,倒車撞,駕駛者,倒車未依規定,死亡1;受傷0,1,大貨車,營業用,男,45,繫安全帶(使用幼童安全椅),未使用,車的狀態,倒車,汽車,左後車尾(身),NA,NA,駕駛者,倒車未依規定,否,120.54852700000001,23.517025
20231003,20231003,2023,10,074525,A1,嘉義縣警察局,嘉義縣竹崎鄉和平村坑仔坪152之3號,晴,有照明未開啟或故障,省道,60,交岔路,三岔路,交叉路口,交叉路口內,柏油,乾燥,無缺陷,無障礙物,無遮蔽物,良好,無號誌,無號誌,無,無分向設施,未繪設車道線,未繪設快慢車道分隔線,無,車與車,倒車撞,駕駛者,倒車未依規定,死亡1;受傷0,2,機車,普通重型,女,61,戴半罩式安全帽,未使用,車的狀態,向前直行中,機車與自行車,前車頭,NA,NA,無(車輛駕駛者因素),尚未發現肇事因素,否,120.54852700000001,23.517025
20231003,20231003,2023,10,074525,A1,嘉義縣警察局,嘉義縣竹崎鄉和平村坑仔坪152之3號,晴,有照明未開啟或故障,省道,60,交岔路,三岔路,交叉路口,交叉路口內,柏油,乾燥,無缺陷,無障礙物,無遮蔽物,良好,無號誌,無號誌,無,無分向設施,未繪設車道線,未繪設快慢車道分隔線,無,車與車,倒車撞,駕駛者,倒車未依規定,死亡1;受傷0,3,小貨車(含客、貨兩用),自用,男,27,不明,不明,車的狀態,其他,汽車,後車尾,NA,NA,無(車輛駕駛者因素),尚未發現肇事因素,否,120.54852700000001,23.517025
20231003,20231003,2023,10,080200,A1,臺北市政府警察局,臺北市松山區寶清街 / 臺北市松山區寶清街,陰,無照明,市區道路,30,交岔路,四岔路,交叉路口,交叉路口內,柏油,乾燥,無缺陷,無障礙物,無遮蔽物,良好,行車管制號誌(附設行人專用號誌),正常,雙向禁止超車線,無標記,車道線(無標記),未繪設快慢車道分隔線,無,人與車,穿越道路中,駕駛者,車輛未依規定暫停讓行人先行,死亡1;受傷0,1,小客車(含客、貨兩用),自用,女,41,繫安全帶(使用幼童安全椅),未使用,車的狀態,左轉彎,汽車,左前車頭(身),NA,NA,駕駛者,車輛未依規定暫停讓行人先行,否,121.567986,25.052382
20231003,20231003,2023,10,080200,A1,臺北市政府警察局,臺北市松山區寶清街 / 臺北市松山區寶清街,陰,無照明,市區道路,30,交岔路,四岔路,交叉路口,交叉路口內,柏油,乾燥,無缺陷,無障礙物,無遮蔽物,良好,行車管制號誌(附設行人專用號誌),正常,雙向禁止超車線,無標記,車道線(無標記),未繪設快慢車道分隔線,無,人與車,穿越道路中,駕駛者,車輛未依規定暫停讓行人先行,死亡1;受傷0,2,人,行人,女,82,其他(無需使用保護裝備之人),非駕駛人,人的狀態,步行,其他,非汽、機及自行車,NA,NA,非駕駛者,未依標誌或標線穿越道路,否,121.567986,25.052382
20231003,20231003,2023,10,080200,A1,臺北市政府警察局,臺北市松山區寶清街 / 臺北市松山區寶清街,陰,無照明,市區道路,30,交岔路,四岔路,交叉路口,交叉路口內,柏油,乾燥,無缺陷,無障礙物,無遮蔽物,良好,行車管制號誌(附設行人專用號誌),正常,雙向禁止超車線,無標記,車道線(無標記),未繪設快慢車道分隔線,無,人與車,穿越道路中,駕駛者,車輛未依規定暫停讓行人先行,死亡1;受傷0,3,小客車(含客、貨兩用),自用,男,59,繫安全帶(使用幼童安全椅),未使用,車的狀態,等待(引擎未熄火),汽車,左側車身,NA,NA,其他,違規(臨時)停車,否,121.567986,25.052382
20231003,20231003,2023,10,082247,A1,臺南市政府警察局,臺南市北區公園路南側 / 臺南市北區公園路東側,晴,有照明未開啟或故障,市區道路,50,交岔路,四岔路,交叉路口,交叉路口內,柏油,乾燥,無缺陷,無障礙物,無遮蔽物,良好,行車管制號誌,正常,無,無分向設施,未繪設車道線,未繪設快慢車道分隔線,無,車與車,路口交岔撞,駕駛者,闖紅燈直行,死亡1;受傷1,1,機車,普通重型,男,32,戴半罩式安全帽,不明,車的狀態,向前直行中,機車與自行車,前車頭,機車與自行車,前車頭,駕駛者,闖紅燈直行,否,120.210454,23.003986
20231003,20231003,2023,10,082247,A1,臺南市政府警察局,臺南市北區公園路南側 / 臺南市北區公園路東側,晴,有照明未開啟或故障,市區道路,50,交岔路,四岔路,交叉路口,交叉路口內,柏油,乾燥,無缺陷,無障礙物,無遮蔽物,良好,行車管制號誌,正常,無,無分向設施,未繪設車道線,未繪設快慢車道分隔線,無,車與車,路口交岔撞,駕駛者,闖紅燈直行,死亡1;受傷1,2,機車,普通重型,男,75,戴半罩式安全帽,不明,車的狀態,向前直行中,機車與自行車,左側車身,機車與自行車,左側車身,無(車輛駕駛者因素),尚未發現肇事因素,否,120.210454,23.003986
20231003,20231003,2023,10,084400,A1,新北市政府警察局,新北市永和區環河東路3段 / 新北市永和區福和路,陰,無照明,市區道路,50,交岔路,三岔路,交叉路口,交叉路口內,柏油,乾燥,無缺陷,無障礙物,無遮蔽物,良好,行車管制號誌(附設行人專用號誌),正常,中央分向島,窄式無柵欄,車道線(無標記),未繪設快慢車道分隔線,無,車與車,路口交岔撞,駕駛者,闖紅燈直行,死亡1;受傷1,1,機車,普通重型,男,21,戴非半罩式安全帽,未使用,車的狀態,向前直行中,機車與自行車,前車頭,NA,NA,駕駛者,闖紅燈直行,否,121.525616,25.007763
20231003,20231003,2023,10,084400,A1,新北市政府警察局,新北市永和區環河東路3段 / 新北市永和區福和路,陰,無照明,市區道路,50,交岔路,三岔路,交叉路口,交叉路口內,柏油,乾燥,無缺陷,無障礙物,無遮蔽物,良好,行車管制號誌(附設行人專用號誌),正常,中央分向島,窄式無柵欄,車道線(無標記),未繪設快慢車道分隔線,無,車與車,路口交岔撞,駕駛者,闖紅燈直行,死亡1;受傷1,2,機車,普通重型,女,38,戴非半罩式安全帽,未使用,車的狀態,起步,機車與自行車,左側車身,NA,NA,無(車輛駕駛者因素),尚未發現肇事因素,否,121.525616,25.007763
20231003,20231003,2023,10,105700,A1,臺中市政府警察局,臺中市大里區大明里大明路310號前0.0公尺,晴,有照明未開啟或故障,市區道路,50,單路部分,直路,路段,快車道,柏油,乾燥,無缺陷,無障礙物,無遮蔽物,良好,無號誌,無號誌,雙向禁止超車線,無標記,未繪設車道線,快慢車道分隔線,有,車與車,同向擦撞,駕駛者,變換車道不當,死亡1;受傷0,1,慢車,腳踏自行車,男,84,未戴安全帽或未繫安全帶(未使用幼童安全椅),未使用,車的狀態,向左變換車道,機車與自行車,左側車身,NA,NA,駕駛者,變換車道不當,否,120.681815,24.115258
20231003,20231003,2023,10,105700,A1,臺中市政府警察局,臺中市大里區大明里大明路310號前0.0公尺,晴,有照明未開啟或故障,市區道路,50,單路部分,直路,路段,快車道,柏油,乾燥,無缺陷,無障礙物,無遮蔽物,良好,無號誌,無號誌,雙向禁止超車線,無標記,未繪設車道線,快慢車道分隔線,有,車與車,同向擦撞,駕駛者,變換車道不當,死亡1;受傷0,2,小客車(含客、貨兩用),自用,男,39,繫安全帶(使用幼童安全椅),未使用,車的狀態,向前直行中,汽車,右側車身,NA,NA,駕駛者,乘客、車上動(生)物干擾分心駕駛,否,120.681815,24.115258
20231003,20231003,2023,10,112315,A1,苗栗縣警察局,苗栗縣後龍鎮頂椅一街與槺榔一街口,晴,有照明未開啟或故障,村里道路,50,交岔路,四岔路,交叉路口,交叉路口內,柏油,乾燥,無缺陷,無障礙物,無遮蔽物,良好,無號誌,無號誌,無,無分向設施,未繪設車道線,未繪設快慢車道分隔線,無,車與車,路口交岔撞,駕駛者,無號誌路口，左方車未讓右方車先行,死亡1;受傷0,1,曳引車,營業用,男,56,繫安全帶(使用幼童安全椅),未使用,車的狀態,向前直行中,汽車,右側車身,汽車,右側車身,駕駛者,無號誌路口，左方車未讓右方車先行,否,120.831232,24.612215
20231003,20231003,2023,10,112315,A1,苗栗縣警察局,苗栗縣後龍鎮頂椅一街與槺榔一街口,晴,有照明未開啟或故障,村里道路,50,交岔路,四岔路,交叉路口,交叉路口內,柏油,乾燥,無缺陷,無障礙物,無遮蔽物,良好,無號誌,無號誌,無,無分向設施,未繪設車道線,未繪設快慢車道分隔線,無,車與車,路口交岔撞,駕駛者,無號誌路口，左方車未讓右方車先行,死亡1;受傷0,2,機車,普通重型,女,64,戴半罩式安全帽,未使用,車的狀態,向前直行中,機車與自行車,前車頭,機車與自行車,前車頭,其他,其他不當駕車行為,否,120.831232,24.612215
20231004,20231004,2023,10,082039,A1,雲林縣警察局,雲林縣虎尾鎮三合里雲95與雲94路口,陰,有照明未開啟或故障,鄉道,50,交岔路,四岔路,交叉路口,交叉路口內,柏油,乾燥,無缺陷,無障礙物,無遮蔽物,良好,行車管制號誌,正常,行車分向線,無標記,車道線(無標記),未繪設快慢車道分隔線,有,車與車,側撞,駕駛者,有號誌路口，轉彎車未讓直行車先行,死亡1;受傷0,1,機車,普通重型,女,78,戴半罩式安全帽,未使用,車的狀態,左轉彎,機車與自行車,右側車身,NA,NA,駕駛者,有號誌路口，轉彎車未讓直行車先行,否,120.4037,23.700259
20231004,20231004,2023,10,082039,A1,雲林縣警察局,雲林縣虎尾鎮三合里雲95與雲94路口,陰,有照明未開啟或故障,鄉道,50,交岔路,四岔路,交叉路口,交叉路口內,柏油,乾燥,無缺陷,無障礙物,無遮蔽物,良好,行車管制號誌,正常,行車分向線,無標記,車道線(無標記),未繪設快慢車道分隔線,有,車與車,側撞,駕駛者,有號誌路口，轉彎車未讓直行車先行,死亡1;受傷0,2,小貨車(含客、貨兩用),租賃小貨車,男,41,繫安全帶(使用幼童安全椅),未使用,車的狀態,向前直行中,汽車,前車頭,NA,NA,駕駛者,未依規定減速,否,120.4037,23.700259
20231004,20231004,2023,10,094700,A1,臺南市政府警察局,臺南市麻豆區海埔里麻學路二段451號,雨,有照明未開啟或故障,市區道路,30,單路部分,直路,路段,慢車道,柏油,濕潤,無缺陷,道路工事(程)中,無遮蔽物,良好,行車管制號誌,正常,雙向禁止超車線,無標記,車道線(無標記),快慢車道分隔線,有,人與車,穿越道路中,非駕駛者,穿越道路未注意左右來車,死亡1;受傷0,1,人,行人,男,44,其他(無需使用保護裝備之人),非駕駛人,人的狀態,步行,其他,非汽、機及自行車,NA,NA,非駕駛者,穿越道路未注意左右來車,否,120.212306,23.197915
20231004,20231004,2023,10,094700,A1,臺南市政府警察局,臺南市麻豆區海埔里麻學路二段451號,雨,有照明未開啟或故障,市區道路,30,單路部分,直路,路段,慢車道,柏油,濕潤,無缺陷,道路工事(程)中,無遮蔽物,良好,行車管制號誌,正常,雙向禁止超車線,無標記,車道線(無標記),快慢車道分隔線,有,人與車,穿越道路中,非駕駛者,穿越道路未注意左右來車,死亡1;受傷0,2,小客車(含客、貨兩用),自用,女,55,繫安全帶(使用幼童安全椅),未使用,車的狀態,向前直行中,汽車,右前車頭(身),NA,NA,駕駛者,恍神、緊張、心不在焉分心駕駛,否,120.212306,23.197915
20231004,20231004,2023,10,094700,A1,臺南市政府警察局,臺南市麻豆區海埔里麻學路二段451號,雨,有照明未開啟或故障,市區道路,30,單路部分,直路,路段,慢車道,柏油,濕潤,無缺陷,道路工事(程)中,無遮蔽物,良好,行車管制號誌,正常,雙向禁止超車線,無標記,車道線(無標記),快慢車道分隔線,有,人與車,穿越道路中,非駕駛者,穿越道路未注意左右來車,死亡1;受傷0,3,人,其他人,男,45,其他(無需使用保護裝備之人),非駕駛人,不明,不明,其他,非汽、機及自行車,NA,NA,非駕駛者,未依法令授權指揮交通或指揮不當,否,120.212306,23.197915
20231004,20231004,2023,10,094700,A1,臺南市政府警察局,臺南市麻豆區海埔里麻學路二段451號,雨,有照明未開啟或故障,市區道路,30,單路部分,直路,路段,慢車道,柏油,濕潤,無缺陷,道路工事(程)中,無遮蔽物,良好,行車管制號誌,正常,雙向禁止超車線,無標記,車道線(無標記),快慢車道分隔線,有,人與車,穿越道路中,非駕駛者,穿越道路未注意左右來車,死亡1;受傷0,4,大貨車,自用,男,28,繫安全帶(使用幼童安全椅),未使用,車的狀態,等待(引擎未熄火),其他,無撞擊,NA,NA,無(車輛駕駛者因素),尚未發現肇事因素,否,120.212306,23.197915
20231004,20231004,2023,10,133600,A1,臺中市政府警察局,臺中市霧峰區舊正里新豐路106號前0.0公尺,晴,有照明未開啟或故障,市區道路,30,單路部分,彎曲路及附近,路段,一般車道(未劃分快慢車道),柏油,乾燥,無缺陷,無障礙物,無遮蔽物,良好,無號誌,無號誌,無,無分向設施,未繪設車道線,未繪設快慢車道分隔線,有,車與車,對撞,駕駛者,未靠右行駛,死亡1;受傷0,1,小貨車(含客、貨兩用),自用,男,31,繫安全帶(使用幼童安全椅),未使用,車的狀態,其他,汽車,左前車頭(身),NA,NA,駕駛者,未靠右行駛,否,120.689128,24.018268
20231004,20231004,2023,10,133600,A1,臺中市政府警察局,臺中市霧峰區舊正里新豐路106號前0.0公尺,晴,有照明未開啟或故障,市區道路,30,單路部分,彎曲路及附近,路段,一般車道(未劃分快慢車道),柏油,乾燥,無缺陷,無障礙物,無遮蔽物,良好,無號誌,無號誌,無,無分向設施,未繪設車道線,未繪設快慢車道分隔線,有,車與車,對撞,駕駛者,未靠右行駛,死亡1;受傷0,2,機車,普通重型,男,84,未戴安全帽或未繫安全帶(未使用幼童安全椅),未使用,車的狀態,其他,機車與自行車,前車頭,NA,NA,無(車輛駕駛者因素),尚未發現肇事因素,否,120.689128,24.018268
20231004,20231004,2023,10,190000,A1,臺東縣警察局,臺東縣臺東市梧州街7號前0.0公尺,陰,有照明且開啟,市區道路,50,單路部分,直路,路段,一般車道(未劃分快慢車道),柏油,乾燥,無缺陷,無障礙物,無遮蔽物,良好,無號誌,無號誌,雙向禁止超車線,無標記,未繪設車道線,未繪設快慢車道分隔線,有,人與車,其他,其他,其他不當駕車行為,死亡1;受傷0,1,小客車(含客、貨兩用),自用,女,77,繫安全帶(使用幼童安全椅),未使用,車的狀態,向前直行中,汽車,前車頭,汽車,右前車頭(身),其他,其他不當駕車行為,否,121.136773,22.742533
20231004,20231004,2023,10,190000,A1,臺東縣警察局,臺東縣臺東市梧州街7號前0.0公尺,陰,有照明且開啟,市區道路,50,單路部分,直路,路段,一般車道(未劃分快慢車道),柏油,乾燥,無缺陷,無障礙物,無遮蔽物,良好,無號誌,無號誌,雙向禁止超車線,無標記,未繪設車道線,未繪設快慢車道分隔線,有,人與車,其他,其他,其他不當駕車行為,死亡1;受傷0,2,人,行人,男,66,其他(無需使用保護裝備之人),非駕駛人,人的狀態,靜立(止),其他,非汽、機及自行車,NA,NA,非駕駛者,其他引起事故之疏失或行為,否,121.136773,22.742533
20231004,20231004,2023,10,190000,A1,臺東縣警察局,臺東縣臺東市梧州街7號前0.0公尺,陰,有照明且開啟,市區道路,50,單路部分,直路,路段,一般車道(未劃分快慢車道),柏油,乾燥,無缺陷,無障礙物,無遮蔽物,良好,無號誌,無號誌,雙向禁止超車線,無標記,未繪設車道線,未繪設快慢車道分隔線,有,人與車,其他,其他,其他不當駕車行為,死亡1;受傷0,3,小客車(含客、貨兩用),自用,男,58,不明,不明,車的狀態,靜止(引擎熄火),汽車,左前車頭(身),NA,NA,無(車輛駕駛者因素),尚未發現肇事因素,否,121.136773,22.742533
20231005,20231005,2023,10,015600,A1,桃園市政府警察局,桃園市中壢區中華路一段口 / 桃園市中壢區遠東路口,雨,有照明且開啟,市區道路,50,交岔路,四岔路,交叉路口,交叉路口內,柏油,濕潤,無缺陷,無障礙物,無遮蔽物,良好,行車管制號誌,正常,無,無分向設施,未繪設車道線,未繪設快慢車道分隔線,無,車與車,側撞,駕駛者,闖紅燈直行,死亡1;受傷0,1,小客車(含客、貨兩用),自用,男,30,不明,不明,車的狀態,向前直行中,汽車,前車頭,NA,NA,駕駛者,闖紅燈直行,是,121.262437,24.974108
20231005,20231005,2023,10,015600,A1,桃園市政府警察局,桃園市中壢區中華路一段口 / 桃園市中壢區遠東路口,雨,有照明且開啟,市區道路,50,交岔路,四岔路,交叉路口,交叉路口內,柏油,濕潤,無缺陷,無障礙物,無遮蔽物,良好,行車管制號誌,正常,無,無分向設施,未繪設車道線,未繪設快慢車道分隔線,無,車與車,側撞,駕駛者,闖紅燈直行,死亡1;受傷0,2,機車,普通重型,女,18,戴半罩式安全帽,未使用,車的狀態,左轉彎,機車與自行車,右側車身,NA,NA,駕駛者,左轉彎未依規定,否,121.262437,24.974108
20231005,20231005,2023,10,050844,A1,臺南市政府警察局,臺南市中西區和緯路5段口 / 臺南市中西區華平路,晴,有照明且開啟,市區道路,50,交岔路,三岔路,交叉路口,交叉路口內,柏油,乾燥,無缺陷,無障礙物,無遮蔽物,良好,行車管制號誌,正常,無,無分向設施,未繪設車道線,未繪設快慢車道分隔線,無,車輛本身,撞號誌、標誌桿,駕駛者,超速駕駛,死亡1;受傷2,1,小客車(含客、貨兩用),自用,男,18,繫安全帶(使用幼童安全椅),未使用,車的狀態,向前直行中,其他,不明,NA,NA,駕駛者,超速駕駛,否,120.17557,23.00529
20231005,20231005,2023,10,050844,A1,臺南市政府警察局,臺南市中西區和緯路5段口 / 臺南市中西區華平路,晴,有照明且開啟,市區道路,50,交岔路,三岔路,交叉路口,交叉路口內,柏油,乾燥,無缺陷,無障礙物,無遮蔽物,良好,行車管制號誌,正常,無,無分向設施,未繪設車道線,未繪設快慢車道分隔線,無,車輛本身,撞號誌、標誌桿,駕駛者,超速駕駛,死亡1;受傷2,2,NA,NA,無或物(動物、堆置物),-1,NA,NA,NA,NA,NA,NA,NA,NA,無(非車輛駕駛人因素),尚未發現肇事因素,否,120.17557,23.00529
20231005,20231005,2023,10,050844,A1,臺南市政府警察局,臺南市中西區和緯路5段口 / 臺南市中西區華平路,晴,有照明且開啟,市區道路,50,交岔路,三岔路,交叉路口,交叉路口內,柏油,乾燥,無缺陷,無障礙物,無遮蔽物,良好,行車管制號誌,正常,無,無分向設施,未繪設車道線,未繪設快慢車道分隔線,無,車輛本身,撞號誌、標誌桿,駕駛者,超速駕駛,死亡1;受傷2,3,人,乘客,男,20,繫安全帶(使用幼童安全椅),非駕駛人,人的狀態,其他,其他,非汽、機及自行車,NA,NA,無(非車輛駕駛人因素),尚未發現肇事因素,否,120.17557,23.00529