accident_date,發生日期,發生年度,發生月份,發生時間,事故類別名稱,處理單位名稱警局層,發生地點,天候名稱,光線名稱,道路類別-第1當事者-名稱,速限-第1當事者,道路型態大類別名稱,道路型態子類別名稱,事故位置大類別名稱,事故位置子類別名稱,路面狀況-路面鋪裝名稱,路面狀況-路面狀態名稱,路面狀況-路面缺陷名稱,道路障礙-障礙物名稱,道路障礙-視距品質名稱,道路障礙-視距名稱,號誌-號誌種類名稱,號誌-號誌動作名稱,車道劃分設施-分向設施大類別名稱,車道劃分設施-分向設施子類別名稱,車道劃分設施-分道設施-快車道或一般車道間名稱,車道劃分設施-分道設施-快慢車道間名稱,車道劃分設施-分道設施-路面邊線名稱,事故類型及型態大類別名稱,事故類型及型態子類別名稱,肇因研判大類別名稱-主要,肇因研判子類別名稱-主要,死亡受傷人數,當事者順位,當事者區分-類別-大類別名稱-車種,當事者區分-類別-子類別名稱-車種,當事者屬-性-別名稱,當事者事故發生時年齡,保護裝備名稱,行動電話或電腦或其他相類功能裝置名稱,當事者行動狀態大類別名稱,當事者行動狀態子類別名稱,車輛撞擊部位大類別名稱-最初,車輛撞擊部位子類別名稱-最初,車輛撞擊部位大類別名稱-其他,車輛撞擊部位子類別名稱-其他,肇因研判大類別名稱-個別,肇因研判子類別名稱-個別,肇事逃逸類別名稱-是否肇逃,經度,緯度
20231005,20231005,2023,10,050844,A1,臺南市政府警察局,臺南市中西區和緯路5段口 / 臺南市中西區華平路,晴,有照明且開啟,市區道路,50,交岔路,三岔路,交叉路口,交叉路口內,柏油,乾燥,無缺陷,無障礙物,無遮蔽物,良好,行車管制號誌,正常,無,無分向設施,未繪設車道線,未繪設快慢車道分隔線,無,車輛本身,撞號誌、標誌桿,駕駛者,超速駕駛,死亡1;受傷2,4,人,乘客,男,20,繫安全帶(使用幼童安全椅),非駕駛人,人的狀態,其他,其他,非汽、機及自行車,NA,NA,無(非車輛駕駛人因素),尚未發現肇事因素,否,120.17557,23.00529
20231005,20231005,2023,10,181600,A1,臺中市政府警察局,臺中市沙鹿區興仁里沙田路 / 臺中市沙鹿區興仁里春和巷,陰,有照明且開啟,市區道路,50,交岔路,四岔路,交叉路口,交叉口附近,柏油,乾燥,無缺陷,無障礙物,無遮蔽物,良好,行車管制號誌,正常,中央分向島,窄式無柵欄,車道線(附標記),窄式快慢車道分隔島(無柵欄),有,人與車,其他,駕駛者,車輛未依規定暫停讓行人先行,死亡1;受傷0,1,小客車(含客、貨兩用),自用,男,19,不明,不明,車的狀態,向前直行中,汽車,前車頭,NA,NA,駕駛者,車輛未依規定暫停讓行人先行,否,120.558667,24.22948
20231005,20231005,2023,10,181600,A1,臺中市政府警察局,臺中市沙鹿區興仁里沙田路 / 臺中市沙鹿區興仁里春和巷,陰,有照明且開啟,市區道路,50,交岔路,四岔路,交叉路口,交叉口附近,柏油,乾燥,無缺陷,無障礙物,無遮蔽物,良好,行車管制號誌,正常,中央分向島,窄式無柵欄,車道線(附標記),窄式快慢車道分隔島(無柵欄),有,人與車,其他,駕駛者,車輛未依規定暫停讓行人先行,死亡1;受傷0,2,人,行人,女,83,其他(無需使用保護裝備之人),非駕駛人,人的狀態,步行,其他,非汽、機及自行車,NA,NA,非駕駛者,未依號誌或手勢指揮(示)穿越道路,否,120.558667,24.22948
20231005,20231005,2023,10,182000,A1,臺南市政府警察局,臺南市麻豆區東角里忠孝路口 / 臺南市麻豆區東角里文昌路口,晴,有照明且開啟,市區道路,50,交岔路,四岔路,交叉路口,交叉路口內,柏油,乾燥,無缺陷,無障礙物,無遮蔽物,良好,行車管制號誌,正常,無,無分向設施,未繪設車道線,未繪設快慢車道分隔線,無,車與車,側撞,駕駛者,有號誌路口，轉彎車未讓直行車先行,死亡1;受傷0,1,機車,普通重型,男,71,戴半罩式安全帽,未使用,車的狀態,左轉彎,機車與自行車,右側車身,機車與自行車,右側車身,駕駛者,有號誌路口，轉彎車未讓直行車先行,否,120.252412,23.185207
20231005,20231005,2023,10,182000,A1,臺南市政府警察局,臺南市麻豆區東角里忠孝路口 / 臺南市麻豆區東角里文昌路口,晴,有照明且開啟,市區道路,50,交岔路,四岔路,交叉路口,交叉路口內,柏油,乾燥,無缺陷,無障礙物,無遮蔽物,良好,行車管制號誌,正常,無,無分向設施,未繪設車道線,未繪設快慢車道分隔線,無,車與車,側撞,駕駛者,有號誌路口，轉彎車未讓直行車先行,死亡1;受傷0,2,小客車(含客、貨兩用),自用,男,30,繫安全帶(使用幼童安全椅),未使用,車的狀態,向前直行中,汽車,右前車頭(身),汽車,右前車頭(身),駕駛者,觀看其他事故、活動、道路環境或車外資訊分心駕駛,否,120.252412,23.185207
20231006,20231006,2023,10,080000,A1,新北市政府警察局,新北市土城區中央路3段130號前0.0公尺,晴,有照明未開啟或故障,市區道路,50,單路部分,直路,路段,一般車道(未劃分快慢車道),柏油,乾燥,無缺陷,無障礙物,無遮蔽物,良好,行車管制號誌,正常,中央分向島,寬式(50公分以上),禁止變換車道線(無標記),未繪設快慢車道分隔線,有,車與車,其他,駕駛者,未保持行車安全間隔,死亡1;受傷0,1,大客車,營業用,男,50,繫安全帶(使用幼童安全椅),未使用,車的狀態,向前直行中,汽車,右側車身,NA,NA,駕駛者,未保持行車安全間隔,否,121.43906,24.969967
20231006,20231006,2023,10,080000,A1,新北市政府警察局,新北市土城區中央路3段130號前0.0公尺,晴,有照明未開啟或故障,市區道路,50,單路部分,直路,路段,一般車道(未劃分快慢車道),柏油,乾燥,無缺陷,無障礙物,無遮蔽物,良好,行車管制號誌,正常,中央分向島,寬式(50公分以上),禁止變換車道線(無標記),未繪設快慢車道分隔線,有,車與車,其他,駕駛者,未保持行車安全間隔,死亡1;受傷0,2,機車,普通重型,女,62,戴半罩式安全帽,未使用,車的狀態,向前直行中,機車與自行車,左側車身,NA,NA,無(車輛駕駛者因素),尚未發現肇事因素,否,121.43906,24.969967
20231006,20231006,2023,10,080000,A1,新北市政府警察局,新北市土城區中央路3段130號前0.0公尺,晴,有照明未開啟或故障,市區道路,50,單路部分,直路,路段,一般車道(未劃分快慢車道),柏油,乾燥,無缺陷,無障礙物,無遮蔽物,良好,行車管制號誌,正常,中央分向島,寬式(50公分以上),禁止變換車道線(無標記),未繪設快慢車道分隔線,有,車與車,其他,駕駛者,未保持行車安全間隔,死亡1;受傷0,3,小客車(含客、貨兩用),自用,男,63,繫安全帶(使用幼童安全椅),未使用,車的狀態,等待(引擎未熄火),其他,無撞擊,NA,NA,其他,違規(臨時)停車,否,121.43906,24.969967
20231006,20231006,2023,10,121000,A1,基隆市警察局,基隆市信義區小瑞八公路前0.0公尺,雨,無照明,縣道,30,單路部分,直路,路段,一般車道(未劃分快慢車道),柏油,濕潤,無缺陷,無障礙物,無遮蔽物,良好,無號誌,無號誌,雙向禁止超車線,無標記,車道線(無標記),未繪設快慢車道分隔線,有,車輛本身,路上翻車、摔倒,無(車輛駕駛者因素),尚未發現肇事因素,死亡1;受傷0,1,機車,普通重型,男,22,不明,不明,車的狀態,向前直行中,機車與自行車,左側車身,NA,NA,無(車輛駕駛者因素),尚未發現肇事因素,否,121.768981,25.103901
20231006,20231006,2023,10,121000,A1,基隆市警察局,基隆市信義區小瑞八公路前0.0公尺,雨,無照明,縣道,30,單路部分,直路,路段,一般車道(未劃分快慢車道),柏油,濕潤,無缺陷,無障礙物,無遮蔽物,良好,無號誌,無號誌,雙向禁止超車線,無標記,車道線(無標記),未繪設快慢車道分隔線,有,車輛本身,路上翻車、摔倒,無(車輛駕駛者因素),尚未發現肇事因素,死亡1;受傷0,2,NA,NA,無或物(動物、堆置物),0,NA,NA,NA,NA,NA,NA,NA,NA,無(非車輛駕駛人因素),尚未發現肇事因素,否,121.768981,25.103901
20231006,20231006,2023,10,132301,A1,桃園市政府警察局,桃園市龜山區萬壽路二段1123號前0.0公尺,晴,有照明未開啟或故障,市區道路,50,單路部分,直路,路段,一般車道(未劃分快慢車道),柏油,乾燥,無缺陷,無障礙物,無遮蔽物,良好,無號誌,無號誌,中央分向島,寬式(50公分以上),車道線(無標記),未繪設快慢車道分隔線,有,車與車,其他,駕駛者,違反其他標誌(線)禁制,死亡1;受傷1,1,機車,普通重型,女,76,戴非半罩式安全帽,未使用,車的狀態,迴轉或橫越道路中,機車與自行車,左側車身,機車與自行車,左側車身,駕駛者,違反其他標誌(線)禁制,否,121.333602,24.993703
20231006,20231006,2023,10,132301,A1,桃園市政府警察局,桃園市龜山區萬壽路二段1123號前0.0公尺,晴,有照明未開啟或故障,市區道路,50,單路部分,直路,路段,一般車道(未劃分快慢車道),柏油,乾燥,無缺陷,無障礙物,無遮蔽物,良好,無號誌,無號誌,中央分向島,寬式(50公分以上),車道線(無標記),未繪設快慢車道分隔線,有,車與車,其他,駕駛者,違反其他標誌(線)禁制,死亡1;受傷1,2,機車,大型重型2(250-550C.C.),男,28,戴非半罩式安全帽,未使用,車的狀態,向前直行中,機車與自行車,前車頭,機車與自行車,前車頭,駕駛者,恍神、緊張、心不在焉分心駕駛,否,121.333602,24.993703
20231006,20231006,2023,10,132301,A1,桃園市政府警察局,桃園市龜山區萬壽路二段1123號前0.0公尺,晴,有照明未開啟或故障,市區道路,50,單路部分,直路,路段,一般車道(未劃分快慢車道),柏油,乾燥,無缺陷,無障礙物,無遮蔽物,良好,無號誌,無號誌,中央分向島,寬式(50公分以上),車道線(無標記),未繪設快慢車道分隔線,有,車與車,其他,駕駛者,違反其他標誌(線)禁制,死亡1;受傷1,3,大貨車,營業用,男,42,繫安全帶(使用幼童安全椅),未使用,車的狀態,向前直行中,汽車,左側車身,汽車,左側車身,無(車輛駕駛者因素),尚未發現肇事因素,否,121.333602,24.993703
20231006,20231006,2023,10,133700,A1,臺中市政府警察局,臺中市西屯區惠來里文心路二段99號前0.0公尺,雨,無照明,市區道路,50,單路部分,彎曲路及附近,路段,一般車道(未劃分快慢車道),柏油,濕潤,無缺陷,無障礙物,無遮蔽物,良好,無號誌,無號誌,中央分向島,寬式(50公分以上),車道線(無標記),未繪設快慢車道分隔線,無,車輛本身,路上翻車、摔倒,其他,其他不當駕車行為,死亡1;受傷0,1,機車,普通重型,男,26,戴非半罩式安全帽,不明,車的狀態,向前直行中,機車與自行車,左側車身,NA,NA,其他,其他不當駕車行為,否,120.64656,24.15839
20231006,20231006,2023,10,133700,A1,臺中市政府警察局,臺中市西屯區惠來里文心路二段99號前0.0公尺,雨,無照明,市區道路,50,單路部分,彎曲路及附近,路段,一般車道(未劃分快慢車道),柏油,濕潤,無缺陷,無障礙物,無遮蔽物,良好,無號誌,無號誌,中央分向島,寬式(50公分以上),車道線(無標記),未繪設快慢車道分隔線,無,車輛本身,路上翻車、摔倒,其他,其他不當駕車行為,死亡1;受傷0,2,NA,NA,無或物(動物、堆置物),0,NA,NA,NA,NA,NA,NA,NA,NA,無(非車輛駕駛人因素),尚未發現肇事因素,否,120.64656,24.15839
20231006,20231006,2023,10,144700,A1,桃園市政府警察局,桃園市平鎮區龍南路口 / 桃園市平鎮區平東路口,晴,有照明未開啟或故障,市區道路,50,交岔路,四岔路,交叉路口,交叉路口內,柏油,乾燥,無缺陷,無障礙物,無遮蔽物,良好,行車管制號誌,正常,無,無分向設施,未繪設車道線,未繪設快慢車道分隔線,無,車與車,側撞,其他,車輛或機械操作不當(慎),死亡1;受傷3,1,小客車(含客、貨兩用),自用,女,58,繫安全帶(使用幼童安全椅),未使用,車的狀態,向前直行中,汽車,前車頭,NA,NA,其他,車輛或機械操作不當(慎),否,121.254314,24.918919
20231006,20231006,2023,10,144700,A1,桃園市政府警察局,桃園市平鎮區龍南路口 / 桃園市平鎮區平東路口,晴,有照明未開啟或故障,市區道路,50,交岔路,四岔路,交叉路口,交叉路口內,柏油,乾燥,無缺陷,無障礙物,無遮蔽物,良好,行車管制號誌,正常,無,無分向設施,未繪設車道線,未繪設快慢車道分隔線,無,車與車,側撞,其他,車輛或機械操作不當(慎),死亡1;受傷3,2,小客車(含客、貨兩用),自用,女,70,繫安全帶(使用幼童安全椅),未使用,車的狀態,左轉彎,汽車,右側車身,NA,NA,無(車輛駕駛者因素),尚未發現肇事因素,否,121.254314,24.918919
20231006,20231006,2023,10,144700,A1,桃園市政府警察局,桃園市平鎮區龍南路口 / 桃園市平鎮區平東路口,晴,有照明未開啟或故障,市區道路,50,交岔路,四岔路,交叉路口,交叉路口內,柏油,乾燥,無缺陷,無障礙物,無遮蔽物,良好,行車管制號誌,正常,無,無分向設施,未繪設車道線,未繪設快慢車道分隔線,無,車與車,側撞,其他,車輛或機械操作不當(慎),死亡1;受傷3,3,小客車(含客、貨兩用),自用,女,40,繫安全帶(使用幼童安全椅),未使用,車的狀態,向前直行中,汽車,左後車尾(身),NA,NA,無(車輛駕駛者因素),尚未發現肇事因素,否,121.254314,24.918919
20231006,20231006,2023,10,144700,A1,桃園市政府警察局,桃園市平鎮區龍南路口 / 桃園市平鎮區平東路口,晴,有照明未開啟或故障,市區道路,50,交岔路,四岔路,交叉路口,交叉路口內,柏油,乾燥,無缺陷,無障礙物,無遮蔽物,良好,行車管制號誌,正常,無,無分向設施,未繪設車道線,未繪設快慢車道分隔線,無,車與車,側撞,其他,車輛或機械操作不當(慎),死亡1;受傷3,4,小客車(含客、貨兩用),計程車,男,56,繫安全帶(使用幼童安全椅),未使用,車的狀態,向前直行中,汽車,後車尾,NA,NA,無(車輛駕駛者因素),尚未發現肇事因素,否,121.254314,24.918919
20231006,20231006,2023,10,144700,A1,桃園市政府警察局,桃園市平鎮區龍南路口 / 桃園市平鎮區平東路口,晴,有照明未開啟或故障,市區道路,50,交岔路,四岔路,交叉路口,交叉路口內,柏油,乾燥,無缺陷,無障礙物,無遮蔽物,良好,行車管制號誌,正常,無,無分向設施,未繪設車道線,未繪設快慢車道分隔線,無,車與車,側撞,其他,車輛或機械操作不當(慎),死亡1;受傷3,5,機車,普通重型,男,48,戴半罩式安全帽,未使用,車的狀態,向前直行中,機車與自行車,後車尾,NA,NA,無(車輛駕駛者因素),尚未發現肇事因素,否,121.254314,24.918919
20231006,20231006,2023,10,144700,A1,桃園市政府警察局,桃園市平鎮區龍南路口 / 桃園市平鎮區平東路口,晴,有照明未開啟或故障,市區道路,50,交岔路,四岔路,交叉路口,交叉路口內,柏油,乾燥,無缺陷,無障礙物,無遮蔽物,良好,行車管制號誌,正常,無,無分向設施,未繪設車道線,未繪設快慢車道分隔線,無,車與車,側撞,其他,車輛或機械操作不當(慎),死亡1;受傷3,6,小客車(含客、貨兩用),自用,男,53,不明,不明,車的狀態,靜止(引擎熄火),汽車,後車尾,NA,NA,無(車輛駕駛者因素),尚未發現肇事因素,否,121.254314,24.918919
20231006,20231006,2023,10,144700,A1,桃園市政府警察局,桃園市平鎮區龍南路口 / 桃園市平鎮區平東路口,晴,有照明未開啟或故障,市區道路,50,交岔路,四岔路,交叉路口,交叉路口內,柏油,乾燥,無缺陷,無障礙物,無遮蔽物,良好,行車管制號誌,正常,無,無分向設施,未繪設車道線,未繪設快慢車道分隔線,無,車與車,側撞,其他,車輛或機械操作不當(慎),死亡1;受傷3,7,小客車(含客、貨兩用),自用,男,45,不明,不明,車的狀態,靜止(引擎熄火),汽車,後車尾,NA,NA,無(車輛駕駛者因素),尚未發現肇事因素,否,121.254314,24.918919
20231006,20231006,2023,10,144700,A1,桃園市政府警察局,桃園市平鎮區龍南路口 / 桃園市平鎮區平東路口,晴,有照明未開啟或故障,市區道路,50,交岔路,四岔路,交叉路口,交叉路口內,柏油,乾燥,無缺陷,無障礙物,無遮蔽物,良好,行車管制號誌,正常,無,無分向設施,未繪設車道線,未繪設快慢車道分隔線,無,車與車,側撞,其他,車輛或機械操作不當(慎),死亡1;受傷3,8,小客車(含客、貨兩用),自用,男,75,繫安全帶(使用幼童安全椅),未使用,車的狀態,向前直行中,汽車,後車尾,NA,NA,無(車輛駕駛者因素),尚未發現肇事因素,否,121.254314,24.918919
20231007,20231007,2023,10,000500,A1,高雄市政府警察局,高雄市六龜區荖濃里台27省道3.1公里號前0.0公尺,晴,有照明且開啟,市區道路,30,單路部分,彎曲路及附近,路段,一般車道(未劃分快慢車道),柏油,乾燥,無缺陷,無障礙物,無遮蔽物,良好,無號誌,無號誌,雙向禁止超車線,附標記,未繪設車道線,未繪設快慢車道分隔線,有,車輛本身,撞電桿,駕駛者,酒醉(後)駕駛,死亡2;受傷0,1,小客車(含客、貨兩用),自用,男,32,不明,不明,車的狀態,向前直行中,汽車,左前車頭(身),NA,NA,駕駛者,酒醉(後)駕駛,否,120.668998,23.0498
20231007,20231007,2023,10,000500,A1,高雄市政府警察局,高雄市六龜區荖濃里台27省道3.1公里號前0.0公尺,晴,有照明且開啟,市區道路,30,單路部分,彎曲路及附近,路段,一般車道(未劃分快慢車道),柏油,乾燥,無缺陷,無障礙物,無遮蔽物,良好,無號誌,無號誌,雙向禁止超車線,附標記,未繪設車道線,未繪設快慢車道分隔線,有,車輛本身,撞電桿,駕駛者,酒醉(後)駕駛,死亡2;受傷0,2,NA,NA,無或物(動物、堆置物),112,NA,NA,NA,NA,NA,NA,NA,NA,無(非車輛駕駛人因素),尚未發現肇事因素,否,120.668998,23.0498
20231007,20231007,2023,10,000500,A1,高雄市政府警察局,高雄市六龜區荖濃里台27省道3.1公里號前0.0公尺,晴,有照明且開啟,市區道路,30,單路部分,彎曲路及附近,路段,一般車道(未劃分快慢車道),柏油,乾燥,無缺陷,無障礙物,無遮蔽物,良好,無號誌,無號誌,雙向禁止超車線,附標記,未繪設車道線,未繪設快慢車道分隔線,有,車輛本身,撞電桿,駕駛者,酒醉(後)駕駛,死亡2;受傷0,3,人,乘客,男,57,不明,非駕駛人,人的狀態,其他,其他,非汽、機及自行車,NA,NA,無(非車輛駕駛人因素),尚未發現肇事因素,否,120.668998,23.0498
20231007,20231007,2023,10,051000,A1,新竹縣政府警察局,新竹縣竹東鎮北興路二段79-1號,陰,有照明且開啟,市區道路,50,交岔路,三岔路,其他,行人穿越道,柏油,乾燥,無缺陷,無障礙物,無遮蔽物,良好,閃光號誌,正常,雙向禁止超車線,無標記,車道線(無標記),未繪設快慢車道分隔線,有,人與車,穿越道路中,駕駛者,車輛未依規定暫停讓行人先行,死亡1;受傷0,1,小客車(含客、貨兩用),自用,男,44,繫安全帶(使用幼童安全椅),未使用,車的狀態,向前直行中,汽車,前車頭,NA,NA,駕駛者,車輛未依規定暫停讓行人先行,否,121.092902,24.739335
20231007,20231007,2023,10,051000,A1,新竹縣政府警察局,新竹縣竹東鎮北興路二段79-1號,陰,有照明且開啟,市區道路,50,交岔路,三岔路,其他,行人穿越道,柏油,乾燥,無缺陷,無障礙物,無遮蔽物,良好,閃光號誌,正常,雙向禁止超車線,無標記,車道線(無標記),未繪設快慢車道分隔線,有,人與車,穿越道路中,駕駛者,車輛未依規定暫停讓行人先行,死亡1;受傷0,2,人,行人,男,87,其他(無需使用保護裝備之人),非駕駛人,人的狀態,步行,其他,非汽、機及自行車,NA,NA,無(非車輛駕駛人因素),尚未發現肇事因素,否,121.092902,24.739335
20231007,20231007,2023,10,150537,A1,彰化縣警察局,彰化縣社頭鄉清水村清水岩路東側 / 彰化縣社頭鄉清水村忠義路東側,雨,有照明未開啟或故障,村里道路,30,交岔路,四岔路,交叉路口,交叉路口內,柏油,濕潤,無缺陷,無障礙物,無遮蔽物,良好,閃光號誌,正常,無,無分向設施,未繪設車道線,未繪設快慢車道分隔線,無,車與車,側撞,駕駛者,其他未依規定讓車,死亡1;受傷0,1,機車,普通重型,女,59,戴非半罩式安全帽,不明,車的狀態,向前直行中,機車與自行車,前車頭,NA,NA,駕駛者,其他未依規定讓車,否,120.59899,23.895768
20231007,20231007,2023,10,150537,A1,彰化縣警察局,彰化縣社頭鄉清水村清水岩路東側 / 彰化縣社頭鄉清水村忠義路東側,雨,有照明未開啟或故障,村里道路,30,交岔路,四岔路,交叉路口,交叉路口內,柏油,濕潤,無缺陷,無障礙物,無遮蔽物,良好,閃光號誌,正常,無,無分向設施,未繪設車道線,未繪設快慢車道分隔線,無,車與車,側撞,駕駛者,其他未依規定讓車,死亡1;受傷0,2,小客車(含客、貨兩用),自用,男,68,不明,不明,車的狀態,向前直行中,汽車,右側車身,NA,NA,駕駛者,其他未依規定讓車,否,120.59899,23.895768
20231007,20231007,2023,10,195034,A1,新竹縣政府警察局,新竹縣新埔鎮義民路3段88號前0.0公尺附近,雨,有照明未開啟或故障,市區道路,50,單路部分,直路,路段,一般車道(未劃分快慢車道),柏油,濕潤,無缺陷,無障礙物,無遮蔽物,良好,無號誌,無號誌,雙向禁止超車線,無標記,車道線(無標記),寬式快慢車道分隔島(50公分以上),無,人與車,穿越道路中,非駕駛者,未依標誌或標線穿越道路,死亡1;受傷1,1,人,行人,男,42,其他(無需使用保護裝備之人),非駕駛人,人的狀態,奔跑,其他,非汽、機及自行車,NA,NA,非駕駛者,未依標誌或標線穿越道路,否,121.043609,24.840094
20231007,20231007,2023,10,195034,A1,新竹縣政府警察局,新竹縣新埔鎮義民路3段88號前0.0公尺附近,雨,有照明未開啟或故障,市區道路,50,單路部分,直路,路段,一般車道(未劃分快慢車道),柏油,濕潤,無缺陷,無障礙物,無遮蔽物,良好,無號誌,無號誌,雙向禁止超車線,無標記,車道線(無標記),寬式快慢車道分隔島(50公分以上),無,人與車,穿越道路中,非駕駛者,未依標誌或標線穿越道路,死亡1;受傷1,2,小客車(含客、貨兩用),自用,男,59,繫安全帶(使用幼童安全椅),未使用,車的狀態,向前直行中,汽車,前車頭,NA,NA,無(車輛駕駛者因素),尚未發現肇事因素,否,121.043609,24.840094
20231007,20231007,2023,10,195034,A1,新竹縣政府警察局,新竹縣新埔鎮義民路3段88號前0.0公尺附近,雨,有照明未開啟或故障,市區道路,50,單路部分,直路,路段,一般車道(未劃分快慢車道),柏油,濕潤,無缺陷,無障礙物,無遮蔽物,良好,無號誌,無號誌,雙向禁止超車線,無標記,車道線(無標記),寬式快慢車道分隔島(50公分以上),無,人與車,穿越道路中,非駕駛者,未依標誌或標線穿越道路,死亡1;受傷1,3,機車,普通重型,男,23,戴半罩式安全帽,未使用,車的狀態,向前直行中,機車與自行車,前車頭,NA,NA,無(車輛駕駛者因素),尚未發現肇事因素,否,121.043609,24.840094
20231008,20231008,2023,10,060000,A1,臺北市政府警察局,臺北市中山區明水路417號前0.0公尺,雨,無照明,市區道路,50,單路部分,直路,路段,一般車道(未劃分快慢車道),柏油,濕潤,無缺陷,無障礙物,無遮蔽物,良好,無號誌,無號誌,中央分向島,寬式(50公分以上),車道線(無標記),未繪設快慢車道分隔線,無,車輛本身,其他,其他,相關跡證不足且無具體影像紀錄，當事人各執一詞，經分析後無法釐清肇事原因,死亡1;受傷0,1,機車,普通重型,男,40,戴非半罩式安全帽,未使用,車的狀態,向右變換車道,機車與自行車,右側車身,NA,NA,其他,相關跡證不足且無具體影像紀錄，當事人各執一詞，經分析後無法釐清肇事原因,否,121.548934,25.077312
20231008,20231008,2023,10,060000,A1,臺北市政府警察局,臺北市中山區明水路417號前0.0公尺,雨,無照明,市區道路,50,單路部分,直路,路段,一般車道(未劃分快慢車道),柏油,濕潤,無缺陷,無障礙物,無遮蔽物,良好,無號誌,無號誌,中央分向島,寬式(50公分以上),車道線(無標記),未繪設快慢車道分隔線,無,車輛本身,其他,其他,相關跡證不足且無具體影像紀錄，當事人各執一詞，經分析後無法釐清肇事原因,死亡1;受傷0,2,NA,NA,無或物(動物、堆置物),0,NA,NA,NA,NA,NA,NA,NA,NA,無(非車輛駕駛人因素),尚未發現肇事因素,否,121.548934,25.077312
20231009,20231009,2023,10,114600,A1,新北市政府警察局,新北市淡水區中正東路2段121號前0.0公尺,晴,無照明,市區道路,50,單路部分,直路,路段,一般車道(未劃分快慢車道),柏油,乾燥,無缺陷,無障礙物,無遮蔽物,良好,無號誌,無號誌,中央分向島,寬式(50公分以上),車道線(無標記),未繪設快慢車道分隔線,有,車輛本身,撞路樹,駕駛者,超速駕駛,死亡1;受傷0,1,機車,普通重型,男,20,戴非半罩式安全帽,未使用,車的狀態,向前直行中,機車與自行車,右側車身,NA,NA,駕駛者,超速駕駛,否,121.459855,25.149972000000002
20231009,20231009,2023,10,114600,A1,新北市政府警察局,新北市淡水區中正東路2段121號前0.0公尺,晴,無照明,市區道路,50,單路部分,直路,路段,一般車道(未劃分快慢車道),柏油,乾燥,無缺陷,無障礙物,無遮蔽物,良好,無號誌,無號誌,中央分向島,寬式(50公分以上),車道線(無標記),未繪設快慢車道分隔線,有,車輛本身,撞路樹,駕駛者,超速駕駛,死亡1;受傷0,2,NA,NA,無或物(動物、堆置物),0,NA,NA,NA,NA,NA,NA,NA,NA,無(非車輛駕駛人因素),尚未發現肇事因素,否,121.459855,25.149972000000002
20231009,20231009,2023,10,125318,A1,苗栗縣警察局,苗栗縣造橋鄉台13甲線5公里處-德照橋上,晴,有照明未開啟或故障,省道,40,單路部分,直路,路段,一般車道(未劃分快慢車道),柏油,乾燥,無缺陷,無障礙物,無遮蔽物,良好,無號誌,無號誌,雙向禁止超車線,附標記,未繪設車道線,未繪設快慢車道分隔線,有,車與車,對向擦撞,駕駛者,違反車輛專用標誌(線),死亡1;受傷0,1,機車,普通重型,男,26,戴非半罩式安全帽,未使用,車的狀態,向前直行中,機車與自行車,前車頭,NA,NA,駕駛者,違反車輛專用標誌(線),否,120.866947,24.65584
20231009,20231009,2023,10,125318,A1,苗栗縣警察局,苗栗縣造橋鄉台13甲線5公里處-德照橋上,晴,有照明未開啟或故障,省道,40,單路部分,直路,路段,一般車道(未劃分快慢車道),柏油,乾燥,無缺陷,無障礙物,無遮蔽物,良好,無號誌,無號誌,雙向禁止超車線,附標記,未繪設車道線,未繪設快慢車道分隔線,有,車與車,對向擦撞,駕駛者,違反車輛專用標誌(線),死亡1;受傷0,2,小客車(含客、貨兩用),自用,男,48,不明,不明,車的狀態,向前直行中,汽車,右前車頭(身),NA,NA,無(車輛駕駛者因素),尚未發現肇事因素,否,120.866947,24.65584
20231009,20231009,2023,10,152900,A1,彰化縣警察局,彰化縣彰化市延和里埔西街152-6號,晴,有照明未開啟或故障,市區道路,50,單路部分,直路,路段,一般車道(未劃分快慢車道),柏油,乾燥,無缺陷,無障礙物,無遮蔽物,良好,無號誌,無號誌,雙向禁止超車線,無標記,未繪設車道線,未繪設快慢車道分隔線,有,車與車,側撞,駕駛者,橫越道路不慎,死亡1;受傷0,1,慢車,腳踏自行車,男,88,未戴安全帽或未繫安全帶(未使用幼童安全椅),未使用,車的狀態,迴轉或橫越道路中,機車與自行車,左側車身,NA,NA,駕駛者,橫越道路不慎,否,120.538939,24.059149
20231009,20231009,2023,10,152900,A1,彰化縣警察局,彰化縣彰化市延和里埔西街152-6號,晴,有照明未開啟或故障,市區道路,50,單路部分,直路,路段,一般車道(未劃分快慢車道),柏油,乾燥,無缺陷,無障礙物,無遮蔽物,良好,無號誌,無號誌,雙向禁止超車線,無標記,未繪設車道線,未繪設快慢車道分隔線,有,車與車,側撞,駕駛者,橫越道路不慎,死亡1;受傷0,2,小貨車(含客、貨兩用),自用,男,61,繫安全帶(使用幼童安全椅),未使用,車的狀態,向前直行中,汽車,左側車身,汽車,左前車頭(身),其他,其他不當駕車行為,否,120.538939,24.059149
20231009,20231009,2023,10,182800,A1,臺東縣警察局,臺東縣池上鄉197縣道12.3K處,晴,有照明且開啟,縣道,40,單路部分,彎曲路及附近,路段,路肩、路緣,柏油,乾燥,無缺陷,無障礙物,無遮蔽物,良好,無號誌,無號誌,雙向禁止超車線,附標記,未繪設車道線,未繪設快慢車道分隔線,有,車輛本身,衝出路外,駕駛者,酒醉(後)駕駛,死亡1;受傷0,1,機車,普通重型,男,83,未戴安全帽或未繫安全帶(未使用幼童安全椅),未使用,車的狀態,向前直行中,機車與自行車,前車頭,NA,NA,駕駛者,酒醉(後)駕駛,否,121.187911,23.039180000000002