accident_date,發生日期,發生年度,發生月份,發生時間,事故類別名稱,處理單位名稱警局層,發生地點,天候名稱,光線名稱,道路類別-第1當事者-名稱,速限-第1當事者,道路型態大類別名稱,道路型態子類別名稱,事故位置大類別名稱,事故位置子類別名稱,路面狀況-路面鋪裝名稱,路面狀況-路面狀態名稱,路面狀況-路面缺陷名稱,道路障礙-障礙物名稱,道路障礙-視距品質名稱,道路障礙-視距名稱,號誌-號誌種類名稱,號誌-號誌動作名稱,車道劃分設施-分向設施大類別名稱,車道劃分設施-分向設施子類別名稱,車道劃分設施-分道設施-快車道或一般車道間名稱,車道劃分設施-分道設施-快慢車道間名稱,車道劃分設施-分道設施-路面邊線名稱,事故類型及型態大類別名稱,事故類型及型態子類別名稱,肇因研判大類別名稱-主要,肇因研判子類別名稱-主要,死亡受傷人數,當事者順位,當事者區分-類別-大類別名稱-車種,當事者區分-類別-子類別名稱-車種,當事者屬-性-別名稱,當事者事故發生時年齡,保護裝備名稱,行動電話或電腦或其他相類功能裝置名稱,當事者行動狀態大類別名稱,當事者行動狀態子類別名稱,車輛撞擊部位大類別名稱-最初,車輛撞擊部位子類別名稱-最初,車輛撞擊部位大類別名稱-其他,車輛撞擊部位子類別名稱-其他,肇因研判大類別名稱-個別,肇因研判子類別名稱-個別,肇事逃逸類別名稱-是否肇逃,經度,緯度
20231009,20231009,2023,10,182800,A1,臺東縣警察局,臺東縣池上鄉197縣道12.3K處,晴,有照明且開啟,縣道,40,單路部分,彎曲路及附近,路段,路肩、路緣,柏油,乾燥,無缺陷,無障礙物,無遮蔽物,良好,無號誌,無號誌,雙向禁止超車線,附標記,未繪設車道線,未繪設快慢車道分隔線,有,車輛本身,衝出路外,駕駛者,酒醉(後)駕駛,死亡1;受傷0,2,NA,NA,無或物(動物、堆置物),-1,NA,NA,NA,NA,NA,NA,NA,NA,無(非車輛駕駛人因素),尚未發現肇事因素,否,121.187911,23.039180000000002
20231009,20231009,2023,10,234127,A1,臺南市政府警察局,臺南市鹽水區義中里樹子腳(下中高幹36右4)旁,晴,有照明且開啟,市區道路,30,交岔路,三岔路,路段,一般車道(未劃分快慢車道),柏油,乾燥,無缺陷,無障礙物,無遮蔽物,良好,無號誌,無號誌,無,無分向設施,未繪設車道線,未繪設快慢車道分隔線,無,車輛本身,路上翻車、摔倒,駕駛者,恍神、緊張、心不在焉分心駕駛,死亡1;受傷0,1,機車,普通重型,男,23,戴半罩式安全帽,未使用,車的狀態,向前直行中,其他,不明,NA,NA,駕駛者,恍神、緊張、心不在焉分心駕駛,否,120.244569,23.318811
20231009,20231009,2023,10,234127,A1,臺南市政府警察局,臺南市鹽水區義中里樹子腳(下中高幹36右4)旁,晴,有照明且開啟,市區道路,30,交岔路,三岔路,路段,一般車道(未劃分快慢車道),柏油,乾燥,無缺陷,無障礙物,無遮蔽物,良好,無號誌,無號誌,無,無分向設施,未繪設車道線,未繪設快慢車道分隔線,無,車輛本身,路上翻車、摔倒,駕駛者,恍神、緊張、心不在焉分心駕駛,死亡1;受傷0,2,NA,NA,無或物(動物、堆置物),-1,NA,NA,NA,NA,NA,NA,NA,NA,無(非車輛駕駛人因素),尚未發現肇事因素,否,120.244569,23.318811
20231010,20231010,2023,10,153900,A1,桃園市政府警察局,桃園市新屋區三民路342之1號前0.0公尺,晴,無照明,市區道路,50,單路部分,直路,路段,一般車道(未劃分快慢車道),柏油,乾燥,無缺陷,無障礙物,無遮蔽物,良好,無號誌,無號誌,雙向禁止超車線,無標記,車道線(無標記),未繪設快慢車道分隔線,有,車與車,對撞,駕駛者,逆向行駛,死亡1;受傷1,1,慢車,人力車,女,73,其他(無需使用保護裝備之人),不明,車的狀態,向前直行中,機車與自行車,前車頭,NA,NA,駕駛者,逆向行駛,否,121.103399,24.968279
20231010,20231010,2023,10,153900,A1,桃園市政府警察局,桃園市新屋區三民路342之1號前0.0公尺,晴,無照明,市區道路,50,單路部分,直路,路段,一般車道(未劃分快慢車道),柏油,乾燥,無缺陷,無障礙物,無遮蔽物,良好,無號誌,無號誌,雙向禁止超車線,無標記,車道線(無標記),未繪設快慢車道分隔線,有,車與車,對撞,駕駛者,逆向行駛,死亡1;受傷1,2,機車,普通重型,男,19,戴非半罩式安全帽,未使用,車的狀態,向前直行中,機車與自行車,前車頭,NA,NA,駕駛者,恍神、緊張、心不在焉分心駕駛,否,121.103399,24.968279
20231010,20231010,2023,10,183600,A1,南投縣政府警察局,南投縣信義鄉台21線 91公里300.0公尺處,晴,有照明未開啟或故障,省道,50,單路部分,直路,路段,一般車道(未劃分快慢車道),柏油,乾燥,無缺陷,無障礙物,無遮蔽物,良好,無號誌,無號誌,雙向禁止超車線,附標記,車道線(無標記),未繪設快慢車道分隔線,有,人與車,其他,駕駛者,恍神、緊張、心不在焉分心駕駛,死亡1;受傷0,1,小客車(含客、貨兩用),自用,男,27,繫安全帶(使用幼童安全椅),未使用,車的狀態,向前直行中,汽車,右前車頭(身),汽車,右前車頭(身),駕駛者,恍神、緊張、心不在焉分心駕駛,否,120.869169,23.676797
20231010,20231010,2023,10,183600,A1,南投縣政府警察局,南投縣信義鄉台21線 91公里300.0公尺處,晴,有照明未開啟或故障,省道,50,單路部分,直路,路段,一般車道(未劃分快慢車道),柏油,乾燥,無缺陷,無障礙物,無遮蔽物,良好,無號誌,無號誌,雙向禁止超車線,附標記,車道線(無標記),未繪設快慢車道分隔線,有,人與車,其他,駕駛者,恍神、緊張、心不在焉分心駕駛,死亡1;受傷0,2,人,行人,男,60,其他(無需使用保護裝備之人),非駕駛人,人的狀態,步行,其他,非汽、機及自行車,其他,非汽、機及自行車,非駕駛者,其他引起事故之疏失或行為,否,120.869169,23.676797
20231010,20231010,2023,10,184500,A1,高雄市政府警察局,高雄市左營區自由二路 / 高雄市左營區明誠二路,晴,有照明且開啟,市區道路,50,交岔路,四岔路,交叉路口,交叉口附近,柏油,乾燥,無缺陷,無障礙物,無遮蔽物,良好,行車管制號誌(附設行人專用號誌),正常,中央分向島,寬式(50公分以上),車道線(無標記),快慢車道分隔線,無,車與車,其他,駕駛者,逆向行駛,死亡1;受傷2,1,機車,普通重型,男,51,戴半罩式安全帽,未使用,車的狀態,其他,機車與自行車,前車頭,NA,NA,駕駛者,逆向行駛,否,120.3109,22.66092
20231010,20231010,2023,10,184500,A1,高雄市政府警察局,高雄市左營區自由二路 / 高雄市左營區明誠二路,晴,有照明且開啟,市區道路,50,交岔路,四岔路,交叉路口,交叉口附近,柏油,乾燥,無缺陷,無障礙物,無遮蔽物,良好,行車管制號誌(附設行人專用號誌),正常,中央分向島,寬式(50公分以上),車道線(無標記),快慢車道分隔線,無,車與車,其他,駕駛者,逆向行駛,死亡1;受傷2,2,小客車(含客、貨兩用),自用,男,26,未戴安全帽或未繫安全帶(未使用幼童安全椅),未使用,車的狀態,向前直行中,汽車,前車頭,NA,NA,駕駛者,超速駕駛,否,120.3109,22.66092
20231010,20231010,2023,10,184500,A1,高雄市政府警察局,高雄市左營區自由二路 / 高雄市左營區明誠二路,晴,有照明且開啟,市區道路,50,交岔路,四岔路,交叉路口,交叉口附近,柏油,乾燥,無缺陷,無障礙物,無遮蔽物,良好,行車管制號誌(附設行人專用號誌),正常,中央分向島,寬式(50公分以上),車道線(無標記),快慢車道分隔線,無,車與車,其他,駕駛者,逆向行駛,死亡1;受傷2,3,人,乘客,女,15,未戴安全帽或未繫安全帶(未使用幼童安全椅),非駕駛人,人的狀態,靜立(止),其他,非汽、機及自行車,NA,NA,無(非車輛駕駛人因素),尚未發現肇事因素,否,120.3109,22.66092
20231011,20231011,2023,10,080900,A1,彰化縣警察局,彰化縣線西鄉頂犁村和線路西側 / 彰化縣線西鄉頂犁村線東路1段南側,晴,有照明未開啟或故障,村里道路,50,交岔路,四岔路,交叉路口,交叉路口內,柏油,乾燥,無缺陷,無障礙物,無遮蔽物,良好,行車管制號誌,正常,雙向禁止超車線,無標記,未繪設車道線,快慢車道分隔線,有,車與車,側撞,駕駛者,闖紅燈直行,死亡1;受傷0,1,機車,普通重型,男,56,戴半罩式安全帽,未使用,車的狀態,向前直行中,機車與自行車,右側車身,NA,NA,駕駛者,闖紅燈直行,否,120.477968,24.123028
20231011,20231011,2023,10,080900,A1,彰化縣警察局,彰化縣線西鄉頂犁村和線路西側 / 彰化縣線西鄉頂犁村線東路1段南側,晴,有照明未開啟或故障,村里道路,50,交岔路,四岔路,交叉路口,交叉路口內,柏油,乾燥,無缺陷,無障礙物,無遮蔽物,良好,行車管制號誌,正常,雙向禁止超車線,無標記,未繪設車道線,快慢車道分隔線,有,車與車,側撞,駕駛者,闖紅燈直行,死亡1;受傷0,2,小客車(含客、貨兩用),自用,男,30,繫安全帶(使用幼童安全椅),未使用,車的狀態,左轉彎,汽車,前車頭,NA,NA,駕駛者,其他未依規定讓車,否,120.477968,24.123028
20231011,20231011,2023,10,091600,A1,新北市政府警察局,新北市三峽區介壽路1段6號前0.0公尺,晴,無照明,市區道路,50,單路部分,直路,路段,一般車道(未劃分快慢車道),柏油,乾燥,無缺陷,無障礙物,無遮蔽物,良好,無號誌,無號誌,中央分向島,寬式(50公分以上),車道線(無標記),未繪設快慢車道分隔線,無,車與車,其他,其他,其他不當駕車行為,死亡1;受傷0,1,機車,普通重型,男,24,戴半罩式安全帽,未使用,車的狀態,其他,機車與自行車,右側車身,NA,NA,其他,其他不當駕車行為,否,121.374782,24.934201
20231011,20231011,2023,10,091600,A1,新北市政府警察局,新北市三峽區介壽路1段6號前0.0公尺,晴,無照明,市區道路,50,單路部分,直路,路段,一般車道(未劃分快慢車道),柏油,乾燥,無缺陷,無障礙物,無遮蔽物,良好,無號誌,無號誌,中央分向島,寬式(50公分以上),車道線(無標記),未繪設快慢車道分隔線,無,車與車,其他,其他,其他不當駕車行為,死亡1;受傷0,2,機車,普通重型,男,76,戴半罩式安全帽,未使用,車的狀態,向前直行中,機車與自行車,前車頭,NA,NA,無(車輛駕駛者因素),尚未發現肇事因素,否,121.374782,24.934201
20231011,20231011,2023,10,100700,A1,新北市政府警察局,新北市新莊區思源路173號前0.0公尺,陰,有照明未開啟或故障,市區道路,40,單路部分,直路,路段,一般車道(未劃分快慢車道),柏油,乾燥,無缺陷,無障礙物,無遮蔽物,良好,無號誌,無號誌,中央分向島,寬式(50公分以上),車道線(無標記),未繪設快慢車道分隔線,有,車與車,同向擦撞,駕駛者,未保持行車安全間隔,死亡1;受傷0,1,機車,普通重型,男,75,戴半罩式安全帽,未使用,車的狀態,向前直行中,機車與自行車,左側車身,NA,NA,駕駛者,未保持行車安全間隔,否,121.45965700000001,25.045191
20231011,20231011,2023,10,100700,A1,新北市政府警察局,新北市新莊區思源路173號前0.0公尺,陰,有照明未開啟或故障,市區道路,40,單路部分,直路,路段,一般車道(未劃分快慢車道),柏油,乾燥,無缺陷,無障礙物,無遮蔽物,良好,無號誌,無號誌,中央分向島,寬式(50公分以上),車道線(無標記),未繪設快慢車道分隔線,有,車與車,同向擦撞,駕駛者,未保持行車安全間隔,死亡1;受傷0,2,大客車,公營客運,男,45,繫安全帶(使用幼童安全椅),未使用,車的狀態,向前直行中,汽車,右側車身,NA,NA,無(車輛駕駛者因素),尚未發現肇事因素,否,121.45965700000001,25.045191
20231011,20231011,2023,10,124600,A1,屏東縣政府警察局,屏東縣竹田鄉188縣道東向20K處(台88橋墩P359旁),晴,有照明未開啟或故障,村里道路,50,單路部分,直路,路段,慢車道,柏油,乾燥,無缺陷,無障礙物,無遮蔽物,良好,無號誌,無號誌,中央分向島,寬式(50公分以上),車道線(無標記),快慢車道分隔線,有,車輛本身,路上翻車、摔倒,駕駛者,恍神、緊張、心不在焉分心駕駛,死亡1;受傷0,1,機車,普通重型,男,44,戴非半罩式安全帽,不明,車的狀態,向前直行中,其他,不明,NA,NA,駕駛者,恍神、緊張、心不在焉分心駕駛,否,120.436042,22.592772
20231011,20231011,2023,10,124600,A1,屏東縣政府警察局,屏東縣竹田鄉188縣道東向20K處(台88橋墩P359旁),晴,有照明未開啟或故障,村里道路,50,單路部分,直路,路段,慢車道,柏油,乾燥,無缺陷,無障礙物,無遮蔽物,良好,無號誌,無號誌,中央分向島,寬式(50公分以上),車道線(無標記),快慢車道分隔線,有,車輛本身,路上翻車、摔倒,駕駛者,恍神、緊張、心不在焉分心駕駛,死亡1;受傷0,2,NA,NA,無或物(動物、堆置物),-1,NA,NA,NA,NA,NA,NA,NA,NA,無(非車輛駕駛人因素),尚未發現肇事因素,否,120.436042,22.592772
20231011,20231011,2023,10,132400,A1,新北市政府警察局,新北市土城區中華路1段 / 新北市土城區員福街,晴,有照明未開啟或故障,市區道路,50,交岔路,四岔路,交叉路口,交叉路口內,柏油,乾燥,無缺陷,無障礙物,無遮蔽物,良好,行車管制號誌(附設行人專用號誌),正常,中央分向島,寬式(50公分以上),車道線(無標記),未繪設快慢車道分隔線,有,車與車,側撞,駕駛者,闖紅燈直行,死亡1;受傷0,1,機車,普通重型,男,50,戴非半罩式安全帽,未使用,車的狀態,向前直行中,機車與自行車,前車頭,NA,NA,駕駛者,闖紅燈直行,否,121.442548,24.984318
20231011,20231011,2023,10,132400,A1,新北市政府警察局,新北市土城區中華路1段 / 新北市土城區員福街,晴,有照明未開啟或故障,市區道路,50,交岔路,四岔路,交叉路口,交叉路口內,柏油,乾燥,無缺陷,無障礙物,無遮蔽物,良好,行車管制號誌(附設行人專用號誌),正常,中央分向島,寬式(50公分以上),車道線(無標記),未繪設快慢車道分隔線,有,車與車,側撞,駕駛者,闖紅燈直行,死亡1;受傷0,2,大客車,自用大客車,男,37,繫安全帶(使用幼童安全椅),未使用,車的狀態,左轉彎,汽車,前車頭,NA,NA,無(車輛駕駛者因素),尚未發現肇事因素,否,121.442548,24.984318
20231011,20231011,2023,10,160100,A1,臺南市政府警察局,臺南市永康區復興路69號,晴,有照明且開啟,市區道路,50,單路部分,直路,路段,快車道,柏油,乾燥,無缺陷,無障礙物,無遮蔽物,良好,無號誌,無號誌,中央分向島,寬式(50公分以上),車道線(無標記),快慢車道分隔線,有,車與車,追撞,駕駛者,恍神、緊張、心不在焉分心駕駛,死亡1;受傷0,1,其他車,動力機械,男,30,繫安全帶(使用幼童安全椅),未使用,車的狀態,向前直行中,其他,非汽、機及自行車,NA,NA,駕駛者,恍神、緊張、心不在焉分心駕駛,否,120.248827,22.998488
20231011,20231011,2023,10,160100,A1,臺南市政府警察局,臺南市永康區復興路69號,晴,有照明且開啟,市區道路,50,單路部分,直路,路段,快車道,柏油,乾燥,無缺陷,無障礙物,無遮蔽物,良好,無號誌,無號誌,中央分向島,寬式(50公分以上),車道線(無標記),快慢車道分隔線,有,車與車,追撞,駕駛者,恍神、緊張、心不在焉分心駕駛,死亡1;受傷0,2,機車,普通重型,男,60,戴半罩式安全帽,未使用,車的狀態,向左變換車道,機車與自行車,後車尾,NA,NA,駕駛者,變換車道不當,否,120.248827,22.998488
20231011,20231011,2023,10,161620,A1,雲林縣警察局,雲林縣四湖鄉內湖村雲136鄉道與產業道路口(近電桿埔羊73分7南1),晴,有照明未開啟或故障,鄉道,50,交岔路,四岔路,交叉路口,交叉路口內,柏油,乾燥,無缺陷,無障礙物,無遮蔽物,良好,無號誌,無號誌,行車分向線,無標記,未繪設車道線,未繪設快慢車道分隔線,有,車與車,側撞,駕駛者,無號誌路口，轉彎車未讓直行車先行,死亡1;受傷1,1,機車,普通重型,女,70,不明,不明,車的狀態,左轉彎,機車與自行車,左側車身,機車與自行車,左側車身,駕駛者,無號誌路口，轉彎車未讓直行車先行,否,120.191037,23.620349
20231011,20231011,2023,10,161620,A1,雲林縣警察局,雲林縣四湖鄉內湖村雲136鄉道與產業道路口(近電桿埔羊73分7南1),晴,有照明未開啟或故障,鄉道,50,交岔路,四岔路,交叉路口,交叉路口內,柏油,乾燥,無缺陷,無障礙物,無遮蔽物,良好,無號誌,無號誌,行車分向線,無標記,未繪設車道線,未繪設快慢車道分隔線,有,車與車,側撞,駕駛者,無號誌路口，轉彎車未讓直行車先行,死亡1;受傷1,2,小貨車(含客、貨兩用),自用,男,32,不明,不明,車的狀態,向前直行中,汽車,前車頭,汽車,前車頭,駕駛者,未依規定減速,否,120.191037,23.620349
20231012,20231012,2023,10,081500,A1,彰化縣警察局,彰化縣田尾鄉正義村中正路一段316號,晴,無照明,村里道路,50,交岔路,四岔路,交叉路口,交叉路口內,柏油,乾燥,無缺陷,無障礙物,無遮蔽物,良好,閃光號誌,正常,行車分向線,附標記,未繪設車道線,未繪設快慢車道分隔線,有,車輛本身,路上翻車、摔倒,駕駛者,恍神、緊張、心不在焉分心駕駛,死亡1;受傷0,1,機車,普通重型,女,18,不明,不明,車的狀態,向前直行中,其他,不明,NA,NA,駕駛者,恍神、緊張、心不在焉分心駕駛,否,120.516835,23.893164
20231012,20231012,2023,10,081500,A1,彰化縣警察局,彰化縣田尾鄉正義村中正路一段316號,晴,無照明,村里道路,50,交岔路,四岔路,交叉路口,交叉路口內,柏油,乾燥,無缺陷,無障礙物,無遮蔽物,良好,閃光號誌,正常,行車分向線,附標記,未繪設車道線,未繪設快慢車道分隔線,有,車輛本身,路上翻車、摔倒,駕駛者,恍神、緊張、心不在焉分心駕駛,死亡1;受傷0,2,NA,NA,無或物(動物、堆置物),-1,NA,NA,NA,NA,NA,NA,NA,NA,無(非車輛駕駛人因素),尚未發現肇事因素,否,120.516835,23.893164
20231012,20231012,2023,10,081521,A1,屏東縣政府警察局,屏東縣內埔鄉壽比路468號前,晴,有照明未開啟或故障,市區道路,50,單路部分,直路,路段,一般車道(未劃分快慢車道),柏油,乾燥,無缺陷,無障礙物,無遮蔽物,良好,無號誌,無號誌,行車分向線,無標記,未繪設車道線,未繪設快慢車道分隔線,有,人與車,對向通行中,駕駛者,恍神、緊張、心不在焉分心駕駛,死亡1;受傷0,1,小客車(含客、貨兩用),自用,男,23,繫安全帶(使用幼童安全椅),未使用,車的狀態,向前直行中,汽車,右前車頭(身),NA,NA,駕駛者,恍神、緊張、心不在焉分心駕駛,是,120.597321,22.634625
20231012,20231012,2023,10,081521,A1,屏東縣政府警察局,屏東縣內埔鄉壽比路468號前,晴,有照明未開啟或故障,市區道路,50,單路部分,直路,路段,一般車道(未劃分快慢車道),柏油,乾燥,無缺陷,無障礙物,無遮蔽物,良好,無號誌,無號誌,行車分向線,無標記,未繪設車道線,未繪設快慢車道分隔線,有,人與車,對向通行中,駕駛者,恍神、緊張、心不在焉分心駕駛,死亡1;受傷0,2,人,行人,男,82,其他(無需使用保護裝備之人),非駕駛人,人的狀態,步行,其他,非汽、機及自行車,NA,NA,非駕駛者,其他引起事故之疏失或行為,否,120.597321,22.634625
20231012,20231012,2023,10,104100,A1,新北市政府警察局,新北市貢寮區臺2線道路前0.0公尺,晴,有照明未開啟或故障,省道,60,單路部分,彎曲路及附近,路段,一般車道(未劃分快慢車道),柏油,乾燥,無缺陷,無障礙物,無遮蔽物,良好,無號誌,無號誌,雙向禁止超車線,無標記,未繪設車道線,未繪設快慢車道分隔線,有,車輛本身,路上翻車、摔倒,駕駛者,違反其他標誌(線)禁制,死亡1;受傷0,1,大客車,營業用,男,44,不明,不明,車的狀態,向前直行中,汽車,右側車身,NA,NA,駕駛者,違反其他標誌(線)禁制,否,121.944716,25.01589
20231012,20231012,2023,10,104100,A1,新北市政府警察局,新北市貢寮區臺2線道路前0.0公尺,晴,有照明未開啟或故障,省道,60,單路部分,彎曲路及附近,路段,一般車道(未劃分快慢車道),柏油,乾燥,無缺陷,無障礙物,無遮蔽物,良好,無號誌,無號誌,雙向禁止超車線,無標記,未繪設車道線,未繪設快慢車道分隔線,有,車輛本身,路上翻車、摔倒,駕駛者,違反其他標誌(線)禁制,死亡1;受傷0,2,NA,NA,無或物(動物、堆置物),0,NA,NA,NA,NA,NA,NA,NA,NA,無(非車輛駕駛人因素),尚未發現肇事因素,否,121.944716,25.01589
20231012,20231012,2023,10,133000,A1,臺中市政府警察局,臺中市西區後龍里臺灣大道二段 / 臺中市西區後龍里梅川東路一段,晴,有照明未開啟或故障,市區道路,50,交岔路,多岔路,交叉路口,交叉路口內,柏油,乾燥,無缺陷,無障礙物,無遮蔽物,良好,無號誌,無號誌,中央分向島,寬式(50公分以上),未繪設車道線,未繪設快慢車道分隔線,無,人與車,衝進路中,非駕駛者,未依標誌或標線穿越道路,死亡1;受傷1,1,人,行人,男,75,其他(無需使用保護裝備之人),非駕駛人,人的狀態,奔跑,其他,非汽、機及自行車,NA,NA,非駕駛者,未依標誌或標線穿越道路,否,120.671278,24.149439
20231012,20231012,2023,10,133000,A1,臺中市政府警察局,臺中市西區後龍里臺灣大道二段 / 臺中市西區後龍里梅川東路一段,晴,有照明未開啟或故障,市區道路,50,交岔路,多岔路,交叉路口,交叉路口內,柏油,乾燥,無缺陷,無障礙物,無遮蔽物,良好,無號誌,無號誌,中央分向島,寬式(50公分以上),未繪設車道線,未繪設快慢車道分隔線,無,人與車,衝進路中,非駕駛者,未依標誌或標線穿越道路,死亡1;受傷1,2,機車,普通重型,男,22,戴半罩式安全帽,未使用,車的狀態,向前直行中,機車與自行車,前車頭,NA,NA,駕駛者,未依規定減速,否,120.671278,24.149439
20231012,20231012,2023,10,160100,A1,新北市政府警察局,新北市新莊區重新堤外道路前0.0公尺,晴,有照明未開啟或故障,市區道路,50,單路部分,直路,路段,快車道,柏油,乾燥,無缺陷,無障礙物,無遮蔽物,良好,無號誌,無號誌,雙向禁止超車線,無標記,車道線(無標記),快慢車道分隔線,有,車與車,其他,駕駛者,違反其他標誌(線)禁制,死亡1;受傷6,1,小客車(含客、貨兩用),自用,男,35,繫安全帶(使用幼童安全椅),未使用,車的狀態,向前直行中,其他,不明,NA,NA,駕駛者,違反其他標誌(線)禁制,否,121.453971,25.033547
20231012,20231012,2023,10,160100,A1,新北市政府警察局,新北市新莊區重新堤外道路前0.0公尺,晴,有照明未開啟或故障,市區道路,50,單路部分,直路,路段,快車道,柏油,乾燥,無缺陷,無障礙物,無遮蔽物,良好,無號誌,無號誌,雙向禁止超車線,無標記,車道線(無標記),快慢車道分隔線,有,車與車,其他,駕駛者,違反其他標誌(線)禁制,死亡1;受傷6,2,小客車(含客、貨兩用),自用,男,52,繫安全帶(使用幼童安全椅),未使用,車的狀態,向前直行中,其他,不明,NA,NA,無(車輛駕駛者因素),尚未發現肇事因素,否,121.453971,25.033547
20231012,20231012,2023,10,160100,A1,新北市政府警察局,新北市新莊區重新堤外道路前0.0公尺,晴,有照明未開啟或故障,市區道路,50,單路部分,直路,路段,快車道,柏油,乾燥,無缺陷,無障礙物,無遮蔽物,良好,無號誌,無號誌,雙向禁止超車線,無標記,車道線(無標記),快慢車道分隔線,有,車與車,其他,駕駛者,違反其他標誌(線)禁制,死亡1;受傷6,3,小客車(含客、貨兩用),自用,男,45,繫安全帶(使用幼童安全椅),未使用,車的狀態,向前直行中,汽車,左前車頭(身),NA,NA,無(車輛駕駛者因素),尚未發現肇事因素,否,121.453971,25.033547
20231012,20231012,2023,10,160100,A1,新北市政府警察局,新北市新莊區重新堤外道路前0.0公尺,晴,有照明未開啟或故障,市區道路,50,單路部分,直路,路段,快車道,柏油,乾燥,無缺陷,無障礙物,無遮蔽物,良好,無號誌,無號誌,雙向禁止超車線,無標記,車道線(無標記),快慢車道分隔線,有,車與車,其他,駕駛者,違反其他標誌(線)禁制,死亡1;受傷6,4,小客車(含客、貨兩用),自用,男,46,繫安全帶(使用幼童安全椅),未使用,車的狀態,向前直行中,汽車,前車頭,NA,NA,無(車輛駕駛者因素),尚未發現肇事因素,否,121.453971,25.033547
20231012,20231012,2023,10,160100,A1,新北市政府警察局,新北市新莊區重新堤外道路前0.0公尺,晴,有照明未開啟或故障,市區道路,50,單路部分,直路,路段,快車道,柏油,乾燥,無缺陷,無障礙物,無遮蔽物,良好,無號誌,無號誌,雙向禁止超車線,無標記,車道線(無標記),快慢車道分隔線,有,車與車,其他,駕駛者,違反其他標誌(線)禁制,死亡1;受傷6,5,機車,普通重型,男,47,戴非半罩式安全帽,未使用,車的狀態,向前直行中,其他,不明,NA,NA,無(車輛駕駛者因素),尚未發現肇事因素,否,121.453971,25.033547
20231012,20231012,2023,10,160100,A1,新北市政府警察局,新北市新莊區重新堤外道路前0.0公尺,晴,有照明未開啟或故障,市區道路,50,單路部分,直路,路段,快車道,柏油,乾燥,無缺陷,無障礙物,無遮蔽物,良好,無號誌,無號誌,雙向禁止超車線,無標記,車道線(無標記),快慢車道分隔線,有,車與車,其他,駕駛者,違反其他標誌(線)禁制,死亡1;受傷6,6,人,乘客,女,25,繫安全帶(使用幼童安全椅),非駕駛人,人的狀態,其他,其他,非汽、機及自行車,NA,NA,無(非車輛駕駛人因素),尚未發現肇事因素,否,121.453971,25.033547
20231012,20231012,2023,10,160100,A1,新北市政府警察局,新北市新莊區重新堤外道路前0.0公尺,晴,有照明未開啟或故障,市區道路,50,單路部分,直路,路段,快車道,柏油,乾燥,無缺陷,無障礙物,無遮蔽物,良好,無號誌,無號誌,雙向禁止超車線,無標記,車道線(無標記),快慢車道分隔線,有,車與車,其他,駕駛者,違反其他標誌(線)禁制,死亡1;受傷6,7,人,乘客,男,55,繫安全帶(使用幼童安全椅),非駕駛人,人的狀態,其他,其他,非汽、機及自行車,NA,NA,無(非車輛駕駛人因素),尚未發現肇事因素,否,121.453971,25.033547
20231012,20231012,2023,10,161600,A1,雲林縣警察局,雲林縣元長鄉子茂村子茂4號(和平國小)旁路口,晴,無照明,村里道路,60,交岔路,四岔路,交叉路口,交叉路口內,柏油,乾燥,無缺陷,其他障礙物,無遮蔽物,良好,無號誌,無號誌,雙向禁止超車線,無標記,車道線(無標記),快慢車道分隔線,有,車與車,側撞,駕駛者,未依規定減速,死亡1;受傷1,1,大客車,民營公車,男,42,繫安全帶(使用幼童安全椅),未使用,車的狀態,向前直行中,汽車,前車頭,NA,NA,駕駛者,未依規定減速,否,120.336046,23.658861
20231012,20231012,2023,10,161600,A1,雲林縣警察局,雲林縣元長鄉子茂村子茂4號(和平國小)旁路口,晴,無照明,村里道路,60,交岔路,四岔路,交叉路口,交叉路口內,柏油,乾燥,無缺陷,其他障礙物,無遮蔽物,良好,無號誌,無號誌,雙向禁止超車線,無標記,車道線(無標記),快慢車道分隔線,有,車與車,側撞,駕駛者,未依規定減速,死亡1;受傷1,2,機車,普通重型,男,79,戴半罩式安全帽,未使用,車的狀態,其他,機車與自行車,左側車身,NA,NA,駕駛者,其他未依規定讓車,否,120.336046,23.658861
20231012,20231012,2023,10,161600,A1,雲林縣警察局,雲林縣元長鄉子茂村子茂4號(和平國小)旁路口,晴,無照明,村里道路,60,交岔路,四岔路,交叉路口,交叉路口內,柏油,乾燥,無缺陷,其他障礙物,無遮蔽物,良好,無號誌,無號誌,雙向禁止超車線,無標記,車道線(無標記),快慢車道分隔線,有,車與車,側撞,駕駛者,未依規定減速,死亡1;受傷1,3,人,乘客,女,53,戴半罩式安全帽,非駕駛人,人的狀態,靜立(止),其他,非汽、機及自行車,NA,NA,無(非車輛駕駛人因素),尚未發現肇事因素,否,120.336046,23.658861