accident_date,發生日期,發生年度,發生月份,發生時間,事故類別名稱,處理單位名稱警局層,發生地點,天候名稱,光線名稱,道路類別-第1當事者-名稱,速限-第1當事者,道路型態大類別名稱,道路型態子類別名稱,事故位置大類別名稱,事故位置子類別名稱,路面狀況-路面鋪裝名稱,路面狀況-路面狀態名稱,路面狀況-路面缺陷名稱,道路障礙-障礙物名稱,道路障礙-視距品質名稱,道路障礙-視距名稱,號誌-號誌種類名稱,號誌-號誌動作名稱,車道劃分設施-分向設施大類別名稱,車道劃分設施-分向設施子類別名稱,車道劃分設施-分道設施-快車道或一般車道間名稱,車道劃分設施-分道設施-快慢車道間名稱,車道劃分設施-分道設施-路面邊線名稱,事故類型及型態大類別名稱,事故類型及型態子類別名稱,肇因研判大類別名稱-主要,肇因研判子類別名稱-主要,死亡受傷人數,當事者順位,當事者區分-類別-大類別名稱-車種,當事者區分-類別-子類別名稱-車種,當事者屬-性-別名稱,當事者事故發生時年齡,保護裝備名稱,行動電話或電腦或其他相類功能裝置名稱,當事者行動狀態大類別名稱,當事者行動狀態子類別名稱,車輛撞擊部位大類別名稱-最初,車輛撞擊部位子類別名稱-最初,車輛撞擊部位大類別名稱-其他,車輛撞擊部位子類別名稱-其他,肇因研判大類別名稱-個別,肇因研判子類別名稱-個別,肇事逃逸類別名稱-是否肇逃,經度,緯度
20231013,20231013,2023,10,053800,A1,宜蘭縣政府警察局,宜蘭縣頭城鎮青雲路二段302號前,晴,有照明未開啟或故障,省道,60,單路部分,直路,路段,一般車道(未劃分快慢車道),柏油,乾燥,無缺陷,無障礙物,無遮蔽物,良好,行車管制號誌,正常,中央分向島,寬式(50公分以上),車道線(無標記),未繪設快慢車道分隔線,有,人與車,穿越道路中,駕駛者,起步時未注意安全,死亡1;受傷0,1,曳引車,營業用,男,62,繫安全帶(使用幼童安全椅),未使用,車的狀態,起步,汽車,前車頭,NA,NA,駕駛者,起步時未注意安全,是,121.807142,24.845167
20231013,20231013,2023,10,053800,A1,宜蘭縣政府警察局,宜蘭縣頭城鎮青雲路二段302號前,晴,有照明未開啟或故障,省道,60,單路部分,直路,路段,一般車道(未劃分快慢車道),柏油,乾燥,無缺陷,無障礙物,無遮蔽物,良好,行車管制號誌,正常,中央分向島,寬式(50公分以上),車道線(無標記),未繪設快慢車道分隔線,有,人與車,穿越道路中,駕駛者,起步時未注意安全,死亡1;受傷0,2,人,行人,女,85,其他(無需使用保護裝備之人),非駕駛人,人的狀態,步行,其他,非汽、機及自行車,NA,NA,非駕駛者,未依標誌或標線穿越道路,否,121.807142,24.845167
20231013,20231013,2023,10,055000,A1,桃園市政府警察局,桃園市大溪區大鶯路815號前0.0公尺,晴,有照明未開啟或故障,市區道路,40,單路部分,直路,路段,一般車道(未劃分快慢車道),柏油,乾燥,無缺陷,無障礙物,無遮蔽物,良好,無號誌,無號誌,行車分向線,無標記,未繪設車道線,未繪設快慢車道分隔線,有,人與車,穿越道路中,駕駛者,恍神、緊張、心不在焉分心駕駛,死亡1;受傷1,1,機車,普通重型,男,72,戴非半罩式安全帽,未使用,車的狀態,向前直行中,機車與自行車,前車頭,NA,NA,駕駛者,恍神、緊張、心不在焉分心駕駛,否,121.301364,24.918654
20231013,20231013,2023,10,055000,A1,桃園市政府警察局,桃園市大溪區大鶯路815號前0.0公尺,晴,有照明未開啟或故障,市區道路,40,單路部分,直路,路段,一般車道(未劃分快慢車道),柏油,乾燥,無缺陷,無障礙物,無遮蔽物,良好,無號誌,無號誌,行車分向線,無標記,未繪設車道線,未繪設快慢車道分隔線,有,人與車,穿越道路中,駕駛者,恍神、緊張、心不在焉分心駕駛,死亡1;受傷1,2,人,行人,女,95,其他(無需使用保護裝備之人),非駕駛人,人的狀態,步行,其他,非汽、機及自行車,NA,NA,非駕駛者,穿越道路未注意左右來車,否,121.301364,24.918654
20231013,20231013,2023,10,061935,A1,桃園市政府警察局,桃園市大溪區仁和路二段269號前0.0公尺附近,晴,有照明未開啟或故障,市區道路,50,單路部分,直路,路段,一般車道(未劃分快慢車道),柏油,乾燥,無缺陷,無障礙物,無遮蔽物,良好,無號誌,無號誌,雙向禁止超車線,無標記,未繪設車道線,未繪設快慢車道分隔線,有,車與車,追撞,駕駛者,未保持行車安全距離,死亡1;受傷1,1,機車,普通重型,男,25,戴半罩式安全帽,不明,車的狀態,向前直行中,機車與自行車,前車頭,NA,NA,駕駛者,未保持行車安全距離,否,121.262525,24.905324
20231013,20231013,2023,10,061935,A1,桃園市政府警察局,桃園市大溪區仁和路二段269號前0.0公尺附近,晴,有照明未開啟或故障,市區道路,50,單路部分,直路,路段,一般車道(未劃分快慢車道),柏油,乾燥,無缺陷,無障礙物,無遮蔽物,良好,無號誌,無號誌,雙向禁止超車線,無標記,未繪設車道線,未繪設快慢車道分隔線,有,車與車,追撞,駕駛者,未保持行車安全距離,死亡1;受傷1,2,機車,普通重型,女,65,戴半罩式安全帽,不明,車的狀態,向前直行中,機車與自行車,後車尾,NA,NA,無(車輛駕駛者因素),尚未發現肇事因素,否,121.262525,24.905324
20231013,20231013,2023,10,061935,A1,桃園市政府警察局,桃園市大溪區仁和路二段269號前0.0公尺附近,晴,有照明未開啟或故障,市區道路,50,單路部分,直路,路段,一般車道(未劃分快慢車道),柏油,乾燥,無缺陷,無障礙物,無遮蔽物,良好,無號誌,無號誌,雙向禁止超車線,無標記,未繪設車道線,未繪設快慢車道分隔線,有,車與車,追撞,駕駛者,未保持行車安全距離,死亡1;受傷1,3,小客車(含客、貨兩用),自用,男,64,不明,不明,車的狀態,向前直行中,汽車,前車頭,NA,NA,無(車輛駕駛者因素),尚未發現肇事因素,否,121.262525,24.905324
20231013,20231013,2023,10,061935,A1,桃園市政府警察局,桃園市大溪區仁和路二段269號前0.0公尺附近,晴,有照明未開啟或故障,市區道路,50,單路部分,直路,路段,一般車道(未劃分快慢車道),柏油,乾燥,無缺陷,無障礙物,無遮蔽物,良好,無號誌,無號誌,雙向禁止超車線,無標記,未繪設車道線,未繪設快慢車道分隔線,有,車與車,追撞,駕駛者,未保持行車安全距離,死亡1;受傷1,4,小貨車(含客、貨兩用),租賃小貨車,男,61,不明,不明,車的狀態,起步,其他,無撞擊,NA,NA,駕駛者,起步時未注意安全,否,121.262525,24.905324
20231013,20231013,2023,10,063100,A1,新北市政府警察局,新北市中和區新北環快道路前0.0公尺,晴,無照明,市區道路,50,單路部分,直路,路段,一般車道(未劃分快慢車道),柏油,乾燥,無缺陷,無障礙物,無遮蔽物,良好,無號誌,無號誌,中央分向島,寬式(50公分以上),車道線(無標記),快慢車道分隔線,有,車與車,對撞,駕駛者,逆向行駛,死亡1;受傷0,1,機車,普通重型,男,33,戴非半罩式安全帽,未使用,車的狀態,向前直行中,機車與自行車,前車頭,NA,NA,駕駛者,逆向行駛,否,121.479604,25.042442
20231013,20231013,2023,10,063100,A1,新北市政府警察局,新北市中和區新北環快道路前0.0公尺,晴,無照明,市區道路,50,單路部分,直路,路段,一般車道(未劃分快慢車道),柏油,乾燥,無缺陷,無障礙物,無遮蔽物,良好,無號誌,無號誌,中央分向島,寬式(50公分以上),車道線(無標記),快慢車道分隔線,有,車與車,對撞,駕駛者,逆向行駛,死亡1;受傷0,2,小客車(含客、貨兩用),自用,男,64,繫安全帶(使用幼童安全椅),未使用,車的狀態,向前直行中,汽車,左前車頭(身),NA,NA,無(車輛駕駛者因素),尚未發現肇事因素,否,121.479604,25.042442
20231013,20231013,2023,10,084921,A1,新竹縣政府警察局,新竹縣北埔鄉台3線 82公里500.0公尺處北側向外側,晴,有照明未開啟或故障,省道,60,單路部分,彎曲路及附近,路段,一般車道(未劃分快慢車道),柏油,乾燥,無缺陷,無障礙物,無遮蔽物,良好,無號誌,無號誌,雙向禁止超車線,無標記,車道線(無標記),未繪設快慢車道分隔線,有,車輛本身,撞電桿,駕駛者,恍神、緊張、心不在焉分心駕駛,死亡1;受傷0,1,機車,普通重型,男,72,戴半罩式安全帽,未使用,車的狀態,向前直行中,機車與自行車,前車頭,機車與自行車,左側車身,駕駛者,恍神、緊張、心不在焉分心駕駛,否,121.066969,24.708344
20231013,20231013,2023,10,084921,A1,新竹縣政府警察局,新竹縣北埔鄉台3線 82公里500.0公尺處北側向外側,晴,有照明未開啟或故障,省道,60,單路部分,彎曲路及附近,路段,一般車道(未劃分快慢車道),柏油,乾燥,無缺陷,無障礙物,無遮蔽物,良好,無號誌,無號誌,雙向禁止超車線,無標記,車道線(無標記),未繪設快慢車道分隔線,有,車輛本身,撞電桿,駕駛者,恍神、緊張、心不在焉分心駕駛,死亡1;受傷0,2,NA,NA,無或物(動物、堆置物),-1,NA,NA,NA,NA,NA,NA,NA,NA,無(非車輛駕駛人因素),尚未發現肇事因素,否,121.066969,24.708344
20231013,20231013,2023,10,135100,A1,新北市政府警察局,新北市板橋區板城路 / 新北市板橋區板城路,晴,有照明未開啟或故障,市區道路,50,交岔路,三岔路,交叉路口,交叉路口內,柏油,乾燥,無缺陷,無障礙物,無遮蔽物,良好,行車管制號誌,正常,中央分向島,窄式無柵欄,禁止變換車道線(無標記),未繪設快慢車道分隔線,有,車與車,同向擦撞,駕駛者,未保持行車安全間隔,死亡1;受傷0,1,機車,普通重型,男,21,戴非半罩式安全帽,未使用,車的狀態,其他,機車與自行車,左側車身,NA,NA,駕駛者,未保持行車安全間隔,否,121.448407,25.016843
20231013,20231013,2023,10,135100,A1,新北市政府警察局,新北市板橋區板城路 / 新北市板橋區板城路,晴,有照明未開啟或故障,市區道路,50,交岔路,三岔路,交叉路口,交叉路口內,柏油,乾燥,無缺陷,無障礙物,無遮蔽物,良好,行車管制號誌,正常,中央分向島,窄式無柵欄,禁止變換車道線(無標記),未繪設快慢車道分隔線,有,車與車,同向擦撞,駕駛者,未保持行車安全間隔,死亡1;受傷0,2,大客車,自用,男,26,繫安全帶(使用幼童安全椅),未使用,車的狀態,向前直行中,汽車,右後車尾(身),NA,NA,無(車輛駕駛者因素),尚未發現肇事因素,否,121.448407,25.016843
20231013,20231013,2023,10,182511,A1,桃園市政府警察局,桃園市八德區廣興路1160-5號前0.0公尺附近,晴,有照明且開啟,市區道路,50,單路部分,直路,路段,一般車道(未劃分快慢車道),柏油,乾燥,無缺陷,無障礙物,無遮蔽物,良好,無號誌,無號誌,行車分向線,無標記,車道線(無標記),未繪設快慢車道分隔線,有,車與車,追撞,駕駛者,酒醉(後)駕駛,死亡1;受傷0,1,機車,普通重型,男,47,戴半罩式安全帽,未使用,車的狀態,向前直行中,機車與自行車,前車頭,NA,NA,駕駛者,酒醉(後)駕駛,否,121.28356,24.954474
20231013,20231013,2023,10,182511,A1,桃園市政府警察局,桃園市八德區廣興路1160-5號前0.0公尺附近,晴,有照明且開啟,市區道路,50,單路部分,直路,路段,一般車道(未劃分快慢車道),柏油,乾燥,無缺陷,無障礙物,無遮蔽物,良好,無號誌,無號誌,行車分向線,無標記,車道線(無標記),未繪設快慢車道分隔線,有,車與車,追撞,駕駛者,酒醉(後)駕駛,死亡1;受傷0,2,小客車(含客、貨兩用),自用,男,40,未戴安全帽或未繫安全帶(未使用幼童安全椅),不明,車的狀態,靜止(引擎熄火),汽車,左後車尾(身),NA,NA,無(車輛駕駛者因素),尚未發現肇事因素,否,121.28356,24.954474
20231013,20231013,2023,10,202511,A1,南投縣政府警察局,南投縣南投市八卦路口 / 南投縣南投市八卦路口,陰,有照明且開啟,縣道,50,交岔路,三岔路,交叉路口,交叉路口內,柏油,乾燥,無缺陷,無障礙物,無遮蔽物,良好,無號誌,無號誌,雙向禁止超車線,無標記,未繪設車道線,未繪設快慢車道分隔線,有,車與車,對向擦撞,駕駛者,無號誌路口，轉彎車未讓直行車先行,死亡1;受傷1,1,小客車(含客、貨兩用),自用,男,55,繫安全帶(使用幼童安全椅),未使用,車的狀態,左轉彎,汽車,右側車身,NA,NA,駕駛者,無號誌路口，轉彎車未讓直行車先行,否,120.63788,23.93756
20231013,20231013,2023,10,202511,A1,南投縣政府警察局,南投縣南投市八卦路口 / 南投縣南投市八卦路口,陰,有照明且開啟,縣道,50,交岔路,三岔路,交叉路口,交叉路口內,柏油,乾燥,無缺陷,無障礙物,無遮蔽物,良好,無號誌,無號誌,雙向禁止超車線,無標記,未繪設車道線,未繪設快慢車道分隔線,有,車與車,對向擦撞,駕駛者,無號誌路口，轉彎車未讓直行車先行,死亡1;受傷1,2,機車,大型重型1(550C.C.以上),男,33,戴非半罩式安全帽,不明,車的狀態,向前直行中,機車與自行車,前車頭,NA,NA,駕駛者,未依規定減速,否,120.63788,23.93756
20231013,20231013,2023,10,215500,A1,桃園市政府警察局,桃園市楊梅區校前路口 / 桃園市楊梅區環東路口,晴,有照明且開啟,市區道路,50,交岔路,四岔路,交叉路口,交叉路口內,柏油,乾燥,無缺陷,無障礙物,無遮蔽物,良好,行車管制號誌,正常,無,無分向設施,未繪設車道線,未繪設快慢車道分隔線,無,車與車,側撞,駕駛者,闖紅燈左轉(或迴轉),死亡1;受傷0,1,曳引車,營業用,男,58,繫安全帶(使用幼童安全椅),未使用,車的狀態,左轉彎,汽車,前車頭,汽車,前車頭,駕駛者,闖紅燈左轉(或迴轉),否,121.149595,24.902476
20231013,20231013,2023,10,215500,A1,桃園市政府警察局,桃園市楊梅區校前路口 / 桃園市楊梅區環東路口,晴,有照明且開啟,市區道路,50,交岔路,四岔路,交叉路口,交叉路口內,柏油,乾燥,無缺陷,無障礙物,無遮蔽物,良好,行車管制號誌,正常,無,無分向設施,未繪設車道線,未繪設快慢車道分隔線,無,車與車,側撞,駕駛者,闖紅燈左轉(或迴轉),死亡1;受傷0,2,機車,普通重型,男,15,戴半罩式安全帽,未使用,車的狀態,向前直行中,機車與自行車,前車頭,機車與自行車,前車頭,駕駛者,闖紅燈直行,否,121.149595,24.902476
20231014,20231014,2023,10,105652,A1,宜蘭縣政府警察局,宜蘭縣礁溪鄉南北二十路與東西二十九路口,陰,無照明,村里道路,30,交岔路,四岔路,交叉路口,交叉路口內,柏油,乾燥,無缺陷,無障礙物,無遮蔽物,良好,無號誌,無號誌,無,無分向設施,未繪設車道線,未繪設快慢車道分隔線,有,車與車,路口交岔撞,駕駛者,無號誌路口，支線道未讓幹線道先行,死亡1;受傷1,1,機車,普通重型,男,60,戴半罩式安全帽,未使用,車的狀態,向前直行中,機車與自行車,右側車身,NA,NA,駕駛者,無號誌路口，支線道未讓幹線道先行,否,121.755556,24.796565
20231014,20231014,2023,10,105652,A1,宜蘭縣政府警察局,宜蘭縣礁溪鄉南北二十路與東西二十九路口,陰,無照明,村里道路,30,交岔路,四岔路,交叉路口,交叉路口內,柏油,乾燥,無缺陷,無障礙物,無遮蔽物,良好,無號誌,無號誌,無,無分向設施,未繪設車道線,未繪設快慢車道分隔線,有,車與車,路口交岔撞,駕駛者,無號誌路口，支線道未讓幹線道先行,死亡1;受傷1,2,機車,普通重型,女,37,戴非半罩式安全帽,未使用,車的狀態,向前直行中,機車與自行車,前車頭,NA,NA,駕駛者,未依規定減速,否,121.755556,24.796565
20231014,20231014,2023,10,140900,A1,臺中市政府警察局,臺中市潭子區大豐里崇德路五段465-1號前0.0公尺,晴,有照明未開啟或故障,市區道路,60,單路部分,直路,路段,慢車道,柏油,乾燥,無缺陷,無障礙物,無遮蔽物,良好,無號誌,無號誌,中央分向島,寬式(50公分以上),車道線(無標記),快慢車道分隔線,有,車與車,同向擦撞,駕駛者,未保持行車安全間隔,死亡1;受傷0,1,機車,普通重型,男,62,戴半罩式安全帽,未使用,車的狀態,超車(含超越),機車與自行車,右側車身,NA,NA,駕駛者,未保持行車安全間隔,否,120.689709,24.223652
20231014,20231014,2023,10,140900,A1,臺中市政府警察局,臺中市潭子區大豐里崇德路五段465-1號前0.0公尺,晴,有照明未開啟或故障,市區道路,60,單路部分,直路,路段,慢車道,柏油,乾燥,無缺陷,無障礙物,無遮蔽物,良好,無號誌,無號誌,中央分向島,寬式(50公分以上),車道線(無標記),快慢車道分隔線,有,車與車,同向擦撞,駕駛者,未保持行車安全間隔,死亡1;受傷0,2,慢車,腳踏自行車,男,51,其他(無需使用保護裝備之人),未使用,車的狀態,向前直行中,機車與自行車,左側車身,NA,NA,無(車輛駕駛者因素),尚未發現肇事因素,否,120.689709,24.223652
20231014,20231014,2023,10,140900,A1,臺中市政府警察局,臺中市潭子區大豐里崇德路五段465-1號前0.0公尺,晴,有照明未開啟或故障,市區道路,60,單路部分,直路,路段,慢車道,柏油,乾燥,無缺陷,無障礙物,無遮蔽物,良好,無號誌,無號誌,中央分向島,寬式(50公分以上),車道線(無標記),快慢車道分隔線,有,車與車,同向擦撞,駕駛者,未保持行車安全間隔,死亡1;受傷0,3,曳引車,營業用,男,66,繫安全帶(使用幼童安全椅),未使用,車的狀態,向前直行中,汽車,右後車尾(身),NA,NA,無(車輛駕駛者因素),尚未發現肇事因素,否,120.689709,24.223652
20231014,20231014,2023,10,151200,A1,臺南市政府警察局,臺南市歸仁區媽廟里保大路一段南側 / 臺南市歸仁區媽廟里中正北路三段西側,晴,有照明未開啟或故障,市區道路,50,交岔路,三岔路,交叉路口,交叉路口內,柏油,乾燥,無缺陷,無障礙物,無遮蔽物,良好,行車管制號誌,正常,雙向禁止超車線,無標記,未繪設車道線,未繪設快慢車道分隔線,有,車與車,側撞,燈光,未依規定使用燈光,死亡1;受傷0,1,半聯結車,營業用,男,52,繫安全帶(使用幼童安全椅),未使用,車的狀態,右轉彎,汽車,前車頭,NA,NA,燈光,未依規定使用燈光,否,120.294061,22.996085
20231014,20231014,2023,10,151200,A1,臺南市政府警察局,臺南市歸仁區媽廟里保大路一段南側 / 臺南市歸仁區媽廟里中正北路三段西側,晴,有照明未開啟或故障,市區道路,50,交岔路,三岔路,交叉路口,交叉路口內,柏油,乾燥,無缺陷,無障礙物,無遮蔽物,良好,行車管制號誌,正常,雙向禁止超車線,無標記,未繪設車道線,未繪設快慢車道分隔線,有,車與車,側撞,燈光,未依規定使用燈光,死亡1;受傷0,2,機車,普通輕型,女,79,戴非半罩式安全帽,未使用,車的狀態,向前直行中,機車與自行車,後車尾,NA,NA,其他,其他不當駕車行為,否,120.294061,22.996085
20231014,20231014,2023,10,184503,A1,苗栗縣警察局,苗栗縣通霄鎮新埔里雲天宮牌樓旁,晴,有照明未開啟或故障,其他,60,交岔路,三岔路,路段,路肩、路緣,柏油,乾燥,無缺陷,無障礙物,無遮蔽物,良好,行車管制號誌,正常,中央分向島,窄式無柵欄,車道線(無標記),快慢車道分隔線,有,車與車,追撞,駕駛者,酒醉(後)駕駛,死亡1;受傷0,1,機車,普通重型,男,58,戴半罩式安全帽,未使用,車的狀態,向前直行中,機車與自行車,前車頭,NA,NA,駕駛者,酒醉(後)駕駛,否,120.699361,24.550178
20231014,20231014,2023,10,184503,A1,苗栗縣警察局,苗栗縣通霄鎮新埔里雲天宮牌樓旁,晴,有照明未開啟或故障,其他,60,交岔路,三岔路,路段,路肩、路緣,柏油,乾燥,無缺陷,無障礙物,無遮蔽物,良好,行車管制號誌,正常,中央分向島,窄式無柵欄,車道線(無標記),快慢車道分隔線,有,車與車,追撞,駕駛者,酒醉(後)駕駛,死亡1;受傷0,2,小客車(含客、貨兩用),自用,男,30,繫安全帶(使用幼童安全椅),未使用,車的狀態,靜止(引擎熄火),汽車,後車尾,NA,NA,其他,違規(臨時)停車,否,120.699361,24.550178
20231015,20231015,2023,10,002000,A1,南投縣政府警察局,南投縣魚池鄉魚池國中前,陰,有照明且開啟,省道,60,交岔路,三岔路,交叉路口,交叉口附近,柏油,濕潤,無缺陷,無障礙物,無遮蔽物,良好,行車管制號誌,正常,雙向禁止超車線,附標記,禁止變換車道線(無標記),快慢車道分隔線,有,車輛本身,撞電桿,駕駛者,酒醉(後)駕駛,死亡2;受傷1,1,小客車(含客、貨兩用),自用,男,26,不明,不明,車的狀態,向前直行中,汽車,前車頭,NA,NA,駕駛者,酒醉(後)駕駛,否,120.93294,23.896031
20231015,20231015,2023,10,002000,A1,南投縣政府警察局,南投縣魚池鄉魚池國中前,陰,有照明且開啟,省道,60,交岔路,三岔路,交叉路口,交叉口附近,柏油,濕潤,無缺陷,無障礙物,無遮蔽物,良好,行車管制號誌,正常,雙向禁止超車線,附標記,禁止變換車道線(無標記),快慢車道分隔線,有,車輛本身,撞電桿,駕駛者,酒醉(後)駕駛,死亡2;受傷1,2,NA,NA,無或物(動物、堆置物),-1,NA,NA,NA,NA,NA,NA,NA,NA,無(非車輛駕駛人因素),尚未發現肇事因素,否,120.93294,23.896031
20231015,20231015,2023,10,002000,A1,南投縣政府警察局,南投縣魚池鄉魚池國中前,陰,有照明且開啟,省道,60,交岔路,三岔路,交叉路口,交叉口附近,柏油,濕潤,無缺陷,無障礙物,無遮蔽物,良好,行車管制號誌,正常,雙向禁止超車線,附標記,禁止變換車道線(無標記),快慢車道分隔線,有,車輛本身,撞電桿,駕駛者,酒醉(後)駕駛,死亡2;受傷1,3,人,乘客,男,26,不明,非駕駛人,人的狀態,其他,其他,非汽、機及自行車,NA,NA,無(非車輛駕駛人因素),尚未發現肇事因素,否,120.93294,23.896031
20231015,20231015,2023,10,002000,A1,南投縣政府警察局,南投縣魚池鄉魚池國中前,陰,有照明且開啟,省道,60,交岔路,三岔路,交叉路口,交叉口附近,柏油,濕潤,無缺陷,無障礙物,無遮蔽物,良好,行車管制號誌,正常,雙向禁止超車線,附標記,禁止變換車道線(無標記),快慢車道分隔線,有,車輛本身,撞電桿,駕駛者,酒醉(後)駕駛,死亡2;受傷1,4,人,乘客,男,28,不明,非駕駛人,人的狀態,其他,其他,非汽、機及自行車,NA,NA,無(非車輛駕駛人因素),尚未發現肇事因素,否,120.93294,23.896031
20231015,20231015,2023,10,071700,A1,高雄市政府警察局,高雄市美濃區高100鄉道 / 高雄市美濃區高100鄉道,晴,無照明,市區道路,30,交岔路,四岔路,交叉路口,交叉路口內,柏油,乾燥,無缺陷,無障礙物,有遮蔽物,坡道,無號誌,無號誌,無,無分向設施,未繪設車道線,未繪設快慢車道分隔線,有,車與車,路口交岔撞,駕駛者,無號誌路口，左方車未讓右方車先行,死亡1;受傷0,1,機車,普通重型,男,84,不明,不明,車的狀態,向前直行中,機車與自行車,右側車身,NA,NA,駕駛者,無號誌路口，左方車未讓右方車先行,否,120.5376,22.85522
20231015,20231015,2023,10,071700,A1,高雄市政府警察局,高雄市美濃區高100鄉道 / 高雄市美濃區高100鄉道,晴,無照明,市區道路,30,交岔路,四岔路,交叉路口,交叉路口內,柏油,乾燥,無缺陷,無障礙物,有遮蔽物,坡道,無號誌,無號誌,無,無分向設施,未繪設車道線,未繪設快慢車道分隔線,有,車與車,路口交岔撞,駕駛者,無號誌路口，左方車未讓右方車先行,死亡1;受傷0,2,大客車,自用,男,38,繫安全帶(使用幼童安全椅),未使用,車的狀態,向前直行中,汽車,前車頭,NA,NA,駕駛者,未依規定減速,否,120.5376,22.85522
20231015,20231015,2023,10,100700,A1,臺南市政府警察局,臺南市左鎮區台20線 21公里西側向路肩,陰,無照明,省道,60,單路部分,直路,路段,路肩、路緣,柏油,乾燥,無缺陷,無障礙物,無遮蔽物,良好,無號誌,無號誌,雙向禁止超車線,無標記,禁止變換車道線(無標記),快慢車道分隔線,有,車輛本身,撞號誌、標誌桿,駕駛者,恍神、緊張、心不在焉分心駕駛,死亡1;受傷0,1,機車,普通重型,男,18,戴非半罩式安全帽,不明,車的狀態,向前直行中,機車與自行車,前車頭,NA,NA,駕駛者,恍神、緊張、心不在焉分心駕駛,否,120.375069,23.077642
20231015,20231015,2023,10,100700,A1,臺南市政府警察局,臺南市左鎮區台20線 21公里西側向路肩,陰,無照明,省道,60,單路部分,直路,路段,路肩、路緣,柏油,乾燥,無缺陷,無障礙物,無遮蔽物,良好,無號誌,無號誌,雙向禁止超車線,無標記,禁止變換車道線(無標記),快慢車道分隔線,有,車輛本身,撞號誌、標誌桿,駕駛者,恍神、緊張、心不在焉分心駕駛,死亡1;受傷0,2,NA,NA,無或物(動物、堆置物),-1,NA,NA,NA,NA,NA,NA,NA,NA,無(非車輛駕駛人因素),尚未發現肇事因素,否,120.375069,23.077642
20231015,20231015,2023,10,133400,A1,高雄市政府警察局,高雄市鳳山區中山東路前0.0公尺,晴,無照明,市區道路,50,單路部分,直路,路段,快車道,柏油,乾燥,無缺陷,無障礙物,無遮蔽物,良好,無號誌,無號誌,行車分向線,無標記,車道線(無標記),未繪設快慢車道分隔線,有,車與車,其他,駕駛者,橫越道路不慎,死亡1;受傷1,1,機車,普通重型,男,32,戴半罩式安全帽,未使用,車的狀態,迴轉或橫越道路中,機車與自行車,右側車身,NA,NA,駕駛者,橫越道路不慎,否,120.372808,22.624979
20231015,20231015,2023,10,133400,A1,高雄市政府警察局,高雄市鳳山區中山東路前0.0公尺,晴,無照明,市區道路,50,單路部分,直路,路段,快車道,柏油,乾燥,無缺陷,無障礙物,無遮蔽物,良好,無號誌,無號誌,行車分向線,無標記,車道線(無標記),未繪設快慢車道分隔線,有,車與車,其他,駕駛者,橫越道路不慎,死亡1;受傷1,2,機車,普通重型,女,23,戴半罩式安全帽,未使用,車的狀態,向前直行中,機車與自行車,前車頭,NA,NA,無(車輛駕駛者因素),尚未發現肇事因素,否,120.372808,22.624979
20231015,20231015,2023,10,162900,A1,臺南市政府警察局,臺南市白河區馬稠後里165線9.0公里,晴,無照明,市區道路,60,單路部分,直路,路段,一般車道(未劃分快慢車道),柏油,乾燥,無缺陷,道路工事(程)中,無遮蔽物,良好,無號誌,無號誌,雙向禁止超車線,無標記,未繪設車道線,未繪設快慢車道分隔線,有,車輛本身,撞工程施工,駕駛者,恍神、緊張、心不在焉分心駕駛,死亡1;受傷1,1,機車,普通重型,女,22,戴半罩式安全帽,未使用,車的狀態,向前直行中,機車與自行車,前車頭,NA,NA,駕駛者,恍神、緊張、心不在焉分心駕駛,否,120.433203,23.384507
20231015,20231015,2023,10,162900,A1,臺南市政府警察局,臺南市白河區馬稠後里165線9.0公里,晴,無照明,市區道路,60,單路部分,直路,路段,一般車道(未劃分快慢車道),柏油,乾燥,無缺陷,道路工事(程)中,無遮蔽物,良好,無號誌,無號誌,雙向禁止超車線,無標記,未繪設車道線,未繪設快慢車道分隔線,有,車輛本身,撞工程施工,駕駛者,恍神、緊張、心不在焉分心駕駛,死亡1;受傷1,2,NA,NA,無或物(動物、堆置物),-1,NA,NA,NA,NA,NA,NA,NA,NA,無(非車輛駕駛人因素),尚未發現肇事因素,否,120.433203,23.384507
20231015,20231015,2023,10,162900,A1,臺南市政府警察局,臺南市白河區馬稠後里165線9.0公里,晴,無照明,市區道路,60,單路部分,直路,路段,一般車道(未劃分快慢車道),柏油,乾燥,無缺陷,道路工事(程)中,無遮蔽物,良好,無號誌,無號誌,雙向禁止超車線,無標記,未繪設車道線,未繪設快慢車道分隔線,有,車輛本身,撞工程施工,駕駛者,恍神、緊張、心不在焉分心駕駛,死亡1;受傷1,3,人,乘客,男,0,未戴安全帽或未繫安全帶(未使用幼童安全椅),非駕駛人,人的狀態,其他,其他,非汽、機及自行車,NA,NA,無(非車輛駕駛人因素),尚未發現肇事因素,否,120.433203,23.384507
20231016,20231016,2023,10,010600,A1,高雄市政府警察局,高雄市燕巢區牧場路 / 高雄市燕巢區信誼路,晴,有照明且開啟,市區道路,50,交岔路,三岔路,交叉路口,交叉口附近,柏油,乾燥,無缺陷,無障礙物,無遮蔽物,良好,行車管制號誌,正常,中央分向島,寬式(50公分以上),禁止變換車道線(無標記),快慢車道分隔線,有,車輛本身,撞護欄(樁),駕駛者,觀看其他事故、活動、道路環境或車外資訊分心駕駛,死亡1;受傷0,1,機車,普通重型,男,29,戴半罩式安全帽,不明,車的狀態,其他,機車與自行車,右側車身,NA,NA,駕駛者,觀看其他事故、活動、道路環境或車外資訊分心駕駛,否,120.424254,22.780699