accident_date,發生日期,發生年度,發生月份,發生時間,事故類別名稱,處理單位名稱警局層,發生地點,天候名稱,光線名稱,道路類別-第1當事者-名稱,速限-第1當事者,道路型態大類別名稱,道路型態子類別名稱,事故位置大類別名稱,事故位置子類別名稱,路面狀況-路面鋪裝名稱,路面狀況-路面狀態名稱,路面狀況-路面缺陷名稱,道路障礙-障礙物名稱,道路障礙-視距品質名稱,道路障礙-視距名稱,號誌-號誌種類名稱,號誌-號誌動作名稱,車道劃分設施-分向設施大類別名稱,車道劃分設施-分向設施子類別名稱,車道劃分設施-分道設施-快車道或一般車道間名稱,車道劃分設施-分道設施-快慢車道間名稱,車道劃分設施-分道設施-路面邊線名稱,事故類型及型態大類別名稱,事故類型及型態子類別名稱,肇因研判大類別名稱-主要,肇因研判子類別名稱-主要,死亡受傷人數,當事者順位,當事者區分-類別-大類別名稱-車種,當事者區分-類別-子類別名稱-車種,當事者屬-性-別名稱,當事者事故發生時年齡,保護裝備名稱,行動電話或電腦或其他相類功能裝置名稱,當事者行動狀態大類別名稱,當事者行動狀態子類別名稱,車輛撞擊部位大類別名稱-最初,車輛撞擊部位子類別名稱-最初,車輛撞擊部位大類別名稱-其他,車輛撞擊部位子類別名稱-其他,肇因研判大類別名稱-個別,肇因研判子類別名稱-個別,肇事逃逸類別名稱-是否肇逃,經度,緯度
20231016,20231016,2023,10,010600,A1,高雄市政府警察局,高雄市燕巢區牧場路 / 高雄市燕巢區信誼路,晴,有照明且開啟,市區道路,50,交岔路,三岔路,交叉路口,交叉口附近,柏油,乾燥,無缺陷,無障礙物,無遮蔽物,良好,行車管制號誌,正常,中央分向島,寬式(50公分以上),禁止變換車道線(無標記),快慢車道分隔線,有,車輛本身,撞護欄(樁),駕駛者,觀看其他事故、活動、道路環境或車外資訊分心駕駛,死亡1;受傷0,2,NA,NA,無或物(動物、堆置物),112,NA,NA,NA,NA,NA,NA,NA,NA,無(非車輛駕駛人因素),尚未發現肇事因素,否,120.424254,22.780699
20231017,20231017,2023,10,065900,A1,嘉義縣警察局,嘉義縣太保市後潭里167線14.3公里處,晴,有照明未開啟或故障,縣道,50,交岔路,三岔路,交叉路口,交叉口附近,柏油,乾燥,無缺陷,無障礙物,無遮蔽物,良好,無號誌,無號誌,雙向禁止超車線,無標記,未繪設車道線,快慢車道分隔線,有,車輛本身,衝出路外,其他,其他不當駕車行為,死亡1;受傷0,1,機車,普通重型,女,88,不明,不明,車的狀態,向前直行中,機車與自行車,前車頭,NA,NA,其他,其他不當駕車行為,否,120.339166,23.447118
20231017,20231017,2023,10,065900,A1,嘉義縣警察局,嘉義縣太保市後潭里167線14.3公里處,晴,有照明未開啟或故障,縣道,50,交岔路,三岔路,交叉路口,交叉口附近,柏油,乾燥,無缺陷,無障礙物,無遮蔽物,良好,無號誌,無號誌,雙向禁止超車線,無標記,未繪設車道線,快慢車道分隔線,有,車輛本身,衝出路外,其他,其他不當駕車行為,死亡1;受傷0,2,NA,NA,無或物(動物、堆置物),-1,NA,NA,NA,NA,NA,NA,NA,NA,無(非車輛駕駛人因素),尚未發現肇事因素,否,120.339166,23.447118
20231017,20231017,2023,10,081900,A1,彰化縣警察局,彰化縣花壇鄉花秀路153巷90號前0.0公尺附近,晴,有照明未開啟或故障,村里道路,40,交岔路,四岔路,交叉路口,交叉路口內,柏油,乾燥,無缺陷,無障礙物,無遮蔽物,良好,閃光號誌,正常,行車分向線,無標記,未繪設車道線,未繪設快慢車道分隔線,有,車與車,對向擦撞,駕駛者,其他未依規定讓車,死亡1;受傷0,1,小客車(含客、貨兩用),自用,男,27,繫安全帶(使用幼童安全椅),未使用,車的狀態,向前直行中,汽車,前車頭,NA,NA,駕駛者,其他未依規定讓車,否,120.533452,24.026168
20231017,20231017,2023,10,081900,A1,彰化縣警察局,彰化縣花壇鄉花秀路153巷90號前0.0公尺附近,晴,有照明未開啟或故障,村里道路,40,交岔路,四岔路,交叉路口,交叉路口內,柏油,乾燥,無缺陷,無障礙物,無遮蔽物,良好,閃光號誌,正常,行車分向線,無標記,未繪設車道線,未繪設快慢車道分隔線,有,車與車,對向擦撞,駕駛者,其他未依規定讓車,死亡1;受傷0,2,機車,普通重型,男,69,戴非半罩式安全帽,未使用,車的狀態,向前直行中,機車與自行車,左側車身,NA,NA,駕駛者,未依規定減速,否,120.533452,24.026168
20231017,20231017,2023,10,175400,A1,臺中市政府警察局,臺中市烏日區北里里環中路九段前0.0公尺,晴,有照明且開啟,其他,50,單路部分,橋樑,路段,一般車道(未劃分快慢車道),柏油,乾燥,無缺陷,無障礙物,無遮蔽物,良好,無號誌,無號誌,雙向禁止超車線,無標記,未繪設車道線,未繪設快慢車道分隔線,有,人與車,對向通行中,其他,相關跡證不足且無具體影像紀錄，當事人各執一詞，經分析後無法釐清肇事原因,死亡1;受傷0,1,小客車(含客、貨兩用),自用,男,45,繫安全帶(使用幼童安全椅),未使用,車的狀態,向前直行中,汽車,右前車頭(身),NA,NA,其他,相關跡證不足且無具體影像紀錄，當事人各執一詞，經分析後無法釐清肇事原因,否,120.643387,24.054489
20231017,20231017,2023,10,175400,A1,臺中市政府警察局,臺中市烏日區北里里環中路九段前0.0公尺,晴,有照明且開啟,其他,50,單路部分,橋樑,路段,一般車道(未劃分快慢車道),柏油,乾燥,無缺陷,無障礙物,無遮蔽物,良好,無號誌,無號誌,雙向禁止超車線,無標記,未繪設車道線,未繪設快慢車道分隔線,有,人與車,對向通行中,其他,相關跡證不足且無具體影像紀錄，當事人各執一詞，經分析後無法釐清肇事原因,死亡1;受傷0,2,人,行人,女,85,其他(無需使用保護裝備之人),非駕駛人,人的狀態,步行,其他,非汽、機及自行車,NA,NA,無(非車輛駕駛人因素),尚未發現肇事因素,否,120.643387,24.054489
20231017,20231017,2023,10,211600,A1,彰化縣警察局,彰化縣北斗鎮七星里斗功路口 / 彰化縣北斗鎮七星里陶朱路口,晴,有照明且開啟,村里道路,50,交岔路,三岔路,交叉路口,交叉路口內,柏油,乾燥,無缺陷,無障礙物,無遮蔽物,良好,無號誌,無號誌,雙向禁止超車線,無標記,未繪設車道線,未繪設快慢車道分隔線,有,車輛本身,撞電桿,駕駛者,患病或服用藥物(疲勞)駕駛,死亡1;受傷0,1,機車,普通重型,男,21,戴半罩式安全帽,未使用,車的狀態,向前直行中,機車與自行車,前車頭,NA,NA,駕駛者,患病或服用藥物(疲勞)駕駛,否,120.533191,23.847312
20231017,20231017,2023,10,211600,A1,彰化縣警察局,彰化縣北斗鎮七星里斗功路口 / 彰化縣北斗鎮七星里陶朱路口,晴,有照明且開啟,村里道路,50,交岔路,三岔路,交叉路口,交叉路口內,柏油,乾燥,無缺陷,無障礙物,無遮蔽物,良好,無號誌,無號誌,雙向禁止超車線,無標記,未繪設車道線,未繪設快慢車道分隔線,有,車輛本身,撞電桿,駕駛者,患病或服用藥物(疲勞)駕駛,死亡1;受傷0,2,NA,NA,無或物(動物、堆置物),-1,NA,NA,NA,NA,NA,NA,NA,NA,無(非車輛駕駛人因素),尚未發現肇事因素,否,120.533191,23.847312
20231017,20231017,2023,10,231151,A1,花蓮縣警察局,花蓮縣吉安鄉中山路2段5號前0.0公尺附近,晴,有照明且開啟,村里道路,50,單路部分,彎曲路及附近,路段,路肩、路緣,柏油,乾燥,無缺陷,無障礙物,無遮蔽物,良好,無號誌,無號誌,雙向禁止超車線,無標記,未繪設車道線,快慢車道分隔線,有,車輛本身,衝出路外,駕駛者,未依規定減速,死亡2;受傷0,1,機車,普通重型,女,19,戴非半罩式安全帽,未使用,車的狀態,向前直行中,其他,不明,NA,NA,駕駛者,未依規定減速,否,121.585493,23.969786
20231017,20231017,2023,10,231151,A1,花蓮縣警察局,花蓮縣吉安鄉中山路2段5號前0.0公尺附近,晴,有照明且開啟,村里道路,50,單路部分,彎曲路及附近,路段,路肩、路緣,柏油,乾燥,無缺陷,無障礙物,無遮蔽物,良好,無號誌,無號誌,雙向禁止超車線,無標記,未繪設車道線,快慢車道分隔線,有,車輛本身,衝出路外,駕駛者,未依規定減速,死亡2;受傷0,2,NA,NA,無或物(動物、堆置物),-1,NA,NA,NA,NA,NA,NA,NA,NA,無(非車輛駕駛人因素),尚未發現肇事因素,否,121.585493,23.969786
20231017,20231017,2023,10,231151,A1,花蓮縣警察局,花蓮縣吉安鄉中山路2段5號前0.0公尺附近,晴,有照明且開啟,村里道路,50,單路部分,彎曲路及附近,路段,路肩、路緣,柏油,乾燥,無缺陷,無障礙物,無遮蔽物,良好,無號誌,無號誌,雙向禁止超車線,無標記,未繪設車道線,快慢車道分隔線,有,車輛本身,衝出路外,駕駛者,未依規定減速,死亡2;受傷0,3,人,乘客,男,32,戴非半罩式安全帽,非駕駛人,人的狀態,其他,其他,非汽、機及自行車,NA,NA,無(非車輛駕駛人因素),尚未發現肇事因素,否,121.585493,23.969786
20231018,20231018,2023,10,041900,A1,臺中市政府警察局,臺中市清水區秀水里中清路九段 / 臺中市清水區秀水里鎮政一街,晴,有照明且開啟,市區道路,60,交岔路,三岔路,交叉路口,交叉路口內,柏油,乾燥,無缺陷,無障礙物,無遮蔽物,良好,閃光號誌,正常,無,無分向設施,未繪設車道線,未繪設快慢車道分隔線,無,車與車,側撞,其他,相關跡證不足且無具體影像紀錄，當事人各執一詞，經分析後無法釐清肇事原因,死亡1;受傷0,1,小客車(含客、貨兩用),自用,男,37,繫安全帶(使用幼童安全椅),未使用,車的狀態,向前直行中,汽車,右前車頭(身),NA,NA,其他,相關跡證不足且無具體影像紀錄，當事人各執一詞，經分析後無法釐清肇事原因,否,120.559103,24.268098
20231018,20231018,2023,10,041900,A1,臺中市政府警察局,臺中市清水區秀水里中清路九段 / 臺中市清水區秀水里鎮政一街,晴,有照明且開啟,市區道路,60,交岔路,三岔路,交叉路口,交叉路口內,柏油,乾燥,無缺陷,無障礙物,無遮蔽物,良好,閃光號誌,正常,無,無分向設施,未繪設車道線,未繪設快慢車道分隔線,無,車與車,側撞,其他,相關跡證不足且無具體影像紀錄，當事人各執一詞，經分析後無法釐清肇事原因,死亡1;受傷0,2,慢車,腳踏自行車,男,82,未戴安全帽或未繫安全帶(未使用幼童安全椅),不明,車的狀態,其他,機車與自行車,右側車身,NA,NA,其他,相關跡證不足且無具體影像紀錄，當事人各執一詞，經分析後無法釐清肇事原因,否,120.559103,24.268098
20231018,20231018,2023,10,122500,A1,屏東縣政府警察局,屏東縣獅子鄉台9線 441公里500.0公尺處附近,晴,無照明,省道,50,單路部分,直路,路段,一般車道(未劃分快慢車道),柏油,乾燥,無缺陷,無障礙物,無遮蔽物,良好,無號誌,無號誌,雙向禁止超車線,附標記,未繪設車道線,未繪設快慢車道分隔線,有,車輛本身,撞電桿,駕駛者,恍神、緊張、心不在焉分心駕駛,死亡1;受傷2,1,小客車(含客、貨兩用),自用,女,47,繫安全帶(使用幼童安全椅),未使用,車的狀態,向前直行中,汽車,右前車頭(身),NA,NA,駕駛者,恍神、緊張、心不在焉分心駕駛,否,120.781497,22.213227
20231018,20231018,2023,10,122500,A1,屏東縣政府警察局,屏東縣獅子鄉台9線 441公里500.0公尺處附近,晴,無照明,省道,50,單路部分,直路,路段,一般車道(未劃分快慢車道),柏油,乾燥,無缺陷,無障礙物,無遮蔽物,良好,無號誌,無號誌,雙向禁止超車線,附標記,未繪設車道線,未繪設快慢車道分隔線,有,車輛本身,撞電桿,駕駛者,恍神、緊張、心不在焉分心駕駛,死亡1;受傷2,2,NA,NA,無或物(動物、堆置物),-1,NA,NA,NA,NA,NA,NA,NA,NA,無(非車輛駕駛人因素),尚未發現肇事因素,否,120.781497,22.213227
20231018,20231018,2023,10,122500,A1,屏東縣政府警察局,屏東縣獅子鄉台9線 441公里500.0公尺處附近,晴,無照明,省道,50,單路部分,直路,路段,一般車道(未劃分快慢車道),柏油,乾燥,無缺陷,無障礙物,無遮蔽物,良好,無號誌,無號誌,雙向禁止超車線,附標記,未繪設車道線,未繪設快慢車道分隔線,有,車輛本身,撞電桿,駕駛者,恍神、緊張、心不在焉分心駕駛,死亡1;受傷2,3,人,乘客,男,5,繫安全帶(使用幼童安全椅),非駕駛人,人的狀態,其他,其他,非汽、機及自行車,NA,NA,無(非車輛駕駛人因素),尚未發現肇事因素,否,120.781497,22.213227
20231018,20231018,2023,10,122500,A1,屏東縣政府警察局,屏東縣獅子鄉台9線 441公里500.0公尺處附近,晴,無照明,省道,50,單路部分,直路,路段,一般車道(未劃分快慢車道),柏油,乾燥,無缺陷,無障礙物,無遮蔽物,良好,無號誌,無號誌,雙向禁止超車線,附標記,未繪設車道線,未繪設快慢車道分隔線,有,車輛本身,撞電桿,駕駛者,恍神、緊張、心不在焉分心駕駛,死亡1;受傷2,4,人,乘客,男,83,繫安全帶(使用幼童安全椅),非駕駛人,人的狀態,其他,其他,非汽、機及自行車,NA,NA,無(非車輛駕駛人因素),尚未發現肇事因素,否,120.781497,22.213227
20231018,20231018,2023,10,173505,A1,國道公路警察局,臺南市白河區國道3號 312公里300.0公尺處北側向內側,晴,有照明且開啟,國道,110,單路部分,直路,路段,快車道,柏油,乾燥,無缺陷,無障礙物,無遮蔽物,良好,無號誌,無號誌,中央分向島,寬式(50公分以上),車道線(附標記),未繪設快慢車道分隔線,有,車與車,對撞,駕駛者,違反禁行車種標誌(字),死亡1;受傷0,1,機車,普通重型,男,83,戴半罩式安全帽,未使用,車的狀態,向前直行中,機車與自行車,前車頭,NA,NA,駕駛者,違反禁行車種標誌(字),否,120.438903,23.352583
20231018,20231018,2023,10,173505,A1,國道公路警察局,臺南市白河區國道3號 312公里300.0公尺處北側向內側,晴,有照明且開啟,國道,110,單路部分,直路,路段,快車道,柏油,乾燥,無缺陷,無障礙物,無遮蔽物,良好,無號誌,無號誌,中央分向島,寬式(50公分以上),車道線(附標記),未繪設快慢車道分隔線,有,車與車,對撞,駕駛者,違反禁行車種標誌(字),死亡1;受傷0,2,小客車(含客、貨兩用),自用,男,21,繫安全帶(使用幼童安全椅),未使用,車的狀態,向前直行中,汽車,前車頭,NA,NA,無(車輛駕駛者因素),尚未發現肇事因素,否,120.438903,23.352583
20231018,20231018,2023,10,235600,A1,臺北市政府警察局,臺北市內湖區堤頂大道2段 / 臺北市內湖區港墘路,陰,有照明且開啟,市區道路,70,交岔路,三岔路,交叉路口,交叉路口內,柏油,乾燥,無缺陷,無障礙物,無遮蔽物,良好,行車管制號誌,正常,中央分向島,寬式(50公分以上),車道線(附標記),寬式快慢車道分隔島(50公分以上),有,車與車,側撞,駕駛者,左轉彎未依規定,死亡1;受傷0,1,小客車(含客、貨兩用),自用,女,58,繫安全帶(使用幼童安全椅),未使用,車的狀態,左轉彎,汽車,右後車尾(身),NA,NA,駕駛者,左轉彎未依規定,否,121.572432,25.074614
20231018,20231018,2023,10,235600,A1,臺北市政府警察局,臺北市內湖區堤頂大道2段 / 臺北市內湖區港墘路,陰,有照明且開啟,市區道路,70,交岔路,三岔路,交叉路口,交叉路口內,柏油,乾燥,無缺陷,無障礙物,無遮蔽物,良好,行車管制號誌,正常,中央分向島,寬式(50公分以上),車道線(附標記),寬式快慢車道分隔島(50公分以上),有,車與車,側撞,駕駛者,左轉彎未依規定,死亡1;受傷0,2,機車,普通重型,男,19,戴非半罩式安全帽,未使用,車的狀態,向前直行中,機車與自行車,前車頭,NA,NA,無(車輛駕駛者因素),尚未發現肇事因素,否,121.572432,25.074614
20231019,20231019,2023,10,005305,A1,桃園市政府警察局,桃園市龍潭區中興路396-2號前0.0公尺,晴,有照明且開啟,市區道路,50,交岔路,四岔路,其他,行人穿越道附近,柏油,乾燥,無缺陷,無障礙物,無遮蔽物,良好,閃光號誌,正常,中央分向島,寬式(50公分以上),車道線(無標記),未繪設快慢車道分隔線,有,人與車,穿越道路中,非駕駛者,未依標誌或標線穿越道路,死亡1;受傷0,1,人,行人,女,61,其他(無需使用保護裝備之人),非駕駛人,人的狀態,步行,其他,非汽、機及自行車,其他,非汽、機及自行車,非駕駛者,未依標誌或標線穿越道路,否,121.230941,24.87312
20231019,20231019,2023,10,005305,A1,桃園市政府警察局,桃園市龍潭區中興路396-2號前0.0公尺,晴,有照明且開啟,市區道路,50,交岔路,四岔路,其他,行人穿越道附近,柏油,乾燥,無缺陷,無障礙物,無遮蔽物,良好,閃光號誌,正常,中央分向島,寬式(50公分以上),車道線(無標記),未繪設快慢車道分隔線,有,人與車,穿越道路中,非駕駛者,未依標誌或標線穿越道路,死亡1;受傷0,2,小客車(含客、貨兩用),自用,男,19,繫安全帶(使用幼童安全椅),未使用,車的狀態,向前直行中,汽車,前車頭,汽車,前車頭,駕駛者,恍神、緊張、心不在焉分心駕駛,否,121.230941,24.87312
20231019,20231019,2023,10,082300,A1,高雄市政府警察局,高雄市大樹區統嶺路89號燈桿號前0.0公尺,晴,無照明,市區道路,60,單路部分,直路,路段,快車道,柏油,乾燥,無缺陷,無障礙物,無遮蔽物,良好,無號誌,無號誌,中央分向島,寬式(50公分以上),車道線(無標記),未繪設快慢車道分隔線,有,車輛本身,撞交通島,駕駛者,恍神、緊張、心不在焉分心駕駛,死亡1;受傷0,1,機車,普通重型,男,68,戴半罩式安全帽,不明,車的狀態,向前直行中,機車與自行車,左側車身,NA,NA,駕駛者,恍神、緊張、心不在焉分心駕駛,否,120.449136,22.771228
20231019,20231019,2023,10,082300,A1,高雄市政府警察局,高雄市大樹區統嶺路89號燈桿號前0.0公尺,晴,無照明,市區道路,60,單路部分,直路,路段,快車道,柏油,乾燥,無缺陷,無障礙物,無遮蔽物,良好,無號誌,無號誌,中央分向島,寬式(50公分以上),車道線(無標記),未繪設快慢車道分隔線,有,車輛本身,撞交通島,駕駛者,恍神、緊張、心不在焉分心駕駛,死亡1;受傷0,2,NA,NA,無或物(動物、堆置物),112,NA,NA,NA,NA,NA,NA,NA,NA,無(非車輛駕駛人因素),尚未發現肇事因素,否,120.449136,22.771228
20231019,20231019,2023,10,095935,A1,桃園市政府警察局,桃園市蘆竹區富國路二段386號前0.0公尺,晴,有照明未開啟或故障,市區道路,50,單路部分,直路,路段,一般車道(未劃分快慢車道),柏油,乾燥,無缺陷,無障礙物,無遮蔽物,良好,無號誌,無號誌,中央分向島,寬式(50公分以上),車道線(無標記),未繪設快慢車道分隔線,有,車與車,追撞,駕駛者,未保持行車安全距離,死亡1;受傷0,1,小客車(含客、貨兩用),自用,男,21,繫安全帶(使用幼童安全椅),未使用,車的狀態,向前直行中,汽車,右前車頭(身),NA,NA,駕駛者,未保持行車安全距離,否,121.268073,25.040973
20231019,20231019,2023,10,095935,A1,桃園市政府警察局,桃園市蘆竹區富國路二段386號前0.0公尺,晴,有照明未開啟或故障,市區道路,50,單路部分,直路,路段,一般車道(未劃分快慢車道),柏油,乾燥,無缺陷,無障礙物,無遮蔽物,良好,無號誌,無號誌,中央分向島,寬式(50公分以上),車道線(無標記),未繪設快慢車道分隔線,有,車與車,追撞,駕駛者,未保持行車安全距離,死亡1;受傷0,2,機車,普通重型,男,68,戴半罩式安全帽,未使用,車的狀態,向前直行中,機車與自行車,後車尾,NA,NA,無(車輛駕駛者因素),尚未發現肇事因素,否,121.268073,25.040973
20231019,20231019,2023,10,095935,A1,桃園市政府警察局,桃園市蘆竹區富國路二段386號前0.0公尺,晴,有照明未開啟或故障,市區道路,50,單路部分,直路,路段,一般車道(未劃分快慢車道),柏油,乾燥,無缺陷,無障礙物,無遮蔽物,良好,無號誌,無號誌,中央分向島,寬式(50公分以上),車道線(無標記),未繪設快慢車道分隔線,有,車與車,追撞,駕駛者,未保持行車安全距離,死亡1;受傷0,3,小客車(含客、貨兩用),自用,男,23,繫安全帶(使用幼童安全椅),未使用,車的狀態,向前直行中,汽車,右前車頭(身),NA,NA,駕駛者,未保持行車安全距離,否,121.268073,25.040973
20231019,20231019,2023,10,100745,A1,南投縣政府警察局,南投縣草屯鎮御史里玉屏路162-12號,晴,有照明未開啟或故障,村里道路,30,單路部分,直路,路段,一般車道(未劃分快慢車道),柏油,乾燥,無缺陷,無障礙物,無遮蔽物,良好,無號誌,無號誌,無,無分向設施,未繪設車道線,未繪設快慢車道分隔線,有,車輛本身,衝出路外,駕駛者,酒醉(後)駕駛,死亡1;受傷1,1,機車,普通重型,男,53,未戴安全帽或未繫安全帶(未使用幼童安全椅),未使用,車的狀態,向前直行中,機車與自行車,前車頭,NA,NA,駕駛者,酒醉(後)駕駛,否,120.708668,23.991445
20231019,20231019,2023,10,100745,A1,南投縣政府警察局,南投縣草屯鎮御史里玉屏路162-12號,晴,有照明未開啟或故障,村里道路,30,單路部分,直路,路段,一般車道(未劃分快慢車道),柏油,乾燥,無缺陷,無障礙物,無遮蔽物,良好,無號誌,無號誌,無,無分向設施,未繪設車道線,未繪設快慢車道分隔線,有,車輛本身,衝出路外,駕駛者,酒醉(後)駕駛,死亡1;受傷1,2,NA,NA,無或物(動物、堆置物),-1,NA,NA,NA,NA,NA,NA,NA,NA,無(非車輛駕駛人因素),尚未發現肇事因素,否,120.708668,23.991445
20231019,20231019,2023,10,100745,A1,南投縣政府警察局,南投縣草屯鎮御史里玉屏路162-12號,晴,有照明未開啟或故障,村里道路,30,單路部分,直路,路段,一般車道(未劃分快慢車道),柏油,乾燥,無缺陷,無障礙物,無遮蔽物,良好,無號誌,無號誌,無,無分向設施,未繪設車道線,未繪設快慢車道分隔線,有,車輛本身,衝出路外,駕駛者,酒醉(後)駕駛,死亡1;受傷1,3,人,行人,女,64,其他(無需使用保護裝備之人),非駕駛人,人的狀態,其他,其他,非汽、機及自行車,NA,NA,無(非車輛駕駛人因素),尚未發現肇事因素,否,120.708668,23.991445
20231019,20231019,2023,10,100745,A1,南投縣政府警察局,南投縣草屯鎮御史里玉屏路162-12號,晴,有照明未開啟或故障,村里道路,30,單路部分,直路,路段,一般車道(未劃分快慢車道),柏油,乾燥,無缺陷,無障礙物,無遮蔽物,良好,無號誌,無號誌,無,無分向設施,未繪設車道線,未繪設快慢車道分隔線,有,車輛本身,衝出路外,駕駛者,酒醉(後)駕駛,死亡1;受傷1,4,NA,NA,無或物(動物、堆置物),-1,NA,NA,NA,NA,NA,NA,NA,NA,無(非車輛駕駛人因素),尚未發現肇事因素,否,120.708668,23.991445
20231019,20231019,2023,10,180700,A1,高雄市政府警察局,高雄市橋頭區橋新一路口 / 高雄市橋頭區橋新一路口,晴,有照明且開啟,市區道路,50,交岔路,三岔路,交叉路口,交叉路口內,柏油,乾燥,無缺陷,無障礙物,無遮蔽物,良好,無號誌,無號誌,行車分向線,無標記,車道線(無標記),未繪設快慢車道分隔線,有,車與車,側撞,駕駛者,無號誌路口，轉彎車未讓直行車先行,死亡1;受傷0,1,小客車(含客、貨兩用),自用,男,61,繫安全帶(使用幼童安全椅),未使用,車的狀態,左轉彎,汽車,右側車身,NA,NA,駕駛者,無號誌路口，轉彎車未讓直行車先行,否,120.306624,22.7359
20231019,20231019,2023,10,180700,A1,高雄市政府警察局,高雄市橋頭區橋新一路口 / 高雄市橋頭區橋新一路口,晴,有照明且開啟,市區道路,50,交岔路,三岔路,交叉路口,交叉路口內,柏油,乾燥,無缺陷,無障礙物,無遮蔽物,良好,無號誌,無號誌,行車分向線,無標記,車道線(無標記),未繪設快慢車道分隔線,有,車與車,側撞,駕駛者,無號誌路口，轉彎車未讓直行車先行,死亡1;受傷0,2,機車,普通重型,男,18,戴非半罩式安全帽,不明,不明,不明,機車與自行車,前車頭,NA,NA,無(車輛駕駛者因素),尚未發現肇事因素,否,120.306624,22.7359
20231019,20231019,2023,10,212200,A1,屏東縣政府警察局,屏東縣萬丹鄉萬大橋西12K,晴,有照明且開啟,市區道路,50,單路部分,直路,路段,快車道,柏油,乾燥,無缺陷,無障礙物,無遮蔽物,良好,無號誌,無號誌,中央分向島,寬式(50公分以上),車道線(附標記),快慢車道分隔線,有,車與車,追撞,駕駛者,未保持行車安全距離,死亡1;受傷0,1,機車,普通重型,男,20,戴非半罩式安全帽,未使用,車的狀態,向前直行中,機車與自行車,前車頭,機車與自行車,前車頭,駕駛者,未保持行車安全距離,否,120.446826,22.59205
20231019,20231019,2023,10,212200,A1,屏東縣政府警察局,屏東縣萬丹鄉萬大橋西12K,晴,有照明且開啟,市區道路,50,單路部分,直路,路段,快車道,柏油,乾燥,無缺陷,無障礙物,無遮蔽物,良好,無號誌,無號誌,中央分向島,寬式(50公分以上),車道線(附標記),快慢車道分隔線,有,車與車,追撞,駕駛者,未保持行車安全距離,死亡1;受傷0,2,小貨車(含客、貨兩用),自用,男,56,繫安全帶(使用幼童安全椅),未使用,車的狀態,向前直行中,汽車,右後車尾(身),汽車,右後車尾(身),無(車輛駕駛者因素),尚未發現肇事因素,否,120.446826,22.59205
20231020,20231020,2023,10,072500,A1,新北市政府警察局,新北市新店區新北環快道路 / 新北市新店區新北環快道路,晴,有照明未開啟或故障,市區道路,50,單路部分,直路,路段,快車道,柏油,乾燥,無缺陷,無障礙物,無遮蔽物,良好,無號誌,無號誌,中央分向島,寬式(50公分以上),車道線(無標記),寬式快慢車道分隔島(50公分以上),有,車輛本身,撞護欄(樁),其他,其他不當駕車行為,死亡1;受傷0,1,機車,大型重型2(250-550C.C.),男,44,戴半罩式安全帽,未使用,車的狀態,向前直行中,機車與自行車,前車頭,NA,NA,其他,其他不當駕車行為,否,121.519294,24.982728
20231020,20231020,2023,10,072500,A1,新北市政府警察局,新北市新店區新北環快道路 / 新北市新店區新北環快道路,晴,有照明未開啟或故障,市區道路,50,單路部分,直路,路段,快車道,柏油,乾燥,無缺陷,無障礙物,無遮蔽物,良好,無號誌,無號誌,中央分向島,寬式(50公分以上),車道線(無標記),寬式快慢車道分隔島(50公分以上),有,車輛本身,撞護欄(樁),其他,其他不當駕車行為,死亡1;受傷0,2,NA,NA,無或物(動物、堆置物),0,NA,NA,NA,NA,NA,NA,NA,NA,無(非車輛駕駛人因素),尚未發現肇事因素,否,121.519294,24.982728
20231020,20231020,2023,10,084303,A1,國道公路警察局,新北市林口區國道1號 38公里800.0公尺處南側向爬坡,晴,有照明未開啟或故障,國道,100,單路部分,直路,路段,快車道,柏油,乾燥,無缺陷,無障礙物,無遮蔽物,良好,無號誌,無號誌,中央分向島,寬式(50公分以上),車道線(附標記),未繪設快慢車道分隔線,有,車與車,追撞,駕駛者,患病或服用藥物(疲勞)駕駛,死亡1;受傷0,1,小貨車(含客、貨兩用),自用,男,49,繫安全帶(使用幼童安全椅),不明,不明,不明,汽車,前車頭,NA,NA,駕駛者,患病或服用藥物(疲勞)駕駛,否,121.390162,25.064978
20231020,20231020,2023,10,084303,A1,國道公路警察局,新北市林口區國道1號 38公里800.0公尺處南側向爬坡,晴,有照明未開啟或故障,國道,100,單路部分,直路,路段,快車道,柏油,乾燥,無缺陷,無障礙物,無遮蔽物,良好,無號誌,無號誌,中央分向島,寬式(50公分以上),車道線(附標記),未繪設快慢車道分隔線,有,車與車,追撞,駕駛者,患病或服用藥物(疲勞)駕駛,死亡1;受傷0,2,大貨車,營業用,男,50,繫安全帶(使用幼童安全椅),未使用,車的狀態,向前直行中,汽車,後車尾,NA,NA,無(車輛駕駛者因素),尚未發現肇事因素,否,121.390162,25.064978
20231020,20231020,2023,10,105700,A1,新北市政府警察局,新北市樹林區大安路 / 新北市樹林區保安街1段,晴,無照明,市區道路,50,交岔路,四岔路,交叉路口,交叉路口內,柏油,乾燥,無缺陷,無障礙物,無遮蔽物,良好,行車管制號誌,正常,雙向禁止超車線,附標記,禁止變換車道線(附標記),快慢車道分隔線,有,車與車,側撞,駕駛者,右轉彎未依規定,死亡1;受傷0,1,大客車,營業用,男,38,繫安全帶(使用幼童安全椅),未使用,車的狀態,右轉彎,汽車,右前車頭(身),NA,NA,駕駛者,右轉彎未依規定,否,121.426237,25.002193