accident_date,發生日期,發生年度,發生月份,發生時間,事故類別名稱,處理單位名稱警局層,發生地點,天候名稱,光線名稱,道路類別-第1當事者-名稱,速限-第1當事者,道路型態大類別名稱,道路型態子類別名稱,事故位置大類別名稱,事故位置子類別名稱,路面狀況-路面鋪裝名稱,路面狀況-路面狀態名稱,路面狀況-路面缺陷名稱,道路障礙-障礙物名稱,道路障礙-視距品質名稱,道路障礙-視距名稱,號誌-號誌種類名稱,號誌-號誌動作名稱,車道劃分設施-分向設施大類別名稱,車道劃分設施-分向設施子類別名稱,車道劃分設施-分道設施-快車道或一般車道間名稱,車道劃分設施-分道設施-快慢車道間名稱,車道劃分設施-分道設施-路面邊線名稱,事故類型及型態大類別名稱,事故類型及型態子類別名稱,肇因研判大類別名稱-主要,肇因研判子類別名稱-主要,死亡受傷人數,當事者順位,當事者區分-類別-大類別名稱-車種,當事者區分-類別-子類別名稱-車種,當事者屬-性-別名稱,當事者事故發生時年齡,保護裝備名稱,行動電話或電腦或其他相類功能裝置名稱,當事者行動狀態大類別名稱,當事者行動狀態子類別名稱,車輛撞擊部位大類別名稱-最初,車輛撞擊部位子類別名稱-最初,車輛撞擊部位大類別名稱-其他,車輛撞擊部位子類別名稱-其他,肇因研判大類別名稱-個別,肇因研判子類別名稱-個別,肇事逃逸類別名稱-是否肇逃,經度,緯度
20231020,20231020,2023,10,105700,A1,新北市政府警察局,新北市樹林區大安路 / 新北市樹林區保安街1段,晴,無照明,市區道路,50,交岔路,四岔路,交叉路口,交叉路口內,柏油,乾燥,無缺陷,無障礙物,無遮蔽物,良好,行車管制號誌,正常,雙向禁止超車線,附標記,禁止變換車道線(附標記),快慢車道分隔線,有,車與車,側撞,駕駛者,右轉彎未依規定,死亡1;受傷0,2,慢車,腳踏自行車,女,69,其他(無需使用保護裝備之人),未使用,車的狀態,向前直行中,機車與自行車,左側車身,NA,NA,無(車輛駕駛者因素),尚未發現肇事因素,否,121.426237,25.002193
20231020,20231020,2023,10,175200,A1,高雄市政府警察局,高雄市阿蓮區頂安街 / 高雄市阿蓮區頂安街,晴,有照明未開啟或故障,市區道路,50,交岔路,三岔路,交叉路口,交叉路口內,柏油,乾燥,無缺陷,無障礙物,無遮蔽物,良好,無號誌,無號誌,無,無分向設施,未繪設車道線,未繪設快慢車道分隔線,無,人與車,穿越道路中,駕駛者,恍神、緊張、心不在焉分心駕駛,死亡1;受傷0,1,小客車(含客、貨兩用),自用,男,21,繫安全帶(使用幼童安全椅),未使用,車的狀態,向前直行中,汽車,前車頭,NA,NA,駕駛者,恍神、緊張、心不在焉分心駕駛,否,120.3114,22.88578
20231020,20231020,2023,10,175200,A1,高雄市政府警察局,高雄市阿蓮區頂安街 / 高雄市阿蓮區頂安街,晴,有照明未開啟或故障,市區道路,50,交岔路,三岔路,交叉路口,交叉路口內,柏油,乾燥,無缺陷,無障礙物,無遮蔽物,良好,無號誌,無號誌,無,無分向設施,未繪設車道線,未繪設快慢車道分隔線,無,人與車,穿越道路中,駕駛者,恍神、緊張、心不在焉分心駕駛,死亡1;受傷0,2,人,行人,女,85,其他(無需使用保護裝備之人),非駕駛人,人的狀態,步行,其他,非汽、機及自行車,NA,NA,非駕駛者,穿越道路未注意左右來車,否,120.3114,22.88578
20231020,20231020,2023,10,212100,A1,國道公路警察局,屏東縣竹田鄉國道3號 414公里300.0公尺處南側向外側,陰,無照明,國道,110,單路部分,直路,路段,快車道,柏油,乾燥,無缺陷,無障礙物,無遮蔽物,良好,無號誌,無號誌,中央分向島,寬式(50公分以上),車道線(附標記),未繪設快慢車道分隔線,有,車輛本身,撞護欄(樁),其他,車輛或機械操作不當(慎),死亡1;受傷4,1,小客車(含客、貨兩用),自用,女,33,未戴安全帽或未繫安全帶(未使用幼童安全椅),未使用,車的狀態,向前直行中,汽車,前車頭,汽車,後車尾,其他,車輛或機械操作不當(慎),否,120.524996,22.592412
20231020,20231020,2023,10,212100,A1,國道公路警察局,屏東縣竹田鄉國道3號 414公里300.0公尺處南側向外側,陰,無照明,國道,110,單路部分,直路,路段,快車道,柏油,乾燥,無缺陷,無障礙物,無遮蔽物,良好,無號誌,無號誌,中央分向島,寬式(50公分以上),車道線(附標記),未繪設快慢車道分隔線,有,車輛本身,撞護欄(樁),其他,車輛或機械操作不當(慎),死亡1;受傷4,2,NA,NA,無或物(動物、堆置物),-1,NA,NA,NA,NA,NA,NA,NA,NA,無(非車輛駕駛人因素),尚未發現肇事因素,否,120.524996,22.592412
20231020,20231020,2023,10,212100,A1,國道公路警察局,屏東縣竹田鄉國道3號 414公里300.0公尺處南側向外側,陰,無照明,國道,110,單路部分,直路,路段,快車道,柏油,乾燥,無缺陷,無障礙物,無遮蔽物,良好,無號誌,無號誌,中央分向島,寬式(50公分以上),車道線(附標記),未繪設快慢車道分隔線,有,車輛本身,撞護欄(樁),其他,車輛或機械操作不當(慎),死亡1;受傷4,3,NA,NA,無或物(動物、堆置物),-1,NA,NA,NA,NA,NA,NA,NA,NA,無(非車輛駕駛人因素),尚未發現肇事因素,否,120.524996,22.592412
20231020,20231020,2023,10,212100,A1,國道公路警察局,屏東縣竹田鄉國道3號 414公里300.0公尺處南側向外側,陰,無照明,國道,110,單路部分,直路,路段,快車道,柏油,乾燥,無缺陷,無障礙物,無遮蔽物,良好,無號誌,無號誌,中央分向島,寬式(50公分以上),車道線(附標記),未繪設快慢車道分隔線,有,車輛本身,撞護欄(樁),其他,車輛或機械操作不當(慎),死亡1;受傷4,4,小客車(含客、貨兩用),自用,女,43,繫安全帶(使用幼童安全椅),未使用,車的狀態,向前直行中,汽車,前車頭,汽車,左後車尾(身),駕駛者,觀看其他事故、活動、道路環境或車外資訊分心駕駛,否,120.524996,22.592412
20231020,20231020,2023,10,212100,A1,國道公路警察局,屏東縣竹田鄉國道3號 414公里300.0公尺處南側向外側,陰,無照明,國道,110,單路部分,直路,路段,快車道,柏油,乾燥,無缺陷,無障礙物,無遮蔽物,良好,無號誌,無號誌,中央分向島,寬式(50公分以上),車道線(附標記),未繪設快慢車道分隔線,有,車輛本身,撞護欄(樁),其他,車輛或機械操作不當(慎),死亡1;受傷4,5,小客車(含客、貨兩用),租賃車,男,32,繫安全帶(使用幼童安全椅),未使用,車的狀態,向前直行中,汽車,右前車頭(身),NA,NA,駕駛者,觀看其他事故、活動、道路環境或車外資訊分心駕駛,否,120.524996,22.592412
20231020,20231020,2023,10,212100,A1,國道公路警察局,屏東縣竹田鄉國道3號 414公里300.0公尺處南側向外側,陰,無照明,國道,110,單路部分,直路,路段,快車道,柏油,乾燥,無缺陷,無障礙物,無遮蔽物,良好,無號誌,無號誌,中央分向島,寬式(50公分以上),車道線(附標記),未繪設快慢車道分隔線,有,車輛本身,撞護欄(樁),其他,車輛或機械操作不當(慎),死亡1;受傷4,6,人,乘客,男,2,不明,非駕駛人,人的狀態,其他,其他,非汽、機及自行車,NA,NA,無(非車輛駕駛人因素),尚未發現肇事因素,否,120.524996,22.592412
20231020,20231020,2023,10,212100,A1,國道公路警察局,屏東縣竹田鄉國道3號 414公里300.0公尺處南側向外側,陰,無照明,國道,110,單路部分,直路,路段,快車道,柏油,乾燥,無缺陷,無障礙物,無遮蔽物,良好,無號誌,無號誌,中央分向島,寬式(50公分以上),車道線(附標記),未繪設快慢車道分隔線,有,車輛本身,撞護欄(樁),其他,車輛或機械操作不當(慎),死亡1;受傷4,7,人,乘客,男,0,未戴安全帽或未繫安全帶(未使用幼童安全椅),非駕駛人,人的狀態,其他,其他,非汽、機及自行車,NA,NA,無(非車輛駕駛人因素),尚未發現肇事因素,否,120.524996,22.592412
20231020,20231020,2023,10,212200,A1,臺南市政府警察局,臺南市仁德區二行里二層行橋機慢車道上(台一線往南344.7公里處),晴,有照明且開啟,市區道路,40,單路部分,直路,路段,慢車道,柏油,乾燥,無缺陷,無障礙物,無遮蔽物,良好,無號誌,無號誌,中央分向島,寬式(50公分以上),車道線(無標記),快慢車道分隔線,有,車與車,追撞,駕駛者,恍神、緊張、心不在焉分心駕駛,死亡1;受傷1,1,機車,普通重型,男,19,戴非半罩式安全帽,未使用,車的狀態,向前直行中,機車與自行車,前車頭,NA,NA,駕駛者,恍神、緊張、心不在焉分心駕駛,否,120.225809,22.915959
20231020,20231020,2023,10,212200,A1,臺南市政府警察局,臺南市仁德區二行里二層行橋機慢車道上(台一線往南344.7公里處),晴,有照明且開啟,市區道路,40,單路部分,直路,路段,慢車道,柏油,乾燥,無缺陷,無障礙物,無遮蔽物,良好,無號誌,無號誌,中央分向島,寬式(50公分以上),車道線(無標記),快慢車道分隔線,有,車與車,追撞,駕駛者,恍神、緊張、心不在焉分心駕駛,死亡1;受傷1,2,機車,普通重型,女,66,戴半罩式安全帽,未使用,車的狀態,向前直行中,機車與自行車,後車尾,NA,NA,無(車輛駕駛者因素),尚未發現肇事因素,否,120.225809,22.915959
20231021,20231021,2023,10,073700,A1,彰化縣警察局,彰化縣埤頭鄉中央路口 / 彰化縣埤頭鄉埤圳南路口,晴,無照明,其他,40,交岔路,四岔路,交叉路口,交叉路口內,柏油,乾燥,無缺陷,無障礙物,無遮蔽物,良好,行車管制號誌,正常,中央分向島,寬式(50公分以上),車道線(無標記),未繪設快慢車道分隔線,有,車與車,側撞,駕駛者,闖紅燈右轉,死亡1;受傷1,1,其他車,拼裝車,男,86,未戴安全帽或未繫安全帶(未使用幼童安全椅),未使用,車的狀態,右轉彎,其他,非汽、機及自行車,NA,NA,駕駛者,闖紅燈右轉,否,120.455217,23.882215
20231021,20231021,2023,10,073700,A1,彰化縣警察局,彰化縣埤頭鄉中央路口 / 彰化縣埤頭鄉埤圳南路口,晴,無照明,其他,40,交岔路,四岔路,交叉路口,交叉路口內,柏油,乾燥,無缺陷,無障礙物,無遮蔽物,良好,行車管制號誌,正常,中央分向島,寬式(50公分以上),車道線(無標記),未繪設快慢車道分隔線,有,車與車,側撞,駕駛者,闖紅燈右轉,死亡1;受傷1,2,大貨車,自用,男,39,繫安全帶(使用幼童安全椅),未使用,車的狀態,向前直行中,汽車,右後車尾(身),NA,NA,無(車輛駕駛者因素),尚未發現肇事因素,否,120.455217,23.882215
20231021,20231021,2023,10,073700,A1,彰化縣警察局,彰化縣埤頭鄉中央路口 / 彰化縣埤頭鄉埤圳南路口,晴,無照明,其他,40,交岔路,四岔路,交叉路口,交叉路口內,柏油,乾燥,無缺陷,無障礙物,無遮蔽物,良好,行車管制號誌,正常,中央分向島,寬式(50公分以上),車道線(無標記),未繪設快慢車道分隔線,有,車與車,側撞,駕駛者,闖紅燈右轉,死亡1;受傷1,3,人,乘客,女,86,未戴安全帽或未繫安全帶(未使用幼童安全椅),非駕駛人,人的狀態,其他,其他,非汽、機及自行車,NA,NA,無(非車輛駕駛人因素),尚未發現肇事因素,否,120.455217,23.882215
20231021,20231021,2023,10,081616,A1,屏東縣政府警察局,屏東縣潮州鎮屏72縣與產業道路口,晴,有照明未開啟或故障,村里道路,30,交岔路,四岔路,交叉路口,交叉口附近,柏油,乾燥,無缺陷,無障礙物,無遮蔽物,良好,無號誌,無號誌,無,無分向設施,未繪設車道線,未繪設快慢車道分隔線,有,車與車,路口交岔撞,駕駛者,無號誌路口，支線道未讓幹線道先行,死亡1;受傷0,1,機車,普通重型,男,79,戴非半罩式安全帽,未使用,車的狀態,向前直行中,機車與自行車,前車頭,NA,NA,駕駛者,無號誌路口，支線道未讓幹線道先行,否,120.530944,22.508413
20231021,20231021,2023,10,081616,A1,屏東縣政府警察局,屏東縣潮州鎮屏72縣與產業道路口,晴,有照明未開啟或故障,村里道路,30,交岔路,四岔路,交叉路口,交叉口附近,柏油,乾燥,無缺陷,無障礙物,無遮蔽物,良好,無號誌,無號誌,無,無分向設施,未繪設車道線,未繪設快慢車道分隔線,有,車與車,路口交岔撞,駕駛者,無號誌路口，支線道未讓幹線道先行,死亡1;受傷0,2,大貨車,自用,男,62,繫安全帶(使用幼童安全椅),未使用,車的狀態,向前直行中,汽車,右側車身,NA,NA,駕駛者,恍神、緊張、心不在焉分心駕駛,否,120.530944,22.508413
20231021,20231021,2023,10,094236,A1,國道公路警察局,雲林縣斗六市國道3號 263公里700.0公尺處南側向內側,晴,無照明,國道,110,單路部分,直路,路段,快車道,柏油,乾燥,無缺陷,無障礙物,無遮蔽物,良好,無號誌,無號誌,中央分向島,寬式(50公分以上),車道線(附標記),未繪設快慢車道分隔線,有,車與車,同向擦撞,駕駛者,變換車道不當,死亡4;受傷22,1,大客車,遊覽車,男,62,未戴安全帽或未繫安全帶(未使用幼童安全椅),未使用,車的狀態,向左變換車道,汽車,左後車尾(身),汽車,左前車頭(身),駕駛者,變換車道不當,否,120.603055,23.707668
20231021,20231021,2023,10,094236,A1,國道公路警察局,雲林縣斗六市國道3號 263公里700.0公尺處南側向內側,晴,無照明,國道,110,單路部分,直路,路段,快車道,柏油,乾燥,無缺陷,無障礙物,無遮蔽物,良好,無號誌,無號誌,中央分向島,寬式(50公分以上),車道線(附標記),未繪設快慢車道分隔線,有,車與車,同向擦撞,駕駛者,變換車道不當,死亡4;受傷22,2,小客車(含客、貨兩用),自用,男,37,繫安全帶(使用幼童安全椅),未使用,車的狀態,向前直行中,汽車,右前車頭(身),NA,NA,無(車輛駕駛者因素),尚未發現肇事因素,否,120.603055,23.707668
20231021,20231021,2023,10,094236,A1,國道公路警察局,雲林縣斗六市國道3號 263公里700.0公尺處南側向內側,晴,無照明,國道,110,單路部分,直路,路段,快車道,柏油,乾燥,無缺陷,無障礙物,無遮蔽物,良好,無號誌,無號誌,中央分向島,寬式(50公分以上),車道線(附標記),未繪設快慢車道分隔線,有,車與車,同向擦撞,駕駛者,變換車道不當,死亡4;受傷22,3,NA,NA,無或物(動物、堆置物),-1,NA,NA,NA,NA,NA,NA,NA,NA,無(非車輛駕駛人因素),尚未發現肇事因素,否,120.603055,23.707668
20231021,20231021,2023,10,094236,A1,國道公路警察局,雲林縣斗六市國道3號 263公里700.0公尺處南側向內側,晴,無照明,國道,110,單路部分,直路,路段,快車道,柏油,乾燥,無缺陷,無障礙物,無遮蔽物,良好,無號誌,無號誌,中央分向島,寬式(50公分以上),車道線(附標記),未繪設快慢車道分隔線,有,車與車,同向擦撞,駕駛者,變換車道不當,死亡4;受傷22,4,小客車(含客、貨兩用),自用,男,52,繫安全帶(使用幼童安全椅),不明,車的狀態,向前直行中,汽車,左側車身,汽車,右側車身,無(車輛駕駛者因素),尚未發現肇事因素,否,120.603055,23.707668
20231021,20231021,2023,10,094236,A1,國道公路警察局,雲林縣斗六市國道3號 263公里700.0公尺處南側向內側,晴,無照明,國道,110,單路部分,直路,路段,快車道,柏油,乾燥,無缺陷,無障礙物,無遮蔽物,良好,無號誌,無號誌,中央分向島,寬式(50公分以上),車道線(附標記),未繪設快慢車道分隔線,有,車與車,同向擦撞,駕駛者,變換車道不當,死亡4;受傷22,5,NA,NA,無或物(動物、堆置物),-1,NA,NA,NA,NA,NA,NA,NA,NA,無(非車輛駕駛人因素),尚未發現肇事因素,否,120.603055,23.707668
20231021,20231021,2023,10,094236,A1,國道公路警察局,雲林縣斗六市國道3號 263公里700.0公尺處南側向內側,晴,無照明,國道,110,單路部分,直路,路段,快車道,柏油,乾燥,無缺陷,無障礙物,無遮蔽物,良好,無號誌,無號誌,中央分向島,寬式(50公分以上),車道線(附標記),未繪設快慢車道分隔線,有,車與車,同向擦撞,駕駛者,變換車道不當,死亡4;受傷22,6,人,乘客,女,61,繫安全帶(使用幼童安全椅),非駕駛人,不明,不明,其他,非汽、機及自行車,NA,NA,無(非車輛駕駛人因素),尚未發現肇事因素,否,120.603055,23.707668
20231021,20231021,2023,10,094236,A1,國道公路警察局,雲林縣斗六市國道3號 263公里700.0公尺處南側向內側,晴,無照明,國道,110,單路部分,直路,路段,快車道,柏油,乾燥,無缺陷,無障礙物,無遮蔽物,良好,無號誌,無號誌,中央分向島,寬式(50公分以上),車道線(附標記),未繪設快慢車道分隔線,有,車與車,同向擦撞,駕駛者,變換車道不當,死亡4;受傷22,7,人,乘客,女,47,繫安全帶(使用幼童安全椅),非駕駛人,不明,不明,其他,非汽、機及自行車,NA,NA,無(非車輛駕駛人因素),尚未發現肇事因素,否,120.603055,23.707668
20231021,20231021,2023,10,094236,A1,國道公路警察局,雲林縣斗六市國道3號 263公里700.0公尺處南側向內側,晴,無照明,國道,110,單路部分,直路,路段,快車道,柏油,乾燥,無缺陷,無障礙物,無遮蔽物,良好,無號誌,無號誌,中央分向島,寬式(50公分以上),車道線(附標記),未繪設快慢車道分隔線,有,車與車,同向擦撞,駕駛者,變換車道不當,死亡4;受傷22,8,人,乘客,男,11,繫安全帶(使用幼童安全椅),非駕駛人,不明,不明,其他,非汽、機及自行車,NA,NA,無(非車輛駕駛人因素),尚未發現肇事因素,否,120.603055,23.707668
20231021,20231021,2023,10,094236,A1,國道公路警察局,雲林縣斗六市國道3號 263公里700.0公尺處南側向內側,晴,無照明,國道,110,單路部分,直路,路段,快車道,柏油,乾燥,無缺陷,無障礙物,無遮蔽物,良好,無號誌,無號誌,中央分向島,寬式(50公分以上),車道線(附標記),未繪設快慢車道分隔線,有,車與車,同向擦撞,駕駛者,變換車道不當,死亡4;受傷22,9,人,乘客,男,48,繫安全帶(使用幼童安全椅),非駕駛人,不明,不明,其他,非汽、機及自行車,NA,NA,無(非車輛駕駛人因素),尚未發現肇事因素,否,120.603055,23.707668
20231021,20231021,2023,10,094236,A1,國道公路警察局,雲林縣斗六市國道3號 263公里700.0公尺處南側向內側,晴,無照明,國道,110,單路部分,直路,路段,快車道,柏油,乾燥,無缺陷,無障礙物,無遮蔽物,良好,無號誌,無號誌,中央分向島,寬式(50公分以上),車道線(附標記),未繪設快慢車道分隔線,有,車與車,同向擦撞,駕駛者,變換車道不當,死亡4;受傷22,10,人,乘客,女,67,繫安全帶(使用幼童安全椅),非駕駛人,不明,不明,其他,非汽、機及自行車,NA,NA,無(非車輛駕駛人因素),尚未發現肇事因素,否,120.603055,23.707668
20231021,20231021,2023,10,094236,A1,國道公路警察局,雲林縣斗六市國道3號 263公里700.0公尺處南側向內側,晴,無照明,國道,110,單路部分,直路,路段,快車道,柏油,乾燥,無缺陷,無障礙物,無遮蔽物,良好,無號誌,無號誌,中央分向島,寬式(50公分以上),車道線(附標記),未繪設快慢車道分隔線,有,車與車,同向擦撞,駕駛者,變換車道不當,死亡4;受傷22,11,人,乘客,女,10,繫安全帶(使用幼童安全椅),非駕駛人,不明,不明,其他,非汽、機及自行車,NA,NA,無(非車輛駕駛人因素),尚未發現肇事因素,否,120.603055,23.707668
20231021,20231021,2023,10,094236,A1,國道公路警察局,雲林縣斗六市國道3號 263公里700.0公尺處南側向內側,晴,無照明,國道,110,單路部分,直路,路段,快車道,柏油,乾燥,無缺陷,無障礙物,無遮蔽物,良好,無號誌,無號誌,中央分向島,寬式(50公分以上),車道線(附標記),未繪設快慢車道分隔線,有,車與車,同向擦撞,駕駛者,變換車道不當,死亡4;受傷22,12,人,乘客,女,22,繫安全帶(使用幼童安全椅),非駕駛人,不明,不明,其他,非汽、機及自行車,NA,NA,無(非車輛駕駛人因素),尚未發現肇事因素,否,120.603055,23.707668
20231021,20231021,2023,10,094236,A1,國道公路警察局,雲林縣斗六市國道3號 263公里700.0公尺處南側向內側,晴,無照明,國道,110,單路部分,直路,路段,快車道,柏油,乾燥,無缺陷,無障礙物,無遮蔽物,良好,無號誌,無號誌,中央分向島,寬式(50公分以上),車道線(附標記),未繪設快慢車道分隔線,有,車與車,同向擦撞,駕駛者,變換車道不當,死亡4;受傷22,13,人,乘客,男,44,繫安全帶(使用幼童安全椅),非駕駛人,不明,不明,其他,非汽、機及自行車,NA,NA,無(非車輛駕駛人因素),尚未發現肇事因素,否,120.603055,23.707668
20231021,20231021,2023,10,094236,A1,國道公路警察局,雲林縣斗六市國道3號 263公里700.0公尺處南側向內側,晴,無照明,國道,110,單路部分,直路,路段,快車道,柏油,乾燥,無缺陷,無障礙物,無遮蔽物,良好,無號誌,無號誌,中央分向島,寬式(50公分以上),車道線(附標記),未繪設快慢車道分隔線,有,車與車,同向擦撞,駕駛者,變換車道不當,死亡4;受傷22,14,人,乘客,女,14,繫安全帶(使用幼童安全椅),非駕駛人,不明,不明,其他,非汽、機及自行車,NA,NA,無(非車輛駕駛人因素),尚未發現肇事因素,否,120.603055,23.707668
20231021,20231021,2023,10,094236,A1,國道公路警察局,雲林縣斗六市國道3號 263公里700.0公尺處南側向內側,晴,無照明,國道,110,單路部分,直路,路段,快車道,柏油,乾燥,無缺陷,無障礙物,無遮蔽物,良好,無號誌,無號誌,中央分向島,寬式(50公分以上),車道線(附標記),未繪設快慢車道分隔線,有,車與車,同向擦撞,駕駛者,變換車道不當,死亡4;受傷22,15,人,乘客,女,12,繫安全帶(使用幼童安全椅),非駕駛人,不明,不明,其他,非汽、機及自行車,NA,NA,無(非車輛駕駛人因素),尚未發現肇事因素,否,120.603055,23.707668
20231021,20231021,2023,10,094236,A1,國道公路警察局,雲林縣斗六市國道3號 263公里700.0公尺處南側向內側,晴,無照明,國道,110,單路部分,直路,路段,快車道,柏油,乾燥,無缺陷,無障礙物,無遮蔽物,良好,無號誌,無號誌,中央分向島,寬式(50公分以上),車道線(附標記),未繪設快慢車道分隔線,有,車與車,同向擦撞,駕駛者,變換車道不當,死亡4;受傷22,16,人,乘客,女,1,繫安全帶(使用幼童安全椅),非駕駛人,不明,不明,其他,非汽、機及自行車,NA,NA,無(非車輛駕駛人因素),尚未發現肇事因素,否,120.603055,23.707668
20231021,20231021,2023,10,094236,A1,國道公路警察局,雲林縣斗六市國道3號 263公里700.0公尺處南側向內側,晴,無照明,國道,110,單路部分,直路,路段,快車道,柏油,乾燥,無缺陷,無障礙物,無遮蔽物,良好,無號誌,無號誌,中央分向島,寬式(50公分以上),車道線(附標記),未繪設快慢車道分隔線,有,車與車,同向擦撞,駕駛者,變換車道不當,死亡4;受傷22,17,人,乘客,男,52,未戴安全帽或未繫安全帶(未使用幼童安全椅),非駕駛人,不明,不明,其他,非汽、機及自行車,NA,NA,無(非車輛駕駛人因素),尚未發現肇事因素,否,120.603055,23.707668
20231021,20231021,2023,10,094236,A1,國道公路警察局,雲林縣斗六市國道3號 263公里700.0公尺處南側向內側,晴,無照明,國道,110,單路部分,直路,路段,快車道,柏油,乾燥,無缺陷,無障礙物,無遮蔽物,良好,無號誌,無號誌,中央分向島,寬式(50公分以上),車道線(附標記),未繪設快慢車道分隔線,有,車與車,同向擦撞,駕駛者,變換車道不當,死亡4;受傷22,18,人,乘客,女,52,未戴安全帽或未繫安全帶(未使用幼童安全椅),非駕駛人,不明,不明,其他,非汽、機及自行車,NA,NA,無(非車輛駕駛人因素),尚未發現肇事因素,否,120.603055,23.707668
20231021,20231021,2023,10,094236,A1,國道公路警察局,雲林縣斗六市國道3號 263公里700.0公尺處南側向內側,晴,無照明,國道,110,單路部分,直路,路段,快車道,柏油,乾燥,無缺陷,無障礙物,無遮蔽物,良好,無號誌,無號誌,中央分向島,寬式(50公分以上),車道線(附標記),未繪設快慢車道分隔線,有,車與車,同向擦撞,駕駛者,變換車道不當,死亡4;受傷22,19,人,乘客,女,20,繫安全帶(使用幼童安全椅),非駕駛人,不明,不明,其他,非汽、機及自行車,NA,NA,無(非車輛駕駛人因素),尚未發現肇事因素,否,120.603055,23.707668
20231021,20231021,2023,10,094236,A1,國道公路警察局,雲林縣斗六市國道3號 263公里700.0公尺處南側向內側,晴,無照明,國道,110,單路部分,直路,路段,快車道,柏油,乾燥,無缺陷,無障礙物,無遮蔽物,良好,無號誌,無號誌,中央分向島,寬式(50公分以上),車道線(附標記),未繪設快慢車道分隔線,有,車與車,同向擦撞,駕駛者,變換車道不當,死亡4;受傷22,20,人,乘客,男,16,繫安全帶(使用幼童安全椅),非駕駛人,不明,不明,其他,非汽、機及自行車,NA,NA,無(非車輛駕駛人因素),尚未發現肇事因素,否,120.603055,23.707668
20231021,20231021,2023,10,094236,A1,國道公路警察局,雲林縣斗六市國道3號 263公里700.0公尺處南側向內側,晴,無照明,國道,110,單路部分,直路,路段,快車道,柏油,乾燥,無缺陷,無障礙物,無遮蔽物,良好,無號誌,無號誌,中央分向島,寬式(50公分以上),車道線(附標記),未繪設快慢車道分隔線,有,車與車,同向擦撞,駕駛者,變換車道不當,死亡4;受傷22,21,人,乘客,男,38,繫安全帶(使用幼童安全椅),非駕駛人,不明,不明,其他,非汽、機及自行車,NA,NA,無(非車輛駕駛人因素),尚未發現肇事因素,否,120.603055,23.707668
20231021,20231021,2023,10,094236,A1,國道公路警察局,雲林縣斗六市國道3號 263公里700.0公尺處南側向內側,晴,無照明,國道,110,單路部分,直路,路段,快車道,柏油,乾燥,無缺陷,無障礙物,無遮蔽物,良好,無號誌,無號誌,中央分向島,寬式(50公分以上),車道線(附標記),未繪設快慢車道分隔線,有,車與車,同向擦撞,駕駛者,變換車道不當,死亡4;受傷22,22,人,乘客,男,8,繫安全帶(使用幼童安全椅),非駕駛人,不明,不明,其他,非汽、機及自行車,NA,NA,無(非車輛駕駛人因素),尚未發現肇事因素,否,120.603055,23.707668
20231021,20231021,2023,10,094236,A1,國道公路警察局,雲林縣斗六市國道3號 263公里700.0公尺處南側向內側,晴,無照明,國道,110,單路部分,直路,路段,快車道,柏油,乾燥,無缺陷,無障礙物,無遮蔽物,良好,無號誌,無號誌,中央分向島,寬式(50公分以上),車道線(附標記),未繪設快慢車道分隔線,有,車與車,同向擦撞,駕駛者,變換車道不當,死亡4;受傷22,23,人,乘客,男,41,繫安全帶(使用幼童安全椅),非駕駛人,不明,不明,其他,非汽、機及自行車,NA,NA,無(非車輛駕駛人因素),尚未發現肇事因素,否,120.603055,23.707668
20231021,20231021,2023,10,094236,A1,國道公路警察局,雲林縣斗六市國道3號 263公里700.0公尺處南側向內側,晴,無照明,國道,110,單路部分,直路,路段,快車道,柏油,乾燥,無缺陷,無障礙物,無遮蔽物,良好,無號誌,無號誌,中央分向島,寬式(50公分以上),車道線(附標記),未繪設快慢車道分隔線,有,車與車,同向擦撞,駕駛者,變換車道不當,死亡4;受傷22,24,人,乘客,女,41,繫安全帶(使用幼童安全椅),非駕駛人,不明,不明,其他,非汽、機及自行車,NA,NA,無(非車輛駕駛人因素),尚未發現肇事因素,否,120.603055,23.707668
20231021,20231021,2023,10,094236,A1,國道公路警察局,雲林縣斗六市國道3號 263公里700.0公尺處南側向內側,晴,無照明,國道,110,單路部分,直路,路段,快車道,柏油,乾燥,無缺陷,無障礙物,無遮蔽物,良好,無號誌,無號誌,中央分向島,寬式(50公分以上),車道線(附標記),未繪設快慢車道分隔線,有,車與車,同向擦撞,駕駛者,變換車道不當,死亡4;受傷22,25,人,乘客,女,40,繫安全帶(使用幼童安全椅),非駕駛人,不明,不明,其他,非汽、機及自行車,NA,NA,無(非車輛駕駛人因素),尚未發現肇事因素,否,120.603055,23.707668