accident_date,發生日期,發生年度,發生月份,發生時間,事故類別名稱,處理單位名稱警局層,發生地點,天候名稱,光線名稱,道路類別-第1當事者-名稱,速限-第1當事者,道路型態大類別名稱,道路型態子類別名稱,事故位置大類別名稱,事故位置子類別名稱,路面狀況-路面鋪裝名稱,路面狀況-路面狀態名稱,路面狀況-路面缺陷名稱,道路障礙-障礙物名稱,道路障礙-視距品質名稱,道路障礙-視距名稱,號誌-號誌種類名稱,號誌-號誌動作名稱,車道劃分設施-分向設施大類別名稱,車道劃分設施-分向設施子類別名稱,車道劃分設施-分道設施-快車道或一般車道間名稱,車道劃分設施-分道設施-快慢車道間名稱,車道劃分設施-分道設施-路面邊線名稱,事故類型及型態大類別名稱,事故類型及型態子類別名稱,肇因研判大類別名稱-主要,肇因研判子類別名稱-主要,死亡受傷人數,當事者順位,當事者區分-類別-大類別名稱-車種,當事者區分-類別-子類別名稱-車種,當事者屬-性-別名稱,當事者事故發生時年齡,保護裝備名稱,行動電話或電腦或其他相類功能裝置名稱,當事者行動狀態大類別名稱,當事者行動狀態子類別名稱,車輛撞擊部位大類別名稱-最初,車輛撞擊部位子類別名稱-最初,車輛撞擊部位大類別名稱-其他,車輛撞擊部位子類別名稱-其他,肇因研判大類別名稱-個別,肇因研判子類別名稱-個別,肇事逃逸類別名稱-是否肇逃,經度,緯度
20231021,20231021,2023,10,094236,A1,國道公路警察局,雲林縣斗六市國道3號 263公里700.0公尺處南側向內側,晴,無照明,國道,110,單路部分,直路,路段,快車道,柏油,乾燥,無缺陷,無障礙物,無遮蔽物,良好,無號誌,無號誌,中央分向島,寬式(50公分以上),車道線(附標記),未繪設快慢車道分隔線,有,車與車,同向擦撞,駕駛者,變換車道不當,死亡4;受傷22,26,人,乘客,男,38,繫安全帶(使用幼童安全椅),非駕駛人,不明,不明,其他,非汽、機及自行車,NA,NA,無(非車輛駕駛人因素),尚未發現肇事因素,否,120.603055,23.707668
20231021,20231021,2023,10,094236,A1,國道公路警察局,雲林縣斗六市國道3號 263公里700.0公尺處南側向內側,晴,無照明,國道,110,單路部分,直路,路段,快車道,柏油,乾燥,無缺陷,無障礙物,無遮蔽物,良好,無號誌,無號誌,中央分向島,寬式(50公分以上),車道線(附標記),未繪設快慢車道分隔線,有,車與車,同向擦撞,駕駛者,變換車道不當,死亡4;受傷22,27,人,乘客,女,41,繫安全帶(使用幼童安全椅),非駕駛人,不明,不明,其他,非汽、機及自行車,NA,NA,無(非車輛駕駛人因素),尚未發現肇事因素,否,120.603055,23.707668
20231021,20231021,2023,10,094236,A1,國道公路警察局,雲林縣斗六市國道3號 263公里700.0公尺處南側向內側,晴,無照明,國道,110,單路部分,直路,路段,快車道,柏油,乾燥,無缺陷,無障礙物,無遮蔽物,良好,無號誌,無號誌,中央分向島,寬式(50公分以上),車道線(附標記),未繪設快慢車道分隔線,有,車與車,同向擦撞,駕駛者,變換車道不當,死亡4;受傷22,28,人,乘客,女,23,未戴安全帽或未繫安全帶(未使用幼童安全椅),非駕駛人,不明,不明,其他,非汽、機及自行車,NA,NA,無(非車輛駕駛人因素),尚未發現肇事因素,否,120.603055,23.707668
20231021,20231021,2023,10,094236,A1,國道公路警察局,雲林縣斗六市國道3號 263公里700.0公尺處南側向內側,晴,無照明,國道,110,單路部分,直路,路段,快車道,柏油,乾燥,無缺陷,無障礙物,無遮蔽物,良好,無號誌,無號誌,中央分向島,寬式(50公分以上),車道線(附標記),未繪設快慢車道分隔線,有,車與車,同向擦撞,駕駛者,變換車道不當,死亡4;受傷22,29,人,乘客,女,47,未戴安全帽或未繫安全帶(未使用幼童安全椅),非駕駛人,不明,不明,其他,非汽、機及自行車,NA,NA,無(非車輛駕駛人因素),尚未發現肇事因素,否,120.603055,23.707668
20231021,20231021,2023,10,094600,A1,嘉義縣警察局,嘉義縣番路鄉江西村江西寮6之1號前(159甲線9公里700公尺處),晴,有照明未開啟或故障,縣道,50,單路部分,彎曲路及附近,路段,一般車道(未劃分快慢車道),柏油,乾燥,無缺陷,無障礙物,無遮蔽物,良好,無號誌,無號誌,雙向禁止超車線,附標記,未繪設車道線,快慢車道分隔線,有,車輛本身,路上翻車、摔倒,駕駛者,未依規定減速,死亡1;受傷0,1,機車,大型重型2(250-550C.C.),男,18,戴非半罩式安全帽,未使用,車的狀態,向前直行中,機車與自行車,左側車身,NA,NA,駕駛者,未依規定減速,否,120.529046,23.476929
20231021,20231021,2023,10,094600,A1,嘉義縣警察局,嘉義縣番路鄉江西村江西寮6之1號前(159甲線9公里700公尺處),晴,有照明未開啟或故障,縣道,50,單路部分,彎曲路及附近,路段,一般車道(未劃分快慢車道),柏油,乾燥,無缺陷,無障礙物,無遮蔽物,良好,無號誌,無號誌,雙向禁止超車線,附標記,未繪設車道線,快慢車道分隔線,有,車輛本身,路上翻車、摔倒,駕駛者,未依規定減速,死亡1;受傷0,2,NA,NA,無或物(動物、堆置物),-1,NA,NA,NA,NA,NA,NA,NA,NA,無(非車輛駕駛人因素),尚未發現肇事因素,否,120.529046,23.476929
20231021,20231021,2023,10,105755,A1,屏東縣政府警察局,屏東縣萬巒鄉佳興路口 / 屏東縣萬巒鄉民生路口,晴,有照明未開啟或故障,縣道,40,交岔路,三岔路,交叉路口,交叉口附近,柏油,乾燥,無缺陷,無障礙物,無遮蔽物,良好,無號誌,無號誌,雙向禁止超車線,無標記,未繪設車道線,未繪設快慢車道分隔線,有,人與車,其他,駕駛者,恍神、緊張、心不在焉分心駕駛,死亡1;受傷1,1,小客車(含客、貨兩用),自用,男,66,繫安全帶(使用幼童安全椅),未使用,車的狀態,向前直行中,汽車,前車頭,汽車,前車頭,駕駛者,恍神、緊張、心不在焉分心駕駛,否,120.597726,22.572448
20231021,20231021,2023,10,105755,A1,屏東縣政府警察局,屏東縣萬巒鄉佳興路口 / 屏東縣萬巒鄉民生路口,晴,有照明未開啟或故障,縣道,40,交岔路,三岔路,交叉路口,交叉口附近,柏油,乾燥,無缺陷,無障礙物,無遮蔽物,良好,無號誌,無號誌,雙向禁止超車線,無標記,未繪設車道線,未繪設快慢車道分隔線,有,人與車,其他,駕駛者,恍神、緊張、心不在焉分心駕駛,死亡1;受傷1,2,人,行人,男,57,其他(無需使用保護裝備之人),非駕駛人,人的狀態,步行,其他,非汽、機及自行車,其他,非汽、機及自行車,無(非車輛駕駛人因素),尚未發現肇事因素,否,120.597726,22.572448
20231022,20231022,2023,10,005900,A1,臺中市政府警察局,臺中市東區東英里精武東路7號前0.0公尺,晴,有照明且開啟,市區道路,50,單路部分,直路,路段,快車道,柏油,乾燥,無缺陷,無障礙物,無遮蔽物,良好,無號誌,無號誌,行車分向線,無標記,未繪設車道線,快慢車道分隔線,無,車與車,其他,駕駛者,迴轉未依規定,死亡1;受傷1,1,小客車(含客、貨兩用),自用,男,45,繫安全帶(使用幼童安全椅),未使用,車的狀態,迴轉或橫越道路中,汽車,左側車身,NA,NA,駕駛者,迴轉未依規定,否,120.706853,24.148841
20231022,20231022,2023,10,005900,A1,臺中市政府警察局,臺中市東區東英里精武東路7號前0.0公尺,晴,有照明且開啟,市區道路,50,單路部分,直路,路段,快車道,柏油,乾燥,無缺陷,無障礙物,無遮蔽物,良好,無號誌,無號誌,行車分向線,無標記,未繪設車道線,快慢車道分隔線,無,車與車,其他,駕駛者,迴轉未依規定,死亡1;受傷1,2,機車,普通重型,男,20,戴半罩式安全帽,未使用,車的狀態,向前直行中,機車與自行車,前車頭,NA,NA,其他,其他不當駕車行為,否,120.706853,24.148841
20231022,20231022,2023,10,041200,A1,宜蘭縣政府警察局,宜蘭縣五結鄉親河路2段附近 / 宜蘭縣五結鄉親河路2段附近,雨,有照明未開啟或故障,省道,60,交岔路,三岔路,交叉路口,交叉口附近,柏油,濕潤,無缺陷,無障礙物,無遮蔽物,良好,無號誌,無號誌,雙向禁止超車線,無標記,未繪設車道線,快慢車道分隔線,有,車與車,對向擦撞,駕駛者,酒醉(後)駕駛,死亡1;受傷1,1,小客車(含客、貨兩用),自用,男,22,繫安全帶(使用幼童安全椅),未使用,車的狀態,向前直行中,汽車,左前車頭(身),NA,NA,駕駛者,酒醉(後)駕駛,是,121.811192,24.672849
20231022,20231022,2023,10,041200,A1,宜蘭縣政府警察局,宜蘭縣五結鄉親河路2段附近 / 宜蘭縣五結鄉親河路2段附近,雨,有照明未開啟或故障,省道,60,交岔路,三岔路,交叉路口,交叉口附近,柏油,濕潤,無缺陷,無障礙物,無遮蔽物,良好,無號誌,無號誌,雙向禁止超車線,無標記,未繪設車道線,快慢車道分隔線,有,車與車,對向擦撞,駕駛者,酒醉(後)駕駛,死亡1;受傷1,2,機車,普通重型,女,63,戴半罩式安全帽,未使用,車的狀態,向前直行中,機車與自行車,前車頭,NA,NA,無(車輛駕駛者因素),尚未發現肇事因素,否,121.811192,24.672849
20231022,20231022,2023,10,041200,A1,宜蘭縣政府警察局,宜蘭縣五結鄉親河路2段附近 / 宜蘭縣五結鄉親河路2段附近,雨,有照明未開啟或故障,省道,60,交岔路,三岔路,交叉路口,交叉口附近,柏油,濕潤,無缺陷,無障礙物,無遮蔽物,良好,無號誌,無號誌,雙向禁止超車線,無標記,未繪設車道線,快慢車道分隔線,有,車與車,對向擦撞,駕駛者,酒醉(後)駕駛,死亡1;受傷1,3,小客車(含客、貨兩用),自用,男,61,不明,未使用,車的狀態,靜止(引擎熄火),汽車,左後車尾(身),NA,NA,無(車輛駕駛者因素),尚未發現肇事因素,否,121.811192,24.672849
20231022,20231022,2023,10,041200,A1,宜蘭縣政府警察局,宜蘭縣五結鄉親河路2段附近 / 宜蘭縣五結鄉親河路2段附近,雨,有照明未開啟或故障,省道,60,交岔路,三岔路,交叉路口,交叉口附近,柏油,濕潤,無缺陷,無障礙物,無遮蔽物,良好,無號誌,無號誌,雙向禁止超車線,無標記,未繪設車道線,快慢車道分隔線,有,車與車,對向擦撞,駕駛者,酒醉(後)駕駛,死亡1;受傷1,4,NA,NA,無或物(動物、堆置物),-1,NA,NA,NA,NA,NA,NA,NA,NA,無(非車輛駕駛人因素),尚未發現肇事因素,否,121.811192,24.672849
20231022,20231022,2023,10,065337,A1,雲林縣警察局,雲林縣麥寮鄉台17線 72公里南側,晴,有照明未開啟或故障,省道,50,單路部分,直路,路段,路肩、路緣,柏油,乾燥,無缺陷,無障礙物,無遮蔽物,良好,無號誌,無號誌,中央分向島,寬式(50公分以上),車道線(無標記),未繪設快慢車道分隔線,有,車輛本身,路上翻車、摔倒,其他,其他不當駕車行為,死亡1;受傷0,1,機車,普通重型,男,21,戴半罩式安全帽,不明,車的狀態,向前直行中,機車與自行車,前車頭,機車與自行車,前車頭,其他,其他不當駕車行為,否,120.281186,23.806223
20231022,20231022,2023,10,065337,A1,雲林縣警察局,雲林縣麥寮鄉台17線 72公里南側,晴,有照明未開啟或故障,省道,50,單路部分,直路,路段,路肩、路緣,柏油,乾燥,無缺陷,無障礙物,無遮蔽物,良好,無號誌,無號誌,中央分向島,寬式(50公分以上),車道線(無標記),未繪設快慢車道分隔線,有,車輛本身,路上翻車、摔倒,其他,其他不當駕車行為,死亡1;受傷0,2,NA,NA,無或物(動物、堆置物),-1,NA,NA,NA,NA,NA,NA,NA,NA,無(非車輛駕駛人因素),尚未發現肇事因素,否,120.281186,23.806223
20231022,20231022,2023,10,095200,A1,臺南市政府警察局,臺南市安南區台江大道6段口 / 臺南市安南區青砂街2段,晴,有照明未開啟或故障,市區道路,30,交岔路,四岔路,交叉路口,交叉路口內,柏油,乾燥,無缺陷,無障礙物,無遮蔽物,良好,閃光號誌,無動作,無,無分向設施,未繪設車道線,未繪設快慢車道分隔線,無,車與車,側撞,駕駛者,違反禁行車種標誌(字),死亡1;受傷0,1,機車,普通重型,男,56,戴半罩式安全帽,未使用,車的狀態,左轉彎,機車與自行車,左側車身,NA,NA,駕駛者,違反禁行車種標誌(字),否,120.105023,23.072028
20231022,20231022,2023,10,095200,A1,臺南市政府警察局,臺南市安南區台江大道6段口 / 臺南市安南區青砂街2段,晴,有照明未開啟或故障,市區道路,30,交岔路,四岔路,交叉路口,交叉路口內,柏油,乾燥,無缺陷,無障礙物,無遮蔽物,良好,閃光號誌,無動作,無,無分向設施,未繪設車道線,未繪設快慢車道分隔線,無,車與車,側撞,駕駛者,違反禁行車種標誌(字),死亡1;受傷0,2,小客車(含客、貨兩用),租賃車,男,32,繫安全帶(使用幼童安全椅),未使用,車的狀態,向前直行中,汽車,前車頭,NA,NA,駕駛者,超速駕駛,否,120.105023,23.072028
20231022,20231022,2023,10,121200,A1,嘉義縣警察局,嘉義縣中埔鄉石硦村台3線309公里400公尺處,晴,無照明,省道,40,單路部分,彎曲路及附近,路段,一般車道(未劃分快慢車道),柏油,乾燥,無缺陷,無障礙物,無遮蔽物,良好,無號誌,無號誌,雙向禁止超車線,附標記,未繪設車道線,未繪設快慢車道分隔線,有,車輛本身,撞護欄(樁),駕駛者,未依規定減速,死亡1;受傷0,1,機車,大型重型2(250-550C.C.),男,50,戴非半罩式安全帽,未使用,車的狀態,向前直行中,機車與自行車,前車頭,NA,NA,駕駛者,未依規定減速,否,120.583095,23.373482
20231022,20231022,2023,10,121200,A1,嘉義縣警察局,嘉義縣中埔鄉石硦村台3線309公里400公尺處,晴,無照明,省道,40,單路部分,彎曲路及附近,路段,一般車道(未劃分快慢車道),柏油,乾燥,無缺陷,無障礙物,無遮蔽物,良好,無號誌,無號誌,雙向禁止超車線,附標記,未繪設車道線,未繪設快慢車道分隔線,有,車輛本身,撞護欄(樁),駕駛者,未依規定減速,死亡1;受傷0,2,NA,NA,無或物(動物、堆置物),-1,NA,NA,NA,NA,NA,NA,NA,NA,無(非車輛駕駛人因素),尚未發現肇事因素,否,120.583095,23.373482
20231022,20231022,2023,10,125500,A1,彰化縣警察局,彰化縣二林鎮南光里大成路一段口 / 彰化縣二林鎮南光里文化街,晴,有照明未開啟或故障,村里道路,30,交岔路,三岔路,交叉路口,交叉路口內,柏油,乾燥,無缺陷,路上有停車,有遮蔽物,建築物,無號誌,無號誌,無,無分向設施,未繪設車道線,未繪設快慢車道分隔線,無,車與車,側撞,駕駛者,無號誌路口，轉彎車未讓直行車先行,死亡1;受傷0,1,小客車(含客、貨兩用),自用,男,23,繫安全帶(使用幼童安全椅),未使用,車的狀態,左轉彎,汽車,前車頭,NA,NA,駕駛者,無號誌路口，轉彎車未讓直行車先行,否,120.364368,23.894241
20231022,20231022,2023,10,125500,A1,彰化縣警察局,彰化縣二林鎮南光里大成路一段口 / 彰化縣二林鎮南光里文化街,晴,有照明未開啟或故障,村里道路,30,交岔路,三岔路,交叉路口,交叉路口內,柏油,乾燥,無缺陷,路上有停車,有遮蔽物,建築物,無號誌,無號誌,無,無分向設施,未繪設車道線,未繪設快慢車道分隔線,無,車與車,側撞,駕駛者,無號誌路口，轉彎車未讓直行車先行,死亡1;受傷0,2,機車,普通重型,男,21,戴非半罩式安全帽,未使用,車的狀態,向前直行中,機車與自行車,前車頭,NA,NA,駕駛者,未依規定減速,否,120.364368,23.894241
20231022,20231022,2023,10,125500,A1,彰化縣警察局,彰化縣二林鎮南光里大成路一段口 / 彰化縣二林鎮南光里文化街,晴,有照明未開啟或故障,村里道路,30,交岔路,三岔路,交叉路口,交叉路口內,柏油,乾燥,無缺陷,路上有停車,有遮蔽物,建築物,無號誌,無號誌,無,無分向設施,未繪設車道線,未繪設快慢車道分隔線,無,車與車,側撞,駕駛者,無號誌路口，轉彎車未讓直行車先行,死亡1;受傷0,3,小貨車(含客、貨兩用),自用,男,39,不明,不明,車的狀態,靜止(引擎熄火),其他,無撞擊,NA,NA,其他,違規(臨時)停車,否,120.364368,23.894241
20231022,20231022,2023,10,132400,A1,高雄市政府警察局,高雄市小港區桂仁街 / 高雄市小港區桂義街,晴,有照明未開啟或故障,市區道路,40,交岔路,四岔路,交叉路口,交叉路口內,柏油,乾燥,無缺陷,無障礙物,無遮蔽物,良好,無號誌,無號誌,無,無分向設施,未繪設車道線,未繪設快慢車道分隔線,無,車與車,路口交岔撞,駕駛者,無號誌路口，支線道未讓幹線道先行,死亡1;受傷0,1,慢車,微型電動二輪車,男,76,未戴安全帽或未繫安全帶(未使用幼童安全椅),未使用,車的狀態,向前直行中,機車與自行車,後車尾,NA,NA,駕駛者,無號誌路口，支線道未讓幹線道先行,否,120.355297,22.582873
20231022,20231022,2023,10,132400,A1,高雄市政府警察局,高雄市小港區桂仁街 / 高雄市小港區桂義街,晴,有照明未開啟或故障,市區道路,40,交岔路,四岔路,交叉路口,交叉路口內,柏油,乾燥,無缺陷,無障礙物,無遮蔽物,良好,無號誌,無號誌,無,無分向設施,未繪設車道線,未繪設快慢車道分隔線,無,車與車,路口交岔撞,駕駛者,無號誌路口，支線道未讓幹線道先行,死亡1;受傷0,2,小客車(含客、貨兩用),自用,男,27,繫安全帶(使用幼童安全椅),未使用,車的狀態,向前直行中,汽車,右前車頭(身),NA,NA,駕駛者,未依規定減速,否,120.355297,22.582873
20231022,20231022,2023,10,143200,A1,臺東縣警察局,臺東縣成功鎮台11線128.1公里,晴,有照明未開啟或故障,省道,50,單路部分,彎曲路及附近,路段,路肩、路緣,柏油,乾燥,無缺陷,無障礙物,無遮蔽物,良好,無號誌,無號誌,雙向禁止超車線,附標記,未繪設車道線,快慢車道分隔線,有,車輛本身,衝出路外,駕駛者,打瞌睡或疲勞駕駛(包括連續駕車8小時),死亡1;受傷1,1,小貨車(含客、貨兩用),自用,男,64,繫安全帶(使用幼童安全椅),未使用,車的狀態,向前直行中,汽車,前車頭,NA,NA,駕駛者,打瞌睡或疲勞駕駛(包括連續駕車8小時),否,121.313428,22.993394
20231022,20231022,2023,10,143200,A1,臺東縣警察局,臺東縣成功鎮台11線128.1公里,晴,有照明未開啟或故障,省道,50,單路部分,彎曲路及附近,路段,路肩、路緣,柏油,乾燥,無缺陷,無障礙物,無遮蔽物,良好,無號誌,無號誌,雙向禁止超車線,附標記,未繪設車道線,快慢車道分隔線,有,車輛本身,衝出路外,駕駛者,打瞌睡或疲勞駕駛(包括連續駕車8小時),死亡1;受傷1,2,NA,NA,無或物(動物、堆置物),-1,NA,NA,NA,NA,NA,NA,NA,NA,無(非車輛駕駛人因素),尚未發現肇事因素,否,121.313428,22.993394
20231022,20231022,2023,10,143200,A1,臺東縣警察局,臺東縣成功鎮台11線128.1公里,晴,有照明未開啟或故障,省道,50,單路部分,彎曲路及附近,路段,路肩、路緣,柏油,乾燥,無缺陷,無障礙物,無遮蔽物,良好,無號誌,無號誌,雙向禁止超車線,附標記,未繪設車道線,快慢車道分隔線,有,車輛本身,衝出路外,駕駛者,打瞌睡或疲勞駕駛(包括連續駕車8小時),死亡1;受傷1,3,人,乘客,女,63,繫安全帶(使用幼童安全椅),非駕駛人,不明,不明,其他,非汽、機及自行車,NA,NA,無(非車輛駕駛人因素),尚未發現肇事因素,否,121.313428,22.993394
20231022,20231022,2023,10,153010,A1,臺南市政府警察局,臺南市後壁區南81 1公里附近,晴,無照明,市區道路,50,單路部分,直路,路段,一般車道(未劃分快慢車道),柏油,乾燥,無缺陷,無障礙物,無遮蔽物,良好,無號誌,無號誌,雙向禁止超車線,附標記,未繪設車道線,未繪設快慢車道分隔線,有,車輛本身,撞路樹,駕駛者,恍神、緊張、心不在焉分心駕駛,死亡1;受傷0,1,機車,普通重型,男,66,戴非半罩式安全帽,未使用,車的狀態,向前直行中,機車與自行車,前車頭,機車與自行車,前車頭,駕駛者,恍神、緊張、心不在焉分心駕駛,否,120.365454,23.35355
20231022,20231022,2023,10,153010,A1,臺南市政府警察局,臺南市後壁區南81 1公里附近,晴,無照明,市區道路,50,單路部分,直路,路段,一般車道(未劃分快慢車道),柏油,乾燥,無缺陷,無障礙物,無遮蔽物,良好,無號誌,無號誌,雙向禁止超車線,附標記,未繪設車道線,未繪設快慢車道分隔線,有,車輛本身,撞路樹,駕駛者,恍神、緊張、心不在焉分心駕駛,死亡1;受傷0,2,NA,NA,無或物(動物、堆置物),-1,NA,NA,NA,NA,NA,NA,NA,NA,無(非車輛駕駛人因素),尚未發現肇事因素,否,120.365454,23.35355
20231022,20231022,2023,10,172514,A1,花蓮縣警察局,花蓮縣花蓮市石壁街280巷32號以西100公尺處,雨,有照明未開啟或故障,市區道路,30,單路部分,直路,路段,一般車道(未劃分快慢車道),柏油,濕潤,無缺陷,無障礙物,有遮蔽物,路上停放車輛,無號誌,無號誌,無,無分向設施,未繪設車道線,未繪設快慢車道分隔線,無,車輛本身,其他,其他,其他不當駕車行為,死亡1;受傷0,1,機車,普通重型,女,35,不明,不明,車的狀態,向前直行中,機車與自行車,前車頭,NA,NA,其他,其他不當駕車行為,否,121.568427,24.002245
20231022,20231022,2023,10,172514,A1,花蓮縣警察局,花蓮縣花蓮市石壁街280巷32號以西100公尺處,雨,有照明未開啟或故障,市區道路,30,單路部分,直路,路段,一般車道(未劃分快慢車道),柏油,濕潤,無缺陷,無障礙物,有遮蔽物,路上停放車輛,無號誌,無號誌,無,無分向設施,未繪設車道線,未繪設快慢車道分隔線,無,車輛本身,其他,其他,其他不當駕車行為,死亡1;受傷0,2,NA,NA,無或物(動物、堆置物),-1,NA,NA,NA,NA,NA,NA,NA,NA,無(非車輛駕駛人因素),尚未發現肇事因素,否,121.568427,24.002245
20231023,20231023,2023,10,073156,A1,臺南市政府警察局,臺南市安南區安明路4段1209號附近,晴,有照明未開啟或故障,市區道路,70,單路部分,直路,路段,機車優先道,柏油,乾燥,無缺陷,無障礙物,無遮蔽物,良好,無號誌,無號誌,中央分向島,寬式(50公分以上),車道線(無標記),快慢車道分隔線,有,車與車,追撞,駕駛者,未保持行車安全距離,死亡1;受傷1,1,機車,普通重型,女,22,戴半罩式安全帽,未使用,車的狀態,向前直行中,機車與自行車,前車頭,NA,NA,駕駛者,未保持行車安全距離,否,120.13495,23.074199
20231023,20231023,2023,10,073156,A1,臺南市政府警察局,臺南市安南區安明路4段1209號附近,晴,有照明未開啟或故障,市區道路,70,單路部分,直路,路段,機車優先道,柏油,乾燥,無缺陷,無障礙物,無遮蔽物,良好,無號誌,無號誌,中央分向島,寬式(50公分以上),車道線(無標記),快慢車道分隔線,有,車與車,追撞,駕駛者,未保持行車安全距離,死亡1;受傷1,2,機車,普通重型,男,53,戴半罩式安全帽,未使用,車的狀態,向前直行中,機車與自行車,後車尾,NA,NA,無(車輛駕駛者因素),尚未發現肇事因素,否,120.13495,23.074199
20231023,20231023,2023,10,073156,A1,臺南市政府警察局,臺南市安南區安明路4段1209號附近,晴,有照明未開啟或故障,市區道路,70,單路部分,直路,路段,機車優先道,柏油,乾燥,無缺陷,無障礙物,無遮蔽物,良好,無號誌,無號誌,中央分向島,寬式(50公分以上),車道線(無標記),快慢車道分隔線,有,車與車,追撞,駕駛者,未保持行車安全距離,死亡1;受傷1,3,小客車(含客、貨兩用),自用,女,60,繫安全帶(使用幼童安全椅),未使用,車的狀態,向前直行中,汽車,前車頭,NA,NA,無(車輛駕駛者因素),尚未發現肇事因素,否,120.13495,23.074199
20231023,20231023,2023,10,190800,A1,宜蘭縣政府警察局,宜蘭縣宜蘭市自強新路口 / 宜蘭縣宜蘭市女中路2段,陰,有照明且開啟,市區道路,50,交岔路,四岔路,交叉路口,交叉路口內,柏油,乾燥,無缺陷,無障礙物,無遮蔽物,良好,行車管制號誌,正常,無,無分向設施,未繪設車道線,未繪設快慢車道分隔線,無,車與車,側撞,駕駛者,未保持行車安全間隔,死亡1;受傷0,1,機車,普通重型,女,67,戴半罩式安全帽,未使用,車的狀態,左轉彎,機車與自行車,後車尾,NA,NA,駕駛者,未保持行車安全間隔,否,121.757294,24.746769
20231023,20231023,2023,10,190800,A1,宜蘭縣政府警察局,宜蘭縣宜蘭市自強新路口 / 宜蘭縣宜蘭市女中路2段,陰,有照明且開啟,市區道路,50,交岔路,四岔路,交叉路口,交叉路口內,柏油,乾燥,無缺陷,無障礙物,無遮蔽物,良好,行車管制號誌,正常,無,無分向設施,未繪設車道線,未繪設快慢車道分隔線,無,車與車,側撞,駕駛者,未保持行車安全間隔,死亡1;受傷0,2,大貨車,自用,男,30,繫安全帶(使用幼童安全椅),未使用,車的狀態,向前直行中,汽車,前車頭,NA,NA,無(車輛駕駛者因素),尚未發現肇事因素,否,121.757294,24.746769
20231023,20231023,2023,10,193200,A1,高雄市政府警察局,高雄市大寮區188縣道 / 高雄市大寮區內坑路,晴,有照明且開啟,市區道路,60,交岔路,三岔路,交叉路口,交叉路口內,柏油,乾燥,無缺陷,無障礙物,無遮蔽物,良好,行車管制號誌,正常,中央分向島,寬式(50公分以上),車道線(無標記),快慢車道分隔線,無,車與車,側撞,駕駛者,有號誌路口，轉彎車未讓直行車先行,死亡1;受傷0,1,大客車,營業用,男,46,繫安全帶(使用幼童安全椅),未使用,車的狀態,右轉彎,汽車,右側車身,NA,NA,駕駛者,有號誌路口，轉彎車未讓直行車先行,否,120.381976,22.589115
20231023,20231023,2023,10,193200,A1,高雄市政府警察局,高雄市大寮區188縣道 / 高雄市大寮區內坑路,晴,有照明且開啟,市區道路,60,交岔路,三岔路,交叉路口,交叉路口內,柏油,乾燥,無缺陷,無障礙物,無遮蔽物,良好,行車管制號誌,正常,中央分向島,寬式(50公分以上),車道線(無標記),快慢車道分隔線,無,車與車,側撞,駕駛者,有號誌路口，轉彎車未讓直行車先行,死亡1;受傷0,2,機車,普通重型,男,29,戴非半罩式安全帽,未使用,車的狀態,向前直行中,機車與自行車,前車頭,NA,NA,駕駛者,超速駕駛,否,120.381976,22.589115
20231023,20231023,2023,10,212041,A1,臺南市政府警察局,臺南市新化區護國里台20線14.3K處,晴,有照明且開啟,市區道路,40,單路部分,直路,路段,機車優先道,柏油,乾燥,無缺陷,無障礙物,無遮蔽物,良好,無號誌,無號誌,雙向禁止超車線,無標記,車道線(無標記),快慢車道分隔線,有,車與車,追撞,駕駛者,恍神、緊張、心不在焉分心駕駛,死亡1;受傷0,1,機車,普通重型,女,20,戴半罩式安全帽,未使用,車的狀態,向前直行中,機車與自行車,前車頭,NA,NA,駕駛者,恍神、緊張、心不在焉分心駕駛,否,120.322298,23.052439
20231023,20231023,2023,10,212041,A1,臺南市政府警察局,臺南市新化區護國里台20線14.3K處,晴,有照明且開啟,市區道路,40,單路部分,直路,路段,機車優先道,柏油,乾燥,無缺陷,無障礙物,無遮蔽物,良好,無號誌,無號誌,雙向禁止超車線,無標記,車道線(無標記),快慢車道分隔線,有,車與車,追撞,駕駛者,恍神、緊張、心不在焉分心駕駛,死亡1;受傷0,2,曳引車,自用,男,48,不明,未使用,車的狀態,等待(引擎未熄火),汽車,左後車尾(身),NA,NA,其他,違規(臨時)停車,否,120.322298,23.052439
20231024,20231024,2023,10,063115,A1,臺東縣警察局,臺東縣太麻里鄉台9線397.3K南下內側車道,晴,有照明未開啟或故障,省道,60,單路部分,直路,路段,快車道,柏油,乾燥,無缺陷,其他障礙物,無遮蔽物,良好,無號誌,無號誌,雙向禁止超車線,附標記,車道線(無標記),未繪設快慢車道分隔線,有,車與車,對撞,駕駛者,違反其他標誌(線)禁制,死亡1;受傷0,1,小客車(含客、貨兩用),租賃車,男,41,繫安全帶(使用幼童安全椅),未使用,車的狀態,向前直行中,汽車,左前車頭(身),NA,NA,駕駛者,違反其他標誌(線)禁制,否,120.968843,22.534243
20231024,20231024,2023,10,063115,A1,臺東縣警察局,臺東縣太麻里鄉台9線397.3K南下內側車道,晴,有照明未開啟或故障,省道,60,單路部分,直路,路段,快車道,柏油,乾燥,無缺陷,其他障礙物,無遮蔽物,良好,無號誌,無號誌,雙向禁止超車線,附標記,車道線(無標記),未繪設快慢車道分隔線,有,車與車,對撞,駕駛者,違反其他標誌(線)禁制,死亡1;受傷0,2,小客車(含客、貨兩用),自用,男,57,不明,不明,車的狀態,向前直行中,汽車,左前車頭(身),NA,NA,無(車輛駕駛者因素),尚未發現肇事因素,否,120.968843,22.534243