accident_date,發生日期,發生年度,發生月份,發生時間,事故類別名稱,處理單位名稱警局層,發生地點,天候名稱,光線名稱,道路類別-第1當事者-名稱,速限-第1當事者,道路型態大類別名稱,道路型態子類別名稱,事故位置大類別名稱,事故位置子類別名稱,路面狀況-路面鋪裝名稱,路面狀況-路面狀態名稱,路面狀況-路面缺陷名稱,道路障礙-障礙物名稱,道路障礙-視距品質名稱,道路障礙-視距名稱,號誌-號誌種類名稱,號誌-號誌動作名稱,車道劃分設施-分向設施大類別名稱,車道劃分設施-分向設施子類別名稱,車道劃分設施-分道設施-快車道或一般車道間名稱,車道劃分設施-分道設施-快慢車道間名稱,車道劃分設施-分道設施-路面邊線名稱,事故類型及型態大類別名稱,事故類型及型態子類別名稱,肇因研判大類別名稱-主要,肇因研判子類別名稱-主要,死亡受傷人數,當事者順位,當事者區分-類別-大類別名稱-車種,當事者區分-類別-子類別名稱-車種,當事者屬-性-別名稱,當事者事故發生時年齡,保護裝備名稱,行動電話或電腦或其他相類功能裝置名稱,當事者行動狀態大類別名稱,當事者行動狀態子類別名稱,車輛撞擊部位大類別名稱-最初,車輛撞擊部位子類別名稱-最初,車輛撞擊部位大類別名稱-其他,車輛撞擊部位子類別名稱-其他,肇因研判大類別名稱-個別,肇因研判子類別名稱-個別,肇事逃逸類別名稱-是否肇逃,經度,緯度
20231024,20231024,2023,10,080951,A1,雲林縣警察局,雲林縣四湖鄉蔡厝村雲138鄉道與雲137鄉道路口(近電桿下寮18J9823DC83),晴,有照明未開啟或故障,鄉道,30,交岔路,四岔路,交叉路口,交叉口附近,柏油,乾燥,無缺陷,無障礙物,無遮蔽物,良好,閃光號誌,正常,無,無分向設施,未繪設車道線,未繪設快慢車道分隔線,無,車與車,路口交岔撞,駕駛者,其他未依規定讓車,死亡1;受傷1,1,機車,普通重型,男,21,戴半罩式安全帽,未使用,車的狀態,向前直行中,機車與自行車,前車頭,NA,NA,駕駛者,其他未依規定讓車,否,120.212288,23.60535
20231024,20231024,2023,10,080951,A1,雲林縣警察局,雲林縣四湖鄉蔡厝村雲138鄉道與雲137鄉道路口(近電桿下寮18J9823DC83),晴,有照明未開啟或故障,鄉道,30,交岔路,四岔路,交叉路口,交叉口附近,柏油,乾燥,無缺陷,無障礙物,無遮蔽物,良好,閃光號誌,正常,無,無分向設施,未繪設車道線,未繪設快慢車道分隔線,無,車與車,路口交岔撞,駕駛者,其他未依規定讓車,死亡1;受傷1,2,機車,普通重型,男,26,戴半罩式安全帽,未使用,車的狀態,向前直行中,機車與自行車,左側車身,NA,NA,無(車輛駕駛者因素),尚未發現肇事因素,否,120.212288,23.60535
20231024,20231024,2023,10,090700,A1,臺中市政府警察局,臺中市和平區平等里中興路三段前0.0公尺,晴,無照明,市區道路,30,單路部分,彎曲路及附近,路段,一般車道(未劃分快慢車道),柏油,乾燥,無缺陷,無障礙物,無遮蔽物,良好,無號誌,無號誌,無,無分向設施,未繪設車道線,未繪設快慢車道分隔線,有,車與車,對撞,駕駛者,未靠右行駛,死亡1;受傷0,1,小貨車(含客、貨兩用),自用,男,26,繫安全帶(使用幼童安全椅),未使用,車的狀態,向前直行中,汽車,左前車頭(身),NA,NA,駕駛者,未靠右行駛,否,121.297851,24.318259
20231024,20231024,2023,10,090700,A1,臺中市政府警察局,臺中市和平區平等里中興路三段前0.0公尺,晴,無照明,市區道路,30,單路部分,彎曲路及附近,路段,一般車道(未劃分快慢車道),柏油,乾燥,無缺陷,無障礙物,無遮蔽物,良好,無號誌,無號誌,無,無分向設施,未繪設車道線,未繪設快慢車道分隔線,有,車與車,對撞,駕駛者,未靠右行駛,死亡1;受傷0,2,機車,普通重型,女,56,戴半罩式安全帽,未使用,車的狀態,向前直行中,機車與自行車,前車頭,NA,NA,無(車輛駕駛者因素),尚未發現肇事因素,否,121.297851,24.318259
20231024,20231024,2023,10,133400,A1,嘉義縣警察局,嘉義縣朴子市仁和里縣道168線與小槺榔五路口,晴,有照明未開啟或故障,縣道,70,交岔路,三岔路,交叉路口,交叉路口內,柏油,乾燥,無缺陷,無障礙物,無遮蔽物,良好,行車管制號誌,正常,無,無分向設施,未繪設車道線,未繪設快慢車道分隔線,無,車與車,側撞,駕駛者,有號誌路口，轉彎車未讓直行車先行,死亡1;受傷1,1,小客車(含客、貨兩用),自用,女,73,繫安全帶(使用幼童安全椅),未使用,車的狀態,左轉彎,汽車,前車頭,汽車,左前車頭(身),駕駛者,有號誌路口，轉彎車未讓直行車先行,否,120.277817,23.462706
20231024,20231024,2023,10,133400,A1,嘉義縣警察局,嘉義縣朴子市仁和里縣道168線與小槺榔五路口,晴,有照明未開啟或故障,縣道,70,交岔路,三岔路,交叉路口,交叉路口內,柏油,乾燥,無缺陷,無障礙物,無遮蔽物,良好,行車管制號誌,正常,無,無分向設施,未繪設車道線,未繪設快慢車道分隔線,無,車與車,側撞,駕駛者,有號誌路口，轉彎車未讓直行車先行,死亡1;受傷1,2,小貨車(含客、貨兩用),自用,男,22,未戴安全帽或未繫安全帶(未使用幼童安全椅),未使用,車的狀態,向前直行中,汽車,左側車身,NA,NA,駕駛者,超速駕駛,否,120.277817,23.462706
20231024,20231024,2023,10,133400,A1,嘉義縣警察局,嘉義縣朴子市仁和里縣道168線與小槺榔五路口,晴,有照明未開啟或故障,縣道,70,交岔路,三岔路,交叉路口,交叉路口內,柏油,乾燥,無缺陷,無障礙物,無遮蔽物,良好,行車管制號誌,正常,無,無分向設施,未繪設車道線,未繪設快慢車道分隔線,無,車與車,側撞,駕駛者,有號誌路口，轉彎車未讓直行車先行,死亡1;受傷1,3,人,乘客,男,21,未戴安全帽或未繫安全帶(未使用幼童安全椅),非駕駛人,人的狀態,其他,其他,非汽、機及自行車,NA,NA,無(非車輛駕駛人因素),尚未發現肇事因素,否,120.277817,23.462706
20231024,20231024,2023,10,134100,A1,宜蘭縣政府警察局,宜蘭縣南澳鄉台9線 118公里北側向中線,陰,有照明且開啟,省道,40,單路部分,隧道,路段,一般車道(未劃分快慢車道),柏油,乾燥,無缺陷,無障礙物,無遮蔽物,良好,無號誌,無號誌,中央分向島,寬式(50公分以上),禁止變換車道線(無標記),未繪設快慢車道分隔線,有,車與車,追撞,駕駛者,恍神、緊張、心不在焉分心駕駛,死亡1;受傷12,1,曳引車,營業用,男,55,繫安全帶(使用幼童安全椅),未使用,車的狀態,向前直行中,汽車,前車頭,NA,NA,駕駛者,恍神、緊張、心不在焉分心駕駛,否,121.829346,24.489306
20231024,20231024,2023,10,134100,A1,宜蘭縣政府警察局,宜蘭縣南澳鄉台9線 118公里北側向中線,陰,有照明且開啟,省道,40,單路部分,隧道,路段,一般車道(未劃分快慢車道),柏油,乾燥,無缺陷,無障礙物,無遮蔽物,良好,無號誌,無號誌,中央分向島,寬式(50公分以上),禁止變換車道線(無標記),未繪設快慢車道分隔線,有,車與車,追撞,駕駛者,恍神、緊張、心不在焉分心駕駛,死亡1;受傷12,2,曳引車,營業用,男,67,繫安全帶(使用幼童安全椅),未使用,車的狀態,等待(引擎未熄火),汽車,後車尾,NA,NA,無(車輛駕駛者因素),尚未發現肇事因素,否,121.829346,24.489306
20231024,20231024,2023,10,134100,A1,宜蘭縣政府警察局,宜蘭縣南澳鄉台9線 118公里北側向中線,陰,有照明且開啟,省道,40,單路部分,隧道,路段,一般車道(未劃分快慢車道),柏油,乾燥,無缺陷,無障礙物,無遮蔽物,良好,無號誌,無號誌,中央分向島,寬式(50公分以上),禁止變換車道線(無標記),未繪設快慢車道分隔線,有,車與車,追撞,駕駛者,恍神、緊張、心不在焉分心駕駛,死亡1;受傷12,3,大貨車,營業用,男,52,繫安全帶(使用幼童安全椅),未使用,車的狀態,等待(引擎未熄火),汽車,後車尾,NA,NA,無(車輛駕駛者因素),尚未發現肇事因素,否,121.829346,24.489306
20231024,20231024,2023,10,134100,A1,宜蘭縣政府警察局,宜蘭縣南澳鄉台9線 118公里北側向中線,陰,有照明且開啟,省道,40,單路部分,隧道,路段,一般車道(未劃分快慢車道),柏油,乾燥,無缺陷,無障礙物,無遮蔽物,良好,無號誌,無號誌,中央分向島,寬式(50公分以上),禁止變換車道線(無標記),未繪設快慢車道分隔線,有,車與車,追撞,駕駛者,恍神、緊張、心不在焉分心駕駛,死亡1;受傷12,4,小客車(含客、貨兩用),自用,女,28,繫安全帶(使用幼童安全椅),未使用,車的狀態,等待(引擎未熄火),汽車,後車尾,汽車,前車頭,無(車輛駕駛者因素),尚未發現肇事因素,否,121.829346,24.489306
20231024,20231024,2023,10,134100,A1,宜蘭縣政府警察局,宜蘭縣南澳鄉台9線 118公里北側向中線,陰,有照明且開啟,省道,40,單路部分,隧道,路段,一般車道(未劃分快慢車道),柏油,乾燥,無缺陷,無障礙物,無遮蔽物,良好,無號誌,無號誌,中央分向島,寬式(50公分以上),禁止變換車道線(無標記),未繪設快慢車道分隔線,有,車與車,追撞,駕駛者,恍神、緊張、心不在焉分心駕駛,死亡1;受傷12,5,小客車(含客、貨兩用),自用,男,58,繫安全帶(使用幼童安全椅),未使用,車的狀態,等待(引擎未熄火),汽車,後車尾,汽車,前車頭,無(車輛駕駛者因素),尚未發現肇事因素,否,121.829346,24.489306
20231024,20231024,2023,10,134100,A1,宜蘭縣政府警察局,宜蘭縣南澳鄉台9線 118公里北側向中線,陰,有照明且開啟,省道,40,單路部分,隧道,路段,一般車道(未劃分快慢車道),柏油,乾燥,無缺陷,無障礙物,無遮蔽物,良好,無號誌,無號誌,中央分向島,寬式(50公分以上),禁止變換車道線(無標記),未繪設快慢車道分隔線,有,車與車,追撞,駕駛者,恍神、緊張、心不在焉分心駕駛,死亡1;受傷12,6,小貨車(含客、貨兩用),自用,男,50,繫安全帶(使用幼童安全椅),未使用,車的狀態,等待(引擎未熄火),汽車,後車尾,汽車,前車頭,無(車輛駕駛者因素),尚未發現肇事因素,否,121.829346,24.489306
20231024,20231024,2023,10,134100,A1,宜蘭縣政府警察局,宜蘭縣南澳鄉台9線 118公里北側向中線,陰,有照明且開啟,省道,40,單路部分,隧道,路段,一般車道(未劃分快慢車道),柏油,乾燥,無缺陷,無障礙物,無遮蔽物,良好,無號誌,無號誌,中央分向島,寬式(50公分以上),禁止變換車道線(無標記),未繪設快慢車道分隔線,有,車與車,追撞,駕駛者,恍神、緊張、心不在焉分心駕駛,死亡1;受傷12,7,小客車(含客、貨兩用),自用,男,57,繫安全帶(使用幼童安全椅),未使用,車的狀態,等待(引擎未熄火),汽車,後車尾,汽車,前車頭,無(車輛駕駛者因素),尚未發現肇事因素,否,121.829346,24.489306
20231024,20231024,2023,10,134100,A1,宜蘭縣政府警察局,宜蘭縣南澳鄉台9線 118公里北側向中線,陰,有照明且開啟,省道,40,單路部分,隧道,路段,一般車道(未劃分快慢車道),柏油,乾燥,無缺陷,無障礙物,無遮蔽物,良好,無號誌,無號誌,中央分向島,寬式(50公分以上),禁止變換車道線(無標記),未繪設快慢車道分隔線,有,車與車,追撞,駕駛者,恍神、緊張、心不在焉分心駕駛,死亡1;受傷12,8,小貨車(含客、貨兩用),自用,男,63,繫安全帶(使用幼童安全椅),未使用,車的狀態,等待(引擎未熄火),汽車,前車頭,汽車,後車尾,無(車輛駕駛者因素),尚未發現肇事因素,否,121.829346,24.489306
20231024,20231024,2023,10,134100,A1,宜蘭縣政府警察局,宜蘭縣南澳鄉台9線 118公里北側向中線,陰,有照明且開啟,省道,40,單路部分,隧道,路段,一般車道(未劃分快慢車道),柏油,乾燥,無缺陷,無障礙物,無遮蔽物,良好,無號誌,無號誌,中央分向島,寬式(50公分以上),禁止變換車道線(無標記),未繪設快慢車道分隔線,有,車與車,追撞,駕駛者,恍神、緊張、心不在焉分心駕駛,死亡1;受傷12,9,小貨車(含客、貨兩用),自用,男,48,繫安全帶(使用幼童安全椅),未使用,車的狀態,等待(引擎未熄火),汽車,前車頭,汽車,後車尾,無(車輛駕駛者因素),尚未發現肇事因素,否,121.829346,24.489306
20231024,20231024,2023,10,134100,A1,宜蘭縣政府警察局,宜蘭縣南澳鄉台9線 118公里北側向中線,陰,有照明且開啟,省道,40,單路部分,隧道,路段,一般車道(未劃分快慢車道),柏油,乾燥,無缺陷,無障礙物,無遮蔽物,良好,無號誌,無號誌,中央分向島,寬式(50公分以上),禁止變換車道線(無標記),未繪設快慢車道分隔線,有,車與車,追撞,駕駛者,恍神、緊張、心不在焉分心駕駛,死亡1;受傷12,10,小客車(含客、貨兩用),自用,男,49,繫安全帶(使用幼童安全椅),未使用,車的狀態,等待(引擎未熄火),汽車,前車頭,汽車,後車尾,無(車輛駕駛者因素),尚未發現肇事因素,否,121.829346,24.489306
20231024,20231024,2023,10,134100,A1,宜蘭縣政府警察局,宜蘭縣南澳鄉台9線 118公里北側向中線,陰,有照明且開啟,省道,40,單路部分,隧道,路段,一般車道(未劃分快慢車道),柏油,乾燥,無缺陷,無障礙物,無遮蔽物,良好,無號誌,無號誌,中央分向島,寬式(50公分以上),禁止變換車道線(無標記),未繪設快慢車道分隔線,有,車與車,追撞,駕駛者,恍神、緊張、心不在焉分心駕駛,死亡1;受傷12,11,小客車(含客、貨兩用),自用,男,50,繫安全帶(使用幼童安全椅),未使用,車的狀態,等待(引擎未熄火),汽車,前車頭,汽車,後車尾,無(車輛駕駛者因素),尚未發現肇事因素,否,121.829346,24.489306
20231024,20231024,2023,10,134100,A1,宜蘭縣政府警察局,宜蘭縣南澳鄉台9線 118公里北側向中線,陰,有照明且開啟,省道,40,單路部分,隧道,路段,一般車道(未劃分快慢車道),柏油,乾燥,無缺陷,無障礙物,無遮蔽物,良好,無號誌,無號誌,中央分向島,寬式(50公分以上),禁止變換車道線(無標記),未繪設快慢車道分隔線,有,車與車,追撞,駕駛者,恍神、緊張、心不在焉分心駕駛,死亡1;受傷12,12,小客車(含客、貨兩用),自用,男,78,繫安全帶(使用幼童安全椅),未使用,車的狀態,等待(引擎未熄火),汽車,前車頭,汽車,後車尾,無(車輛駕駛者因素),尚未發現肇事因素,否,121.829346,24.489306
20231024,20231024,2023,10,134100,A1,宜蘭縣政府警察局,宜蘭縣南澳鄉台9線 118公里北側向中線,陰,有照明且開啟,省道,40,單路部分,隧道,路段,一般車道(未劃分快慢車道),柏油,乾燥,無缺陷,無障礙物,無遮蔽物,良好,無號誌,無號誌,中央分向島,寬式(50公分以上),禁止變換車道線(無標記),未繪設快慢車道分隔線,有,車與車,追撞,駕駛者,恍神、緊張、心不在焉分心駕駛,死亡1;受傷12,13,機車,大型重型1(550C.C.以上),男,58,戴非半罩式安全帽,未使用,車的狀態,等待(引擎未熄火),機車與自行車,前車頭,機車與自行車,後車尾,無(車輛駕駛者因素),尚未發現肇事因素,否,121.829346,24.489306
20231024,20231024,2023,10,134100,A1,宜蘭縣政府警察局,宜蘭縣南澳鄉台9線 118公里北側向中線,陰,有照明且開啟,省道,40,單路部分,隧道,路段,一般車道(未劃分快慢車道),柏油,乾燥,無缺陷,無障礙物,無遮蔽物,良好,無號誌,無號誌,中央分向島,寬式(50公分以上),禁止變換車道線(無標記),未繪設快慢車道分隔線,有,車與車,追撞,駕駛者,恍神、緊張、心不在焉分心駕駛,死亡1;受傷12,14,小客車(含客、貨兩用),自用,男,50,繫安全帶(使用幼童安全椅),未使用,車的狀態,等待(引擎未熄火),汽車,前車頭,汽車,後車尾,無(車輛駕駛者因素),尚未發現肇事因素,否,121.829346,24.489306
20231024,20231024,2023,10,134100,A1,宜蘭縣政府警察局,宜蘭縣南澳鄉台9線 118公里北側向中線,陰,有照明且開啟,省道,40,單路部分,隧道,路段,一般車道(未劃分快慢車道),柏油,乾燥,無缺陷,無障礙物,無遮蔽物,良好,無號誌,無號誌,中央分向島,寬式(50公分以上),禁止變換車道線(無標記),未繪設快慢車道分隔線,有,車與車,追撞,駕駛者,恍神、緊張、心不在焉分心駕駛,死亡1;受傷12,15,小客車(含客、貨兩用),自用,男,43,繫安全帶(使用幼童安全椅),未使用,車的狀態,等待(引擎未熄火),汽車,前車頭,汽車,後車尾,無(車輛駕駛者因素),尚未發現肇事因素,否,121.829346,24.489306
20231024,20231024,2023,10,134100,A1,宜蘭縣政府警察局,宜蘭縣南澳鄉台9線 118公里北側向中線,陰,有照明且開啟,省道,40,單路部分,隧道,路段,一般車道(未劃分快慢車道),柏油,乾燥,無缺陷,無障礙物,無遮蔽物,良好,無號誌,無號誌,中央分向島,寬式(50公分以上),禁止變換車道線(無標記),未繪設快慢車道分隔線,有,車與車,追撞,駕駛者,恍神、緊張、心不在焉分心駕駛,死亡1;受傷12,16,小客車(含客、貨兩用),自用,男,76,繫安全帶(使用幼童安全椅),未使用,車的狀態,等待(引擎未熄火),汽車,前車頭,汽車,後車尾,無(車輛駕駛者因素),尚未發現肇事因素,否,121.829346,24.489306
20231024,20231024,2023,10,134100,A1,宜蘭縣政府警察局,宜蘭縣南澳鄉台9線 118公里北側向中線,陰,有照明且開啟,省道,40,單路部分,隧道,路段,一般車道(未劃分快慢車道),柏油,乾燥,無缺陷,無障礙物,無遮蔽物,良好,無號誌,無號誌,中央分向島,寬式(50公分以上),禁止變換車道線(無標記),未繪設快慢車道分隔線,有,車與車,追撞,駕駛者,恍神、緊張、心不在焉分心駕駛,死亡1;受傷12,17,人,乘客,女,35,繫安全帶(使用幼童安全椅),非駕駛人,人的狀態,靜立(止),其他,非汽、機及自行車,NA,NA,無(非車輛駕駛人因素),尚未發現肇事因素,否,121.829346,24.489306
20231024,20231024,2023,10,134100,A1,宜蘭縣政府警察局,宜蘭縣南澳鄉台9線 118公里北側向中線,陰,有照明且開啟,省道,40,單路部分,隧道,路段,一般車道(未劃分快慢車道),柏油,乾燥,無缺陷,無障礙物,無遮蔽物,良好,無號誌,無號誌,中央分向島,寬式(50公分以上),禁止變換車道線(無標記),未繪設快慢車道分隔線,有,車與車,追撞,駕駛者,恍神、緊張、心不在焉分心駕駛,死亡1;受傷12,18,人,乘客,女,36,繫安全帶(使用幼童安全椅),非駕駛人,人的狀態,靜立(止),其他,非汽、機及自行車,NA,NA,無(非車輛駕駛人因素),尚未發現肇事因素,否,121.829346,24.489306
20231024,20231024,2023,10,134100,A1,宜蘭縣政府警察局,宜蘭縣南澳鄉台9線 118公里北側向中線,陰,有照明且開啟,省道,40,單路部分,隧道,路段,一般車道(未劃分快慢車道),柏油,乾燥,無缺陷,無障礙物,無遮蔽物,良好,無號誌,無號誌,中央分向島,寬式(50公分以上),禁止變換車道線(無標記),未繪設快慢車道分隔線,有,車與車,追撞,駕駛者,恍神、緊張、心不在焉分心駕駛,死亡1;受傷12,19,人,乘客,女,48,繫安全帶(使用幼童安全椅),非駕駛人,人的狀態,靜立(止),其他,非汽、機及自行車,NA,NA,無(非車輛駕駛人因素),尚未發現肇事因素,否,121.829346,24.489306
20231024,20231024,2023,10,134100,A1,宜蘭縣政府警察局,宜蘭縣南澳鄉台9線 118公里北側向中線,陰,有照明且開啟,省道,40,單路部分,隧道,路段,一般車道(未劃分快慢車道),柏油,乾燥,無缺陷,無障礙物,無遮蔽物,良好,無號誌,無號誌,中央分向島,寬式(50公分以上),禁止變換車道線(無標記),未繪設快慢車道分隔線,有,車與車,追撞,駕駛者,恍神、緊張、心不在焉分心駕駛,死亡1;受傷12,20,人,乘客,女,57,繫安全帶(使用幼童安全椅),非駕駛人,人的狀態,靜立(止),其他,非汽、機及自行車,NA,NA,無(非車輛駕駛人因素),尚未發現肇事因素,否,121.829346,24.489306
20231024,20231024,2023,10,134100,A1,宜蘭縣政府警察局,宜蘭縣南澳鄉台9線 118公里北側向中線,陰,有照明且開啟,省道,40,單路部分,隧道,路段,一般車道(未劃分快慢車道),柏油,乾燥,無缺陷,無障礙物,無遮蔽物,良好,無號誌,無號誌,中央分向島,寬式(50公分以上),禁止變換車道線(無標記),未繪設快慢車道分隔線,有,車與車,追撞,駕駛者,恍神、緊張、心不在焉分心駕駛,死亡1;受傷12,21,人,乘客,女,68,繫安全帶(使用幼童安全椅),非駕駛人,人的狀態,靜立(止),其他,非汽、機及自行車,NA,NA,無(非車輛駕駛人因素),尚未發現肇事因素,否,121.829346,24.489306
20231024,20231024,2023,10,171807,A1,桃園市政府警察局,桃園市平鎮區快速路二段1228號前0.0公尺附近,晴,有照明且開啟,市區道路,50,交岔路,四岔路,交叉路口,交叉路口內,柏油,乾燥,無缺陷,無障礙物,無遮蔽物,良好,無號誌,無號誌,中央分向島,寬式(50公分以上),車道線(附標記),寬式快慢車道分隔島(50公分以上),有,車與車,側撞,駕駛者,無號誌路口，少線道未讓多線道先行,死亡1;受傷1,1,機車,普通重型,男,71,戴半罩式安全帽,未使用,車的狀態,迴轉或橫越道路中,機車與自行車,右側車身,NA,NA,駕駛者,無號誌路口，少線道未讓多線道先行,否,121.21868,24.925717
20231024,20231024,2023,10,171807,A1,桃園市政府警察局,桃園市平鎮區快速路二段1228號前0.0公尺附近,晴,有照明且開啟,市區道路,50,交岔路,四岔路,交叉路口,交叉路口內,柏油,乾燥,無缺陷,無障礙物,無遮蔽物,良好,無號誌,無號誌,中央分向島,寬式(50公分以上),車道線(附標記),寬式快慢車道分隔島(50公分以上),有,車與車,側撞,駕駛者,無號誌路口，少線道未讓多線道先行,死亡1;受傷1,2,機車,普通重型,男,25,戴半罩式安全帽,未使用,車的狀態,向前直行中,機車與自行車,前車頭,NA,NA,駕駛者,恍神、緊張、心不在焉分心駕駛,否,121.21868,24.925717
20231024,20231024,2023,10,175100,A1,彰化縣警察局,彰化縣二林鎮斗苑路四段與大成路口一段口附近,晴,有照明且開啟,村里道路,50,交岔路,四岔路,交叉路口,交叉口附近,柏油,乾燥,無缺陷,無障礙物,無遮蔽物,良好,行車管制號誌,正常,行車分向線,無標記,未繪設車道線,未繪設快慢車道分隔線,有,人與車,穿越道路中,非駕駛者,未依標誌或標線穿越道路,死亡1;受傷1,1,人,行人,女,81,其他(無需使用保護裝備之人),非駕駛人,人的狀態,步行,其他,非汽、機及自行車,其他,非汽、機及自行車,非駕駛者,未依標誌或標線穿越道路,否,120.372424,23.899608
20231024,20231024,2023,10,175100,A1,彰化縣警察局,彰化縣二林鎮斗苑路四段與大成路口一段口附近,晴,有照明且開啟,村里道路,50,交岔路,四岔路,交叉路口,交叉口附近,柏油,乾燥,無缺陷,無障礙物,無遮蔽物,良好,行車管制號誌,正常,行車分向線,無標記,未繪設車道線,未繪設快慢車道分隔線,有,人與車,穿越道路中,非駕駛者,未依標誌或標線穿越道路,死亡1;受傷1,2,機車,普通重型,女,18,戴半罩式安全帽,未使用,車的狀態,向前直行中,機車與自行車,前車頭,機車與自行車,前車頭,駕駛者,恍神、緊張、心不在焉分心駕駛,否,120.372424,23.899608
20231024,20231024,2023,10,200810,A1,屏東縣政府警察局,屏東縣東港鎮台17線大潭路口,晴,有照明未開啟或故障,省道,70,交岔路,三岔路,交叉路口,交叉路口內,柏油,乾燥,無缺陷,無障礙物,無遮蔽物,良好,行車管制號誌,正常,中央分向島,寬式(50公分以上),禁止變換車道線(無標記),未繪設快慢車道分隔線,有,車與車,路口交岔撞,駕駛者,起步時未注意安全,死亡1;受傷1,1,機車,普通重型,男,44,戴半罩式安全帽,未使用,車的狀態,起步,機車與自行車,右側車身,NA,NA,駕駛者,起步時未注意安全,否,120.49106,22.454241
20231024,20231024,2023,10,200810,A1,屏東縣政府警察局,屏東縣東港鎮台17線大潭路口,晴,有照明未開啟或故障,省道,70,交岔路,三岔路,交叉路口,交叉路口內,柏油,乾燥,無缺陷,無障礙物,無遮蔽物,良好,行車管制號誌,正常,中央分向島,寬式(50公分以上),禁止變換車道線(無標記),未繪設快慢車道分隔線,有,車與車,路口交岔撞,駕駛者,起步時未注意安全,死亡1;受傷1,2,機車,普通重型,男,25,戴非半罩式安全帽,未使用,車的狀態,向前直行中,機車與自行車,前車頭,NA,NA,駕駛者,未依規定減速,否,120.49106,22.454241
20231025,20231025,2023,10,072555,A1,彰化縣警察局,彰化縣社頭鄉橋頭村中山路3段附近 / 彰化縣社頭鄉橋頭村圳尾巷附近,晴,有照明未開啟或故障,村里道路,60,交岔路,多岔路,交叉路口,交叉路口內,柏油,乾燥,無缺陷,無障礙物,無遮蔽物,良好,行車管制號誌,正常,雙向禁止超車線,無標記,禁止變換車道線(附標記),快慢車道分隔線,有,車與車,路口交岔撞,駕駛者,闖紅燈直行,死亡1;受傷0,1,小貨車(含客、貨兩用),自用,男,54,不明,不明,車的狀態,向前直行中,汽車,前車頭,NA,NA,駕駛者,闖紅燈直行,否,120.584564,23.9187
20231025,20231025,2023,10,072555,A1,彰化縣警察局,彰化縣社頭鄉橋頭村中山路3段附近 / 彰化縣社頭鄉橋頭村圳尾巷附近,晴,有照明未開啟或故障,村里道路,60,交岔路,多岔路,交叉路口,交叉路口內,柏油,乾燥,無缺陷,無障礙物,無遮蔽物,良好,行車管制號誌,正常,雙向禁止超車線,無標記,禁止變換車道線(附標記),快慢車道分隔線,有,車與車,路口交岔撞,駕駛者,闖紅燈直行,死亡1;受傷0,2,機車,普通重型,男,57,不明,不明,車的狀態,向前直行中,機車與自行車,左側車身,NA,NA,無(車輛駕駛者因素),尚未發現肇事因素,否,120.584564,23.9187
20231025,20231025,2023,10,081300,A1,臺中市政府警察局,臺中市潭子區聚興里潭興路一段165巷2號前0.0公尺,晴,無照明,市區道路,50,單路部分,直路,路段,一般車道(未劃分快慢車道),柏油,乾燥,無缺陷,無障礙物,無遮蔽物,良好,無號誌,無號誌,行車分向線,無標記,未繪設車道線,未繪設快慢車道分隔線,無,車輛本身,撞動物,無(車輛駕駛者因素),尚未發現肇事因素,死亡1;受傷0,1,機車,普通重型,女,51,戴非半罩式安全帽,未使用,車的狀態,向前直行中,機車與自行車,右側車身,NA,NA,無(車輛駕駛者因素),尚未發現肇事因素,否,120.718763,24.203325
20231025,20231025,2023,10,081300,A1,臺中市政府警察局,臺中市潭子區聚興里潭興路一段165巷2號前0.0公尺,晴,無照明,市區道路,50,單路部分,直路,路段,一般車道(未劃分快慢車道),柏油,乾燥,無缺陷,無障礙物,無遮蔽物,良好,無號誌,無號誌,行車分向線,無標記,未繪設車道線,未繪設快慢車道分隔線,無,車輛本身,撞動物,無(車輛駕駛者因素),尚未發現肇事因素,死亡1;受傷0,2,NA,NA,無或物(動物、堆置物),0,NA,NA,NA,NA,NA,NA,NA,NA,無(非車輛駕駛人因素),動物竄出,否,120.718763,24.203325
20231025,20231025,2023,10,081300,A1,臺中市政府警察局,臺中市潭子區聚興里潭興路一段165巷2號前0.0公尺,晴,無照明,市區道路,50,單路部分,直路,路段,一般車道(未劃分快慢車道),柏油,乾燥,無缺陷,無障礙物,無遮蔽物,良好,無號誌,無號誌,行車分向線,無標記,未繪設車道線,未繪設快慢車道分隔線,無,車輛本身,撞動物,無(車輛駕駛者因素),尚未發現肇事因素,死亡1;受傷0,3,NA,NA,無或物(動物、堆置物),0,NA,NA,NA,NA,NA,NA,NA,NA,無(非車輛駕駛人因素),尚未發現肇事因素,否,120.718763,24.203325
20231025,20231025,2023,10,083335,A1,嘉義縣警察局,嘉義縣義竹鄉傳芳村172線9.5公里,晴,有照明未開啟或故障,縣道,60,交岔路,四岔路,交叉路口,交叉口附近,柏油,乾燥,無缺陷,無障礙物,無遮蔽物,良好,無號誌,無號誌,雙向禁止超車線,無標記,車道線(無標記),未繪設快慢車道分隔線,有,車輛本身,撞電桿,駕駛者,打瞌睡或疲勞駕駛(包括連續駕車8小時),死亡1;受傷0,1,小客車(含客、貨兩用),自用,男,25,不明,未使用,車的狀態,向前直行中,汽車,前車頭,NA,NA,駕駛者,打瞌睡或疲勞駕駛(包括連續駕車8小時),否,120.240308,23.347614
20231025,20231025,2023,10,083335,A1,嘉義縣警察局,嘉義縣義竹鄉傳芳村172線9.5公里,晴,有照明未開啟或故障,縣道,60,交岔路,四岔路,交叉路口,交叉口附近,柏油,乾燥,無缺陷,無障礙物,無遮蔽物,良好,無號誌,無號誌,雙向禁止超車線,無標記,車道線(無標記),未繪設快慢車道分隔線,有,車輛本身,撞電桿,駕駛者,打瞌睡或疲勞駕駛(包括連續駕車8小時),死亡1;受傷0,2,NA,NA,無或物(動物、堆置物),-1,NA,NA,NA,NA,NA,NA,NA,NA,無(非車輛駕駛人因素),尚未發現肇事因素,否,120.240308,23.347614