accident_date,發生日期,發生年度,發生月份,發生時間,事故類別名稱,處理單位名稱警局層,發生地點,天候名稱,光線名稱,道路類別-第1當事者-名稱,速限-第1當事者,道路型態大類別名稱,道路型態子類別名稱,事故位置大類別名稱,事故位置子類別名稱,路面狀況-路面鋪裝名稱,路面狀況-路面狀態名稱,路面狀況-路面缺陷名稱,道路障礙-障礙物名稱,道路障礙-視距品質名稱,道路障礙-視距名稱,號誌-號誌種類名稱,號誌-號誌動作名稱,車道劃分設施-分向設施大類別名稱,車道劃分設施-分向設施子類別名稱,車道劃分設施-分道設施-快車道或一般車道間名稱,車道劃分設施-分道設施-快慢車道間名稱,車道劃分設施-分道設施-路面邊線名稱,事故類型及型態大類別名稱,事故類型及型態子類別名稱,肇因研判大類別名稱-主要,肇因研判子類別名稱-主要,死亡受傷人數,當事者順位,當事者區分-類別-大類別名稱-車種,當事者區分-類別-子類別名稱-車種,當事者屬-性-別名稱,當事者事故發生時年齡,保護裝備名稱,行動電話或電腦或其他相類功能裝置名稱,當事者行動狀態大類別名稱,當事者行動狀態子類別名稱,車輛撞擊部位大類別名稱-最初,車輛撞擊部位子類別名稱-最初,車輛撞擊部位大類別名稱-其他,車輛撞擊部位子類別名稱-其他,肇因研判大類別名稱-個別,肇因研判子類別名稱-個別,肇事逃逸類別名稱-是否肇逃,經度,緯度
20231025,20231025,2023,10,100000,A1,新北市政府警察局,新北市新店區新烏路1段70號前0.0公尺,晴,有照明未開啟或故障,市區道路,40,單路部分,彎曲路及附近,路段,一般車道(未劃分快慢車道),柏油,乾燥,無缺陷,無障礙物,無遮蔽物,良好,行車管制號誌,正常,雙向禁止超車線,附標記,未繪設車道線,未繪設快慢車道分隔線,有,人與車,其他,駕駛者,未依規定減速,死亡1;受傷1,1,大客車,自用,男,39,不明,不明,車的狀態,向前直行中,汽車,右側車身,NA,NA,駕駛者,未依規定減速,否,121.549698,24.964291
20231025,20231025,2023,10,100000,A1,新北市政府警察局,新北市新店區新烏路1段70號前0.0公尺,晴,有照明未開啟或故障,市區道路,40,單路部分,彎曲路及附近,路段,一般車道(未劃分快慢車道),柏油,乾燥,無缺陷,無障礙物,無遮蔽物,良好,行車管制號誌,正常,雙向禁止超車線,附標記,未繪設車道線,未繪設快慢車道分隔線,有,人與車,其他,駕駛者,未依規定減速,死亡1;受傷1,2,人,其他人,男,70,其他(無需使用保護裝備之人),非駕駛人,人的狀態,靜立(止),其他,非汽、機及自行車,NA,NA,無(非車輛駕駛人因素),尚未發現肇事因素,否,121.549698,24.964291
20231025,20231025,2023,10,100000,A1,新北市政府警察局,新北市新店區新烏路1段70號前0.0公尺,晴,有照明未開啟或故障,市區道路,40,單路部分,彎曲路及附近,路段,一般車道(未劃分快慢車道),柏油,乾燥,無缺陷,無障礙物,無遮蔽物,良好,行車管制號誌,正常,雙向禁止超車線,附標記,未繪設車道線,未繪設快慢車道分隔線,有,人與車,其他,駕駛者,未依規定減速,死亡1;受傷1,3,機車,普通重型,男,52,未戴安全帽或未繫安全帶(未使用幼童安全椅),未使用,車的狀態,靜止(引擎熄火),機車與自行車,左側車身,NA,NA,無(車輛駕駛者因素),尚未發現肇事因素,否,121.549698,24.964291
20231025,20231025,2023,10,100000,A1,新北市政府警察局,新北市新店區新烏路1段70號前0.0公尺,晴,有照明未開啟或故障,市區道路,40,單路部分,彎曲路及附近,路段,一般車道(未劃分快慢車道),柏油,乾燥,無缺陷,無障礙物,無遮蔽物,良好,行車管制號誌,正常,雙向禁止超車線,附標記,未繪設車道線,未繪設快慢車道分隔線,有,人與車,其他,駕駛者,未依規定減速,死亡1;受傷1,4,機車,普通重型,男,54,未戴安全帽或未繫安全帶(未使用幼童安全椅),未使用,車的狀態,靜止(引擎熄火),機車與自行車,左側車身,NA,NA,無(車輛駕駛者因素),尚未發現肇事因素,否,121.549698,24.964291
20231025,20231025,2023,10,163310,A1,嘉義縣警察局,嘉義縣布袋鎮東港里東港產業道路(聖山宮前),晴,有照明未開啟或故障,村里道路,30,交岔路,三岔路,交叉路口,交叉路口內,柏油,乾燥,無缺陷,無障礙物,無遮蔽物,良好,無號誌,無號誌,無,無分向設施,未繪設車道線,未繪設快慢車道分隔線,無,車輛本身,路上翻車、摔倒,駕駛者,患病或服用藥物(疲勞)駕駛,死亡1;受傷0,1,機車,普通重型,男,46,未戴安全帽或未繫安全帶(未使用幼童安全椅),不明,車的狀態,右轉彎,機車與自行車,右側車身,機車與自行車,前車頭,駕駛者,患病或服用藥物(疲勞)駕駛,否,120.187474,23.382558
20231025,20231025,2023,10,163310,A1,嘉義縣警察局,嘉義縣布袋鎮東港里東港產業道路(聖山宮前),晴,有照明未開啟或故障,村里道路,30,交岔路,三岔路,交叉路口,交叉路口內,柏油,乾燥,無缺陷,無障礙物,無遮蔽物,良好,無號誌,無號誌,無,無分向設施,未繪設車道線,未繪設快慢車道分隔線,無,車輛本身,路上翻車、摔倒,駕駛者,患病或服用藥物(疲勞)駕駛,死亡1;受傷0,2,NA,NA,無或物(動物、堆置物),-1,NA,NA,NA,NA,NA,NA,NA,NA,無(非車輛駕駛人因素),尚未發現肇事因素,否,120.187474,23.382558
20231025,20231025,2023,10,215300,A1,屏東縣政府警察局,屏東縣屏東市龍華西路17號前0.0公尺,晴,有照明且開啟,市區道路,50,單路部分,直路,路段,一般車道(未劃分快慢車道),柏油,乾燥,無缺陷,無障礙物,無遮蔽物,良好,無號誌,無號誌,行車分向線,無標記,未繪設車道線,未繪設快慢車道分隔線,有,車輛本身,撞建築物,駕駛者,酒醉(後)駕駛,死亡1;受傷3,1,小客車(含客、貨兩用),自用,男,19,不明,不明,車的狀態,向前直行中,汽車,前車頭,NA,NA,駕駛者,酒醉(後)駕駛,否,120.479522,22.633525
20231025,20231025,2023,10,215300,A1,屏東縣政府警察局,屏東縣屏東市龍華西路17號前0.0公尺,晴,有照明且開啟,市區道路,50,單路部分,直路,路段,一般車道(未劃分快慢車道),柏油,乾燥,無缺陷,無障礙物,無遮蔽物,良好,無號誌,無號誌,行車分向線,無標記,未繪設車道線,未繪設快慢車道分隔線,有,車輛本身,撞建築物,駕駛者,酒醉(後)駕駛,死亡1;受傷3,2,NA,NA,無或物(動物、堆置物),-1,NA,NA,NA,NA,NA,NA,NA,NA,無(非車輛駕駛人因素),尚未發現肇事因素,否,120.479522,22.633525
20231025,20231025,2023,10,215300,A1,屏東縣政府警察局,屏東縣屏東市龍華西路17號前0.0公尺,晴,有照明且開啟,市區道路,50,單路部分,直路,路段,一般車道(未劃分快慢車道),柏油,乾燥,無缺陷,無障礙物,無遮蔽物,良好,無號誌,無號誌,行車分向線,無標記,未繪設車道線,未繪設快慢車道分隔線,有,車輛本身,撞建築物,駕駛者,酒醉(後)駕駛,死亡1;受傷3,3,人,乘客,男,26,不明,非駕駛人,人的狀態,其他,其他,非汽、機及自行車,NA,NA,無(非車輛駕駛人因素),尚未發現肇事因素,否,120.479522,22.633525
20231025,20231025,2023,10,215300,A1,屏東縣政府警察局,屏東縣屏東市龍華西路17號前0.0公尺,晴,有照明且開啟,市區道路,50,單路部分,直路,路段,一般車道(未劃分快慢車道),柏油,乾燥,無缺陷,無障礙物,無遮蔽物,良好,無號誌,無號誌,行車分向線,無標記,未繪設車道線,未繪設快慢車道分隔線,有,車輛本身,撞建築物,駕駛者,酒醉(後)駕駛,死亡1;受傷3,4,人,乘客,男,15,不明,非駕駛人,人的狀態,其他,其他,非汽、機及自行車,NA,NA,無(非車輛駕駛人因素),尚未發現肇事因素,否,120.479522,22.633525
20231025,20231025,2023,10,215300,A1,屏東縣政府警察局,屏東縣屏東市龍華西路17號前0.0公尺,晴,有照明且開啟,市區道路,50,單路部分,直路,路段,一般車道(未劃分快慢車道),柏油,乾燥,無缺陷,無障礙物,無遮蔽物,良好,無號誌,無號誌,行車分向線,無標記,未繪設車道線,未繪設快慢車道分隔線,有,車輛本身,撞建築物,駕駛者,酒醉(後)駕駛,死亡1;受傷3,5,人,乘客,男,17,不明,非駕駛人,人的狀態,其他,其他,非汽、機及自行車,NA,NA,無(非車輛駕駛人因素),尚未發現肇事因素,否,120.479522,22.633525
20231026,20231026,2023,10,041400,A1,嘉義縣警察局,嘉義縣新港鄉宮前村嘉民路新港鄉立幼兒園旁,晴,有照明且開啟,村里道路,50,單路部分,直路,路段,路肩、路緣,柏油,乾燥,無缺陷,無障礙物,無遮蔽物,良好,無號誌,無號誌,雙向禁止超車線,無標記,車道線(無標記),未繪設快慢車道分隔線,有,車輛本身,撞電桿,駕駛者,打瞌睡或疲勞駕駛(包括連續駕車8小時),死亡1;受傷1,1,小客車(含客、貨兩用),自用,男,41,未戴安全帽或未繫安全帶(未使用幼童安全椅),未使用,車的狀態,向前直行中,汽車,前車頭,NA,NA,駕駛者,打瞌睡或疲勞駕駛(包括連續駕車8小時),否,120.353363,23.554628
20231026,20231026,2023,10,041400,A1,嘉義縣警察局,嘉義縣新港鄉宮前村嘉民路新港鄉立幼兒園旁,晴,有照明且開啟,村里道路,50,單路部分,直路,路段,路肩、路緣,柏油,乾燥,無缺陷,無障礙物,無遮蔽物,良好,無號誌,無號誌,雙向禁止超車線,無標記,車道線(無標記),未繪設快慢車道分隔線,有,車輛本身,撞電桿,駕駛者,打瞌睡或疲勞駕駛(包括連續駕車8小時),死亡1;受傷1,2,NA,NA,無或物(動物、堆置物),-1,NA,NA,NA,NA,NA,NA,NA,NA,無(非車輛駕駛人因素),尚未發現肇事因素,否,120.353363,23.554628
20231026,20231026,2023,10,041400,A1,嘉義縣警察局,嘉義縣新港鄉宮前村嘉民路新港鄉立幼兒園旁,晴,有照明且開啟,村里道路,50,單路部分,直路,路段,路肩、路緣,柏油,乾燥,無缺陷,無障礙物,無遮蔽物,良好,無號誌,無號誌,雙向禁止超車線,無標記,車道線(無標記),未繪設快慢車道分隔線,有,車輛本身,撞電桿,駕駛者,打瞌睡或疲勞駕駛(包括連續駕車8小時),死亡1;受傷1,3,人,乘客,男,37,未戴安全帽或未繫安全帶(未使用幼童安全椅),非駕駛人,不明,不明,其他,非汽、機及自行車,NA,NA,無(非車輛駕駛人因素),尚未發現肇事因素,否,120.353363,23.554628
20231026,20231026,2023,10,053251,A1,宜蘭縣政府警察局,宜蘭縣三星鄉大隱村農義路2段165號前0.0公尺附近,晴,有照明未開啟或故障,村里道路,50,單路部分,直路,路段,路肩、路緣,柏油,乾燥,無缺陷,無障礙物,無遮蔽物,良好,無號誌,無號誌,行車分向線,無標記,未繪設車道線,未繪設快慢車道分隔線,有,車輛本身,衝出路外,無(車輛駕駛者因素),尚未發現肇事因素,死亡1;受傷0,1,機車,普通重型,女,23,戴半罩式安全帽,未使用,車的狀態,向前直行中,機車與自行車,右側車身,NA,NA,無(車輛駕駛者因素),尚未發現肇事因素,否,121.715257,24.677366
20231026,20231026,2023,10,053251,A1,宜蘭縣政府警察局,宜蘭縣三星鄉大隱村農義路2段165號前0.0公尺附近,晴,有照明未開啟或故障,村里道路,50,單路部分,直路,路段,路肩、路緣,柏油,乾燥,無缺陷,無障礙物,無遮蔽物,良好,無號誌,無號誌,行車分向線,無標記,未繪設車道線,未繪設快慢車道分隔線,有,車輛本身,衝出路外,無(車輛駕駛者因素),尚未發現肇事因素,死亡1;受傷0,2,NA,NA,無或物(動物、堆置物),-1,NA,NA,NA,NA,NA,NA,NA,NA,無(非車輛駕駛人因素),尚未發現肇事因素,否,121.715257,24.677366
20231026,20231026,2023,10,064900,A1,屏東縣政府警察局,屏東縣恆春鎮龍泉路102號,晴,有照明未開啟或故障,其他,50,交岔路,三岔路,交叉路口,交叉路口內,柏油,乾燥,無缺陷,無障礙物,無遮蔽物,良好,無號誌,無號誌,雙向禁止超車線,無標記,車道線(無標記),未繪設快慢車道分隔線,有,車與車,側撞,駕駛者,無號誌路口，轉彎車未讓直行車先行,死亡1;受傷1,1,機車,普通重型,男,61,戴半罩式安全帽,未使用,車的狀態,左轉彎,機車與自行車,前車頭,NA,NA,駕駛者,無號誌路口，轉彎車未讓直行車先行,否,120.731189,21.985553
20231026,20231026,2023,10,064900,A1,屏東縣政府警察局,屏東縣恆春鎮龍泉路102號,晴,有照明未開啟或故障,其他,50,交岔路,三岔路,交叉路口,交叉路口內,柏油,乾燥,無缺陷,無障礙物,無遮蔽物,良好,無號誌,無號誌,雙向禁止超車線,無標記,車道線(無標記),未繪設快慢車道分隔線,有,車與車,側撞,駕駛者,無號誌路口，轉彎車未讓直行車先行,死亡1;受傷1,2,小客車(含客、貨兩用),自用,男,20,繫安全帶(使用幼童安全椅),未使用,車的狀態,向前直行中,汽車,前車頭,NA,NA,駕駛者,未依規定減速,否,120.731189,21.985553
20231026,20231026,2023,10,064900,A1,屏東縣政府警察局,屏東縣恆春鎮龍泉路102號,晴,有照明未開啟或故障,其他,50,交岔路,三岔路,交叉路口,交叉路口內,柏油,乾燥,無缺陷,無障礙物,無遮蔽物,良好,無號誌,無號誌,雙向禁止超車線,無標記,車道線(無標記),未繪設快慢車道分隔線,有,車與車,側撞,駕駛者,無號誌路口，轉彎車未讓直行車先行,死亡1;受傷1,3,機車,普通重型,女,70,戴半罩式安全帽,未使用,車的狀態,向前直行中,其他,不明,NA,NA,無(車輛駕駛者因素),尚未發現肇事因素,否,120.731189,21.985553
20231026,20231026,2023,10,065707,A1,臺東縣警察局,臺東縣臺東市臨海路2段口 / 臺東縣臺東市成都南路口,晴,有照明未開啟或故障,市區道路,70,交岔路,三岔路,交叉路口,交叉路口內,柏油,乾燥,無缺陷,無障礙物,無遮蔽物,良好,閃光號誌,正常,無,無分向設施,未繪設車道線,未繪設快慢車道分隔線,無,車與車,側撞,駕駛者,無號誌路口，轉彎車未讓直行車先行,死亡1;受傷8,1,小客車(含客、貨兩用),自用,女,38,繫安全帶(使用幼童安全椅),未使用,車的狀態,左轉彎,汽車,右前車頭(身),NA,NA,駕駛者,無號誌路口，轉彎車未讓直行車先行,否,121.132277,22.734347
20231026,20231026,2023,10,065707,A1,臺東縣警察局,臺東縣臺東市臨海路2段口 / 臺東縣臺東市成都南路口,晴,有照明未開啟或故障,市區道路,70,交岔路,三岔路,交叉路口,交叉路口內,柏油,乾燥,無缺陷,無障礙物,無遮蔽物,良好,閃光號誌,正常,無,無分向設施,未繪設車道線,未繪設快慢車道分隔線,無,車與車,側撞,駕駛者,無號誌路口，轉彎車未讓直行車先行,死亡1;受傷8,2,小客車(含客、貨兩用),租賃車,男,46,繫安全帶(使用幼童安全椅),未使用,車的狀態,向前直行中,汽車,左前車頭(身),NA,NA,駕駛者,未依規定減速,否,121.132277,22.734347
20231026,20231026,2023,10,065707,A1,臺東縣警察局,臺東縣臺東市臨海路2段口 / 臺東縣臺東市成都南路口,晴,有照明未開啟或故障,市區道路,70,交岔路,三岔路,交叉路口,交叉路口內,柏油,乾燥,無缺陷,無障礙物,無遮蔽物,良好,閃光號誌,正常,無,無分向設施,未繪設車道線,未繪設快慢車道分隔線,無,車與車,側撞,駕駛者,無號誌路口，轉彎車未讓直行車先行,死亡1;受傷8,3,NA,NA,無或物(動物、堆置物),-1,NA,NA,NA,NA,NA,NA,NA,NA,無(非車輛駕駛人因素),尚未發現肇事因素,否,121.132277,22.734347
20231026,20231026,2023,10,065707,A1,臺東縣警察局,臺東縣臺東市臨海路2段口 / 臺東縣臺東市成都南路口,晴,有照明未開啟或故障,市區道路,70,交岔路,三岔路,交叉路口,交叉路口內,柏油,乾燥,無缺陷,無障礙物,無遮蔽物,良好,閃光號誌,正常,無,無分向設施,未繪設車道線,未繪設快慢車道分隔線,無,車與車,側撞,駕駛者,無號誌路口，轉彎車未讓直行車先行,死亡1;受傷8,4,人,乘客,男,12,未戴安全帽或未繫安全帶(未使用幼童安全椅),非駕駛人,不明,不明,其他,非汽、機及自行車,NA,NA,無(非車輛駕駛人因素),尚未發現肇事因素,否,121.132277,22.734347
20231026,20231026,2023,10,065707,A1,臺東縣警察局,臺東縣臺東市臨海路2段口 / 臺東縣臺東市成都南路口,晴,有照明未開啟或故障,市區道路,70,交岔路,三岔路,交叉路口,交叉路口內,柏油,乾燥,無缺陷,無障礙物,無遮蔽物,良好,閃光號誌,正常,無,無分向設施,未繪設車道線,未繪設快慢車道分隔線,無,車與車,側撞,駕駛者,無號誌路口，轉彎車未讓直行車先行,死亡1;受傷8,5,人,乘客,男,14,未戴安全帽或未繫安全帶(未使用幼童安全椅),非駕駛人,不明,不明,其他,非汽、機及自行車,NA,NA,無(非車輛駕駛人因素),尚未發現肇事因素,否,121.132277,22.734347
20231026,20231026,2023,10,065707,A1,臺東縣警察局,臺東縣臺東市臨海路2段口 / 臺東縣臺東市成都南路口,晴,有照明未開啟或故障,市區道路,70,交岔路,三岔路,交叉路口,交叉路口內,柏油,乾燥,無缺陷,無障礙物,無遮蔽物,良好,閃光號誌,正常,無,無分向設施,未繪設車道線,未繪設快慢車道分隔線,無,車與車,側撞,駕駛者,無號誌路口，轉彎車未讓直行車先行,死亡1;受傷8,6,人,乘客,男,12,未戴安全帽或未繫安全帶(未使用幼童安全椅),非駕駛人,不明,不明,其他,非汽、機及自行車,NA,NA,無(非車輛駕駛人因素),尚未發現肇事因素,否,121.132277,22.734347
20231026,20231026,2023,10,065707,A1,臺東縣警察局,臺東縣臺東市臨海路2段口 / 臺東縣臺東市成都南路口,晴,有照明未開啟或故障,市區道路,70,交岔路,三岔路,交叉路口,交叉路口內,柏油,乾燥,無缺陷,無障礙物,無遮蔽物,良好,閃光號誌,正常,無,無分向設施,未繪設車道線,未繪設快慢車道分隔線,無,車與車,側撞,駕駛者,無號誌路口，轉彎車未讓直行車先行,死亡1;受傷8,7,人,乘客,女,12,未戴安全帽或未繫安全帶(未使用幼童安全椅),非駕駛人,不明,不明,其他,非汽、機及自行車,NA,NA,無(非車輛駕駛人因素),尚未發現肇事因素,否,121.132277,22.734347
20231026,20231026,2023,10,065707,A1,臺東縣警察局,臺東縣臺東市臨海路2段口 / 臺東縣臺東市成都南路口,晴,有照明未開啟或故障,市區道路,70,交岔路,三岔路,交叉路口,交叉路口內,柏油,乾燥,無缺陷,無障礙物,無遮蔽物,良好,閃光號誌,正常,無,無分向設施,未繪設車道線,未繪設快慢車道分隔線,無,車與車,側撞,駕駛者,無號誌路口，轉彎車未讓直行車先行,死亡1;受傷8,8,人,乘客,男,16,未戴安全帽或未繫安全帶(未使用幼童安全椅),非駕駛人,不明,不明,其他,非汽、機及自行車,NA,NA,無(非車輛駕駛人因素),尚未發現肇事因素,否,121.132277,22.734347
20231026,20231026,2023,10,065707,A1,臺東縣警察局,臺東縣臺東市臨海路2段口 / 臺東縣臺東市成都南路口,晴,有照明未開啟或故障,市區道路,70,交岔路,三岔路,交叉路口,交叉路口內,柏油,乾燥,無缺陷,無障礙物,無遮蔽物,良好,閃光號誌,正常,無,無分向設施,未繪設車道線,未繪設快慢車道分隔線,無,車與車,側撞,駕駛者,無號誌路口，轉彎車未讓直行車先行,死亡1;受傷8,9,人,乘客,女,12,未戴安全帽或未繫安全帶(未使用幼童安全椅),非駕駛人,不明,不明,其他,非汽、機及自行車,NA,NA,無(非車輛駕駛人因素),尚未發現肇事因素,否,121.132277,22.734347
20231026,20231026,2023,10,065707,A1,臺東縣警察局,臺東縣臺東市臨海路2段口 / 臺東縣臺東市成都南路口,晴,有照明未開啟或故障,市區道路,70,交岔路,三岔路,交叉路口,交叉路口內,柏油,乾燥,無缺陷,無障礙物,無遮蔽物,良好,閃光號誌,正常,無,無分向設施,未繪設車道線,未繪設快慢車道分隔線,無,車與車,側撞,駕駛者,無號誌路口，轉彎車未讓直行車先行,死亡1;受傷8,10,人,乘客,男,12,未戴安全帽或未繫安全帶(未使用幼童安全椅),非駕駛人,不明,不明,其他,非汽、機及自行車,NA,NA,無(非車輛駕駛人因素),尚未發現肇事因素,否,121.132277,22.734347
20231026,20231026,2023,10,074300,A1,屏東縣政府警察局,屏東縣萬丹鄉社口村河堤北路口 / 屏東縣萬丹鄉社口村北社路口,晴,有照明未開啟或故障,村里道路,50,交岔路,三岔路,交叉路口,交叉路口內,柏油,乾燥,無缺陷,無障礙物,無遮蔽物,良好,閃光號誌,正常,中央分向島,寬式(50公分以上),禁止變換車道線(附標記),寬式快慢車道分隔島(50公分以上),無,車與車,路口交岔撞,駕駛者,違反閃光號誌,死亡1;受傷4,1,機車,普通重型,女,64,戴半罩式安全帽,未使用,車的狀態,向前直行中,機車與自行車,前車頭,NA,NA,駕駛者,違反閃光號誌,否,120.460179,22.608101
20231026,20231026,2023,10,074300,A1,屏東縣政府警察局,屏東縣萬丹鄉社口村河堤北路口 / 屏東縣萬丹鄉社口村北社路口,晴,有照明未開啟或故障,村里道路,50,交岔路,三岔路,交叉路口,交叉路口內,柏油,乾燥,無缺陷,無障礙物,無遮蔽物,良好,閃光號誌,正常,中央分向島,寬式(50公分以上),禁止變換車道線(附標記),寬式快慢車道分隔島(50公分以上),無,車與車,路口交岔撞,駕駛者,違反閃光號誌,死亡1;受傷4,2,小客車(含客、貨兩用),自用,男,39,繫安全帶(使用幼童安全椅),未使用,車的狀態,向前直行中,汽車,左側車身,NA,NA,駕駛者,違反閃光號誌,否,120.460179,22.608101
20231026,20231026,2023,10,074300,A1,屏東縣政府警察局,屏東縣萬丹鄉社口村河堤北路口 / 屏東縣萬丹鄉社口村北社路口,晴,有照明未開啟或故障,村里道路,50,交岔路,三岔路,交叉路口,交叉路口內,柏油,乾燥,無缺陷,無障礙物,無遮蔽物,良好,閃光號誌,正常,中央分向島,寬式(50公分以上),禁止變換車道線(附標記),寬式快慢車道分隔島(50公分以上),無,車與車,路口交岔撞,駕駛者,違反閃光號誌,死亡1;受傷4,3,小客車(含客、貨兩用),自用,女,41,繫安全帶(使用幼童安全椅),未使用,車的狀態,向前直行中,汽車,前車頭,NA,NA,駕駛者,違反閃光號誌,否,120.460179,22.608101
20231026,20231026,2023,10,074300,A1,屏東縣政府警察局,屏東縣萬丹鄉社口村河堤北路口 / 屏東縣萬丹鄉社口村北社路口,晴,有照明未開啟或故障,村里道路,50,交岔路,三岔路,交叉路口,交叉路口內,柏油,乾燥,無缺陷,無障礙物,無遮蔽物,良好,閃光號誌,正常,中央分向島,寬式(50公分以上),禁止變換車道線(附標記),寬式快慢車道分隔島(50公分以上),無,車與車,路口交岔撞,駕駛者,違反閃光號誌,死亡1;受傷4,4,人,乘客,女,8,繫安全帶(使用幼童安全椅),非駕駛人,人的狀態,其他,其他,非汽、機及自行車,NA,NA,無(非車輛駕駛人因素),尚未發現肇事因素,否,120.460179,22.608101
20231026,20231026,2023,10,074300,A1,屏東縣政府警察局,屏東縣萬丹鄉社口村河堤北路口 / 屏東縣萬丹鄉社口村北社路口,晴,有照明未開啟或故障,村里道路,50,交岔路,三岔路,交叉路口,交叉路口內,柏油,乾燥,無缺陷,無障礙物,無遮蔽物,良好,閃光號誌,正常,中央分向島,寬式(50公分以上),禁止變換車道線(附標記),寬式快慢車道分隔島(50公分以上),無,車與車,路口交岔撞,駕駛者,違反閃光號誌,死亡1;受傷4,5,人,乘客,男,8,繫安全帶(使用幼童安全椅),非駕駛人,人的狀態,其他,其他,非汽、機及自行車,NA,NA,無(非車輛駕駛人因素),尚未發現肇事因素,否,120.460179,22.608101
20231026,20231026,2023,10,083156,A1,花蓮縣警察局,花蓮縣鳳林鎮中和路口 / 花蓮縣鳳林鎮信義路口,晴,有照明且開啟,省道,70,交岔路,四岔路,交叉路口,交叉路口內,柏油,乾燥,無缺陷,無障礙物,無遮蔽物,良好,行車管制號誌,正常,中央分向島,寬式(50公分以上),車道線(無標記),快慢車道分隔線,有,車與車,側撞,駕駛者,有號誌路口，轉彎車未讓直行車先行,死亡1;受傷2,1,其他車,農耕用車(或機械),男,81,不明,未使用,車的狀態,左轉彎,其他,非汽、機及自行車,NA,NA,駕駛者,有號誌路口，轉彎車未讓直行車先行,否,121.453339,23.747166
20231026,20231026,2023,10,083156,A1,花蓮縣警察局,花蓮縣鳳林鎮中和路口 / 花蓮縣鳳林鎮信義路口,晴,有照明且開啟,省道,70,交岔路,四岔路,交叉路口,交叉路口內,柏油,乾燥,無缺陷,無障礙物,無遮蔽物,良好,行車管制號誌,正常,中央分向島,寬式(50公分以上),車道線(無標記),快慢車道分隔線,有,車與車,側撞,駕駛者,有號誌路口，轉彎車未讓直行車先行,死亡1;受傷2,2,小客車(含客、貨兩用),租賃車,女,70,繫安全帶(使用幼童安全椅),未使用,車的狀態,向前直行中,汽車,前車頭,NA,NA,駕駛者,恍神、緊張、心不在焉分心駕駛,否,121.453339,23.747166
20231026,20231026,2023,10,083156,A1,花蓮縣警察局,花蓮縣鳳林鎮中和路口 / 花蓮縣鳳林鎮信義路口,晴,有照明且開啟,省道,70,交岔路,四岔路,交叉路口,交叉路口內,柏油,乾燥,無缺陷,無障礙物,無遮蔽物,良好,行車管制號誌,正常,中央分向島,寬式(50公分以上),車道線(無標記),快慢車道分隔線,有,車與車,側撞,駕駛者,有號誌路口，轉彎車未讓直行車先行,死亡1;受傷2,3,人,乘客,女,82,其他(無需使用保護裝備之人),非駕駛人,人的狀態,其他,其他,非汽、機及自行車,NA,NA,非駕駛者,其他引起事故之疏失或行為,否,121.453339,23.747166
20231026,20231026,2023,10,151900,A1,臺中市政府警察局,臺中市南屯區新生里五權西路二段 / 臺中市南屯區新生里環中路四段,晴,有照明未開啟或故障,市區道路,50,交岔路,四岔路,交叉路口,交叉路口內,柏油,乾燥,無缺陷,無障礙物,無遮蔽物,良好,行車管制號誌(附設行人專用號誌),正常,無,無分向設施,未繪設車道線,未繪設快慢車道分隔線,無,車與車,側撞,駕駛者,其他未依規定讓車,死亡1;受傷0,1,大貨車,營業用,男,49,繫安全帶(使用幼童安全椅),未使用,車的狀態,右轉彎,汽車,右前車頭(身),NA,NA,駕駛者,其他未依規定讓車,否,120.623497,24.149515
20231026,20231026,2023,10,151900,A1,臺中市政府警察局,臺中市南屯區新生里五權西路二段 / 臺中市南屯區新生里環中路四段,晴,有照明未開啟或故障,市區道路,50,交岔路,四岔路,交叉路口,交叉路口內,柏油,乾燥,無缺陷,無障礙物,無遮蔽物,良好,行車管制號誌(附設行人專用號誌),正常,無,無分向設施,未繪設車道線,未繪設快慢車道分隔線,無,車與車,側撞,駕駛者,其他未依規定讓車,死亡1;受傷0,2,機車,普通重型,男,70,戴非半罩式安全帽,未使用,車的狀態,向前直行中,機車與自行車,左側車身,NA,NA,無(車輛駕駛者因素),尚未發現肇事因素,否,120.623497,24.149515
20231026,20231026,2023,10,180000,A1,屏東縣政府警察局,屏東縣長治鄉南二高平面道路與和平口,晴,有照明且開啟,縣道,60,交岔路,四岔路,交叉路口,交叉口附近,柏油,乾燥,無缺陷,無障礙物,無遮蔽物,良好,行車管制號誌,正常,中央分向島,寬式(50公分以上),車道線(無標記),快慢車道分隔線,有,人與車,穿越道路中,非駕駛者,穿越道路未注意左右來車,死亡1;受傷1,1,人,行人,男,52,其他(無需使用保護裝備之人),非駕駛人,人的狀態,步行,其他,非汽、機及自行車,NA,NA,非駕駛者,穿越道路未注意左右來車,否,120.560964,22.671175
20231026,20231026,2023,10,180000,A1,屏東縣政府警察局,屏東縣長治鄉南二高平面道路與和平口,晴,有照明且開啟,縣道,60,交岔路,四岔路,交叉路口,交叉口附近,柏油,乾燥,無缺陷,無障礙物,無遮蔽物,良好,行車管制號誌,正常,中央分向島,寬式(50公分以上),車道線(無標記),快慢車道分隔線,有,人與車,穿越道路中,非駕駛者,穿越道路未注意左右來車,死亡1;受傷1,2,機車,普通重型,男,27,戴半罩式安全帽,未使用,車的狀態,向前直行中,機車與自行車,前車頭,NA,NA,駕駛者,恍神、緊張、心不在焉分心駕駛,否,120.560964,22.671175
20231026,20231026,2023,10,195800,A1,高雄市政府警察局,高雄市鳥松區村大埤路自來水廠號前0.0公尺,晴,有照明且開啟,市區道路,50,單路部分,直路,路段,一般車道(未劃分快慢車道),柏油,乾燥,無缺陷,無障礙物,無遮蔽物,良好,無號誌,無號誌,中央分向島,寬式(50公分以上),車道線(無標記),未繪設快慢車道分隔線,有,車輛本身,路上翻車、摔倒,駕駛者,恍神、緊張、心不在焉分心駕駛,死亡1;受傷0,1,機車,大型重型2(250-550C.C.),男,64,戴非半罩式安全帽,不明,車的狀態,向前直行中,機車與自行車,前車頭,NA,NA,駕駛者,恍神、緊張、心不在焉分心駕駛,否,120.356715,22.65485