accident_date,發生日期,發生年度,發生月份,發生時間,事故類別名稱,處理單位名稱警局層,發生地點,天候名稱,光線名稱,道路類別-第1當事者-名稱,速限-第1當事者,道路型態大類別名稱,道路型態子類別名稱,事故位置大類別名稱,事故位置子類別名稱,路面狀況-路面鋪裝名稱,路面狀況-路面狀態名稱,路面狀況-路面缺陷名稱,道路障礙-障礙物名稱,道路障礙-視距品質名稱,道路障礙-視距名稱,號誌-號誌種類名稱,號誌-號誌動作名稱,車道劃分設施-分向設施大類別名稱,車道劃分設施-分向設施子類別名稱,車道劃分設施-分道設施-快車道或一般車道間名稱,車道劃分設施-分道設施-快慢車道間名稱,車道劃分設施-分道設施-路面邊線名稱,事故類型及型態大類別名稱,事故類型及型態子類別名稱,肇因研判大類別名稱-主要,肇因研判子類別名稱-主要,死亡受傷人數,當事者順位,當事者區分-類別-大類別名稱-車種,當事者區分-類別-子類別名稱-車種,當事者屬-性-別名稱,當事者事故發生時年齡,保護裝備名稱,行動電話或電腦或其他相類功能裝置名稱,當事者行動狀態大類別名稱,當事者行動狀態子類別名稱,車輛撞擊部位大類別名稱-最初,車輛撞擊部位子類別名稱-最初,車輛撞擊部位大類別名稱-其他,車輛撞擊部位子類別名稱-其他,肇因研判大類別名稱-個別,肇因研判子類別名稱-個別,肇事逃逸類別名稱-是否肇逃,經度,緯度
20231026,20231026,2023,10,195800,A1,高雄市政府警察局,高雄市鳥松區村大埤路自來水廠號前0.0公尺,晴,有照明且開啟,市區道路,50,單路部分,直路,路段,一般車道(未劃分快慢車道),柏油,乾燥,無缺陷,無障礙物,無遮蔽物,良好,無號誌,無號誌,中央分向島,寬式(50公分以上),車道線(無標記),未繪設快慢車道分隔線,有,車輛本身,路上翻車、摔倒,駕駛者,恍神、緊張、心不在焉分心駕駛,死亡1;受傷0,2,NA,NA,無或物(動物、堆置物),112,NA,NA,NA,NA,NA,NA,NA,NA,無(非車輛駕駛人因素),尚未發現肇事因素,否,120.356715,22.65485
20231026,20231026,2023,10,231510,A1,國道公路警察局,南投縣竹山鎮國道3號 244公里300.0公尺處南側向內側,晴,無照明,國道,110,單路部分,直路,路段,快車道,柏油,乾燥,無缺陷,無障礙物,無遮蔽物,良好,無號誌,無號誌,中央分向島,寬式(50公分以上),車道線(附標記),未繪設快慢車道分隔線,有,車輛本身,撞護欄(樁),其他,車輛或機械操作不當(慎),死亡1;受傷0,1,小客車(含客、貨兩用),自用,男,62,未戴安全帽或未繫安全帶(未使用幼童安全椅),不明,車的狀態,向前直行中,汽車,前車頭,汽車,右前車頭(身),其他,車輛或機械操作不當(慎),否,120.674491,23.778372
20231026,20231026,2023,10,231510,A1,國道公路警察局,南投縣竹山鎮國道3號 244公里300.0公尺處南側向內側,晴,無照明,國道,110,單路部分,直路,路段,快車道,柏油,乾燥,無缺陷,無障礙物,無遮蔽物,良好,無號誌,無號誌,中央分向島,寬式(50公分以上),車道線(附標記),未繪設快慢車道分隔線,有,車輛本身,撞護欄(樁),其他,車輛或機械操作不當(慎),死亡1;受傷0,2,NA,NA,無或物(動物、堆置物),-1,NA,NA,NA,NA,NA,NA,NA,NA,無(非車輛駕駛人因素),尚未發現肇事因素,否,120.674491,23.778372
20231026,20231026,2023,10,231510,A1,國道公路警察局,南投縣竹山鎮國道3號 244公里300.0公尺處南側向內側,晴,無照明,國道,110,單路部分,直路,路段,快車道,柏油,乾燥,無缺陷,無障礙物,無遮蔽物,良好,無號誌,無號誌,中央分向島,寬式(50公分以上),車道線(附標記),未繪設快慢車道分隔線,有,車輛本身,撞護欄(樁),其他,車輛或機械操作不當(慎),死亡1;受傷0,3,小客車(含客、貨兩用),自用,男,45,繫安全帶(使用幼童安全椅),未使用,車的狀態,向前直行中,汽車,車底,NA,NA,無(車輛駕駛者因素),尚未發現肇事因素,否,120.674491,23.778372
20231026,20231026,2023,10,231510,A1,國道公路警察局,南投縣竹山鎮國道3號 244公里300.0公尺處南側向內側,晴,無照明,國道,110,單路部分,直路,路段,快車道,柏油,乾燥,無缺陷,無障礙物,無遮蔽物,良好,無號誌,無號誌,中央分向島,寬式(50公分以上),車道線(附標記),未繪設快慢車道分隔線,有,車輛本身,撞護欄(樁),其他,車輛或機械操作不當(慎),死亡1;受傷0,4,小客車(含客、貨兩用),自用,男,24,繫安全帶(使用幼童安全椅),未使用,車的狀態,向前直行中,汽車,車底,NA,NA,無(車輛駕駛者因素),尚未發現肇事因素,否,120.674491,23.778372
20231026,20231026,2023,10,231510,A1,國道公路警察局,南投縣竹山鎮國道3號 244公里300.0公尺處南側向內側,晴,無照明,國道,110,單路部分,直路,路段,快車道,柏油,乾燥,無缺陷,無障礙物,無遮蔽物,良好,無號誌,無號誌,中央分向島,寬式(50公分以上),車道線(附標記),未繪設快慢車道分隔線,有,車輛本身,撞護欄(樁),其他,車輛或機械操作不當(慎),死亡1;受傷0,5,小客車(含客、貨兩用),自用,男,60,繫安全帶(使用幼童安全椅),未使用,車的狀態,向前直行中,汽車,車底,NA,NA,無(車輛駕駛者因素),尚未發現肇事因素,否,120.674491,23.778372
20231026,20231026,2023,10,231510,A1,國道公路警察局,南投縣竹山鎮國道3號 244公里300.0公尺處南側向內側,晴,無照明,國道,110,單路部分,直路,路段,快車道,柏油,乾燥,無缺陷,無障礙物,無遮蔽物,良好,無號誌,無號誌,中央分向島,寬式(50公分以上),車道線(附標記),未繪設快慢車道分隔線,有,車輛本身,撞護欄(樁),其他,車輛或機械操作不當(慎),死亡1;受傷0,6,小客車(含客、貨兩用),自用,男,49,繫安全帶(使用幼童安全椅),未使用,車的狀態,向前直行中,汽車,車底,NA,NA,無(車輛駕駛者因素),尚未發現肇事因素,否,120.674491,23.778372
20231027,20231027,2023,10,124729,A1,臺南市政府警察局,臺南市安南區郡安路5段28號,晴,有照明未開啟或故障,市區道路,50,單路部分,直路,路段,快車道,柏油,乾燥,無缺陷,無障礙物,無遮蔽物,良好,無號誌,無號誌,雙向禁止超車線,無標記,未繪設車道線,快慢車道分隔線,有,人與車,穿越道路中,駕駛者,恍神、緊張、心不在焉分心駕駛,死亡1;受傷0,1,小客車(含客、貨兩用),自用,男,51,繫安全帶(使用幼童安全椅),未使用,車的狀態,向前直行中,汽車,前車頭,NA,NA,駕駛者,恍神、緊張、心不在焉分心駕駛,否,120.202232,23.028673
20231027,20231027,2023,10,124729,A1,臺南市政府警察局,臺南市安南區郡安路5段28號,晴,有照明未開啟或故障,市區道路,50,單路部分,直路,路段,快車道,柏油,乾燥,無缺陷,無障礙物,無遮蔽物,良好,無號誌,無號誌,雙向禁止超車線,無標記,未繪設車道線,快慢車道分隔線,有,人與車,穿越道路中,駕駛者,恍神、緊張、心不在焉分心駕駛,死亡1;受傷0,2,人,行人,男,1,其他(無需使用保護裝備之人),非駕駛人,人的狀態,其他,其他,非汽、機及自行車,NA,NA,非駕駛者,未依標誌或標線穿越道路,否,120.202232,23.028673
20231027,20231027,2023,10,131800,A1,臺中市政府警察局,臺中市沙鹿區西勢里中清路七段 / 臺中市沙鹿區西勢里中山路,晴,無照明,市區道路,50,交岔路,四岔路,交叉路口,交叉路口內,柏油,乾燥,無缺陷,無障礙物,無遮蔽物,良好,行車管制號誌,正常,雙向禁止超車線,無標記,車道線(無標記),快慢車道分隔線,有,車與車,追撞,駕駛者,闖紅燈直行,死亡1;受傷1,1,小客車(含客、貨兩用),自用,男,16,未戴安全帽或未繫安全帶(未使用幼童安全椅),未使用,車的狀態,其他,汽車,左前車頭(身),NA,NA,駕駛者,闖紅燈直行,否,120.597572,24.249978
20231027,20231027,2023,10,131800,A1,臺中市政府警察局,臺中市沙鹿區西勢里中清路七段 / 臺中市沙鹿區西勢里中山路,晴,無照明,市區道路,50,交岔路,四岔路,交叉路口,交叉路口內,柏油,乾燥,無缺陷,無障礙物,無遮蔽物,良好,行車管制號誌,正常,雙向禁止超車線,無標記,車道線(無標記),快慢車道分隔線,有,車與車,追撞,駕駛者,闖紅燈直行,死亡1;受傷1,2,機車,普通重型,男,41,戴半罩式安全帽,未使用,車的狀態,等待(引擎未熄火),機車與自行車,後車尾,NA,NA,無(車輛駕駛者因素),尚未發現肇事因素,否,120.597572,24.249978
20231027,20231027,2023,10,131800,A1,臺中市政府警察局,臺中市沙鹿區西勢里中清路七段 / 臺中市沙鹿區西勢里中山路,晴,無照明,市區道路,50,交岔路,四岔路,交叉路口,交叉路口內,柏油,乾燥,無缺陷,無障礙物,無遮蔽物,良好,行車管制號誌,正常,雙向禁止超車線,無標記,車道線(無標記),快慢車道分隔線,有,車與車,追撞,駕駛者,闖紅燈直行,死亡1;受傷1,3,小客車(含客、貨兩用),自用,女,32,繫安全帶(使用幼童安全椅),未使用,車的狀態,向前直行中,汽車,前車頭,NA,NA,無(車輛駕駛者因素),尚未發現肇事因素,否,120.597572,24.249978
20231027,20231027,2023,10,131800,A1,臺中市政府警察局,臺中市沙鹿區西勢里中清路七段 / 臺中市沙鹿區西勢里中山路,晴,無照明,市區道路,50,交岔路,四岔路,交叉路口,交叉路口內,柏油,乾燥,無缺陷,無障礙物,無遮蔽物,良好,行車管制號誌,正常,雙向禁止超車線,無標記,車道線(無標記),快慢車道分隔線,有,車與車,追撞,駕駛者,闖紅燈直行,死亡1;受傷1,4,人,乘客,女,6,戴半罩式安全帽,非駕駛人,人的狀態,其他,其他,非汽、機及自行車,NA,NA,無(非車輛駕駛人因素),尚未發現肇事因素,否,120.597572,24.249978
20231027,20231027,2023,10,131800,A1,臺中市政府警察局,臺中市沙鹿區西勢里中清路七段 / 臺中市沙鹿區西勢里中山路,晴,無照明,市區道路,50,交岔路,四岔路,交叉路口,交叉路口內,柏油,乾燥,無缺陷,無障礙物,無遮蔽物,良好,行車管制號誌,正常,雙向禁止超車線,無標記,車道線(無標記),快慢車道分隔線,有,車與車,追撞,駕駛者,闖紅燈直行,死亡1;受傷1,5,人,乘客,女,14,未戴安全帽或未繫安全帶(未使用幼童安全椅),非駕駛人,人的狀態,其他,其他,非汽、機及自行車,NA,NA,無(非車輛駕駛人因素),尚未發現肇事因素,否,120.597572,24.249978
20231027,20231027,2023,10,131800,A1,臺中市政府警察局,臺中市沙鹿區西勢里中清路七段 / 臺中市沙鹿區西勢里中山路,晴,無照明,市區道路,50,交岔路,四岔路,交叉路口,交叉路口內,柏油,乾燥,無缺陷,無障礙物,無遮蔽物,良好,行車管制號誌,正常,雙向禁止超車線,無標記,車道線(無標記),快慢車道分隔線,有,車與車,追撞,駕駛者,闖紅燈直行,死亡1;受傷1,6,人,乘客,女,13,未戴安全帽或未繫安全帶(未使用幼童安全椅),非駕駛人,人的狀態,其他,其他,非汽、機及自行車,NA,NA,無(非車輛駕駛人因素),尚未發現肇事因素,否,120.597572,24.249978
20231027,20231027,2023,10,131800,A1,臺中市政府警察局,臺中市沙鹿區西勢里中清路七段 / 臺中市沙鹿區西勢里中山路,晴,無照明,市區道路,50,交岔路,四岔路,交叉路口,交叉路口內,柏油,乾燥,無缺陷,無障礙物,無遮蔽物,良好,行車管制號誌,正常,雙向禁止超車線,無標記,車道線(無標記),快慢車道分隔線,有,車與車,追撞,駕駛者,闖紅燈直行,死亡1;受傷1,7,人,乘客,女,20,未戴安全帽或未繫安全帶(未使用幼童安全椅),非駕駛人,人的狀態,其他,其他,非汽、機及自行車,NA,NA,無(非車輛駕駛人因素),尚未發現肇事因素,否,120.597572,24.249978
20231027,20231027,2023,10,134000,A1,屏東縣政府警察局,屏東縣長治鄉德新路33-2號,晴,有照明未開啟或故障,村里道路,40,單路部分,直路,路段,路肩、路緣,柏油,乾燥,無缺陷,無障礙物,無遮蔽物,良好,無號誌,無號誌,行車分向線,無標記,未繪設車道線,未繪設快慢車道分隔線,有,車輛本身,撞非固定設施,駕駛者,恍神、緊張、心不在焉分心駕駛,死亡1;受傷0,1,機車,普通重型,男,40,戴半罩式安全帽,未使用,車的狀態,向前直行中,機車與自行車,前車頭,NA,NA,駕駛者,恍神、緊張、心不在焉分心駕駛,否,120.548846,22.69922
20231027,20231027,2023,10,134000,A1,屏東縣政府警察局,屏東縣長治鄉德新路33-2號,晴,有照明未開啟或故障,村里道路,40,單路部分,直路,路段,路肩、路緣,柏油,乾燥,無缺陷,無障礙物,無遮蔽物,良好,無號誌,無號誌,行車分向線,無標記,未繪設車道線,未繪設快慢車道分隔線,有,車輛本身,撞非固定設施,駕駛者,恍神、緊張、心不在焉分心駕駛,死亡1;受傷0,2,NA,NA,無或物(動物、堆置物),-1,NA,NA,NA,NA,NA,NA,NA,NA,無(非車輛駕駛人因素),尚未發現肇事因素,否,120.548846,22.69922
20231027,20231027,2023,10,134400,A1,桃園市政府警察局,桃園市中壢區中正路四段口 / 桃園市中壢區月眉路一段口,陰,有照明未開啟或故障,市區道路,50,交岔路,四岔路,交叉路口,交叉路口內,柏油,乾燥,無缺陷,無障礙物,無遮蔽物,良好,無號誌,無號誌,無,無分向設施,未繪設車道線,未繪設快慢車道分隔線,無,車與車,側撞,駕駛者,左轉彎未依規定,死亡1;受傷1,1,機車,普通重型,女,68,不明,不明,車的狀態,左轉彎,機車與自行車,右側車身,NA,NA,駕駛者,左轉彎未依規定,否,121.179118,24.989433
20231027,20231027,2023,10,134400,A1,桃園市政府警察局,桃園市中壢區中正路四段口 / 桃園市中壢區月眉路一段口,陰,有照明未開啟或故障,市區道路,50,交岔路,四岔路,交叉路口,交叉路口內,柏油,乾燥,無缺陷,無障礙物,無遮蔽物,良好,無號誌,無號誌,無,無分向設施,未繪設車道線,未繪設快慢車道分隔線,無,車與車,側撞,駕駛者,左轉彎未依規定,死亡1;受傷1,2,機車,普通重型,男,34,不明,不明,車的狀態,向前直行中,機車與自行車,前車頭,NA,NA,駕駛者,恍神、緊張、心不在焉分心駕駛,否,121.179118,24.989433
20231027,20231027,2023,10,134400,A1,桃園市政府警察局,桃園市中壢區中正路四段口 / 桃園市中壢區月眉路一段口,陰,有照明未開啟或故障,市區道路,50,交岔路,四岔路,交叉路口,交叉路口內,柏油,乾燥,無缺陷,無障礙物,無遮蔽物,良好,無號誌,無號誌,無,無分向設施,未繪設車道線,未繪設快慢車道分隔線,無,車與車,側撞,駕駛者,左轉彎未依規定,死亡1;受傷1,3,小客車(含客、貨兩用),自用,女,51,不明,不明,車的狀態,靜止(引擎熄火),汽車,後車尾,NA,NA,無(車輛駕駛者因素),尚未發現肇事因素,否,121.179118,24.989433
20231027,20231027,2023,10,135100,A1,南投縣政府警察局,南投縣仁愛鄉台14甲線 9公里500.0公尺處,陰,無照明,省道,40,單路部分,直路,路段,一般車道(未劃分快慢車道),柏油,乾燥,無缺陷,無障礙物,無遮蔽物,良好,無號誌,無號誌,雙向禁止超車線,無標記,車道線(無標記),未繪設快慢車道分隔線,有,車與車,其他,駕駛者,違反其他標誌(線)禁制,死亡1;受傷1,1,小客車(含客、貨兩用),自用,女,54,繫安全帶(使用幼童安全椅),未使用,車的狀態,迴轉或橫越道路中,汽車,右前車頭(身),汽車,前車頭,駕駛者,違反其他標誌(線)禁制,否,121.162327,24.05543
20231027,20231027,2023,10,135100,A1,南投縣政府警察局,南投縣仁愛鄉台14甲線 9公里500.0公尺處,陰,無照明,省道,40,單路部分,直路,路段,一般車道(未劃分快慢車道),柏油,乾燥,無缺陷,無障礙物,無遮蔽物,良好,無號誌,無號誌,雙向禁止超車線,無標記,車道線(無標記),未繪設快慢車道分隔線,有,車與車,其他,駕駛者,違反其他標誌(線)禁制,死亡1;受傷1,2,機車,普通重型,男,79,戴非半罩式安全帽,未使用,車的狀態,向前直行中,機車與自行車,前車頭,機車與自行車,左側車身,無(車輛駕駛者因素),尚未發現肇事因素,否,121.162327,24.05543
20231027,20231027,2023,10,135100,A1,南投縣政府警察局,南投縣仁愛鄉台14甲線 9公里500.0公尺處,陰,無照明,省道,40,單路部分,直路,路段,一般車道(未劃分快慢車道),柏油,乾燥,無缺陷,無障礙物,無遮蔽物,良好,無號誌,無號誌,雙向禁止超車線,無標記,車道線(無標記),未繪設快慢車道分隔線,有,車與車,其他,駕駛者,違反其他標誌(線)禁制,死亡1;受傷1,3,小客車(含客、貨兩用),自用,男,51,繫安全帶(使用幼童安全椅),未使用,車的狀態,等待(引擎未熄火),汽車,左前車頭(身),NA,NA,無(車輛駕駛者因素),尚未發現肇事因素,否,121.162327,24.05543
20231027,20231027,2023,10,135100,A1,南投縣政府警察局,南投縣仁愛鄉台14甲線 9公里500.0公尺處,陰,無照明,省道,40,單路部分,直路,路段,一般車道(未劃分快慢車道),柏油,乾燥,無缺陷,無障礙物,無遮蔽物,良好,無號誌,無號誌,雙向禁止超車線,無標記,車道線(無標記),未繪設快慢車道分隔線,有,車與車,其他,駕駛者,違反其他標誌(線)禁制,死亡1;受傷1,4,人,乘客,女,75,戴半罩式安全帽,非駕駛人,人的狀態,其他,其他,非汽、機及自行車,NA,NA,無(非車輛駕駛人因素),尚未發現肇事因素,否,121.162327,24.05543
20231027,20231027,2023,10,190630,A1,雲林縣警察局,雲林縣斗六市雲林路二段582號前,晴,有照明且開啟,市區道路,50,交岔路,三岔路,交叉路口,交叉路口內,柏油,乾燥,無缺陷,無障礙物,無遮蔽物,良好,閃光號誌,正常,無,無分向設施,未繪設車道線,未繪設快慢車道分隔線,有,車與車,側撞,駕駛者,其他未依規定讓車,死亡1;受傷1,1,機車,普通重型,男,67,戴半罩式安全帽,未使用,車的狀態,左轉彎,機車與自行車,右側車身,NA,NA,駕駛者,其他未依規定讓車,否,120.522625,23.697397
20231027,20231027,2023,10,190630,A1,雲林縣警察局,雲林縣斗六市雲林路二段582號前,晴,有照明且開啟,市區道路,50,交岔路,三岔路,交叉路口,交叉路口內,柏油,乾燥,無缺陷,無障礙物,無遮蔽物,良好,閃光號誌,正常,無,無分向設施,未繪設車道線,未繪設快慢車道分隔線,有,車與車,側撞,駕駛者,其他未依規定讓車,死亡1;受傷1,2,機車,普通重型,男,19,戴半罩式安全帽,未使用,車的狀態,向前直行中,機車與自行車,前車頭,NA,NA,駕駛者,未依規定減速,否,120.522625,23.697397
20231027,20231027,2023,10,210700,A1,高雄市政府警察局,高雄市鳳山區村鳳松路 / 高雄市鳳山區文雅東街,晴,有照明且開啟,市區道路,40,交岔路,四岔路,交叉路口,交叉口附近,柏油,乾燥,無缺陷,無障礙物,無遮蔽物,良好,無號誌,無號誌,無,無分向設施,未繪設車道線,未繪設快慢車道分隔線,無,車與車,側撞,駕駛者,方向不定(不包括危險駕車),死亡1;受傷0,1,機車,普通輕型,女,61,戴半罩式安全帽,未使用,車的狀態,右轉彎,機車與自行車,右側車身,NA,NA,駕駛者,方向不定(不包括危險駕車),否,120.3619,22.63438
20231027,20231027,2023,10,210700,A1,高雄市政府警察局,高雄市鳳山區村鳳松路 / 高雄市鳳山區文雅東街,晴,有照明且開啟,市區道路,40,交岔路,四岔路,交叉路口,交叉口附近,柏油,乾燥,無缺陷,無障礙物,無遮蔽物,良好,無號誌,無號誌,無,無分向設施,未繪設車道線,未繪設快慢車道分隔線,無,車與車,側撞,駕駛者,方向不定(不包括危險駕車),死亡1;受傷0,2,機車,普通重型,男,24,戴半罩式安全帽,未使用,車的狀態,向前直行中,機車與自行車,前車頭,NA,NA,駕駛者,未依規定減速,否,120.3619,22.63438
20231028,20231028,2023,10,053000,A1,臺中市政府警察局,臺中市中區大墩里光復路149號前0.0公尺,陰,有照明且開啟,市區道路,50,交岔路,三岔路,交叉路口,交叉路口內,柏油,濕潤,無缺陷,無障礙物,無遮蔽物,良好,無號誌,無號誌,無,無分向設施,車道線(無標記),未繪設快慢車道分隔線,無,人與車,穿越道路中,其他,其他不當駕車行為,死亡1;受傷1,1,機車,普通重型,男,42,戴半罩式安全帽,未使用,車的狀態,向前直行中,機車與自行車,前車頭,NA,NA,其他,其他不當駕車行為,否,120.681223,24.143537
20231028,20231028,2023,10,053000,A1,臺中市政府警察局,臺中市中區大墩里光復路149號前0.0公尺,陰,有照明且開啟,市區道路,50,交岔路,三岔路,交叉路口,交叉路口內,柏油,濕潤,無缺陷,無障礙物,無遮蔽物,良好,無號誌,無號誌,無,無分向設施,車道線(無標記),未繪設快慢車道分隔線,無,人與車,穿越道路中,其他,其他不當駕車行為,死亡1;受傷1,2,人,行人,男,77,其他(無需使用保護裝備之人),非駕駛人,人的狀態,步行,其他,非汽、機及自行車,NA,NA,非駕駛者,未依標誌或標線穿越道路,否,120.681223,24.143537
20231028,20231028,2023,10,060753,A1,臺南市政府警察局,臺南市新市區大營118號前0.0公尺,晴,有照明未開啟或故障,市區道路,50,單路部分,彎曲路及附近,路段,一般車道(未劃分快慢車道),柏油,乾燥,無缺陷,無障礙物,無遮蔽物,良好,無號誌,無號誌,雙向禁止超車線,無標記,車道線(無標記),未繪設快慢車道分隔線,有,車輛本身,衝出路外,駕駛者,酒醉(後)駕駛,死亡1;受傷0,1,小貨車(含客、貨兩用),自用,男,35,不明,不明,車的狀態,向前直行中,汽車,前車頭,NA,NA,駕駛者,酒醉(後)駕駛,否,120.314468,23.095168
20231028,20231028,2023,10,060753,A1,臺南市政府警察局,臺南市新市區大營118號前0.0公尺,晴,有照明未開啟或故障,市區道路,50,單路部分,彎曲路及附近,路段,一般車道(未劃分快慢車道),柏油,乾燥,無缺陷,無障礙物,無遮蔽物,良好,無號誌,無號誌,雙向禁止超車線,無標記,車道線(無標記),未繪設快慢車道分隔線,有,車輛本身,衝出路外,駕駛者,酒醉(後)駕駛,死亡1;受傷0,2,NA,NA,無或物(動物、堆置物),-1,NA,NA,NA,NA,NA,NA,NA,NA,無(非車輛駕駛人因素),尚未發現肇事因素,否,120.314468,23.095168
20231028,20231028,2023,10,073900,A1,臺南市政府警察局,臺南市仁德區成功里保生東路口 / 臺南市仁德區成功里成功三街口,晴,無照明,市區道路,50,交岔路,四岔路,交叉路口,交叉路口內,柏油,乾燥,無缺陷,無障礙物,無遮蔽物,良好,行車管制號誌,正常,無,無分向設施,未繪設車道線,未繪設快慢車道分隔線,有,車與車,側撞,駕駛者,有號誌路口，轉彎車未讓直行車先行,死亡1;受傷0,1,機車,普通重型,女,44,戴非半罩式安全帽,未使用,車的狀態,左轉彎,機車與自行車,右側車身,NA,NA,駕駛者,有號誌路口，轉彎車未讓直行車先行,否,120.231357,22.957158
20231028,20231028,2023,10,073900,A1,臺南市政府警察局,臺南市仁德區成功里保生東路口 / 臺南市仁德區成功里成功三街口,晴,無照明,市區道路,50,交岔路,四岔路,交叉路口,交叉路口內,柏油,乾燥,無缺陷,無障礙物,無遮蔽物,良好,行車管制號誌,正常,無,無分向設施,未繪設車道線,未繪設快慢車道分隔線,有,車與車,側撞,駕駛者,有號誌路口，轉彎車未讓直行車先行,死亡1;受傷0,2,小客車(含客、貨兩用),自用,男,26,繫安全帶(使用幼童安全椅),未使用,車的狀態,向前直行中,汽車,左前車頭(身),NA,NA,駕駛者,恍神、緊張、心不在焉分心駕駛,否,120.231357,22.957158
20231028,20231028,2023,10,075719,A1,屏東縣政府警察局,屏東縣佳冬鄉台1線 428公里,晴,有照明未開啟或故障,省道,40,交岔路,三岔路,交叉路口,交叉路口內,柏油,乾燥,無缺陷,無障礙物,無遮蔽物,良好,無號誌,無號誌,中央分向島,寬式(50公分以上),車道線(附標記),快慢車道分隔線,有,車與車,側撞,駕駛者,橫越道路不慎,死亡1;受傷0,1,機車,普通重型,女,81,未戴安全帽或未繫安全帶(未使用幼童安全椅),不明,車的狀態,迴轉或橫越道路中,機車與自行車,右側車身,NA,NA,駕駛者,橫越道路不慎,否,120.555322,22.451354
20231028,20231028,2023,10,075719,A1,屏東縣政府警察局,屏東縣佳冬鄉台1線 428公里,晴,有照明未開啟或故障,省道,40,交岔路,三岔路,交叉路口,交叉路口內,柏油,乾燥,無缺陷,無障礙物,無遮蔽物,良好,無號誌,無號誌,中央分向島,寬式(50公分以上),車道線(附標記),快慢車道分隔線,有,車與車,側撞,駕駛者,橫越道路不慎,死亡1;受傷0,2,小客車(含客、貨兩用),自用,男,24,不明,不明,車的狀態,向前直行中,汽車,前車頭,NA,NA,駕駛者,超速駕駛,否,120.555322,22.451354
20231028,20231028,2023,10,121000,A1,雲林縣警察局,雲林縣臺西鄉海北村海豐路2段前0.0公尺,晴,有照明未開啟或故障,村里道路,70,單路部分,直路,路段,路肩、路緣,柏油,乾燥,無缺陷,無障礙物,無遮蔽物,良好,無號誌,無號誌,中央分向島,寬式(50公分以上),車道線(無標記),未繪設快慢車道分隔線,有,車輛本身,撞電桿,駕駛者,恍神、緊張、心不在焉分心駕駛,死亡1;受傷1,1,機車,普通重型,女,17,未戴安全帽或未繫安全帶(未使用幼童安全椅),不明,車的狀態,向前直行中,機車與自行車,前車頭,NA,NA,駕駛者,恍神、緊張、心不在焉分心駕駛,否,120.194896,23.710708
20231028,20231028,2023,10,121000,A1,雲林縣警察局,雲林縣臺西鄉海北村海豐路2段前0.0公尺,晴,有照明未開啟或故障,村里道路,70,單路部分,直路,路段,路肩、路緣,柏油,乾燥,無缺陷,無障礙物,無遮蔽物,良好,無號誌,無號誌,中央分向島,寬式(50公分以上),車道線(無標記),未繪設快慢車道分隔線,有,車輛本身,撞電桿,駕駛者,恍神、緊張、心不在焉分心駕駛,死亡1;受傷1,2,NA,NA,無或物(動物、堆置物),-1,NA,NA,NA,NA,NA,NA,NA,NA,無(非車輛駕駛人因素),尚未發現肇事因素,否,120.194896,23.710708
20231028,20231028,2023,10,121000,A1,雲林縣警察局,雲林縣臺西鄉海北村海豐路2段前0.0公尺,晴,有照明未開啟或故障,村里道路,70,單路部分,直路,路段,路肩、路緣,柏油,乾燥,無缺陷,無障礙物,無遮蔽物,良好,無號誌,無號誌,中央分向島,寬式(50公分以上),車道線(無標記),未繪設快慢車道分隔線,有,車輛本身,撞電桿,駕駛者,恍神、緊張、心不在焉分心駕駛,死亡1;受傷1,3,人,乘客,男,16,未戴安全帽或未繫安全帶(未使用幼童安全椅),非駕駛人,人的狀態,其他,其他,非汽、機及自行車,NA,NA,無(非車輛駕駛人因素),尚未發現肇事因素,否,120.194896,23.710708
20231028,20231028,2023,10,165800,A1,臺南市政府警察局,臺南市安南區公學路5段東側 / 臺南市安南區公學路5段,晴,有照明且開啟,市區道路,30,交岔路,三岔路,交叉路口,交叉路口內,柏油,乾燥,無缺陷,無障礙物,無遮蔽物,良好,無號誌,無號誌,無,無分向設施,未繪設車道線,未繪設快慢車道分隔線,無,人與車,穿越道路中,駕駛者,恍神、緊張、心不在焉分心駕駛,死亡1;受傷0,1,小客車(含客、貨兩用),自用,女,45,繫安全帶(使用幼童安全椅),未使用,車的狀態,左轉彎,汽車,前車頭,NA,NA,駕駛者,恍神、緊張、心不在焉分心駕駛,否,120.179738,23.068067
20231028,20231028,2023,10,165800,A1,臺南市政府警察局,臺南市安南區公學路5段東側 / 臺南市安南區公學路5段,晴,有照明且開啟,市區道路,30,交岔路,三岔路,交叉路口,交叉路口內,柏油,乾燥,無缺陷,無障礙物,無遮蔽物,良好,無號誌,無號誌,無,無分向設施,未繪設車道線,未繪設快慢車道分隔線,無,人與車,穿越道路中,駕駛者,恍神、緊張、心不在焉分心駕駛,死亡1;受傷0,2,人,行人,女,86,其他(無需使用保護裝備之人),非駕駛人,人的狀態,步行,其他,非汽、機及自行車,NA,NA,非駕駛者,未依標誌或標線穿越道路,否,120.179738,23.068067