accident_date,發生日期,發生年度,發生月份,發生時間,事故類別名稱,處理單位名稱警局層,發生地點,天候名稱,光線名稱,道路類別-第1當事者-名稱,速限-第1當事者,道路型態大類別名稱,道路型態子類別名稱,事故位置大類別名稱,事故位置子類別名稱,路面狀況-路面鋪裝名稱,路面狀況-路面狀態名稱,路面狀況-路面缺陷名稱,道路障礙-障礙物名稱,道路障礙-視距品質名稱,道路障礙-視距名稱,號誌-號誌種類名稱,號誌-號誌動作名稱,車道劃分設施-分向設施大類別名稱,車道劃分設施-分向設施子類別名稱,車道劃分設施-分道設施-快車道或一般車道間名稱,車道劃分設施-分道設施-快慢車道間名稱,車道劃分設施-分道設施-路面邊線名稱,事故類型及型態大類別名稱,事故類型及型態子類別名稱,肇因研判大類別名稱-主要,肇因研判子類別名稱-主要,死亡受傷人數,當事者順位,當事者區分-類別-大類別名稱-車種,當事者區分-類別-子類別名稱-車種,當事者屬-性-別名稱,當事者事故發生時年齡,保護裝備名稱,行動電話或電腦或其他相類功能裝置名稱,當事者行動狀態大類別名稱,當事者行動狀態子類別名稱,車輛撞擊部位大類別名稱-最初,車輛撞擊部位子類別名稱-最初,車輛撞擊部位大類別名稱-其他,車輛撞擊部位子類別名稱-其他,肇因研判大類別名稱-個別,肇因研判子類別名稱-個別,肇事逃逸類別名稱-是否肇逃,經度,緯度
20231028,20231028,2023,10,200500,A1,臺南市政府警察局,臺南市安南區台江大道2段路燈153776號前0.0公尺,晴,有照明且開啟,市區道路,50,單路部分,直路,路段,機車優先道,柏油,乾燥,無缺陷,無障礙物,無遮蔽物,良好,無號誌,無號誌,雙向禁止超車線,附標記,車道線(附標記),快慢車道分隔線,有,人與車,穿越道路中,非駕駛者,未依標誌或標線穿越道路,死亡1;受傷1,1,人,行人,男,80,其他(無需使用保護裝備之人),非駕駛人,人的狀態,步行,其他,非汽、機及自行車,NA,NA,非駕駛者,未依標誌或標線穿越道路,否,120.19572,23.059925
20231028,20231028,2023,10,200500,A1,臺南市政府警察局,臺南市安南區台江大道2段路燈153776號前0.0公尺,晴,有照明且開啟,市區道路,50,單路部分,直路,路段,機車優先道,柏油,乾燥,無缺陷,無障礙物,無遮蔽物,良好,無號誌,無號誌,雙向禁止超車線,附標記,車道線(附標記),快慢車道分隔線,有,人與車,穿越道路中,非駕駛者,未依標誌或標線穿越道路,死亡1;受傷1,2,機車,普通重型,女,18,戴非半罩式安全帽,未使用,車的狀態,向前直行中,機車與自行車,前車頭,NA,NA,駕駛者,恍神、緊張、心不在焉分心駕駛,否,120.19572,23.059925
20231029,20231029,2023,10,042500,A1,桃園市政府警察局,桃園市八德區中華路口 / 桃園市八德區高城路口,晴,有照明且開啟,市區道路,50,交岔路,三岔路,交叉路口,交叉路口內,柏油,乾燥,無缺陷,無障礙物,無遮蔽物,良好,行車管制號誌(附設行人專用號誌),正常,無,無分向設施,未繪設車道線,未繪設快慢車道分隔線,無,車與車,側撞,駕駛者,左轉彎未依規定,死亡1;受傷1,1,機車,普通重型,男,68,戴半罩式安全帽,未使用,車的狀態,左轉彎,機車與自行車,右側車身,NA,NA,駕駛者,左轉彎未依規定,否,121.275573,24.981073
20231029,20231029,2023,10,042500,A1,桃園市政府警察局,桃園市八德區中華路口 / 桃園市八德區高城路口,晴,有照明且開啟,市區道路,50,交岔路,三岔路,交叉路口,交叉路口內,柏油,乾燥,無缺陷,無障礙物,無遮蔽物,良好,行車管制號誌(附設行人專用號誌),正常,無,無分向設施,未繪設車道線,未繪設快慢車道分隔線,無,車與車,側撞,駕駛者,左轉彎未依規定,死亡1;受傷1,2,機車,普通重型,男,21,戴半罩式安全帽,未使用,車的狀態,向前直行中,機車與自行車,前車頭,NA,NA,駕駛者,恍神、緊張、心不在焉分心駕駛,否,121.275573,24.981073
20231029,20231029,2023,10,042500,A1,桃園市政府警察局,桃園市八德區中華路口 / 桃園市八德區高城路口,晴,有照明且開啟,市區道路,50,交岔路,三岔路,交叉路口,交叉路口內,柏油,乾燥,無缺陷,無障礙物,無遮蔽物,良好,行車管制號誌(附設行人專用號誌),正常,無,無分向設施,未繪設車道線,未繪設快慢車道分隔線,無,車與車,側撞,駕駛者,左轉彎未依規定,死亡1;受傷1,3,小客車(含客、貨兩用),自用,男,49,不明,未使用,車的狀態,等待(引擎未熄火),其他,不明,NA,NA,其他,違規(臨時)停車,否,121.275573,24.981073
20231029,20231029,2023,10,042500,A1,桃園市政府警察局,桃園市八德區中華路口 / 桃園市八德區高城路口,晴,有照明且開啟,市區道路,50,交岔路,三岔路,交叉路口,交叉路口內,柏油,乾燥,無缺陷,無障礙物,無遮蔽物,良好,行車管制號誌(附設行人專用號誌),正常,無,無分向設施,未繪設車道線,未繪設快慢車道分隔線,無,車與車,側撞,駕駛者,左轉彎未依規定,死亡1;受傷1,4,小客車(含客、貨兩用),自用,男,29,不明,未使用,車的狀態,靜止(引擎熄火),其他,不明,NA,NA,其他,違規(臨時)停車,否,121.275573,24.981073
20231029,20231029,2023,10,042500,A1,桃園市政府警察局,桃園市八德區中華路口 / 桃園市八德區高城路口,晴,有照明且開啟,市區道路,50,交岔路,三岔路,交叉路口,交叉路口內,柏油,乾燥,無缺陷,無障礙物,無遮蔽物,良好,行車管制號誌(附設行人專用號誌),正常,無,無分向設施,未繪設車道線,未繪設快慢車道分隔線,無,車與車,側撞,駕駛者,左轉彎未依規定,死亡1;受傷1,5,小客車(含客、貨兩用),自用,男,33,不明,不明,車的狀態,等待(引擎未熄火),其他,不明,NA,NA,其他,違規(臨時)停車,否,121.275573,24.981073
20231029,20231029,2023,10,195100,A1,宜蘭縣政府警察局,宜蘭縣三星鄉上將路二段大洲路燈320號,陰,有照明且開啟,縣道,50,單路部分,直路,路段,路肩、路緣,柏油,乾燥,無缺陷,無障礙物,無遮蔽物,良好,無號誌,無號誌,行車分向線,附標記,車道線(附標記),未繪設快慢車道分隔線,有,車輛本身,撞電桿,無(車輛駕駛者因素),尚未發現肇事因素,死亡1;受傷2,1,小貨車(含客、貨兩用),自用,男,63,不明,不明,車的狀態,向前直行中,汽車,前車頭,NA,NA,無(車輛駕駛者因素),尚未發現肇事因素,否,121.728889,24.693041
20231029,20231029,2023,10,195100,A1,宜蘭縣政府警察局,宜蘭縣三星鄉上將路二段大洲路燈320號,陰,有照明且開啟,縣道,50,單路部分,直路,路段,路肩、路緣,柏油,乾燥,無缺陷,無障礙物,無遮蔽物,良好,無號誌,無號誌,行車分向線,附標記,車道線(附標記),未繪設快慢車道分隔線,有,車輛本身,撞電桿,無(車輛駕駛者因素),尚未發現肇事因素,死亡1;受傷2,2,NA,NA,無或物(動物、堆置物),-1,NA,NA,NA,NA,NA,NA,NA,NA,無(非車輛駕駛人因素),尚未發現肇事因素,否,121.728889,24.693041
20231029,20231029,2023,10,195100,A1,宜蘭縣政府警察局,宜蘭縣三星鄉上將路二段大洲路燈320號,陰,有照明且開啟,縣道,50,單路部分,直路,路段,路肩、路緣,柏油,乾燥,無缺陷,無障礙物,無遮蔽物,良好,無號誌,無號誌,行車分向線,附標記,車道線(附標記),未繪設快慢車道分隔線,有,車輛本身,撞電桿,無(車輛駕駛者因素),尚未發現肇事因素,死亡1;受傷2,3,人,乘客,男,51,未戴安全帽或未繫安全帶(未使用幼童安全椅),非駕駛人,人的狀態,其他,其他,非汽、機及自行車,NA,NA,非駕駛者,乘坐不當(慎),否,121.728889,24.693041
20231029,20231029,2023,10,195100,A1,宜蘭縣政府警察局,宜蘭縣三星鄉上將路二段大洲路燈320號,陰,有照明且開啟,縣道,50,單路部分,直路,路段,路肩、路緣,柏油,乾燥,無缺陷,無障礙物,無遮蔽物,良好,無號誌,無號誌,行車分向線,附標記,車道線(附標記),未繪設快慢車道分隔線,有,車輛本身,撞電桿,無(車輛駕駛者因素),尚未發現肇事因素,死亡1;受傷2,4,人,乘客,男,49,未戴安全帽或未繫安全帶(未使用幼童安全椅),非駕駛人,人的狀態,其他,其他,非汽、機及自行車,NA,NA,非駕駛者,乘坐不當(慎),否,121.728889,24.693041
20231030,20231030,2023,10,045700,A1,臺中市政府警察局,臺中市北區賴村里進化北路 / 臺中市北區賴村里山西路一段,晴,有照明且開啟,市區道路,50,交岔路,三岔路,路段,快車道,柏油,乾燥,無缺陷,無障礙物,無遮蔽物,良好,無號誌,無號誌,中央分向島,窄式無柵欄,車道線(無標記),未繪設快慢車道分隔線,無,人與車,穿越道路中,非駕駛者,未依標誌或標線穿越道路,死亡1;受傷0,1,人,行人,男,56,其他(無需使用保護裝備之人),非駕駛人,人的狀態,步行,其他,非汽、機及自行車,NA,NA,非駕駛者,未依標誌或標線穿越道路,否,120.675718,24.163138
20231030,20231030,2023,10,045700,A1,臺中市政府警察局,臺中市北區賴村里進化北路 / 臺中市北區賴村里山西路一段,晴,有照明且開啟,市區道路,50,交岔路,三岔路,路段,快車道,柏油,乾燥,無缺陷,無障礙物,無遮蔽物,良好,無號誌,無號誌,中央分向島,窄式無柵欄,車道線(無標記),未繪設快慢車道分隔線,無,人與車,穿越道路中,非駕駛者,未依標誌或標線穿越道路,死亡1;受傷0,2,小客車(含客、貨兩用),自用,女,32,繫安全帶(使用幼童安全椅),未使用,車的狀態,向前直行中,汽車,右前車頭(身),NA,NA,其他,其他不當駕車行為,否,120.675718,24.163138
20231030,20231030,2023,10,115100,A1,臺中市政府警察局,臺中市西屯區惠來里惠中路一段109號前0.0公尺,晴,有照明未開啟或故障,市區道路,50,單路部分,直路,路段,機車優先道,柏油,乾燥,無缺陷,無障礙物,無遮蔽物,良好,行車管制號誌(附設行人專用號誌),正常,中央分向島,寬式(50公分以上),禁止變換車道線(無標記),快慢車道分隔線,無,車與車,追撞,駕駛者,未保持行車安全距離,死亡1;受傷1,1,機車,普通重型,女,39,戴非半罩式安全帽,未使用,車的狀態,向前直行中,機車與自行車,前車頭,NA,NA,駕駛者,未保持行車安全距離,否,120.644319,24.161113
20231030,20231030,2023,10,115100,A1,臺中市政府警察局,臺中市西屯區惠來里惠中路一段109號前0.0公尺,晴,有照明未開啟或故障,市區道路,50,單路部分,直路,路段,機車優先道,柏油,乾燥,無缺陷,無障礙物,無遮蔽物,良好,行車管制號誌(附設行人專用號誌),正常,中央分向島,寬式(50公分以上),禁止變換車道線(無標記),快慢車道分隔線,無,車與車,追撞,駕駛者,未保持行車安全距離,死亡1;受傷1,2,機車,普通重型,男,21,戴非半罩式安全帽,未使用,車的狀態,向前直行中,機車與自行車,後車尾,NA,NA,無(車輛駕駛者因素),尚未發現肇事因素,否,120.644319,24.161113
20231030,20231030,2023,10,115100,A1,臺中市政府警察局,臺中市西屯區惠來里惠中路一段109號前0.0公尺,晴,有照明未開啟或故障,市區道路,50,單路部分,直路,路段,機車優先道,柏油,乾燥,無缺陷,無障礙物,無遮蔽物,良好,行車管制號誌(附設行人專用號誌),正常,中央分向島,寬式(50公分以上),禁止變換車道線(無標記),快慢車道分隔線,無,車與車,追撞,駕駛者,未保持行車安全距離,死亡1;受傷1,3,小客車(含客、貨兩用),自用,女,54,繫安全帶(使用幼童安全椅),未使用,車的狀態,起步,汽車,左前車頭(身),NA,NA,駕駛者,起步時未注意安全,否,120.644319,24.161113
20231030,20231030,2023,10,115100,A1,臺中市政府警察局,臺中市西屯區惠來里惠中路一段109號前0.0公尺,晴,有照明未開啟或故障,市區道路,50,單路部分,直路,路段,機車優先道,柏油,乾燥,無缺陷,無障礙物,無遮蔽物,良好,行車管制號誌(附設行人專用號誌),正常,中央分向島,寬式(50公分以上),禁止變換車道線(無標記),快慢車道分隔線,無,車與車,追撞,駕駛者,未保持行車安全距離,死亡1;受傷1,4,小客車(含客、貨兩用),自用,男,30,繫安全帶(使用幼童安全椅),未使用,車的狀態,向前直行中,汽車,右側車身,NA,NA,無(車輛駕駛者因素),尚未發現肇事因素,否,120.644319,24.161113
20231030,20231030,2023,10,184800,A1,雲林縣警察局,雲林縣麥寮鄉海豐村豐安路前0.0公尺,晴,有照明且開啟,村里道路,50,交岔路,四岔路,交叉路口,交叉路口內,柏油,乾燥,無缺陷,無障礙物,無遮蔽物,良好,行車管制號誌,正常,無,無分向設施,未繪設車道線,未繪設快慢車道分隔線,無,車與車,路口交岔撞,駕駛者,闖紅燈直行,死亡1;受傷0,1,機車,普通重型,男,41,不明,未使用,車的狀態,向前直行中,機車與自行車,右側車身,NA,NA,駕駛者,闖紅燈直行,否,120.24595,23.761286
20231030,20231030,2023,10,184800,A1,雲林縣警察局,雲林縣麥寮鄉海豐村豐安路前0.0公尺,晴,有照明且開啟,村里道路,50,交岔路,四岔路,交叉路口,交叉路口內,柏油,乾燥,無缺陷,無障礙物,無遮蔽物,良好,行車管制號誌,正常,無,無分向設施,未繪設車道線,未繪設快慢車道分隔線,無,車與車,路口交岔撞,駕駛者,闖紅燈直行,死亡1;受傷0,2,小客車(含客、貨兩用),自用,男,40,不明,不明,車的狀態,急減速或急停止,汽車,左前車頭(身),NA,NA,駕駛者,恍神、緊張、心不在焉分心駕駛,是,120.24595,23.761286
20231031,20231031,2023,10,063343,A1,苗栗縣警察局,苗栗縣獅潭鄉台3線 109公里600.0公尺處北側向外側,晴,無照明,省道,60,單路部分,直路,路段,路肩、路緣,柏油,乾燥,無缺陷,無障礙物,無遮蔽物,良好,無號誌,無號誌,行車分向線,附標記,車道線(附標記),未繪設快慢車道分隔線,有,車輛本身,撞護欄(樁),駕駛者,酒醉(後)駕駛,死亡1;受傷0,1,機車,普通重型,男,61,戴非半罩式安全帽,未使用,車的狀態,向前直行中,機車與自行車,左側車身,汽車,左前車頭(身),駕駛者,酒醉(後)駕駛,否,120.913478,24.524842
20231031,20231031,2023,10,063343,A1,苗栗縣警察局,苗栗縣獅潭鄉台3線 109公里600.0公尺處北側向外側,晴,無照明,省道,60,單路部分,直路,路段,路肩、路緣,柏油,乾燥,無缺陷,無障礙物,無遮蔽物,良好,無號誌,無號誌,行車分向線,附標記,車道線(附標記),未繪設快慢車道分隔線,有,車輛本身,撞護欄(樁),駕駛者,酒醉(後)駕駛,死亡1;受傷0,2,NA,NA,無或物(動物、堆置物),-1,NA,NA,NA,NA,NA,NA,NA,NA,無(非車輛駕駛人因素),尚未發現肇事因素,否,120.913478,24.524842
20231031,20231031,2023,10,113600,A1,桃園市政府警察局,桃園市新屋區華興路口 / 桃園市新屋區華興路口,晴,有照明且開啟,其他,40,交岔路,多岔路,交叉路口,交叉路口內,柏油,乾燥,無缺陷,無障礙物,無遮蔽物,良好,無號誌,無號誌,無,無分向設施,未繪設車道線,未繪設快慢車道分隔線,無,車與車,倒車撞,駕駛者,倒車未依規定,死亡1;受傷0,1,大貨車,營業用,男,44,繫安全帶(使用幼童安全椅),未使用,車的狀態,倒車,汽車,後車尾,NA,NA,駕駛者,倒車未依規定,否,121.087689,24.995226
20231031,20231031,2023,10,113600,A1,桃園市政府警察局,桃園市新屋區華興路口 / 桃園市新屋區華興路口,晴,有照明且開啟,其他,40,交岔路,多岔路,交叉路口,交叉路口內,柏油,乾燥,無缺陷,無障礙物,無遮蔽物,良好,無號誌,無號誌,無,無分向設施,未繪設車道線,未繪設快慢車道分隔線,無,車與車,倒車撞,駕駛者,倒車未依規定,死亡1;受傷0,2,機車,普通重型,男,78,不明,不明,車的狀態,向前直行中,機車與自行車,前車頭,NA,NA,駕駛者,恍神、緊張、心不在焉分心駕駛,否,121.087689,24.995226
20231031,20231031,2023,10,135400,A1,臺中市政府警察局,臺中市大里區塗城里美群路 / 臺中市大里區塗城里中興路一段,晴,有照明未開啟或故障,市區道路,50,交岔路,四岔路,交叉路口,交叉路口內,柏油,乾燥,無缺陷,無障礙物,無遮蔽物,良好,行車管制號誌,正常,雙向禁止超車線,無標記,車道線(無標記),未繪設快慢車道分隔線,有,車與車,側撞,駕駛者,有號誌路口，轉彎車未讓直行車先行,死亡1;受傷0,1,曳引車,營業用,男,62,繫安全帶(使用幼童安全椅),未使用,車的狀態,右轉彎,汽車,右前車頭(身),NA,NA,駕駛者,有號誌路口，轉彎車未讓直行車先行,否,120.709059,24.082369
20231031,20231031,2023,10,135400,A1,臺中市政府警察局,臺中市大里區塗城里美群路 / 臺中市大里區塗城里中興路一段,晴,有照明未開啟或故障,市區道路,50,交岔路,四岔路,交叉路口,交叉路口內,柏油,乾燥,無缺陷,無障礙物,無遮蔽物,良好,行車管制號誌,正常,雙向禁止超車線,無標記,車道線(無標記),未繪設快慢車道分隔線,有,車與車,側撞,駕駛者,有號誌路口，轉彎車未讓直行車先行,死亡1;受傷0,2,機車,普通重型,女,65,戴非半罩式安全帽,未使用,車的狀態,向前直行中,機車與自行車,左側車身,NA,NA,駕駛者,未保持行車安全間隔,否,120.709059,24.082369
20231031,20231031,2023,10,152037,A1,嘉義縣警察局,嘉義縣太保市後庄里,晴,無照明,省道,70,交岔路,四岔路,交叉路口,交叉路口內,柏油,乾燥,無缺陷,無障礙物,無遮蔽物,良好,閃光號誌,正常,無,無分向設施,未繪設車道線,未繪設快慢車道分隔線,無,車與車,路口交岔撞,駕駛者,違反閃光號誌,死亡1;受傷0,1,機車,普通重型,男,85,不明,不明,車的狀態,向前直行中,機車與自行車,左側車身,NA,NA,駕駛者,違反閃光號誌,否,120.326017,23.471082
20231031,20231031,2023,10,152037,A1,嘉義縣警察局,嘉義縣太保市後庄里,晴,無照明,省道,70,交岔路,四岔路,交叉路口,交叉路口內,柏油,乾燥,無缺陷,無障礙物,無遮蔽物,良好,閃光號誌,正常,無,無分向設施,未繪設車道線,未繪設快慢車道分隔線,無,車與車,路口交岔撞,駕駛者,違反閃光號誌,死亡1;受傷0,2,小客車(含客、貨兩用),自用,男,18,不明,不明,車的狀態,向前直行中,汽車,前車頭,NA,NA,其他,其他不當駕車行為,否,120.326017,23.471082
20231031,20231031,2023,10,162503,A1,新竹市警察局,新竹市香山區中華路四段與東華路口,晴,無照明,市區道路,60,交岔路,三岔路,交叉路口,交叉路口內,柏油,乾燥,無缺陷,無障礙物,無遮蔽物,良好,行車管制號誌,正常,無,無分向設施,未繪設車道線,未繪設快慢車道分隔線,無,車與車,側撞,駕駛者,闖紅燈直行,死亡1;受傷0,1,小貨車(含客、貨兩用),自用,男,67,繫安全帶(使用幼童安全椅),未使用,車的狀態,向前直行中,汽車,右前車頭(身),汽車,右前車頭(身),駕駛者,闖紅燈直行,否,120.942338,24.792525
20231031,20231031,2023,10,162503,A1,新竹市警察局,新竹市香山區中華路四段與東華路口,晴,無照明,市區道路,60,交岔路,三岔路,交叉路口,交叉路口內,柏油,乾燥,無缺陷,無障礙物,無遮蔽物,良好,行車管制號誌,正常,無,無分向設施,未繪設車道線,未繪設快慢車道分隔線,無,車與車,側撞,駕駛者,闖紅燈直行,死亡1;受傷0,2,機車,普通重型,女,56,戴半罩式安全帽,未使用,車的狀態,左轉彎,機車與自行車,左側車身,機車與自行車,左側車身,無(車輛駕駛者因素),尚未發現肇事因素,否,120.942338,24.792525
20231031,20231031,2023,10,194400,A1,彰化縣警察局,彰化縣溪湖鎮西勢里彰水路1段776號前0.0公尺附近,晴,有照明且開啟,村里道路,70,交岔路,三岔路,交叉路口,交叉路口內,柏油,乾燥,無缺陷,無障礙物,無遮蔽物,良好,閃光號誌,正常,中央分向島,寬式(50公分以上),車道線(無標記),未繪設快慢車道分隔線,有,車與車,側撞,駕駛者,橫越道路不慎,死亡1;受傷0,1,慢車,腳踏自行車,男,62,其他(無需使用保護裝備之人),不明,車的狀態,迴轉或橫越道路中,機車與自行車,左側車身,NA,NA,駕駛者,橫越道路不慎,否,120.481803,23.935124
20231031,20231031,2023,10,194400,A1,彰化縣警察局,彰化縣溪湖鎮西勢里彰水路1段776號前0.0公尺附近,晴,有照明且開啟,村里道路,70,交岔路,三岔路,交叉路口,交叉路口內,柏油,乾燥,無缺陷,無障礙物,無遮蔽物,良好,閃光號誌,正常,中央分向島,寬式(50公分以上),車道線(無標記),未繪設快慢車道分隔線,有,車與車,側撞,駕駛者,橫越道路不慎,死亡1;受傷0,2,小客車(含客、貨兩用),自用,男,57,不明,不明,車的狀態,向前直行中,汽車,前車頭,NA,NA,駕駛者,未依規定減速,否,120.481803,23.935124
20231101,20231101,2023,11,082500,A1,彰化縣警察局,彰化縣福興鄉廈粘街71-12號附近,晴,無照明,村里道路,30,單路部分,彎曲路及附近,路段,一般車道(未劃分快慢車道),柏油,乾燥,無缺陷,無障礙物,無遮蔽物,良好,無號誌,無號誌,無,無分向設施,未繪設車道線,未繪設快慢車道分隔線,有,車輛本身,路上翻車、摔倒,其他,其他不當駕車行為,死亡1;受傷0,1,慢車,腳踏自行車,女,78,未戴安全帽或未繫安全帶(未使用幼童安全椅),未使用,車的狀態,向前直行中,其他,不明,NA,NA,其他,其他不當駕車行為,否,120.402603,24.030495
20231101,20231101,2023,11,082500,A1,彰化縣警察局,彰化縣福興鄉廈粘街71-12號附近,晴,無照明,村里道路,30,單路部分,彎曲路及附近,路段,一般車道(未劃分快慢車道),柏油,乾燥,無缺陷,無障礙物,無遮蔽物,良好,無號誌,無號誌,無,無分向設施,未繪設車道線,未繪設快慢車道分隔線,有,車輛本身,路上翻車、摔倒,其他,其他不當駕車行為,死亡1;受傷0,2,NA,NA,無或物(動物、堆置物),-1,NA,NA,NA,NA,NA,NA,NA,NA,無(非車輛駕駛人因素),尚未發現肇事因素,否,120.402603,24.030495
20231101,20231101,2023,11,205600,A1,新北市政府警察局,新北市汐止區鄉友街前0.0公尺,陰,有照明且開啟,市區道路,50,單路部分,直路,路段,一般車道(未劃分快慢車道),柏油,乾燥,無缺陷,無障礙物,無遮蔽物,良好,無號誌,無號誌,雙向禁止超車線,無標記,未繪設車道線,未繪設快慢車道分隔線,有,人與車,同向通行中,駕駛者,恍神、緊張、心不在焉分心駕駛,死亡1;受傷0,1,小客車(含客、貨兩用),自用,女,37,繫安全帶(使用幼童安全椅),未使用,車的狀態,向前直行中,汽車,右前車頭(身),NA,NA,駕駛者,恍神、緊張、心不在焉分心駕駛,否,121.669128,25.081549
20231101,20231101,2023,11,205600,A1,新北市政府警察局,新北市汐止區鄉友街前0.0公尺,陰,有照明且開啟,市區道路,50,單路部分,直路,路段,一般車道(未劃分快慢車道),柏油,乾燥,無缺陷,無障礙物,無遮蔽物,良好,無號誌,無號誌,雙向禁止超車線,無標記,未繪設車道線,未繪設快慢車道分隔線,有,人與車,同向通行中,駕駛者,恍神、緊張、心不在焉分心駕駛,死亡1;受傷0,2,人,行人,男,38,其他(無需使用保護裝備之人),非駕駛人,人的狀態,步行,其他,非汽、機及自行車,NA,NA,無(非車輛駕駛人因素),尚未發現肇事因素,否,121.669128,25.081549
20231102,20231102,2023,11,060300,A1,彰化縣警察局,彰化縣鹿港鎮廖厝里楊厝巷6-10號前44.0公尺北側,晴,無照明,村里道路,30,單路部分,直路,路段,一般車道(未劃分快慢車道),柏油,乾燥,無缺陷,無障礙物,無遮蔽物,良好,無號誌,無號誌,無,無分向設施,未繪設車道線,未繪設快慢車道分隔線,無,車輛本身,衝出路外,其他,車輛或機械操作不當(慎),死亡1;受傷0,1,慢車,腳踏自行車,女,86,不明,不明,車的狀態,向前直行中,其他,無撞擊,其他,無撞擊,其他,車輛或機械操作不當(慎),否,120.471068,24.065388
20231102,20231102,2023,11,060300,A1,彰化縣警察局,彰化縣鹿港鎮廖厝里楊厝巷6-10號前44.0公尺北側,晴,無照明,村里道路,30,單路部分,直路,路段,一般車道(未劃分快慢車道),柏油,乾燥,無缺陷,無障礙物,無遮蔽物,良好,無號誌,無號誌,無,無分向設施,未繪設車道線,未繪設快慢車道分隔線,無,車輛本身,衝出路外,其他,車輛或機械操作不當(慎),死亡1;受傷0,2,NA,NA,無或物(動物、堆置物),-1,NA,NA,NA,NA,NA,NA,NA,NA,無(非車輛駕駛人因素),尚未發現肇事因素,否,120.471068,24.065388
20231102,20231102,2023,11,101500,A1,高雄市政府警察局,高雄市鳳山區自由路145號前0.0公尺,晴,無照明,市區道路,50,單路部分,直路,路段,快車道,柏油,乾燥,無缺陷,無障礙物,無遮蔽物,良好,無號誌,無號誌,雙向禁止超車線,無標記,未繪設車道線,未繪設快慢車道分隔線,無,車與車,對撞,駕駛者,逆向行駛,死亡1;受傷0,1,機車,普通輕型,女,71,戴半罩式安全帽,未使用,車的狀態,向前直行中,機車與自行車,前車頭,NA,NA,駕駛者,逆向行駛,否,120.351797,22.625693
20231102,20231102,2023,11,101500,A1,高雄市政府警察局,高雄市鳳山區自由路145號前0.0公尺,晴,無照明,市區道路,50,單路部分,直路,路段,快車道,柏油,乾燥,無缺陷,無障礙物,無遮蔽物,良好,無號誌,無號誌,雙向禁止超車線,無標記,未繪設車道線,未繪設快慢車道分隔線,無,車與車,對撞,駕駛者,逆向行駛,死亡1;受傷0,2,小客車(含客、貨兩用),自用,男,43,繫安全帶(使用幼童安全椅),未使用,車的狀態,向前直行中,汽車,左前車頭(身),NA,NA,無(車輛駕駛者因素),尚未發現肇事因素,否,120.351797,22.625693
20231102,20231102,2023,11,111200,A1,臺南市政府警察局,臺南市新化區太平里忠孝路與竹林路口,晴,無照明,市區道路,50,交岔路,三岔路,交叉路口,交叉路口內,柏油,乾燥,無缺陷,無障礙物,無遮蔽物,良好,行車管制號誌,正常,無,無分向設施,未繪設車道線,未繪設快慢車道分隔線,無,車與車,側撞,駕駛者,有號誌路口，轉彎車未讓直行車先行,死亡1;受傷1,1,小客車(含客、貨兩用),自用,男,70,繫安全帶(使用幼童安全椅),未使用,車的狀態,左轉彎,汽車,右前車頭(身),NA,NA,駕駛者,有號誌路口，轉彎車未讓直行車先行,否,120.305425,23.038096
20231102,20231102,2023,11,111200,A1,臺南市政府警察局,臺南市新化區太平里忠孝路與竹林路口,晴,無照明,市區道路,50,交岔路,三岔路,交叉路口,交叉路口內,柏油,乾燥,無缺陷,無障礙物,無遮蔽物,良好,行車管制號誌,正常,無,無分向設施,未繪設車道線,未繪設快慢車道分隔線,無,車與車,側撞,駕駛者,有號誌路口，轉彎車未讓直行車先行,死亡1;受傷1,2,機車,普通重型,男,18,戴非半罩式安全帽,未使用,車的狀態,向前直行中,機車與自行車,前車頭,NA,NA,駕駛者,恍神、緊張、心不在焉分心駕駛,否,120.305425,23.038096
20231102,20231102,2023,11,111200,A1,臺南市政府警察局,臺南市新化區太平里忠孝路與竹林路口,晴,無照明,市區道路,50,交岔路,三岔路,交叉路口,交叉路口內,柏油,乾燥,無缺陷,無障礙物,無遮蔽物,良好,行車管制號誌,正常,無,無分向設施,未繪設車道線,未繪設快慢車道分隔線,無,車與車,側撞,駕駛者,有號誌路口，轉彎車未讓直行車先行,死亡1;受傷1,3,人,乘客,男,18,戴非半罩式安全帽,非駕駛人,人的狀態,其他,其他,非汽、機及自行車,NA,NA,無(非車輛駕駛人因素),尚未發現肇事因素,否,120.305425,23.038096
20231102,20231102,2023,11,155800,A1,屏東縣政府警察局,屏東縣獅子鄉台9線 448公里400.0公尺處附近,晴,無照明,省道,40,單路部分,彎曲路及附近,路段,一般車道(未劃分快慢車道),柏油,乾燥,無缺陷,無障礙物,無遮蔽物,良好,無號誌,無號誌,雙向禁止超車線,附標記,未繪設車道線,未繪設快慢車道分隔線,有,車與車,對撞,駕駛者,違反其他標誌(線)禁制,死亡1;受傷0,1,機車,普通重型,男,19,戴非半罩式安全帽,未使用,車的狀態,向前直行中,機車與自行車,右側車身,NA,NA,駕駛者,違反其他標誌(線)禁制,否,120.733178,22.210589
20231102,20231102,2023,11,155800,A1,屏東縣政府警察局,屏東縣獅子鄉台9線 448公里400.0公尺處附近,晴,無照明,省道,40,單路部分,彎曲路及附近,路段,一般車道(未劃分快慢車道),柏油,乾燥,無缺陷,無障礙物,無遮蔽物,良好,無號誌,無號誌,雙向禁止超車線,附標記,未繪設車道線,未繪設快慢車道分隔線,有,車與車,對撞,駕駛者,違反其他標誌(線)禁制,死亡1;受傷0,2,大貨車,自用,男,73,繫安全帶(使用幼童安全椅),未使用,車的狀態,向前直行中,汽車,左前車頭(身),汽車,車底,無(車輛駕駛者因素),尚未發現肇事因素,否,120.733178,22.210589