accident_date,發生日期,發生年度,發生月份,發生時間,事故類別名稱,處理單位名稱警局層,發生地點,天候名稱,光線名稱,道路類別-第1當事者-名稱,速限-第1當事者,道路型態大類別名稱,道路型態子類別名稱,事故位置大類別名稱,事故位置子類別名稱,路面狀況-路面鋪裝名稱,路面狀況-路面狀態名稱,路面狀況-路面缺陷名稱,道路障礙-障礙物名稱,道路障礙-視距品質名稱,道路障礙-視距名稱,號誌-號誌種類名稱,號誌-號誌動作名稱,車道劃分設施-分向設施大類別名稱,車道劃分設施-分向設施子類別名稱,車道劃分設施-分道設施-快車道或一般車道間名稱,車道劃分設施-分道設施-快慢車道間名稱,車道劃分設施-分道設施-路面邊線名稱,事故類型及型態大類別名稱,事故類型及型態子類別名稱,肇因研判大類別名稱-主要,肇因研判子類別名稱-主要,死亡受傷人數,當事者順位,當事者區分-類別-大類別名稱-車種,當事者區分-類別-子類別名稱-車種,當事者屬-性-別名稱,當事者事故發生時年齡,保護裝備名稱,行動電話或電腦或其他相類功能裝置名稱,當事者行動狀態大類別名稱,當事者行動狀態子類別名稱,車輛撞擊部位大類別名稱-最初,車輛撞擊部位子類別名稱-最初,車輛撞擊部位大類別名稱-其他,車輛撞擊部位子類別名稱-其他,肇因研判大類別名稱-個別,肇因研判子類別名稱-個別,肇事逃逸類別名稱-是否肇逃,經度,緯度
20231103,20231103,2023,11,073353,A1,宜蘭縣政府警察局,宜蘭縣礁溪鄉礁溪路6段28號前路口,晴,有照明未開啟或故障,省道,60,交岔路,三岔路,交叉路口,交叉口附近,柏油,乾燥,無缺陷,無障礙物,無遮蔽物,良好,行車管制號誌,正常,中央分向島,寬式(50公分以上),車道線(附標記),快慢車道分隔線,有,車與車,側撞,駕駛者,違反禁止左轉、右轉標誌,死亡1;受傷0,1,小客車(含客、貨兩用),自用,男,73,繫安全帶(使用幼童安全椅),未使用,車的狀態,左轉彎,汽車,右側車身,NA,NA,駕駛者,違反禁止左轉、右轉標誌,否,121.777674,24.830513
20231103,20231103,2023,11,073353,A1,宜蘭縣政府警察局,宜蘭縣礁溪鄉礁溪路6段28號前路口,晴,有照明未開啟或故障,省道,60,交岔路,三岔路,交叉路口,交叉口附近,柏油,乾燥,無缺陷,無障礙物,無遮蔽物,良好,行車管制號誌,正常,中央分向島,寬式(50公分以上),車道線(附標記),快慢車道分隔線,有,車與車,側撞,駕駛者,違反禁止左轉、右轉標誌,死亡1;受傷0,2,機車,普通重型,男,41,戴半罩式安全帽,未使用,車的狀態,向前直行中,機車與自行車,前車頭,NA,NA,無(車輛駕駛者因素),尚未發現肇事因素,否,121.777674,24.830513
20231103,20231103,2023,11,090100,A1,高雄市政府警察局,高雄市三民區澄清路東側 / 高雄市三民區建國三路,晴,無照明,市區道路,50,交岔路,四岔路,交叉路口,交叉路口內,柏油,乾燥,無缺陷,無障礙物,無遮蔽物,良好,行車管制號誌(附設行人專用號誌),正常,雙向禁止超車線,無標記,車道線(無標記),快慢車道分隔線,無,車與車,側撞,駕駛者,右轉彎未依規定,死亡1;受傷1,1,大客車,營業用,男,50,繫安全帶(使用幼童安全椅),未使用,車的狀態,右轉彎,汽車,右側車身,NA,NA,駕駛者,右轉彎未依規定,是,120.344597,22.636171
20231103,20231103,2023,11,090100,A1,高雄市政府警察局,高雄市三民區澄清路東側 / 高雄市三民區建國三路,晴,無照明,市區道路,50,交岔路,四岔路,交叉路口,交叉路口內,柏油,乾燥,無缺陷,無障礙物,無遮蔽物,良好,行車管制號誌(附設行人專用號誌),正常,雙向禁止超車線,無標記,車道線(無標記),快慢車道分隔線,無,車與車,側撞,駕駛者,右轉彎未依規定,死亡1;受傷1,2,機車,普通重型,女,59,戴半罩式安全帽,未使用,車的狀態,向前直行中,機車與自行車,左側車身,NA,NA,無(車輛駕駛者因素),尚未發現肇事因素,否,120.344597,22.636171
20231103,20231103,2023,11,090100,A1,高雄市政府警察局,高雄市三民區澄清路東側 / 高雄市三民區建國三路,晴,無照明,市區道路,50,交岔路,四岔路,交叉路口,交叉路口內,柏油,乾燥,無缺陷,無障礙物,無遮蔽物,良好,行車管制號誌(附設行人專用號誌),正常,雙向禁止超車線,無標記,車道線(無標記),快慢車道分隔線,無,車與車,側撞,駕駛者,右轉彎未依規定,死亡1;受傷1,3,人,乘客,男,87,戴半罩式安全帽,非駕駛人,人的狀態,其他,其他,非汽、機及自行車,NA,NA,無(非車輛駕駛人因素),尚未發現肇事因素,否,120.344597,22.636171
20231103,20231103,2023,11,090800,A1,臺北市政府警察局,臺北市大安區潮州街 / 臺北市大安區潮州街,晴,無照明,市區道路,30,交岔路,四岔路,交叉路口,交叉路口內,柏油,乾燥,無缺陷,無障礙物,無遮蔽物,良好,無號誌,無號誌,無,無分向設施,未繪設車道線,未繪設快慢車道分隔線,無,車與車,路口交岔撞,駕駛者,無號誌路口，支線道未讓幹線道先行,死亡1;受傷0,1,機車,普通重型,男,65,戴半罩式安全帽,不明,車的狀態,向前直行中,機車與自行車,右側車身,NA,NA,駕駛者,無號誌路口，支線道未讓幹線道先行,否,121.527548,25.028701
20231103,20231103,2023,11,090800,A1,臺北市政府警察局,臺北市大安區潮州街 / 臺北市大安區潮州街,晴,無照明,市區道路,30,交岔路,四岔路,交叉路口,交叉路口內,柏油,乾燥,無缺陷,無障礙物,無遮蔽物,良好,無號誌,無號誌,無,無分向設施,未繪設車道線,未繪設快慢車道分隔線,無,車與車,路口交岔撞,駕駛者,無號誌路口，支線道未讓幹線道先行,死亡1;受傷0,2,小客車(含客、貨兩用),自用,男,57,不明,不明,車的狀態,向前直行中,汽車,前車頭,NA,NA,駕駛者,未依規定減速,否,121.527548,25.028701
20231103,20231103,2023,11,090800,A1,臺北市政府警察局,臺北市大安區潮州街 / 臺北市大安區潮州街,晴,無照明,市區道路,30,交岔路,四岔路,交叉路口,交叉路口內,柏油,乾燥,無缺陷,無障礙物,無遮蔽物,良好,無號誌,無號誌,無,無分向設施,未繪設車道線,未繪設快慢車道分隔線,無,車與車,路口交岔撞,駕駛者,無號誌路口，支線道未讓幹線道先行,死亡1;受傷0,3,機車,普通重型,男,37,不明,不明,車的狀態,靜止(引擎熄火),機車與自行車,後車尾,NA,NA,無(車輛駕駛者因素),尚未發現肇事因素,否,121.527548,25.028701
20231103,20231103,2023,11,090800,A1,臺北市政府警察局,臺北市大安區潮州街 / 臺北市大安區潮州街,晴,無照明,市區道路,30,交岔路,四岔路,交叉路口,交叉路口內,柏油,乾燥,無缺陷,無障礙物,無遮蔽物,良好,無號誌,無號誌,無,無分向設施,未繪設車道線,未繪設快慢車道分隔線,無,車與車,路口交岔撞,駕駛者,無號誌路口，支線道未讓幹線道先行,死亡1;受傷0,4,機車,普通重型,男,37,不明,不明,車的狀態,靜止(引擎熄火),機車與自行車,後車尾,NA,NA,無(車輛駕駛者因素),尚未發現肇事因素,否,121.527548,25.028701
20231103,20231103,2023,11,090800,A1,臺北市政府警察局,臺北市大安區潮州街 / 臺北市大安區潮州街,晴,無照明,市區道路,30,交岔路,四岔路,交叉路口,交叉路口內,柏油,乾燥,無缺陷,無障礙物,無遮蔽物,良好,無號誌,無號誌,無,無分向設施,未繪設車道線,未繪設快慢車道分隔線,無,車與車,路口交岔撞,駕駛者,無號誌路口，支線道未讓幹線道先行,死亡1;受傷0,5,機車,普通重型,男,111,戴半罩式安全帽,未使用,車的狀態,靜止(引擎熄火),機車與自行車,左側車身,NA,NA,無(車輛駕駛者因素),尚未發現肇事因素,否,121.527548,25.028701
20231103,20231103,2023,11,095528,A1,宜蘭縣政府警察局,宜蘭縣南澳鄉蘇花路3段與娜娘路口,晴,有照明且開啟,省道,40,交岔路,三岔路,交叉路口,交叉路口內,柏油,乾燥,無缺陷,無障礙物,無遮蔽物,良好,閃光號誌,正常,雙向禁止超車線,附標記,未繪設車道線,未繪設快慢車道分隔線,有,車與車,其他,駕駛者,左轉彎未依規定,死亡1;受傷1,1,小客車(含客、貨兩用),自用,男,33,繫安全帶(使用幼童安全椅),未使用,車的狀態,左轉彎,汽車,前車頭,NA,NA,駕駛者,左轉彎未依規定,否,121.817784,24.475324
20231103,20231103,2023,11,095528,A1,宜蘭縣政府警察局,宜蘭縣南澳鄉蘇花路3段與娜娘路口,晴,有照明且開啟,省道,40,交岔路,三岔路,交叉路口,交叉路口內,柏油,乾燥,無缺陷,無障礙物,無遮蔽物,良好,閃光號誌,正常,雙向禁止超車線,附標記,未繪設車道線,未繪設快慢車道分隔線,有,車與車,其他,駕駛者,左轉彎未依規定,死亡1;受傷1,2,機車,大型重型1(550C.C.以上),男,63,戴半罩式安全帽,未使用,車的狀態,向前直行中,機車與自行車,前車頭,NA,NA,駕駛者,未依規定減速,否,121.817784,24.475324
20231103,20231103,2023,11,102600,A1,高雄市政府警察局,高雄市橋頭區典昌路19號旁號前0.0公尺,晴,無照明,市區道路,40,單路部分,直路,路段,路肩、路緣,柏油,乾燥,無缺陷,無障礙物,無遮蔽物,良好,無號誌,無號誌,中央分向島,寬式(50公分以上),車道線(無標記),快慢車道分隔線,有,車與車,其他,駕駛者,觀看其他事故、活動、道路環境或車外資訊分心駕駛,死亡1;受傷0,1,機車,普通重型,男,33,戴非半罩式安全帽,未使用,車的狀態,向前直行中,機車與自行車,前車頭,NA,NA,駕駛者,觀看其他事故、活動、道路環境或車外資訊分心駕駛,否,120.267115,22.735045
20231103,20231103,2023,11,102600,A1,高雄市政府警察局,高雄市橋頭區典昌路19號旁號前0.0公尺,晴,無照明,市區道路,40,單路部分,直路,路段,路肩、路緣,柏油,乾燥,無缺陷,無障礙物,無遮蔽物,良好,無號誌,無號誌,中央分向島,寬式(50公分以上),車道線(無標記),快慢車道分隔線,有,車與車,其他,駕駛者,觀看其他事故、活動、道路環境或車外資訊分心駕駛,死亡1;受傷0,2,小客車(含客、貨兩用),自用,男,23,不明,不明,車的狀態,靜止(引擎熄火),汽車,左後車尾(身),NA,NA,無(車輛駕駛者因素),尚未發現肇事因素,否,120.267115,22.735045
20231103,20231103,2023,11,102600,A1,高雄市政府警察局,高雄市橋頭區典昌路19號旁號前0.0公尺,晴,無照明,市區道路,40,單路部分,直路,路段,路肩、路緣,柏油,乾燥,無缺陷,無障礙物,無遮蔽物,良好,無號誌,無號誌,中央分向島,寬式(50公分以上),車道線(無標記),快慢車道分隔線,有,車與車,其他,駕駛者,觀看其他事故、活動、道路環境或車外資訊分心駕駛,死亡1;受傷0,3,小客車(含客、貨兩用),自用,男,30,繫安全帶(使用幼童安全椅),未使用,車的狀態,向前直行中,其他,不明,NA,NA,無(車輛駕駛者因素),尚未發現肇事因素,否,120.267115,22.735045
20231103,20231103,2023,11,223700,A1,嘉義縣警察局,嘉義縣太保市安仁里168線與太保五路路口,晴,有照明且開啟,縣道,70,交岔路,四岔路,交叉路口,交叉路口內,柏油,乾燥,無缺陷,無障礙物,無遮蔽物,良好,行車管制號誌(附設行人專用號誌),正常,無,無分向設施,未繪設車道線,未繪設快慢車道分隔線,無,車與車,側撞,駕駛者,有號誌路口，轉彎車未讓直行車先行,死亡1;受傷1,1,小貨車(含客、貨兩用),自用,男,71,繫安全帶(使用幼童安全椅),未使用,車的狀態,左轉彎,汽車,右前車頭(身),汽車,前車頭,駕駛者,有號誌路口，轉彎車未讓直行車先行,否,120.299204,23.459215
20231103,20231103,2023,11,223700,A1,嘉義縣警察局,嘉義縣太保市安仁里168線與太保五路路口,晴,有照明且開啟,縣道,70,交岔路,四岔路,交叉路口,交叉路口內,柏油,乾燥,無缺陷,無障礙物,無遮蔽物,良好,行車管制號誌(附設行人專用號誌),正常,無,無分向設施,未繪設車道線,未繪設快慢車道分隔線,無,車與車,側撞,駕駛者,有號誌路口，轉彎車未讓直行車先行,死亡1;受傷1,2,機車,普通重型,男,26,戴非半罩式安全帽,不明,車的狀態,向前直行中,機車與自行車,前車頭,機車與自行車,左側車身,其他,其他不當駕車行為,否,120.299204,23.459215
20231104,20231104,2023,11,031832,A1,桃園市政府警察局,桃園市平鎮區福龍路一段口 / 桃園市平鎮區福龍路一段口,晴,有照明且開啟,市區道路,50,交岔路,三岔路,交叉路口,交叉口附近,柏油,乾燥,無缺陷,無障礙物,無遮蔽物,良好,閃光號誌,正常,雙向禁止超車線,無標記,未繪設車道線,未繪設快慢車道分隔線,有,車與車,側撞,駕駛者,違反禁止變換車道標線,死亡1;受傷1,1,小貨車(含客、貨兩用),自用,男,67,繫安全帶(使用幼童安全椅),未使用,車的狀態,超車(含超越),汽車,前車頭,NA,NA,駕駛者,違反禁止變換車道標線,否,121.223676,24.892696
20231104,20231104,2023,11,031832,A1,桃園市政府警察局,桃園市平鎮區福龍路一段口 / 桃園市平鎮區福龍路一段口,晴,有照明且開啟,市區道路,50,交岔路,三岔路,交叉路口,交叉口附近,柏油,乾燥,無缺陷,無障礙物,無遮蔽物,良好,閃光號誌,正常,雙向禁止超車線,無標記,未繪設車道線,未繪設快慢車道分隔線,有,車與車,側撞,駕駛者,違反禁止變換車道標線,死亡1;受傷1,2,小客車(含客、貨兩用),計程車,男,45,繫安全帶(使用幼童安全椅),未使用,車的狀態,左轉彎,汽車,左側車身,NA,NA,駕駛者,左轉彎未依規定,否,121.223676,24.892696
20231104,20231104,2023,11,031832,A1,桃園市政府警察局,桃園市平鎮區福龍路一段口 / 桃園市平鎮區福龍路一段口,晴,有照明且開啟,市區道路,50,交岔路,三岔路,交叉路口,交叉口附近,柏油,乾燥,無缺陷,無障礙物,無遮蔽物,良好,閃光號誌,正常,雙向禁止超車線,無標記,未繪設車道線,未繪設快慢車道分隔線,有,車與車,側撞,駕駛者,違反禁止變換車道標線,死亡1;受傷1,3,NA,NA,無或物(動物、堆置物),-1,NA,NA,NA,NA,NA,NA,NA,NA,無(非車輛駕駛人因素),尚未發現肇事因素,否,121.223676,24.892696
20231104,20231104,2023,11,051700,A1,雲林縣警察局,雲林縣斗六市長平南路文財神祖廟旁路口,晴,有照明且開啟,村里道路,50,交岔路,三岔路,交叉路口,交叉路口內,柏油,乾燥,無缺陷,無障礙物,無遮蔽物,良好,無號誌,無號誌,雙向禁止超車線,無標記,未繪設車道線,未繪設快慢車道分隔線,有,車與車,側撞,駕駛者,無號誌路口，轉彎車未讓直行車先行,死亡1;受傷1,1,慢車,腳踏自行車,男,82,不明,不明,車的狀態,左轉彎,其他,不明,NA,NA,駕駛者,無號誌路口，轉彎車未讓直行車先行,否,120.505159,23.701781
20231104,20231104,2023,11,051700,A1,雲林縣警察局,雲林縣斗六市長平南路文財神祖廟旁路口,晴,有照明且開啟,村里道路,50,交岔路,三岔路,交叉路口,交叉路口內,柏油,乾燥,無缺陷,無障礙物,無遮蔽物,良好,無號誌,無號誌,雙向禁止超車線,無標記,未繪設車道線,未繪設快慢車道分隔線,有,車與車,側撞,駕駛者,無號誌路口，轉彎車未讓直行車先行,死亡1;受傷1,2,機車,普通重型,男,24,不明,不明,車的狀態,向前直行中,機車與自行車,前車頭,NA,NA,其他,其他不當駕車行為,否,120.505159,23.701781
20231104,20231104,2023,11,070500,A1,新北市政府警察局,新北市三峽區臺7乙線道路 / 新北市三峽區臺7乙線道路,晴,有照明且開啟,省道,40,交岔路,三岔路,交叉路口,交叉口附近,柏油,乾燥,無缺陷,無障礙物,無遮蔽物,良好,無號誌,無號誌,雙向禁止超車線,無標記,禁止變換車道線(無標記),未繪設快慢車道分隔線,無,車與車,側撞,駕駛者,未依規定減速,死亡1;受傷0,1,機車,大型重型1(550C.C.以上),男,51,戴非半罩式安全帽,未使用,車的狀態,向前直行中,機車與自行車,前車頭,NA,NA,駕駛者,未依規定減速,否,121.367562,24.86473
20231104,20231104,2023,11,070500,A1,新北市政府警察局,新北市三峽區臺7乙線道路 / 新北市三峽區臺7乙線道路,晴,有照明且開啟,省道,40,交岔路,三岔路,交叉路口,交叉口附近,柏油,乾燥,無缺陷,無障礙物,無遮蔽物,良好,無號誌,無號誌,雙向禁止超車線,無標記,禁止變換車道線(無標記),未繪設快慢車道分隔線,無,車與車,側撞,駕駛者,未依規定減速,死亡1;受傷0,2,小客車(含客、貨兩用),自用,男,63,繫安全帶(使用幼童安全椅),未使用,車的狀態,右轉彎,汽車,右後車尾(身),NA,NA,其他,其他不當駕車行為,否,121.367562,24.86473
20231104,20231104,2023,11,073000,A1,宜蘭縣政府警察局,宜蘭縣宜蘭市環市東路3段與美宜路口,晴,無照明,市區道路,70,交岔路,三岔路,交叉路口,交叉路口內,柏油,乾燥,無缺陷,無障礙物,無遮蔽物,良好,行車管制號誌,正常,無,無分向設施,未繪設車道線,未繪設快慢車道分隔線,無,車與車,側撞,駕駛者,右轉彎未依規定,死亡1;受傷0,1,小客車(含客、貨兩用),自用,男,64,繫安全帶(使用幼童安全椅),未使用,車的狀態,右轉彎,汽車,右前車頭(身),汽車,右側車身,駕駛者,右轉彎未依規定,否,121.769381,24.769114
20231104,20231104,2023,11,073000,A1,宜蘭縣政府警察局,宜蘭縣宜蘭市環市東路3段與美宜路口,晴,無照明,市區道路,70,交岔路,三岔路,交叉路口,交叉路口內,柏油,乾燥,無缺陷,無障礙物,無遮蔽物,良好,行車管制號誌,正常,無,無分向設施,未繪設車道線,未繪設快慢車道分隔線,無,車與車,側撞,駕駛者,右轉彎未依規定,死亡1;受傷0,2,機車,普通重型,男,41,戴非半罩式安全帽,未使用,車的狀態,向前直行中,機車與自行車,前車頭,機車與自行車,前車頭,無(車輛駕駛者因素),尚未發現肇事因素,否,121.769381,24.769114
20231104,20231104,2023,11,074500,A1,桃園市政府警察局,桃園市新屋區中山西路2段780號前0.0公尺,晴,有照明未開啟或故障,市區道路,60,單路部分,直路,路段,一般車道(未劃分快慢車道),柏油,乾燥,無缺陷,無障礙物,無遮蔽物,良好,無號誌,無號誌,中央分向島,寬式(50公分以上),未繪設車道線,未繪設快慢車道分隔線,有,人與車,穿越道路中,駕駛者,恍神、緊張、心不在焉分心駕駛,死亡1;受傷0,1,小客車(含客、貨兩用),自用,男,20,繫安全帶(使用幼童安全椅),未使用,車的狀態,向前直行中,汽車,右前車頭(身),NA,NA,駕駛者,恍神、緊張、心不在焉分心駕駛,否,121.059337,24.98295
20231104,20231104,2023,11,074500,A1,桃園市政府警察局,桃園市新屋區中山西路2段780號前0.0公尺,晴,有照明未開啟或故障,市區道路,60,單路部分,直路,路段,一般車道(未劃分快慢車道),柏油,乾燥,無缺陷,無障礙物,無遮蔽物,良好,無號誌,無號誌,中央分向島,寬式(50公分以上),未繪設車道線,未繪設快慢車道分隔線,有,人與車,穿越道路中,駕駛者,恍神、緊張、心不在焉分心駕駛,死亡1;受傷0,2,人,行人,男,74,其他(無需使用保護裝備之人),非駕駛人,人的狀態,步行,其他,非汽、機及自行車,NA,NA,非駕駛者,穿越道路未注意左右來車,否,121.059337,24.98295
20231104,20231104,2023,11,083600,A1,桃園市政府警察局,桃園市觀音區福山路三段0611955燈桿附近,晴,有照明未開啟或故障,市區道路,50,單路部分,直路,路段,一般車道(未劃分快慢車道),柏油,乾燥,無缺陷,無障礙物,無遮蔽物,良好,無號誌,無號誌,行車分向線,無標記,未繪設車道線,未繪設快慢車道分隔線,有,車與車,同向擦撞,駕駛者,未保持行車安全間隔,死亡1;受傷0,1,小客車(含客、貨兩用),自用,女,42,繫安全帶(使用幼童安全椅),未使用,車的狀態,超車(含超越),汽車,右後車尾(身),汽車,右後車尾(身),駕駛者,未保持行車安全間隔,否,121.149002,25.036648
20231104,20231104,2023,11,083600,A1,桃園市政府警察局,桃園市觀音區福山路三段0611955燈桿附近,晴,有照明未開啟或故障,市區道路,50,單路部分,直路,路段,一般車道(未劃分快慢車道),柏油,乾燥,無缺陷,無障礙物,無遮蔽物,良好,無號誌,無號誌,行車分向線,無標記,未繪設車道線,未繪設快慢車道分隔線,有,車與車,同向擦撞,駕駛者,未保持行車安全間隔,死亡1;受傷0,2,機車,普通重型,女,29,戴非半罩式安全帽,未使用,車的狀態,向前直行中,機車與自行車,左側車身,機車與自行車,左側車身,無(車輛駕駛者因素),尚未發現肇事因素,否,121.149002,25.036648
20231104,20231104,2023,11,083600,A1,桃園市政府警察局,桃園市觀音區福山路三段0611955燈桿附近,晴,有照明未開啟或故障,市區道路,50,單路部分,直路,路段,一般車道(未劃分快慢車道),柏油,乾燥,無缺陷,無障礙物,無遮蔽物,良好,無號誌,無號誌,行車分向線,無標記,未繪設車道線,未繪設快慢車道分隔線,有,車與車,同向擦撞,駕駛者,未保持行車安全間隔,死亡1;受傷0,3,小客車(含客、貨兩用),自用,女,63,繫安全帶(使用幼童安全椅),未使用,車的狀態,向前直行中,汽車,左側車身,汽車,左側車身,無(車輛駕駛者因素),尚未發現肇事因素,否,121.149002,25.036648
20231104,20231104,2023,11,084600,A1,高雄市政府警察局,高雄市三民區鼎力路267巷前0.0公尺,晴,有照明未開啟或故障,市區道路,50,單路部分,直路,路段,慢車道,柏油,乾燥,無缺陷,無障礙物,無遮蔽物,良好,行車管制號誌,正常,中央分向島,窄式無柵欄,車道線(無標記),快慢車道分隔線,無,車與車,追撞,其他,其他不當駕車行為,死亡1;受傷6,1,小客車(含客、貨兩用),自用,女,67,繫安全帶(使用幼童安全椅),未使用,車的狀態,向前直行中,汽車,前車頭,NA,NA,其他,其他不當駕車行為,否,120.323483,22.668436
20231104,20231104,2023,11,084600,A1,高雄市政府警察局,高雄市三民區鼎力路267巷前0.0公尺,晴,有照明未開啟或故障,市區道路,50,單路部分,直路,路段,慢車道,柏油,乾燥,無缺陷,無障礙物,無遮蔽物,良好,行車管制號誌,正常,中央分向島,窄式無柵欄,車道線(無標記),快慢車道分隔線,無,車與車,追撞,其他,其他不當駕車行為,死亡1;受傷6,2,機車,普通重型,男,66,不明,不明,車的狀態,等待(引擎未熄火),機車與自行車,後車尾,NA,NA,無(車輛駕駛者因素),尚未發現肇事因素,否,120.323483,22.668436
20231104,20231104,2023,11,084600,A1,高雄市政府警察局,高雄市三民區鼎力路267巷前0.0公尺,晴,有照明未開啟或故障,市區道路,50,單路部分,直路,路段,慢車道,柏油,乾燥,無缺陷,無障礙物,無遮蔽物,良好,行車管制號誌,正常,中央分向島,窄式無柵欄,車道線(無標記),快慢車道分隔線,無,車與車,追撞,其他,其他不當駕車行為,死亡1;受傷6,3,機車,普通重型,女,30,戴半罩式安全帽,未使用,車的狀態,等待(引擎未熄火),機車與自行車,後車尾,NA,NA,無(車輛駕駛者因素),尚未發現肇事因素,否,120.323483,22.668436
20231104,20231104,2023,11,084600,A1,高雄市政府警察局,高雄市三民區鼎力路267巷前0.0公尺,晴,有照明未開啟或故障,市區道路,50,單路部分,直路,路段,慢車道,柏油,乾燥,無缺陷,無障礙物,無遮蔽物,良好,行車管制號誌,正常,中央分向島,窄式無柵欄,車道線(無標記),快慢車道分隔線,無,車與車,追撞,其他,其他不當駕車行為,死亡1;受傷6,4,機車,普通重型,男,43,戴半罩式安全帽,未使用,車的狀態,等待(引擎未熄火),機車與自行車,後車尾,NA,NA,無(車輛駕駛者因素),尚未發現肇事因素,否,120.323483,22.668436
20231104,20231104,2023,11,084600,A1,高雄市政府警察局,高雄市三民區鼎力路267巷前0.0公尺,晴,有照明未開啟或故障,市區道路,50,單路部分,直路,路段,慢車道,柏油,乾燥,無缺陷,無障礙物,無遮蔽物,良好,行車管制號誌,正常,中央分向島,窄式無柵欄,車道線(無標記),快慢車道分隔線,無,車與車,追撞,其他,其他不當駕車行為,死亡1;受傷6,5,機車,普通重型,女,61,戴半罩式安全帽,未使用,車的狀態,等待(引擎未熄火),機車與自行車,後車尾,NA,NA,無(車輛駕駛者因素),尚未發現肇事因素,否,120.323483,22.668436
20231104,20231104,2023,11,084600,A1,高雄市政府警察局,高雄市三民區鼎力路267巷前0.0公尺,晴,有照明未開啟或故障,市區道路,50,單路部分,直路,路段,慢車道,柏油,乾燥,無缺陷,無障礙物,無遮蔽物,良好,行車管制號誌,正常,中央分向島,窄式無柵欄,車道線(無標記),快慢車道分隔線,無,車與車,追撞,其他,其他不當駕車行為,死亡1;受傷6,6,機車,普通重型,女,42,戴半罩式安全帽,未使用,車的狀態,等待(引擎未熄火),機車與自行車,後車尾,NA,NA,無(車輛駕駛者因素),尚未發現肇事因素,否,120.323483,22.668436
20231104,20231104,2023,11,084600,A1,高雄市政府警察局,高雄市三民區鼎力路267巷前0.0公尺,晴,有照明未開啟或故障,市區道路,50,單路部分,直路,路段,慢車道,柏油,乾燥,無缺陷,無障礙物,無遮蔽物,良好,行車管制號誌,正常,中央分向島,窄式無柵欄,車道線(無標記),快慢車道分隔線,無,車與車,追撞,其他,其他不當駕車行為,死亡1;受傷6,7,機車,普通重型,女,46,戴半罩式安全帽,未使用,車的狀態,等待(引擎未熄火),機車與自行車,後車尾,NA,NA,無(車輛駕駛者因素),尚未發現肇事因素,否,120.323483,22.668436
20231104,20231104,2023,11,084600,A1,高雄市政府警察局,高雄市三民區鼎力路267巷前0.0公尺,晴,有照明未開啟或故障,市區道路,50,單路部分,直路,路段,慢車道,柏油,乾燥,無缺陷,無障礙物,無遮蔽物,良好,行車管制號誌,正常,中央分向島,窄式無柵欄,車道線(無標記),快慢車道分隔線,無,車與車,追撞,其他,其他不當駕車行為,死亡1;受傷6,8,機車,普通重型,男,44,戴半罩式安全帽,未使用,車的狀態,等待(引擎未熄火),機車與自行車,後車尾,NA,NA,無(車輛駕駛者因素),尚未發現肇事因素,否,120.323483,22.668436
20231104,20231104,2023,11,084600,A1,高雄市政府警察局,高雄市三民區鼎力路267巷前0.0公尺,晴,有照明未開啟或故障,市區道路,50,單路部分,直路,路段,慢車道,柏油,乾燥,無缺陷,無障礙物,無遮蔽物,良好,行車管制號誌,正常,中央分向島,窄式無柵欄,車道線(無標記),快慢車道分隔線,無,車與車,追撞,其他,其他不當駕車行為,死亡1;受傷6,9,機車,普通重型,女,54,不明,不明,車的狀態,靜止(引擎熄火),機車與自行車,後車尾,NA,NA,其他,違規(臨時)停車,否,120.323483,22.668436
20231104,20231104,2023,11,084600,A1,高雄市政府警察局,高雄市三民區鼎力路267巷前0.0公尺,晴,有照明未開啟或故障,市區道路,50,單路部分,直路,路段,慢車道,柏油,乾燥,無缺陷,無障礙物,無遮蔽物,良好,行車管制號誌,正常,中央分向島,窄式無柵欄,車道線(無標記),快慢車道分隔線,無,車與車,追撞,其他,其他不當駕車行為,死亡1;受傷6,10,NA,NA,無或物(動物、堆置物),112,NA,NA,NA,NA,NA,NA,NA,NA,無(非車輛駕駛人因素),尚未發現肇事因素,否,120.323483,22.668436
20231104,20231104,2023,11,085200,A1,新竹市警察局,新竹市北區延平路一段與民富街口,晴,有照明未開啟或故障,市區道路,50,交岔路,四岔路,交叉路口,交叉路口內,柏油,乾燥,無缺陷,無障礙物,無遮蔽物,良好,行車管制號誌(附設行人專用號誌),正常,無,無分向設施,未繪設車道線,未繪設快慢車道分隔線,無,車與車,路口交岔撞,駕駛者,闖紅燈直行,死亡1;受傷1,1,小客車(含客、貨兩用),自用,男,74,不明,不明,車的狀態,向前直行中,汽車,左側車身,汽車,右前車頭(身),駕駛者,闖紅燈直行,否,120.957806,24.804065
20231104,20231104,2023,11,085200,A1,新竹市警察局,新竹市北區延平路一段與民富街口,晴,有照明未開啟或故障,市區道路,50,交岔路,四岔路,交叉路口,交叉路口內,柏油,乾燥,無缺陷,無障礙物,無遮蔽物,良好,行車管制號誌(附設行人專用號誌),正常,無,無分向設施,未繪設車道線,未繪設快慢車道分隔線,無,車與車,路口交岔撞,駕駛者,闖紅燈直行,死亡1;受傷1,2,機車,普通重型,男,18,戴半罩式安全帽,未使用,車的狀態,向前直行中,機車與自行車,前車頭,機車與自行車,前車頭,無(車輛駕駛者因素),尚未發現肇事因素,否,120.957806,24.804065