accident_date,發生日期,發生年度,發生月份,發生時間,事故類別名稱,處理單位名稱警局層,發生地點,天候名稱,光線名稱,道路類別-第1當事者-名稱,速限-第1當事者,道路型態大類別名稱,道路型態子類別名稱,事故位置大類別名稱,事故位置子類別名稱,路面狀況-路面鋪裝名稱,路面狀況-路面狀態名稱,路面狀況-路面缺陷名稱,道路障礙-障礙物名稱,道路障礙-視距品質名稱,道路障礙-視距名稱,號誌-號誌種類名稱,號誌-號誌動作名稱,車道劃分設施-分向設施大類別名稱,車道劃分設施-分向設施子類別名稱,車道劃分設施-分道設施-快車道或一般車道間名稱,車道劃分設施-分道設施-快慢車道間名稱,車道劃分設施-分道設施-路面邊線名稱,事故類型及型態大類別名稱,事故類型及型態子類別名稱,肇因研判大類別名稱-主要,肇因研判子類別名稱-主要,死亡受傷人數,當事者順位,當事者區分-類別-大類別名稱-車種,當事者區分-類別-子類別名稱-車種,當事者屬-性-別名稱,當事者事故發生時年齡,保護裝備名稱,行動電話或電腦或其他相類功能裝置名稱,當事者行動狀態大類別名稱,當事者行動狀態子類別名稱,車輛撞擊部位大類別名稱-最初,車輛撞擊部位子類別名稱-最初,車輛撞擊部位大類別名稱-其他,車輛撞擊部位子類別名稱-其他,肇因研判大類別名稱-個別,肇因研判子類別名稱-個別,肇事逃逸類別名稱-是否肇逃,經度,緯度
20231104,20231104,2023,11,085200,A1,新竹市警察局,新竹市北區延平路一段與民富街口,晴,有照明未開啟或故障,市區道路,50,交岔路,四岔路,交叉路口,交叉路口內,柏油,乾燥,無缺陷,無障礙物,無遮蔽物,良好,行車管制號誌(附設行人專用號誌),正常,無,無分向設施,未繪設車道線,未繪設快慢車道分隔線,無,車與車,路口交岔撞,駕駛者,闖紅燈直行,死亡1;受傷1,3,小客車(含客、貨兩用),自用,男,45,不明,不明,車的狀態,向前直行中,汽車,右前車頭(身),汽車,右前車頭(身),無(車輛駕駛者因素),尚未發現肇事因素,否,120.957806,24.804065
20231104,20231104,2023,11,085200,A1,新竹市警察局,新竹市北區延平路一段與民富街口,晴,有照明未開啟或故障,市區道路,50,交岔路,四岔路,交叉路口,交叉路口內,柏油,乾燥,無缺陷,無障礙物,無遮蔽物,良好,行車管制號誌(附設行人專用號誌),正常,無,無分向設施,未繪設車道線,未繪設快慢車道分隔線,無,車與車,路口交岔撞,駕駛者,闖紅燈直行,死亡1;受傷1,4,小客車(含客、貨兩用),自用,女,51,不明,未使用,車的狀態,靜止(引擎熄火),汽車,左前車頭(身),汽車,左前車頭(身),無(車輛駕駛者因素),尚未發現肇事因素,否,120.957806,24.804065
20231104,20231104,2023,11,095500,A1,彰化縣警察局,彰化縣大村鄉村上村中山路二段228號附近,晴,無照明,村里道路,60,交岔路,三岔路,交叉路口,交叉口附近,柏油,乾燥,無缺陷,無障礙物,無遮蔽物,良好,無號誌,無號誌,行車分向線,附標記,車道線(無標記),快慢車道分隔線,有,車與車,其他,駕駛者,右轉彎未依規定,死亡1;受傷0,1,小貨車(含客、貨兩用),自用,男,31,繫安全帶(使用幼童安全椅),未使用,車的狀態,右轉彎,汽車,右後車尾(身),NA,NA,駕駛者,右轉彎未依規定,否,120.565485,23.987172
20231104,20231104,2023,11,095500,A1,彰化縣警察局,彰化縣大村鄉村上村中山路二段228號附近,晴,無照明,村里道路,60,交岔路,三岔路,交叉路口,交叉口附近,柏油,乾燥,無缺陷,無障礙物,無遮蔽物,良好,無號誌,無號誌,行車分向線,附標記,車道線(無標記),快慢車道分隔線,有,車與車,其他,駕駛者,右轉彎未依規定,死亡1;受傷0,2,機車,普通重型,男,19,戴非半罩式安全帽,未使用,車的狀態,向前直行中,機車與自行車,前車頭,NA,NA,駕駛者,未保持行車安全距離,否,120.565485,23.987172
20231104,20231104,2023,11,115600,A1,臺中市政府警察局,臺中市太平區新福里旱溪東路一段600號前0.0公尺,晴,無照明,市區道路,50,單路部分,直路,路段,一般車道(未劃分快慢車道),柏油,乾燥,無缺陷,無障礙物,無遮蔽物,良好,無號誌,無號誌,雙向禁止超車線,無標記,未繪設車道線,未繪設快慢車道分隔線,無,車與車,追撞,駕駛者,觀看其他事故、活動、道路環境或車外資訊分心駕駛,死亡1;受傷0,1,機車,普通重型,男,34,戴半罩式安全帽,未使用,車的狀態,向前直行中,機車與自行車,前車頭,NA,NA,駕駛者,觀看其他事故、活動、道路環境或車外資訊分心駕駛,否,120.700873,24.147221
20231104,20231104,2023,11,115600,A1,臺中市政府警察局,臺中市太平區新福里旱溪東路一段600號前0.0公尺,晴,無照明,市區道路,50,單路部分,直路,路段,一般車道(未劃分快慢車道),柏油,乾燥,無缺陷,無障礙物,無遮蔽物,良好,無號誌,無號誌,雙向禁止超車線,無標記,未繪設車道線,未繪設快慢車道分隔線,無,車與車,追撞,駕駛者,觀看其他事故、活動、道路環境或車外資訊分心駕駛,死亡1;受傷0,2,小貨車(含客、貨兩用),自用,男,49,未戴安全帽或未繫安全帶(未使用幼童安全椅),未使用,車的狀態,靜止(引擎熄火),汽車,左後車尾(身),NA,NA,其他,違規(臨時)停車,否,120.700873,24.147221
20231104,20231104,2023,11,133508,A1,新竹縣政府警察局,新竹縣新埔鎮縣117線 18.5公里向機車優先道,晴,有照明未開啟或故障,縣道,40,單路部分,彎曲路及附近,路段,一般車道(未劃分快慢車道),柏油,乾燥,無缺陷,無障礙物,無遮蔽物,良好,無號誌,無號誌,雙向禁止超車線,附標記,車道線(無標記),未繪設快慢車道分隔線,有,車輛本身,路上翻車、摔倒,駕駛者,未依規定減速,死亡1;受傷0,1,機車,普通重型,男,23,戴半罩式安全帽,未使用,車的狀態,向前直行中,機車與自行車,右側車身,NA,NA,駕駛者,未依規定減速,否,121.017085,24.853325
20231104,20231104,2023,11,133508,A1,新竹縣政府警察局,新竹縣新埔鎮縣117線 18.5公里向機車優先道,晴,有照明未開啟或故障,縣道,40,單路部分,彎曲路及附近,路段,一般車道(未劃分快慢車道),柏油,乾燥,無缺陷,無障礙物,無遮蔽物,良好,無號誌,無號誌,雙向禁止超車線,附標記,車道線(無標記),未繪設快慢車道分隔線,有,車輛本身,路上翻車、摔倒,駕駛者,未依規定減速,死亡1;受傷0,2,NA,NA,無或物(動物、堆置物),-1,NA,NA,NA,NA,NA,NA,NA,NA,無(非車輛駕駛人因素),尚未發現肇事因素,否,121.017085,24.853325
20231104,20231104,2023,11,153800,A1,嘉義縣警察局,嘉義縣水上鄉忠和村165線4.7K,晴,無照明,縣道,50,單路部分,直路,路段,路肩、路緣,柏油,乾燥,無缺陷,無障礙物,無遮蔽物,良好,無號誌,無號誌,雙向禁止超車線,無標記,車道線(無標記),快慢車道分隔線,有,車與車,其他,駕駛者,乘客、車上動(生)物干擾分心駕駛,死亡1;受傷1,1,機車,普通重型,女,22,戴半罩式安全帽,未使用,車的狀態,向前直行中,機車與自行車,前車頭,NA,NA,駕駛者,乘客、車上動(生)物干擾分心駕駛,否,120.437466,23.417952
20231104,20231104,2023,11,153800,A1,嘉義縣警察局,嘉義縣水上鄉忠和村165線4.7K,晴,無照明,縣道,50,單路部分,直路,路段,路肩、路緣,柏油,乾燥,無缺陷,無障礙物,無遮蔽物,良好,無號誌,無號誌,雙向禁止超車線,無標記,車道線(無標記),快慢車道分隔線,有,車與車,其他,駕駛者,乘客、車上動(生)物干擾分心駕駛,死亡1;受傷1,2,小客車(含客、貨兩用),自用,女,54,繫安全帶(使用幼童安全椅),未使用,車的狀態,靜止(引擎熄火),汽車,後車尾,NA,NA,無(車輛駕駛者因素),尚未發現肇事因素,否,120.437466,23.417952
20231104,20231104,2023,11,153800,A1,嘉義縣警察局,嘉義縣水上鄉忠和村165線4.7K,晴,無照明,縣道,50,單路部分,直路,路段,路肩、路緣,柏油,乾燥,無缺陷,無障礙物,無遮蔽物,良好,無號誌,無號誌,雙向禁止超車線,無標記,車道線(無標記),快慢車道分隔線,有,車與車,其他,駕駛者,乘客、車上動(生)物干擾分心駕駛,死亡1;受傷1,3,人,乘客,男,3,未戴安全帽或未繫安全帶(未使用幼童安全椅),非駕駛人,人的狀態,其他,其他,非汽、機及自行車,NA,NA,無(非車輛駕駛人因素),尚未發現肇事因素,否,120.437466,23.417952
20231104,20231104,2023,11,160300,A1,臺東縣警察局,臺東縣臺東市富榮路(臺東市公所路燈編號450387旁),晴,無照明,市區道路,40,單路部分,直路,路段,路肩、路緣,柏油,乾燥,無缺陷,無障礙物,無遮蔽物,良好,無號誌,無號誌,行車分向線,無標記,未繪設車道線,快慢車道分隔線,有,車輛本身,撞電桿,其他,其他不當駕車行為,死亡1;受傷0,1,機車,普通重型,男,51,不明,不明,不明,不明,機車與自行車,前車頭,NA,NA,其他,其他不當駕車行為,否,121.051328,22.714584
20231104,20231104,2023,11,160300,A1,臺東縣警察局,臺東縣臺東市富榮路(臺東市公所路燈編號450387旁),晴,無照明,市區道路,40,單路部分,直路,路段,路肩、路緣,柏油,乾燥,無缺陷,無障礙物,無遮蔽物,良好,無號誌,無號誌,行車分向線,無標記,未繪設車道線,快慢車道分隔線,有,車輛本身,撞電桿,其他,其他不當駕車行為,死亡1;受傷0,2,NA,NA,無或物(動物、堆置物),-1,NA,NA,NA,NA,NA,NA,NA,NA,無(非車輛駕駛人因素),尚未發現肇事因素,否,121.051328,22.714584
20231104,20231104,2023,11,182210,A1,屏東縣政府警察局,屏東縣鹽埔鄉鹽中村光復路89號前路口,陰,有照明且開啟,村里道路,50,交岔路,四岔路,交叉路口,交叉路口內,柏油,乾燥,無缺陷,無障礙物,無遮蔽物,良好,行車管制號誌,正常,雙向禁止超車線,無標記,未繪設車道線,未繪設快慢車道分隔線,有,車與車,側撞,駕駛者,違反禁行車種標誌(字),死亡1;受傷0,1,曳引車,營業用,男,34,繫安全帶(使用幼童安全椅),未使用,車的狀態,右轉彎,汽車,右後車尾(身),NA,NA,駕駛者,違反禁行車種標誌(字),否,120.577998,22.75514
20231104,20231104,2023,11,182210,A1,屏東縣政府警察局,屏東縣鹽埔鄉鹽中村光復路89號前路口,陰,有照明且開啟,村里道路,50,交岔路,四岔路,交叉路口,交叉路口內,柏油,乾燥,無缺陷,無障礙物,無遮蔽物,良好,行車管制號誌,正常,雙向禁止超車線,無標記,未繪設車道線,未繪設快慢車道分隔線,有,車與車,側撞,駕駛者,違反禁行車種標誌(字),死亡1;受傷0,2,慢車,腳踏自行車,男,62,其他(無需使用保護裝備之人),未使用,車的狀態,向前直行中,機車與自行車,左側車身,NA,NA,無(車輛駕駛者因素),尚未發現肇事因素,否,120.577998,22.75514
20231105,20231105,2023,11,124300,A1,桃園市政府警察局,桃園市觀音區福山路三段口 / 桃園市觀音區塔腳二路附近,晴,有照明未開啟或故障,市區道路,50,單路部分,彎曲路及附近,路段,一般車道(未劃分快慢車道),柏油,乾燥,無缺陷,無障礙物,無遮蔽物,良好,無號誌,無號誌,行車分向線,無標記,車道線(無標記),未繪設快慢車道分隔線,有,車輛本身,撞電桿,駕駛者,恍神、緊張、心不在焉分心駕駛,死亡1;受傷0,1,機車,普通重型,女,72,戴非半罩式安全帽,未使用,車的狀態,向前直行中,機車與自行車,前車頭,NA,NA,駕駛者,恍神、緊張、心不在焉分心駕駛,否,121.149606,25.035484
20231105,20231105,2023,11,124300,A1,桃園市政府警察局,桃園市觀音區福山路三段口 / 桃園市觀音區塔腳二路附近,晴,有照明未開啟或故障,市區道路,50,單路部分,彎曲路及附近,路段,一般車道(未劃分快慢車道),柏油,乾燥,無缺陷,無障礙物,無遮蔽物,良好,無號誌,無號誌,行車分向線,無標記,車道線(無標記),未繪設快慢車道分隔線,有,車輛本身,撞電桿,駕駛者,恍神、緊張、心不在焉分心駕駛,死亡1;受傷0,2,NA,NA,無或物(動物、堆置物),-1,NA,NA,NA,NA,NA,NA,NA,NA,無(非車輛駕駛人因素),尚未發現肇事因素,否,121.149606,25.035484
20231105,20231105,2023,11,151200,A1,宜蘭縣政府警察局,宜蘭縣大同鄉宜專1線5.3公里,晴,無照明,專用道路,25,單路部分,彎曲路及附近,路段,一般車道(未劃分快慢車道),柏油,乾燥,無缺陷,無障礙物,無遮蔽物,良好,無號誌,無號誌,行車分向線,附標記,車道線(附標記),未繪設快慢車道分隔線,無,車輛本身,撞護欄(樁),機件,煞車失靈或故障,死亡1;受傷40,1,大客車,遊覽車,男,48,繫安全帶(使用幼童安全椅),未使用,車的狀態,向前直行中,汽車,左前車頭(身),NA,NA,機件,煞車失靈或故障,否,121.511627,24.538204
20231105,20231105,2023,11,151200,A1,宜蘭縣政府警察局,宜蘭縣大同鄉宜專1線5.3公里,晴,無照明,專用道路,25,單路部分,彎曲路及附近,路段,一般車道(未劃分快慢車道),柏油,乾燥,無缺陷,無障礙物,無遮蔽物,良好,無號誌,無號誌,行車分向線,附標記,車道線(附標記),未繪設快慢車道分隔線,無,車輛本身,撞護欄(樁),機件,煞車失靈或故障,死亡1;受傷40,2,NA,NA,無或物(動物、堆置物),-1,NA,NA,NA,NA,NA,NA,NA,NA,無(非車輛駕駛人因素),尚未發現肇事因素,否,121.511627,24.538204
20231105,20231105,2023,11,151200,A1,宜蘭縣政府警察局,宜蘭縣大同鄉宜專1線5.3公里,晴,無照明,專用道路,25,單路部分,彎曲路及附近,路段,一般車道(未劃分快慢車道),柏油,乾燥,無缺陷,無障礙物,無遮蔽物,良好,無號誌,無號誌,行車分向線,附標記,車道線(附標記),未繪設快慢車道分隔線,無,車輛本身,撞護欄(樁),機件,煞車失靈或故障,死亡1;受傷40,3,人,乘客,男,70,不明,非駕駛人,人的狀態,其他,其他,非汽、機及自行車,NA,NA,無(非車輛駕駛人因素),尚未發現肇事因素,否,121.511627,24.538204
20231105,20231105,2023,11,151200,A1,宜蘭縣政府警察局,宜蘭縣大同鄉宜專1線5.3公里,晴,無照明,專用道路,25,單路部分,彎曲路及附近,路段,一般車道(未劃分快慢車道),柏油,乾燥,無缺陷,無障礙物,無遮蔽物,良好,無號誌,無號誌,行車分向線,附標記,車道線(附標記),未繪設快慢車道分隔線,無,車輛本身,撞護欄(樁),機件,煞車失靈或故障,死亡1;受傷40,4,人,乘客,女,69,不明,非駕駛人,人的狀態,其他,其他,非汽、機及自行車,NA,NA,無(非車輛駕駛人因素),尚未發現肇事因素,否,121.511627,24.538204
20231105,20231105,2023,11,151200,A1,宜蘭縣政府警察局,宜蘭縣大同鄉宜專1線5.3公里,晴,無照明,專用道路,25,單路部分,彎曲路及附近,路段,一般車道(未劃分快慢車道),柏油,乾燥,無缺陷,無障礙物,無遮蔽物,良好,無號誌,無號誌,行車分向線,附標記,車道線(附標記),未繪設快慢車道分隔線,無,車輛本身,撞護欄(樁),機件,煞車失靈或故障,死亡1;受傷40,5,人,乘客,男,62,不明,非駕駛人,人的狀態,其他,其他,非汽、機及自行車,NA,NA,無(非車輛駕駛人因素),尚未發現肇事因素,否,121.511627,24.538204
20231105,20231105,2023,11,151200,A1,宜蘭縣政府警察局,宜蘭縣大同鄉宜專1線5.3公里,晴,無照明,專用道路,25,單路部分,彎曲路及附近,路段,一般車道(未劃分快慢車道),柏油,乾燥,無缺陷,無障礙物,無遮蔽物,良好,無號誌,無號誌,行車分向線,附標記,車道線(附標記),未繪設快慢車道分隔線,無,車輛本身,撞護欄(樁),機件,煞車失靈或故障,死亡1;受傷40,6,人,乘客,女,61,不明,非駕駛人,人的狀態,其他,其他,非汽、機及自行車,NA,NA,無(非車輛駕駛人因素),尚未發現肇事因素,否,121.511627,24.538204
20231105,20231105,2023,11,151200,A1,宜蘭縣政府警察局,宜蘭縣大同鄉宜專1線5.3公里,晴,無照明,專用道路,25,單路部分,彎曲路及附近,路段,一般車道(未劃分快慢車道),柏油,乾燥,無缺陷,無障礙物,無遮蔽物,良好,無號誌,無號誌,行車分向線,附標記,車道線(附標記),未繪設快慢車道分隔線,無,車輛本身,撞護欄(樁),機件,煞車失靈或故障,死亡1;受傷40,7,人,乘客,女,57,不明,非駕駛人,人的狀態,其他,其他,非汽、機及自行車,NA,NA,無(非車輛駕駛人因素),尚未發現肇事因素,否,121.511627,24.538204
20231105,20231105,2023,11,151200,A1,宜蘭縣政府警察局,宜蘭縣大同鄉宜專1線5.3公里,晴,無照明,專用道路,25,單路部分,彎曲路及附近,路段,一般車道(未劃分快慢車道),柏油,乾燥,無缺陷,無障礙物,無遮蔽物,良好,無號誌,無號誌,行車分向線,附標記,車道線(附標記),未繪設快慢車道分隔線,無,車輛本身,撞護欄(樁),機件,煞車失靈或故障,死亡1;受傷40,8,人,乘客,男,67,不明,非駕駛人,人的狀態,其他,其他,非汽、機及自行車,NA,NA,無(非車輛駕駛人因素),尚未發現肇事因素,否,121.511627,24.538204
20231105,20231105,2023,11,151200,A1,宜蘭縣政府警察局,宜蘭縣大同鄉宜專1線5.3公里,晴,無照明,專用道路,25,單路部分,彎曲路及附近,路段,一般車道(未劃分快慢車道),柏油,乾燥,無缺陷,無障礙物,無遮蔽物,良好,無號誌,無號誌,行車分向線,附標記,車道線(附標記),未繪設快慢車道分隔線,無,車輛本身,撞護欄(樁),機件,煞車失靈或故障,死亡1;受傷40,9,人,乘客,女,65,不明,非駕駛人,人的狀態,其他,其他,非汽、機及自行車,NA,NA,無(非車輛駕駛人因素),尚未發現肇事因素,是,121.511627,24.538204
20231105,20231105,2023,11,151200,A1,宜蘭縣政府警察局,宜蘭縣大同鄉宜專1線5.3公里,晴,無照明,專用道路,25,單路部分,彎曲路及附近,路段,一般車道(未劃分快慢車道),柏油,乾燥,無缺陷,無障礙物,無遮蔽物,良好,無號誌,無號誌,行車分向線,附標記,車道線(附標記),未繪設快慢車道分隔線,無,車輛本身,撞護欄(樁),機件,煞車失靈或故障,死亡1;受傷40,10,人,乘客,男,72,不明,非駕駛人,人的狀態,其他,其他,非汽、機及自行車,NA,NA,無(非車輛駕駛人因素),尚未發現肇事因素,是,121.511627,24.538204
20231105,20231105,2023,11,151200,A1,宜蘭縣政府警察局,宜蘭縣大同鄉宜專1線5.3公里,晴,無照明,專用道路,25,單路部分,彎曲路及附近,路段,一般車道(未劃分快慢車道),柏油,乾燥,無缺陷,無障礙物,無遮蔽物,良好,無號誌,無號誌,行車分向線,附標記,車道線(附標記),未繪設快慢車道分隔線,無,車輛本身,撞護欄(樁),機件,煞車失靈或故障,死亡1;受傷40,11,人,乘客,女,71,不明,非駕駛人,人的狀態,其他,其他,非汽、機及自行車,NA,NA,無(非車輛駕駛人因素),尚未發現肇事因素,是,121.511627,24.538204
20231105,20231105,2023,11,151200,A1,宜蘭縣政府警察局,宜蘭縣大同鄉宜專1線5.3公里,晴,無照明,專用道路,25,單路部分,彎曲路及附近,路段,一般車道(未劃分快慢車道),柏油,乾燥,無缺陷,無障礙物,無遮蔽物,良好,無號誌,無號誌,行車分向線,附標記,車道線(附標記),未繪設快慢車道分隔線,無,車輛本身,撞護欄(樁),機件,煞車失靈或故障,死亡1;受傷40,12,人,乘客,男,66,不明,非駕駛人,人的狀態,其他,其他,非汽、機及自行車,NA,NA,無(非車輛駕駛人因素),尚未發現肇事因素,是,121.511627,24.538204
20231105,20231105,2023,11,151200,A1,宜蘭縣政府警察局,宜蘭縣大同鄉宜專1線5.3公里,晴,無照明,專用道路,25,單路部分,彎曲路及附近,路段,一般車道(未劃分快慢車道),柏油,乾燥,無缺陷,無障礙物,無遮蔽物,良好,無號誌,無號誌,行車分向線,附標記,車道線(附標記),未繪設快慢車道分隔線,無,車輛本身,撞護欄(樁),機件,煞車失靈或故障,死亡1;受傷40,13,人,乘客,男,81,不明,非駕駛人,人的狀態,其他,其他,非汽、機及自行車,NA,NA,無(非車輛駕駛人因素),尚未發現肇事因素,否,121.511627,24.538204
20231105,20231105,2023,11,151200,A1,宜蘭縣政府警察局,宜蘭縣大同鄉宜專1線5.3公里,晴,無照明,專用道路,25,單路部分,彎曲路及附近,路段,一般車道(未劃分快慢車道),柏油,乾燥,無缺陷,無障礙物,無遮蔽物,良好,無號誌,無號誌,行車分向線,附標記,車道線(附標記),未繪設快慢車道分隔線,無,車輛本身,撞護欄(樁),機件,煞車失靈或故障,死亡1;受傷40,14,人,乘客,男,70,不明,非駕駛人,人的狀態,其他,其他,非汽、機及自行車,NA,NA,無(非車輛駕駛人因素),尚未發現肇事因素,否,121.511627,24.538204
20231105,20231105,2023,11,151200,A1,宜蘭縣政府警察局,宜蘭縣大同鄉宜專1線5.3公里,晴,無照明,專用道路,25,單路部分,彎曲路及附近,路段,一般車道(未劃分快慢車道),柏油,乾燥,無缺陷,無障礙物,無遮蔽物,良好,無號誌,無號誌,行車分向線,附標記,車道線(附標記),未繪設快慢車道分隔線,無,車輛本身,撞護欄(樁),機件,煞車失靈或故障,死亡1;受傷40,15,人,乘客,女,62,不明,非駕駛人,人的狀態,其他,其他,非汽、機及自行車,NA,NA,無(非車輛駕駛人因素),尚未發現肇事因素,否,121.511627,24.538204
20231105,20231105,2023,11,151200,A1,宜蘭縣政府警察局,宜蘭縣大同鄉宜專1線5.3公里,晴,無照明,專用道路,25,單路部分,彎曲路及附近,路段,一般車道(未劃分快慢車道),柏油,乾燥,無缺陷,無障礙物,無遮蔽物,良好,無號誌,無號誌,行車分向線,附標記,車道線(附標記),未繪設快慢車道分隔線,無,車輛本身,撞護欄(樁),機件,煞車失靈或故障,死亡1;受傷40,16,人,乘客,男,64,不明,非駕駛人,人的狀態,其他,其他,非汽、機及自行車,NA,NA,無(非車輛駕駛人因素),尚未發現肇事因素,否,121.511627,24.538204
20231105,20231105,2023,11,151200,A1,宜蘭縣政府警察局,宜蘭縣大同鄉宜專1線5.3公里,晴,無照明,專用道路,25,單路部分,彎曲路及附近,路段,一般車道(未劃分快慢車道),柏油,乾燥,無缺陷,無障礙物,無遮蔽物,良好,無號誌,無號誌,行車分向線,附標記,車道線(附標記),未繪設快慢車道分隔線,無,車輛本身,撞護欄(樁),機件,煞車失靈或故障,死亡1;受傷40,17,人,乘客,男,66,不明,非駕駛人,人的狀態,其他,其他,非汽、機及自行車,NA,NA,無(非車輛駕駛人因素),尚未發現肇事因素,否,121.511627,24.538204
20231105,20231105,2023,11,151200,A1,宜蘭縣政府警察局,宜蘭縣大同鄉宜專1線5.3公里,晴,無照明,專用道路,25,單路部分,彎曲路及附近,路段,一般車道(未劃分快慢車道),柏油,乾燥,無缺陷,無障礙物,無遮蔽物,良好,無號誌,無號誌,行車分向線,附標記,車道線(附標記),未繪設快慢車道分隔線,無,車輛本身,撞護欄(樁),機件,煞車失靈或故障,死亡1;受傷40,18,人,乘客,女,58,不明,非駕駛人,人的狀態,其他,其他,非汽、機及自行車,NA,NA,無(非車輛駕駛人因素),尚未發現肇事因素,否,121.511627,24.538204
20231105,20231105,2023,11,151200,A1,宜蘭縣政府警察局,宜蘭縣大同鄉宜專1線5.3公里,晴,無照明,專用道路,25,單路部分,彎曲路及附近,路段,一般車道(未劃分快慢車道),柏油,乾燥,無缺陷,無障礙物,無遮蔽物,良好,無號誌,無號誌,行車分向線,附標記,車道線(附標記),未繪設快慢車道分隔線,無,車輛本身,撞護欄(樁),機件,煞車失靈或故障,死亡1;受傷40,19,人,乘客,女,67,不明,非駕駛人,人的狀態,其他,其他,非汽、機及自行車,NA,NA,無(非車輛駕駛人因素),尚未發現肇事因素,否,121.511627,24.538204
20231105,20231105,2023,11,151200,A1,宜蘭縣政府警察局,宜蘭縣大同鄉宜專1線5.3公里,晴,無照明,專用道路,25,單路部分,彎曲路及附近,路段,一般車道(未劃分快慢車道),柏油,乾燥,無缺陷,無障礙物,無遮蔽物,良好,無號誌,無號誌,行車分向線,附標記,車道線(附標記),未繪設快慢車道分隔線,無,車輛本身,撞護欄(樁),機件,煞車失靈或故障,死亡1;受傷40,20,人,乘客,女,64,不明,非駕駛人,人的狀態,其他,其他,非汽、機及自行車,NA,NA,無(非車輛駕駛人因素),尚未發現肇事因素,否,121.511627,24.538204
20231105,20231105,2023,11,151200,A1,宜蘭縣政府警察局,宜蘭縣大同鄉宜專1線5.3公里,晴,無照明,專用道路,25,單路部分,彎曲路及附近,路段,一般車道(未劃分快慢車道),柏油,乾燥,無缺陷,無障礙物,無遮蔽物,良好,無號誌,無號誌,行車分向線,附標記,車道線(附標記),未繪設快慢車道分隔線,無,車輛本身,撞護欄(樁),機件,煞車失靈或故障,死亡1;受傷40,21,人,乘客,女,69,不明,非駕駛人,人的狀態,其他,其他,非汽、機及自行車,NA,NA,無(非車輛駕駛人因素),尚未發現肇事因素,否,121.511627,24.538204
20231105,20231105,2023,11,151200,A1,宜蘭縣政府警察局,宜蘭縣大同鄉宜專1線5.3公里,晴,無照明,專用道路,25,單路部分,彎曲路及附近,路段,一般車道(未劃分快慢車道),柏油,乾燥,無缺陷,無障礙物,無遮蔽物,良好,無號誌,無號誌,行車分向線,附標記,車道線(附標記),未繪設快慢車道分隔線,無,車輛本身,撞護欄(樁),機件,煞車失靈或故障,死亡1;受傷40,22,人,乘客,女,68,不明,非駕駛人,人的狀態,其他,其他,非汽、機及自行車,NA,NA,無(非車輛駕駛人因素),尚未發現肇事因素,否,121.511627,24.538204
20231105,20231105,2023,11,151200,A1,宜蘭縣政府警察局,宜蘭縣大同鄉宜專1線5.3公里,晴,無照明,專用道路,25,單路部分,彎曲路及附近,路段,一般車道(未劃分快慢車道),柏油,乾燥,無缺陷,無障礙物,無遮蔽物,良好,無號誌,無號誌,行車分向線,附標記,車道線(附標記),未繪設快慢車道分隔線,無,車輛本身,撞護欄(樁),機件,煞車失靈或故障,死亡1;受傷40,23,人,乘客,女,70,不明,非駕駛人,人的狀態,其他,其他,非汽、機及自行車,NA,NA,無(非車輛駕駛人因素),尚未發現肇事因素,否,121.511627,24.538204
20231105,20231105,2023,11,151200,A1,宜蘭縣政府警察局,宜蘭縣大同鄉宜專1線5.3公里,晴,無照明,專用道路,25,單路部分,彎曲路及附近,路段,一般車道(未劃分快慢車道),柏油,乾燥,無缺陷,無障礙物,無遮蔽物,良好,無號誌,無號誌,行車分向線,附標記,車道線(附標記),未繪設快慢車道分隔線,無,車輛本身,撞護欄(樁),機件,煞車失靈或故障,死亡1;受傷40,24,人,乘客,男,67,不明,非駕駛人,人的狀態,其他,其他,非汽、機及自行車,NA,NA,無(非車輛駕駛人因素),尚未發現肇事因素,否,121.511627,24.538204
20231105,20231105,2023,11,151200,A1,宜蘭縣政府警察局,宜蘭縣大同鄉宜專1線5.3公里,晴,無照明,專用道路,25,單路部分,彎曲路及附近,路段,一般車道(未劃分快慢車道),柏油,乾燥,無缺陷,無障礙物,無遮蔽物,良好,無號誌,無號誌,行車分向線,附標記,車道線(附標記),未繪設快慢車道分隔線,無,車輛本身,撞護欄(樁),機件,煞車失靈或故障,死亡1;受傷40,25,人,乘客,男,73,不明,非駕駛人,人的狀態,其他,其他,非汽、機及自行車,NA,NA,無(非車輛駕駛人因素),尚未發現肇事因素,否,121.511627,24.538204
20231105,20231105,2023,11,151200,A1,宜蘭縣政府警察局,宜蘭縣大同鄉宜專1線5.3公里,晴,無照明,專用道路,25,單路部分,彎曲路及附近,路段,一般車道(未劃分快慢車道),柏油,乾燥,無缺陷,無障礙物,無遮蔽物,良好,無號誌,無號誌,行車分向線,附標記,車道線(附標記),未繪設快慢車道分隔線,無,車輛本身,撞護欄(樁),機件,煞車失靈或故障,死亡1;受傷40,26,人,乘客,女,80,不明,非駕駛人,人的狀態,其他,其他,非汽、機及自行車,NA,NA,無(非車輛駕駛人因素),尚未發現肇事因素,否,121.511627,24.538204