accident_date,發生日期,發生年度,發生月份,發生時間,事故類別名稱,處理單位名稱警局層,發生地點,天候名稱,光線名稱,道路類別-第1當事者-名稱,速限-第1當事者,道路型態大類別名稱,道路型態子類別名稱,事故位置大類別名稱,事故位置子類別名稱,路面狀況-路面鋪裝名稱,路面狀況-路面狀態名稱,路面狀況-路面缺陷名稱,道路障礙-障礙物名稱,道路障礙-視距品質名稱,道路障礙-視距名稱,號誌-號誌種類名稱,號誌-號誌動作名稱,車道劃分設施-分向設施大類別名稱,車道劃分設施-分向設施子類別名稱,車道劃分設施-分道設施-快車道或一般車道間名稱,車道劃分設施-分道設施-快慢車道間名稱,車道劃分設施-分道設施-路面邊線名稱,事故類型及型態大類別名稱,事故類型及型態子類別名稱,肇因研判大類別名稱-主要,肇因研判子類別名稱-主要,死亡受傷人數,當事者順位,當事者區分-類別-大類別名稱-車種,當事者區分-類別-子類別名稱-車種,當事者屬-性-別名稱,當事者事故發生時年齡,保護裝備名稱,行動電話或電腦或其他相類功能裝置名稱,當事者行動狀態大類別名稱,當事者行動狀態子類別名稱,車輛撞擊部位大類別名稱-最初,車輛撞擊部位子類別名稱-最初,車輛撞擊部位大類別名稱-其他,車輛撞擊部位子類別名稱-其他,肇因研判大類別名稱-個別,肇因研判子類別名稱-個別,肇事逃逸類別名稱-是否肇逃,經度,緯度
20231105,20231105,2023,11,151200,A1,宜蘭縣政府警察局,宜蘭縣大同鄉宜專1線5.3公里,晴,無照明,專用道路,25,單路部分,彎曲路及附近,路段,一般車道(未劃分快慢車道),柏油,乾燥,無缺陷,無障礙物,無遮蔽物,良好,無號誌,無號誌,行車分向線,附標記,車道線(附標記),未繪設快慢車道分隔線,無,車輛本身,撞護欄(樁),機件,煞車失靈或故障,死亡1;受傷40,27,人,乘客,女,51,不明,非駕駛人,人的狀態,其他,其他,非汽、機及自行車,NA,NA,無(非車輛駕駛人因素),尚未發現肇事因素,否,121.511627,24.538204
20231105,20231105,2023,11,151200,A1,宜蘭縣政府警察局,宜蘭縣大同鄉宜專1線5.3公里,晴,無照明,專用道路,25,單路部分,彎曲路及附近,路段,一般車道(未劃分快慢車道),柏油,乾燥,無缺陷,無障礙物,無遮蔽物,良好,無號誌,無號誌,行車分向線,附標記,車道線(附標記),未繪設快慢車道分隔線,無,車輛本身,撞護欄(樁),機件,煞車失靈或故障,死亡1;受傷40,28,人,乘客,男,69,不明,非駕駛人,人的狀態,其他,其他,非汽、機及自行車,NA,NA,無(非車輛駕駛人因素),尚未發現肇事因素,否,121.511627,24.538204
20231105,20231105,2023,11,151200,A1,宜蘭縣政府警察局,宜蘭縣大同鄉宜專1線5.3公里,晴,無照明,專用道路,25,單路部分,彎曲路及附近,路段,一般車道(未劃分快慢車道),柏油,乾燥,無缺陷,無障礙物,無遮蔽物,良好,無號誌,無號誌,行車分向線,附標記,車道線(附標記),未繪設快慢車道分隔線,無,車輛本身,撞護欄(樁),機件,煞車失靈或故障,死亡1;受傷40,29,人,乘客,女,65,不明,非駕駛人,人的狀態,其他,其他,非汽、機及自行車,NA,NA,無(非車輛駕駛人因素),尚未發現肇事因素,否,121.511627,24.538204
20231105,20231105,2023,11,151200,A1,宜蘭縣政府警察局,宜蘭縣大同鄉宜專1線5.3公里,晴,無照明,專用道路,25,單路部分,彎曲路及附近,路段,一般車道(未劃分快慢車道),柏油,乾燥,無缺陷,無障礙物,無遮蔽物,良好,無號誌,無號誌,行車分向線,附標記,車道線(附標記),未繪設快慢車道分隔線,無,車輛本身,撞護欄(樁),機件,煞車失靈或故障,死亡1;受傷40,30,人,乘客,男,66,不明,非駕駛人,人的狀態,其他,其他,非汽、機及自行車,NA,NA,無(非車輛駕駛人因素),尚未發現肇事因素,否,121.511627,24.538204
20231105,20231105,2023,11,151200,A1,宜蘭縣政府警察局,宜蘭縣大同鄉宜專1線5.3公里,晴,無照明,專用道路,25,單路部分,彎曲路及附近,路段,一般車道(未劃分快慢車道),柏油,乾燥,無缺陷,無障礙物,無遮蔽物,良好,無號誌,無號誌,行車分向線,附標記,車道線(附標記),未繪設快慢車道分隔線,無,車輛本身,撞護欄(樁),機件,煞車失靈或故障,死亡1;受傷40,31,人,乘客,女,66,不明,非駕駛人,人的狀態,其他,其他,非汽、機及自行車,NA,NA,無(非車輛駕駛人因素),尚未發現肇事因素,否,121.511627,24.538204
20231105,20231105,2023,11,151200,A1,宜蘭縣政府警察局,宜蘭縣大同鄉宜專1線5.3公里,晴,無照明,專用道路,25,單路部分,彎曲路及附近,路段,一般車道(未劃分快慢車道),柏油,乾燥,無缺陷,無障礙物,無遮蔽物,良好,無號誌,無號誌,行車分向線,附標記,車道線(附標記),未繪設快慢車道分隔線,無,車輛本身,撞護欄(樁),機件,煞車失靈或故障,死亡1;受傷40,32,人,乘客,男,70,不明,非駕駛人,人的狀態,其他,其他,非汽、機及自行車,NA,NA,無(非車輛駕駛人因素),尚未發現肇事因素,否,121.511627,24.538204
20231105,20231105,2023,11,151200,A1,宜蘭縣政府警察局,宜蘭縣大同鄉宜專1線5.3公里,晴,無照明,專用道路,25,單路部分,彎曲路及附近,路段,一般車道(未劃分快慢車道),柏油,乾燥,無缺陷,無障礙物,無遮蔽物,良好,無號誌,無號誌,行車分向線,附標記,車道線(附標記),未繪設快慢車道分隔線,無,車輛本身,撞護欄(樁),機件,煞車失靈或故障,死亡1;受傷40,33,人,乘客,女,71,不明,非駕駛人,人的狀態,其他,其他,非汽、機及自行車,NA,NA,無(非車輛駕駛人因素),尚未發現肇事因素,否,121.511627,24.538204
20231105,20231105,2023,11,151200,A1,宜蘭縣政府警察局,宜蘭縣大同鄉宜專1線5.3公里,晴,無照明,專用道路,25,單路部分,彎曲路及附近,路段,一般車道(未劃分快慢車道),柏油,乾燥,無缺陷,無障礙物,無遮蔽物,良好,無號誌,無號誌,行車分向線,附標記,車道線(附標記),未繪設快慢車道分隔線,無,車輛本身,撞護欄(樁),機件,煞車失靈或故障,死亡1;受傷40,34,人,乘客,女,87,不明,非駕駛人,人的狀態,其他,其他,非汽、機及自行車,NA,NA,無(非車輛駕駛人因素),尚未發現肇事因素,否,121.511627,24.538204
20231105,20231105,2023,11,151200,A1,宜蘭縣政府警察局,宜蘭縣大同鄉宜專1線5.3公里,晴,無照明,專用道路,25,單路部分,彎曲路及附近,路段,一般車道(未劃分快慢車道),柏油,乾燥,無缺陷,無障礙物,無遮蔽物,良好,無號誌,無號誌,行車分向線,附標記,車道線(附標記),未繪設快慢車道分隔線,無,車輛本身,撞護欄(樁),機件,煞車失靈或故障,死亡1;受傷40,35,人,乘客,女,60,不明,非駕駛人,人的狀態,其他,其他,非汽、機及自行車,NA,NA,無(非車輛駕駛人因素),尚未發現肇事因素,否,121.511627,24.538204
20231105,20231105,2023,11,151200,A1,宜蘭縣政府警察局,宜蘭縣大同鄉宜專1線5.3公里,晴,無照明,專用道路,25,單路部分,彎曲路及附近,路段,一般車道(未劃分快慢車道),柏油,乾燥,無缺陷,無障礙物,無遮蔽物,良好,無號誌,無號誌,行車分向線,附標記,車道線(附標記),未繪設快慢車道分隔線,無,車輛本身,撞護欄(樁),機件,煞車失靈或故障,死亡1;受傷40,36,人,乘客,男,78,不明,非駕駛人,人的狀態,其他,其他,非汽、機及自行車,NA,NA,無(非車輛駕駛人因素),尚未發現肇事因素,否,121.511627,24.538204
20231105,20231105,2023,11,151200,A1,宜蘭縣政府警察局,宜蘭縣大同鄉宜專1線5.3公里,晴,無照明,專用道路,25,單路部分,彎曲路及附近,路段,一般車道(未劃分快慢車道),柏油,乾燥,無缺陷,無障礙物,無遮蔽物,良好,無號誌,無號誌,行車分向線,附標記,車道線(附標記),未繪設快慢車道分隔線,無,車輛本身,撞護欄(樁),機件,煞車失靈或故障,死亡1;受傷40,37,人,乘客,女,75,不明,非駕駛人,人的狀態,其他,其他,非汽、機及自行車,NA,NA,無(非車輛駕駛人因素),尚未發現肇事因素,否,121.511627,24.538204
20231105,20231105,2023,11,151200,A1,宜蘭縣政府警察局,宜蘭縣大同鄉宜專1線5.3公里,晴,無照明,專用道路,25,單路部分,彎曲路及附近,路段,一般車道(未劃分快慢車道),柏油,乾燥,無缺陷,無障礙物,無遮蔽物,良好,無號誌,無號誌,行車分向線,附標記,車道線(附標記),未繪設快慢車道分隔線,無,車輛本身,撞護欄(樁),機件,煞車失靈或故障,死亡1;受傷40,38,人,乘客,男,66,不明,非駕駛人,人的狀態,其他,其他,非汽、機及自行車,NA,NA,無(非車輛駕駛人因素),尚未發現肇事因素,否,121.511627,24.538204
20231105,20231105,2023,11,151200,A1,宜蘭縣政府警察局,宜蘭縣大同鄉宜專1線5.3公里,晴,無照明,專用道路,25,單路部分,彎曲路及附近,路段,一般車道(未劃分快慢車道),柏油,乾燥,無缺陷,無障礙物,無遮蔽物,良好,無號誌,無號誌,行車分向線,附標記,車道線(附標記),未繪設快慢車道分隔線,無,車輛本身,撞護欄(樁),機件,煞車失靈或故障,死亡1;受傷40,39,人,乘客,女,65,不明,非駕駛人,人的狀態,其他,其他,非汽、機及自行車,NA,NA,無(非車輛駕駛人因素),尚未發現肇事因素,否,121.511627,24.538204
20231105,20231105,2023,11,151200,A1,宜蘭縣政府警察局,宜蘭縣大同鄉宜專1線5.3公里,晴,無照明,專用道路,25,單路部分,彎曲路及附近,路段,一般車道(未劃分快慢車道),柏油,乾燥,無缺陷,無障礙物,無遮蔽物,良好,無號誌,無號誌,行車分向線,附標記,車道線(附標記),未繪設快慢車道分隔線,無,車輛本身,撞護欄(樁),機件,煞車失靈或故障,死亡1;受傷40,40,人,乘客,男,64,不明,非駕駛人,人的狀態,其他,其他,非汽、機及自行車,NA,NA,無(非車輛駕駛人因素),尚未發現肇事因素,否,121.511627,24.538204
20231105,20231105,2023,11,151200,A1,宜蘭縣政府警察局,宜蘭縣大同鄉宜專1線5.3公里,晴,無照明,專用道路,25,單路部分,彎曲路及附近,路段,一般車道(未劃分快慢車道),柏油,乾燥,無缺陷,無障礙物,無遮蔽物,良好,無號誌,無號誌,行車分向線,附標記,車道線(附標記),未繪設快慢車道分隔線,無,車輛本身,撞護欄(樁),機件,煞車失靈或故障,死亡1;受傷40,41,人,乘客,女,60,不明,非駕駛人,人的狀態,其他,其他,非汽、機及自行車,NA,NA,無(非車輛駕駛人因素),尚未發現肇事因素,否,121.511627,24.538204
20231105,20231105,2023,11,151200,A1,宜蘭縣政府警察局,宜蘭縣大同鄉宜專1線5.3公里,晴,無照明,專用道路,25,單路部分,彎曲路及附近,路段,一般車道(未劃分快慢車道),柏油,乾燥,無缺陷,無障礙物,無遮蔽物,良好,無號誌,無號誌,行車分向線,附標記,車道線(附標記),未繪設快慢車道分隔線,無,車輛本身,撞護欄(樁),機件,煞車失靈或故障,死亡1;受傷40,42,人,乘客,男,68,不明,非駕駛人,人的狀態,其他,其他,非汽、機及自行車,NA,NA,無(非車輛駕駛人因素),尚未發現肇事因素,否,121.511627,24.538204
20231106,20231106,2023,11,024032,A1,雲林縣警察局,雲林縣東勢鄉同安村縣道158甲線(近電桿同安129K0748ED99),晴,無照明,縣道,50,單路部分,直路,路段,一般車道(未劃分快慢車道),柏油,乾燥,無缺陷,無障礙物,無遮蔽物,良好,無號誌,無號誌,行車分向線,無標記,未繪設車道線,未繪設快慢車道分隔線,有,車輛本身,路上翻車、摔倒,其他,其他不當駕車行為,死亡1;受傷0,1,機車,普通重型,女,24,戴非半罩式安全帽,不明,車的狀態,向前直行中,機車與自行車,右側車身,機車與自行車,右側車身,其他,其他不當駕車行為,否,120.260437,23.678967
20231106,20231106,2023,11,024032,A1,雲林縣警察局,雲林縣東勢鄉同安村縣道158甲線(近電桿同安129K0748ED99),晴,無照明,縣道,50,單路部分,直路,路段,一般車道(未劃分快慢車道),柏油,乾燥,無缺陷,無障礙物,無遮蔽物,良好,無號誌,無號誌,行車分向線,無標記,未繪設車道線,未繪設快慢車道分隔線,有,車輛本身,路上翻車、摔倒,其他,其他不當駕車行為,死亡1;受傷0,2,NA,NA,無或物(動物、堆置物),-1,NA,NA,NA,NA,NA,NA,NA,NA,無(非車輛駕駛人因素),尚未發現肇事因素,否,120.260437,23.678967
20231106,20231106,2023,11,123106,A1,花蓮縣警察局,花蓮縣鳳林鎮台9線 217公里100.0公尺處,晴,有照明未開啟或故障,省道,70,單路部分,橋樑,路段,交通島(含槽化線),柏油,乾燥,無缺陷,無障礙物,無遮蔽物,良好,無號誌,無號誌,中央分向島,寬式(50公分以上),車道線(無標記),窄式快慢車道分隔島(無柵欄),有,車輛本身,撞交通島,駕駛者,酒醉(後)駕駛,死亡1;受傷0,1,機車,普通重型,男,87,戴非半罩式安全帽,未使用,車的狀態,向前直行中,機車與自行車,前車頭,NA,NA,駕駛者,酒醉(後)駕駛,否,121.462161,23.804681
20231106,20231106,2023,11,123106,A1,花蓮縣警察局,花蓮縣鳳林鎮台9線 217公里100.0公尺處,晴,有照明未開啟或故障,省道,70,單路部分,橋樑,路段,交通島(含槽化線),柏油,乾燥,無缺陷,無障礙物,無遮蔽物,良好,無號誌,無號誌,中央分向島,寬式(50公分以上),車道線(無標記),窄式快慢車道分隔島(無柵欄),有,車輛本身,撞交通島,駕駛者,酒醉(後)駕駛,死亡1;受傷0,2,NA,NA,無或物(動物、堆置物),-1,NA,NA,NA,NA,NA,NA,NA,NA,無(非車輛駕駛人因素),尚未發現肇事因素,否,121.462161,23.804681
20231106,20231106,2023,11,175400,A1,雲林縣警察局,雲林縣四湖鄉三姓村鄉道雲132線西向 飛一7西6J9230GA27電桿旁,陰,有照明且開啟,鄉道,50,單路部分,直路,路段,一般車道(未劃分快慢車道),柏油,乾燥,突出(高低)不平,無障礙物,無遮蔽物,良好,無號誌,無號誌,行車分向線,無標記,未繪設車道線,未繪設快慢車道分隔線,有,車與車,追撞,其他,因光線、視線遮蔽致生事故,死亡1;受傷0,1,小客車(含客、貨兩用),自用,男,41,繫安全帶(使用幼童安全椅),未使用,車的狀態,向前直行中,汽車,前車頭,汽車,前車頭,其他,因光線、視線遮蔽致生事故,否,120.168267,23.635052
20231106,20231106,2023,11,175400,A1,雲林縣警察局,雲林縣四湖鄉三姓村鄉道雲132線西向 飛一7西6J9230GA27電桿旁,陰,有照明且開啟,鄉道,50,單路部分,直路,路段,一般車道(未劃分快慢車道),柏油,乾燥,突出(高低)不平,無障礙物,無遮蔽物,良好,無號誌,無號誌,行車分向線,無標記,未繪設車道線,未繪設快慢車道分隔線,有,車與車,追撞,其他,因光線、視線遮蔽致生事故,死亡1;受傷0,2,慢車,腳踏自行車,男,68,其他(無需使用保護裝備之人),未使用,車的狀態,向前直行中,機車與自行車,後車尾,機車與自行車,後車尾,無(車輛駕駛者因素),尚未發現肇事因素,否,120.168267,23.635052
20231107,20231107,2023,11,064800,A1,新北市政府警察局,新北市三芝區四棧橋路35號前0.0公尺,晴,有照明且開啟,市區道路,70,單路部分,直路,路段,一般車道(未劃分快慢車道),柏油,乾燥,無缺陷,無障礙物,無遮蔽物,良好,無號誌,無號誌,中央分向島,寬式(50公分以上),車道線(附標記),快慢車道分隔線,有,車與車,其他,駕駛者,恍神、緊張、心不在焉分心駕駛,死亡1;受傷0,1,小客車(含客、貨兩用),自用,男,50,繫安全帶(使用幼童安全椅),未使用,車的狀態,向前直行中,汽車,右前車頭(身),NA,NA,駕駛者,恍神、緊張、心不在焉分心駕駛,否,121.485764,25.262366
20231107,20231107,2023,11,064800,A1,新北市政府警察局,新北市三芝區四棧橋路35號前0.0公尺,晴,有照明且開啟,市區道路,70,單路部分,直路,路段,一般車道(未劃分快慢車道),柏油,乾燥,無缺陷,無障礙物,無遮蔽物,良好,無號誌,無號誌,中央分向島,寬式(50公分以上),車道線(附標記),快慢車道分隔線,有,車與車,其他,駕駛者,恍神、緊張、心不在焉分心駕駛,死亡1;受傷0,2,機車,普通重型,女,26,戴半罩式安全帽,未使用,車的狀態,迴轉或橫越道路中,機車與自行車,左側車身,NA,NA,駕駛者,橫越道路不慎,否,121.485764,25.262366
20231107,20231107,2023,11,085500,A1,苗栗縣警察局,苗栗縣銅鑼鄉台13線與九湖大橋口,晴,有照明未開啟或故障,縣道,50,交岔路,四岔路,交叉路口,交叉路口內,柏油,乾燥,無缺陷,無障礙物,無遮蔽物,良好,行車管制號誌,正常,中央分向島,寬式(50公分以上),禁止變換車道線(無標記),未繪設快慢車道分隔線,有,車與車,路口交岔撞,駕駛者,闖紅燈直行,死亡1;受傷1,1,機車,普通重型,男,90,戴半罩式安全帽,未使用,車的狀態,向前直行中,機車與自行車,前車頭,NA,NA,駕駛者,闖紅燈直行,否,120.781317,24.47844
20231107,20231107,2023,11,085500,A1,苗栗縣警察局,苗栗縣銅鑼鄉台13線與九湖大橋口,晴,有照明未開啟或故障,縣道,50,交岔路,四岔路,交叉路口,交叉路口內,柏油,乾燥,無缺陷,無障礙物,無遮蔽物,良好,行車管制號誌,正常,中央分向島,寬式(50公分以上),禁止變換車道線(無標記),未繪設快慢車道分隔線,有,車與車,路口交岔撞,駕駛者,闖紅燈直行,死亡1;受傷1,2,機車,普通重型,男,30,戴非半罩式安全帽,未使用,車的狀態,向前直行中,機車與自行車,前車頭,NA,NA,無(車輛駕駛者因素),尚未發現肇事因素,否,120.781317,24.47844
20231107,20231107,2023,11,145800,A1,臺中市政府警察局,臺中市西屯區何福里西屯路二段28-2號前0.0公尺,晴,無照明,市區道路,50,單路部分,直路,路段,一般車道(未劃分快慢車道),柏油,乾燥,無缺陷,無障礙物,無遮蔽物,良好,無號誌,無號誌,行車分向線,無標記,車道線(無標記),未繪設快慢車道分隔線,無,車與車,同向擦撞,駕駛者,未保持行車安全間隔,死亡1;受傷0,1,大客車,民營客運,男,52,繫安全帶(使用幼童安全椅),未使用,車的狀態,向前直行中,汽車,右側車身,NA,NA,駕駛者,未保持行車安全間隔,否,120.66133,24.164286
20231107,20231107,2023,11,145800,A1,臺中市政府警察局,臺中市西屯區何福里西屯路二段28-2號前0.0公尺,晴,無照明,市區道路,50,單路部分,直路,路段,一般車道(未劃分快慢車道),柏油,乾燥,無缺陷,無障礙物,無遮蔽物,良好,無號誌,無號誌,行車分向線,無標記,車道線(無標記),未繪設快慢車道分隔線,無,車與車,同向擦撞,駕駛者,未保持行車安全間隔,死亡1;受傷0,2,機車,小型輕型,女,67,戴半罩式安全帽,未使用,車的狀態,向左變換車道,機車與自行車,左側車身,NA,NA,駕駛者,方向不定(不包括危險駕車),否,120.66133,24.164286
20231107,20231107,2023,11,172132,A1,雲林縣警察局,雲林縣西螺鎮公舘里三源92號前路口,晴,有照明且開啟,鄉道,50,交岔路,三岔路,交叉路口,交叉路口內,柏油,乾燥,無缺陷,無障礙物,無遮蔽物,良好,行車管制號誌,正常,無,無分向設施,未繪設車道線,未繪設快慢車道分隔線,無,車與車,側撞,駕駛者,有號誌路口，轉彎車未讓直行車先行,死亡1;受傷1,1,機車,普通重型,女,55,戴非半罩式安全帽,未使用,車的狀態,左轉彎,機車與自行車,右側車身,NA,NA,駕駛者,有號誌路口，轉彎車未讓直行車先行,否,120.456006,23.753434
20231107,20231107,2023,11,172132,A1,雲林縣警察局,雲林縣西螺鎮公舘里三源92號前路口,晴,有照明且開啟,鄉道,50,交岔路,三岔路,交叉路口,交叉路口內,柏油,乾燥,無缺陷,無障礙物,無遮蔽物,良好,行車管制號誌,正常,無,無分向設施,未繪設車道線,未繪設快慢車道分隔線,無,車與車,側撞,駕駛者,有號誌路口，轉彎車未讓直行車先行,死亡1;受傷1,2,機車,普通重型,男,18,戴非半罩式安全帽,未使用,車的狀態,向前直行中,機車與自行車,前車頭,NA,NA,駕駛者,未依規定減速,否,120.456006,23.753434
20231108,20231108,2023,11,021900,A1,國道公路警察局,新北市汐止區國道1號 9公里600.0公尺處南側向輔助,晴,有照明且開啟,國道,100,單路部分,直路,交流道,加速車道,柏油,乾燥,無缺陷,無障礙物,無遮蔽物,良好,無號誌,無號誌,中央分向島,寬式(50公分以上),車道線(附標記),未繪設快慢車道分隔線,有,車與車,追撞,駕駛者,恍神、緊張、心不在焉分心駕駛,死亡1;受傷0,1,小貨車(含客、貨兩用),自用,男,45,不明,不明,車的狀態,向右變換車道,汽車,前車頭,NA,NA,駕駛者,恍神、緊張、心不在焉分心駕駛,否,121.668534,25.081816
20231108,20231108,2023,11,021900,A1,國道公路警察局,新北市汐止區國道1號 9公里600.0公尺處南側向輔助,晴,有照明且開啟,國道,100,單路部分,直路,交流道,加速車道,柏油,乾燥,無缺陷,無障礙物,無遮蔽物,良好,無號誌,無號誌,中央分向島,寬式(50公分以上),車道線(附標記),未繪設快慢車道分隔線,有,車與車,追撞,駕駛者,恍神、緊張、心不在焉分心駕駛,死亡1;受傷0,2,大貨車,自用,男,52,繫安全帶(使用幼童安全椅),未使用,車的狀態,向前直行中,汽車,左後車尾(身),NA,NA,無(車輛駕駛者因素),尚未發現肇事因素,否,121.668534,25.081816
20231108,20231108,2023,11,065800,A1,屏東縣政府警察局,屏東縣屏東市和生路一段、和生路一段851巷,晴,有照明未開啟或故障,省道,40,交岔路,四岔路,交叉路口,交叉路口內,柏油,乾燥,無缺陷,無障礙物,無遮蔽物,良好,閃光號誌,正常,中央分向島,寬式(50公分以上),車道線(無標記),快慢車道分隔線,有,車與車,側撞,駕駛者,左轉彎未依規定,死亡1;受傷1,1,慢車,腳踏自行車,女,70,其他(無需使用保護裝備之人),未使用,車的狀態,左轉彎,機車與自行車,左側車身,NA,NA,駕駛者,左轉彎未依規定,否,120.487226,22.651823
20231108,20231108,2023,11,065800,A1,屏東縣政府警察局,屏東縣屏東市和生路一段、和生路一段851巷,晴,有照明未開啟或故障,省道,40,交岔路,四岔路,交叉路口,交叉路口內,柏油,乾燥,無缺陷,無障礙物,無遮蔽物,良好,閃光號誌,正常,中央分向島,寬式(50公分以上),車道線(無標記),快慢車道分隔線,有,車與車,側撞,駕駛者,左轉彎未依規定,死亡1;受傷1,2,機車,普通重型,女,20,戴半罩式安全帽,未使用,車的狀態,向前直行中,機車與自行車,前車頭,NA,NA,無(車輛駕駛者因素),尚未發現肇事因素,否,120.487226,22.651823
20231108,20231108,2023,11,081521,A1,南投縣政府警察局,南投縣埔里鎮中山路四段56號前0.0公尺附近,晴,有照明未開啟或故障,省道,50,單路部分,直路,路段,一般車道(未劃分快慢車道),柏油,乾燥,無缺陷,無障礙物,無遮蔽物,良好,無號誌,無號誌,中央分向島,窄式無柵欄,車道線(無標記),未繪設快慢車道分隔線,有,車與車,同向擦撞,駕駛者,迴轉未依規定,死亡1;受傷1,1,小貨車(含客、貨兩用),自用,男,36,不明,不明,車的狀態,迴轉或橫越道路中,汽車,左後車尾(身),NA,NA,駕駛者,迴轉未依規定,否,120.937859,23.965364
20231108,20231108,2023,11,081521,A1,南投縣政府警察局,南投縣埔里鎮中山路四段56號前0.0公尺附近,晴,有照明未開啟或故障,省道,50,單路部分,直路,路段,一般車道(未劃分快慢車道),柏油,乾燥,無缺陷,無障礙物,無遮蔽物,良好,無號誌,無號誌,中央分向島,窄式無柵欄,車道線(無標記),未繪設快慢車道分隔線,有,車與車,同向擦撞,駕駛者,迴轉未依規定,死亡1;受傷1,2,機車,普通重型,男,18,不明,不明,車的狀態,向前直行中,機車與自行車,前車頭,NA,NA,駕駛者,閃避不當(慎),否,120.937859,23.965364
20231108,20231108,2023,11,081521,A1,南投縣政府警察局,南投縣埔里鎮中山路四段56號前0.0公尺附近,晴,有照明未開啟或故障,省道,50,單路部分,直路,路段,一般車道(未劃分快慢車道),柏油,乾燥,無缺陷,無障礙物,無遮蔽物,良好,無號誌,無號誌,中央分向島,窄式無柵欄,車道線(無標記),未繪設快慢車道分隔線,有,車與車,同向擦撞,駕駛者,迴轉未依規定,死亡1;受傷1,3,人,乘客,男,18,不明,非駕駛人,人的狀態,其他,其他,非汽、機及自行車,NA,NA,無(非車輛駕駛人因素),尚未發現肇事因素,否,120.937859,23.965364
20231108,20231108,2023,11,185800,A1,高雄市政府警察局,高雄市燕巢區村中興路 / 高雄市燕巢區中興路,晴,有照明且開啟,市區道路,50,交岔路,三岔路,交叉路口,交叉路口內,柏油,乾燥,無缺陷,道路工事(程)中,無遮蔽物,良好,無號誌,無號誌,雙向禁止超車線,無標記,未繪設車道線,未繪設快慢車道分隔線,有,車與車,側撞,駕駛者,無號誌路口，轉彎車未讓直行車先行,死亡1;受傷1,1,機車,普通重型,男,61,不明,未使用,車的狀態,左轉彎,機車與自行車,左側車身,NA,NA,駕駛者,無號誌路口，轉彎車未讓直行車先行,否,120.362336,22.791785
20231108,20231108,2023,11,185800,A1,高雄市政府警察局,高雄市燕巢區村中興路 / 高雄市燕巢區中興路,晴,有照明且開啟,市區道路,50,交岔路,三岔路,交叉路口,交叉路口內,柏油,乾燥,無缺陷,道路工事(程)中,無遮蔽物,良好,無號誌,無號誌,雙向禁止超車線,無標記,未繪設車道線,未繪設快慢車道分隔線,有,車與車,側撞,駕駛者,無號誌路口，轉彎車未讓直行車先行,死亡1;受傷1,2,機車,普通重型,男,21,戴半罩式安全帽,未使用,車的狀態,向前直行中,機車與自行車,前車頭,NA,NA,駕駛者,未依規定減速,否,120.362336,22.791785
20231109,20231109,2023,11,081500,A1,宜蘭縣政府警察局,宜蘭縣蘇澳鎮蘇濱路三段西側 / 宜蘭縣蘇澳鎮自強路南側,晴,有照明未開啟或故障,省道,50,交岔路,四岔路,交叉路口,交叉路口內,柏油,乾燥,無缺陷,無障礙物,無遮蔽物,良好,行車管制號誌,正常,中央分向島,寬式(50公分以上),車道線(附標記),快慢車道分隔線,有,車與車,追撞,駕駛者,起步時未注意安全,死亡2;受傷0,1,曳引車,營業用,男,66,繫安全帶(使用幼童安全椅),未使用,車的狀態,起步,汽車,前車頭,NA,NA,駕駛者,起步時未注意安全,否,121.831807,24.633875
20231109,20231109,2023,11,081500,A1,宜蘭縣政府警察局,宜蘭縣蘇澳鎮蘇濱路三段西側 / 宜蘭縣蘇澳鎮自強路南側,晴,有照明未開啟或故障,省道,50,交岔路,四岔路,交叉路口,交叉路口內,柏油,乾燥,無缺陷,無障礙物,無遮蔽物,良好,行車管制號誌,正常,中央分向島,寬式(50公分以上),車道線(附標記),快慢車道分隔線,有,車與車,追撞,駕駛者,起步時未注意安全,死亡2;受傷0,2,機車,普通重型,男,47,戴非半罩式安全帽,未使用,車的狀態,向前直行中,機車與自行車,後車尾,NA,NA,無(車輛駕駛者因素),尚未發現肇事因素,否,121.831807,24.633875
20231109,20231109,2023,11,081500,A1,宜蘭縣政府警察局,宜蘭縣蘇澳鎮蘇濱路三段西側 / 宜蘭縣蘇澳鎮自強路南側,晴,有照明未開啟或故障,省道,50,交岔路,四岔路,交叉路口,交叉路口內,柏油,乾燥,無缺陷,無障礙物,無遮蔽物,良好,行車管制號誌,正常,中央分向島,寬式(50公分以上),車道線(附標記),快慢車道分隔線,有,車與車,追撞,駕駛者,起步時未注意安全,死亡2;受傷0,3,人,乘客,女,41,戴非半罩式安全帽,非駕駛人,不明,不明,其他,非汽、機及自行車,NA,NA,無(非車輛駕駛人因素),尚未發現肇事因素,否,121.831807,24.633875
20231109,20231109,2023,11,121300,A1,南投縣政府警察局,南投縣南投市芳美路308號前0.0公尺,晴,有照明未開啟或故障,市區道路,50,單路部分,直路,路段,一般車道(未劃分快慢車道),柏油,乾燥,無缺陷,無障礙物,無遮蔽物,良好,無號誌,無號誌,行車分向線,無標記,車道線(無標記),未繪設快慢車道分隔線,有,車與車,對撞,駕駛者,起步時未注意安全,死亡1;受傷1,1,機車,普通重型,女,65,戴半罩式安全帽,不明,車的狀態,起步,機車與自行車,前車頭,NA,NA,駕駛者,起步時未注意安全,否,120.694641,23.907923