accident_date,發生日期,發生年度,發生月份,發生時間,事故類別名稱,處理單位名稱警局層,發生地點,天候名稱,光線名稱,道路類別-第1當事者-名稱,速限-第1當事者,道路型態大類別名稱,道路型態子類別名稱,事故位置大類別名稱,事故位置子類別名稱,路面狀況-路面鋪裝名稱,路面狀況-路面狀態名稱,路面狀況-路面缺陷名稱,道路障礙-障礙物名稱,道路障礙-視距品質名稱,道路障礙-視距名稱,號誌-號誌種類名稱,號誌-號誌動作名稱,車道劃分設施-分向設施大類別名稱,車道劃分設施-分向設施子類別名稱,車道劃分設施-分道設施-快車道或一般車道間名稱,車道劃分設施-分道設施-快慢車道間名稱,車道劃分設施-分道設施-路面邊線名稱,事故類型及型態大類別名稱,事故類型及型態子類別名稱,肇因研判大類別名稱-主要,肇因研判子類別名稱-主要,死亡受傷人數,當事者順位,當事者區分-類別-大類別名稱-車種,當事者區分-類別-子類別名稱-車種,當事者屬-性-別名稱,當事者事故發生時年齡,保護裝備名稱,行動電話或電腦或其他相類功能裝置名稱,當事者行動狀態大類別名稱,當事者行動狀態子類別名稱,車輛撞擊部位大類別名稱-最初,車輛撞擊部位子類別名稱-最初,車輛撞擊部位大類別名稱-其他,車輛撞擊部位子類別名稱-其他,肇因研判大類別名稱-個別,肇因研判子類別名稱-個別,肇事逃逸類別名稱-是否肇逃,經度,緯度
20231109,20231109,2023,11,121300,A1,南投縣政府警察局,南投縣南投市芳美路308號前0.0公尺,晴,有照明未開啟或故障,市區道路,50,單路部分,直路,路段,一般車道(未劃分快慢車道),柏油,乾燥,無缺陷,無障礙物,無遮蔽物,良好,無號誌,無號誌,行車分向線,無標記,車道線(無標記),未繪設快慢車道分隔線,有,車與車,對撞,駕駛者,起步時未注意安全,死亡1;受傷1,2,小客車(含客、貨兩用),自用,男,62,繫安全帶(使用幼童安全椅),未使用,車的狀態,向前直行中,汽車,前車頭,NA,NA,無(車輛駕駛者因素),尚未發現肇事因素,否,120.694641,23.907923
20231109,20231109,2023,11,203000,A1,基隆市警察局,基隆市中山區復興路98號前0.0公尺,晴,有照明且開啟,市區道路,50,單路部分,直路,路段,一般車道(未劃分快慢車道),柏油,乾燥,無缺陷,無障礙物,無遮蔽物,良好,無號誌,無號誌,雙向禁止超車線,無標記,未繪設車道線,未繪設快慢車道分隔線,有,車與車,對向擦撞,駕駛者,違反其他標誌(線)禁制,死亡1;受傷0,1,機車,普通重型,男,88,戴半罩式安全帽,未使用,車的狀態,迴轉或橫越道路中,機車與自行車,左側車身,NA,NA,駕駛者,違反其他標誌(線)禁制,否,121.726151,25.14361
20231109,20231109,2023,11,203000,A1,基隆市警察局,基隆市中山區復興路98號前0.0公尺,晴,有照明且開啟,市區道路,50,單路部分,直路,路段,一般車道(未劃分快慢車道),柏油,乾燥,無缺陷,無障礙物,無遮蔽物,良好,無號誌,無號誌,雙向禁止超車線,無標記,未繪設車道線,未繪設快慢車道分隔線,有,車與車,對向擦撞,駕駛者,違反其他標誌(線)禁制,死亡1;受傷0,2,小客車(含客、貨兩用),自用,男,23,繫安全帶(使用幼童安全椅),未使用,車的狀態,向前直行中,汽車,左側車身,NA,NA,無(車輛駕駛者因素),尚未發現肇事因素,否,121.726151,25.14361
20231109,20231109,2023,11,232400,A1,雲林縣警察局,雲林縣虎尾鎮立仁里北平路159號前,晴,有照明且開啟,市區道路,50,交岔路,四岔路,交叉路口,交叉口附近,柏油,乾燥,無缺陷,無障礙物,無遮蔽物,良好,無號誌,無號誌,雙向禁止超車線,無標記,未繪設車道線,未繪設快慢車道分隔線,有,車與車,其他,駕駛者,橫越道路不慎,死亡1;受傷2,1,慢車,腳踏自行車,女,68,其他(無需使用保護裝備之人),未使用,車的狀態,迴轉或橫越道路中,機車與自行車,後車尾,NA,NA,駕駛者,橫越道路不慎,否,120.427346,23.709664
20231109,20231109,2023,11,232400,A1,雲林縣警察局,雲林縣虎尾鎮立仁里北平路159號前,晴,有照明且開啟,市區道路,50,交岔路,四岔路,交叉路口,交叉口附近,柏油,乾燥,無缺陷,無障礙物,無遮蔽物,良好,無號誌,無號誌,雙向禁止超車線,無標記,未繪設車道線,未繪設快慢車道分隔線,有,車與車,其他,駕駛者,橫越道路不慎,死亡1;受傷2,2,機車,普通重型,男,18,戴非半罩式安全帽,未使用,車的狀態,向前直行中,機車與自行車,前車頭,NA,NA,駕駛者,未依規定減速,否,120.427346,23.709664
20231109,20231109,2023,11,232400,A1,雲林縣警察局,雲林縣虎尾鎮立仁里北平路159號前,晴,有照明且開啟,市區道路,50,交岔路,四岔路,交叉路口,交叉口附近,柏油,乾燥,無缺陷,無障礙物,無遮蔽物,良好,無號誌,無號誌,雙向禁止超車線,無標記,未繪設車道線,未繪設快慢車道分隔線,有,車與車,其他,駕駛者,橫越道路不慎,死亡1;受傷2,3,人,乘客,男,18,戴非半罩式安全帽,非駕駛人,不明,不明,其他,非汽、機及自行車,NA,NA,無(非車輛駕駛人因素),尚未發現肇事因素,否,120.427346,23.709664
20231110,20231110,2023,11,000500,A1,臺東縣警察局,臺東縣成功鎮台11線 128公里200.0公尺處附近,陰,有照明且開啟,省道,50,單路部分,彎曲路及附近,路段,路肩、路緣,柏油,乾燥,無缺陷,無障礙物,無遮蔽物,良好,閃光號誌,正常,雙向禁止超車線,附標記,未繪設車道線,快慢車道分隔線,有,車輛本身,撞非固定設施,駕駛者,酒醉(後)駕駛,死亡1;受傷0,1,機車,普通重型,男,24,戴半罩式安全帽,未使用,車的狀態,向前直行中,機車與自行車,前車頭,NA,NA,駕駛者,酒醉(後)駕駛,否,121.344379,23.059007
20231110,20231110,2023,11,000500,A1,臺東縣警察局,臺東縣成功鎮台11線 128公里200.0公尺處附近,陰,有照明且開啟,省道,50,單路部分,彎曲路及附近,路段,路肩、路緣,柏油,乾燥,無缺陷,無障礙物,無遮蔽物,良好,閃光號誌,正常,雙向禁止超車線,附標記,未繪設車道線,快慢車道分隔線,有,車輛本身,撞非固定設施,駕駛者,酒醉(後)駕駛,死亡1;受傷0,2,NA,NA,無或物(動物、堆置物),-1,NA,NA,NA,NA,NA,NA,NA,NA,無(非車輛駕駛人因素),尚未發現肇事因素,否,121.344379,23.059007
20231110,20231110,2023,11,120000,A1,桃園市政府警察局,桃園市中壢區中豐北路二段口 / 桃園市中壢區民權路三段口,晴,有照明未開啟或故障,市區道路,50,交岔路,四岔路,交叉路口,交叉路口內,柏油,乾燥,無缺陷,無障礙物,無遮蔽物,良好,行車管制號誌(附設行人專用號誌),正常,無,無分向設施,未繪設車道線,未繪設快慢車道分隔線,無,車與車,追撞,駕駛者,闖紅燈直行,死亡1;受傷1,1,小客車(含客、貨兩用),自用,女,67,繫安全帶(使用幼童安全椅),未使用,車的狀態,向前直行中,汽車,前車頭,汽車,前車頭,駕駛者,闖紅燈直行,否,121.209086,24.988308
20231110,20231110,2023,11,120000,A1,桃園市政府警察局,桃園市中壢區中豐北路二段口 / 桃園市中壢區民權路三段口,晴,有照明未開啟或故障,市區道路,50,交岔路,四岔路,交叉路口,交叉路口內,柏油,乾燥,無缺陷,無障礙物,無遮蔽物,良好,行車管制號誌(附設行人專用號誌),正常,無,無分向設施,未繪設車道線,未繪設快慢車道分隔線,無,車與車,追撞,駕駛者,闖紅燈直行,死亡1;受傷1,2,機車,普通重型,男,51,戴半罩式安全帽,未使用,車的狀態,等待(引擎未熄火),機車與自行車,後車尾,機車與自行車,後車尾,無(車輛駕駛者因素),尚未發現肇事因素,否,121.209086,24.988308
20231110,20231110,2023,11,120000,A1,桃園市政府警察局,桃園市中壢區中豐北路二段口 / 桃園市中壢區民權路三段口,晴,有照明未開啟或故障,市區道路,50,交岔路,四岔路,交叉路口,交叉路口內,柏油,乾燥,無缺陷,無障礙物,無遮蔽物,良好,行車管制號誌(附設行人專用號誌),正常,無,無分向設施,未繪設車道線,未繪設快慢車道分隔線,無,車與車,追撞,駕駛者,闖紅燈直行,死亡1;受傷1,3,機車,普通重型,男,44,戴半罩式安全帽,未使用,車的狀態,等待(引擎未熄火),機車與自行車,後車尾,機車與自行車,後車尾,無(車輛駕駛者因素),尚未發現肇事因素,否,121.209086,24.988308
20231110,20231110,2023,11,120000,A1,桃園市政府警察局,桃園市中壢區中豐北路二段口 / 桃園市中壢區民權路三段口,晴,有照明未開啟或故障,市區道路,50,交岔路,四岔路,交叉路口,交叉路口內,柏油,乾燥,無缺陷,無障礙物,無遮蔽物,良好,行車管制號誌(附設行人專用號誌),正常,無,無分向設施,未繪設車道線,未繪設快慢車道分隔線,無,車與車,追撞,駕駛者,闖紅燈直行,死亡1;受傷1,4,小客車(含客、貨兩用),計程車,男,47,繫安全帶(使用幼童安全椅),未使用,車的狀態,向前直行中,汽車,右側車身,汽車,右側車身,無(車輛駕駛者因素),尚未發現肇事因素,否,121.209086,24.988308
20231110,20231110,2023,11,182506,A1,宜蘭縣政府警察局,宜蘭縣壯圍鄉壯濱路3段486號前0.0公尺附近,雨,有照明且開啟,省道,60,交岔路,三岔路,交叉路口,交叉路口內,柏油,濕潤,無缺陷,無障礙物,無遮蔽物,良好,無號誌,無號誌,中央分向島,寬式(50公分以上),車道線(附標記),快慢車道分隔線,有,人與車,穿越道路中,非駕駛者,穿越道路未注意左右來車,死亡1;受傷0,1,人,行人,女,79,其他(無需使用保護裝備之人),非駕駛人,人的狀態,步行,其他,非汽、機及自行車,NA,NA,非駕駛者,穿越道路未注意左右來車,否,121.81565,24.760609
20231110,20231110,2023,11,182506,A1,宜蘭縣政府警察局,宜蘭縣壯圍鄉壯濱路3段486號前0.0公尺附近,雨,有照明且開啟,省道,60,交岔路,三岔路,交叉路口,交叉路口內,柏油,濕潤,無缺陷,無障礙物,無遮蔽物,良好,無號誌,無號誌,中央分向島,寬式(50公分以上),車道線(附標記),快慢車道分隔線,有,人與車,穿越道路中,非駕駛者,穿越道路未注意左右來車,死亡1;受傷0,2,小客車(含客、貨兩用),自用,女,30,繫安全帶(使用幼童安全椅),未使用,車的狀態,向前直行中,汽車,右側車身,NA,NA,駕駛者,恍神、緊張、心不在焉分心駕駛,否,121.81565,24.760609
20231110,20231110,2023,11,185700,A1,臺中市政府警察局,臺中市北屯區仁和里四平路 / 臺中市北屯區仁和里崇德八路二段,陰,有照明且開啟,市區道路,50,交岔路,四岔路,交叉路口,交叉路口內,柏油,乾燥,無缺陷,無障礙物,無遮蔽物,良好,行車管制號誌,正常,無,無分向設施,未繪設車道線,未繪設快慢車道分隔線,無,車與車,側撞,駕駛者,有號誌路口，轉彎車未讓直行車先行,死亡1;受傷1,1,機車,普通重型,男,70,戴非半罩式安全帽,不明,車的狀態,左轉彎,機車與自行車,右側車身,NA,NA,駕駛者,有號誌路口，轉彎車未讓直行車先行,否,120.678144,24.187028
20231110,20231110,2023,11,185700,A1,臺中市政府警察局,臺中市北屯區仁和里四平路 / 臺中市北屯區仁和里崇德八路二段,陰,有照明且開啟,市區道路,50,交岔路,四岔路,交叉路口,交叉路口內,柏油,乾燥,無缺陷,無障礙物,無遮蔽物,良好,行車管制號誌,正常,無,無分向設施,未繪設車道線,未繪設快慢車道分隔線,無,車與車,側撞,駕駛者,有號誌路口，轉彎車未讓直行車先行,死亡1;受傷1,2,機車,大型重型1(550C.C.以上),男,51,戴非半罩式安全帽,不明,車的狀態,向前直行中,機車與自行車,前車頭,NA,NA,駕駛者,未依規定減速,否,120.678144,24.187028
20231110,20231110,2023,11,201000,A1,南投縣政府警察局,南投縣名間鄉新大巷17之32號前,晴,有照明且開啟,鄉道,30,單路部分,直路,路段,路肩、路緣,柏油,乾燥,無缺陷,無障礙物,無遮蔽物,良好,無號誌,無號誌,無,無分向設施,未繪設車道線,未繪設快慢車道分隔線,有,車輛本身,其他,駕駛者,違規超車,死亡2;受傷0,1,機車,普通重型,男,42,戴半罩式安全帽,未使用,車的狀態,向前直行中,機車與自行車,右側車身,NA,NA,駕駛者,違規超車,否,120.664334,23.876544
20231110,20231110,2023,11,201000,A1,南投縣政府警察局,南投縣名間鄉新大巷17之32號前,晴,有照明且開啟,鄉道,30,單路部分,直路,路段,路肩、路緣,柏油,乾燥,無缺陷,無障礙物,無遮蔽物,良好,無號誌,無號誌,無,無分向設施,未繪設車道線,未繪設快慢車道分隔線,有,車輛本身,其他,駕駛者,違規超車,死亡2;受傷0,2,NA,NA,無或物(動物、堆置物),-1,NA,NA,NA,NA,NA,NA,NA,NA,交通管制(設施),路況危險無安全(警告)設施,否,120.664334,23.876544
20231110,20231110,2023,11,201000,A1,南投縣政府警察局,南投縣名間鄉新大巷17之32號前,晴,有照明且開啟,鄉道,30,單路部分,直路,路段,路肩、路緣,柏油,乾燥,無缺陷,無障礙物,無遮蔽物,良好,無號誌,無號誌,無,無分向設施,未繪設車道線,未繪設快慢車道分隔線,有,車輛本身,其他,駕駛者,違規超車,死亡2;受傷0,3,大貨車,自用,男,52,繫安全帶(使用幼童安全椅),未使用,車的狀態,向前直行中,汽車,左後車尾(身),NA,NA,無(車輛駕駛者因素),尚未發現肇事因素,否,120.664334,23.876544
20231110,20231110,2023,11,201000,A1,南投縣政府警察局,南投縣名間鄉新大巷17之32號前,晴,有照明且開啟,鄉道,30,單路部分,直路,路段,路肩、路緣,柏油,乾燥,無缺陷,無障礙物,無遮蔽物,良好,無號誌,無號誌,無,無分向設施,未繪設車道線,未繪設快慢車道分隔線,有,車輛本身,其他,駕駛者,違規超車,死亡2;受傷0,4,人,乘客,男,14,戴半罩式安全帽,非駕駛人,人的狀態,靜立(止),其他,非汽、機及自行車,NA,NA,無(非車輛駕駛人因素),尚未發現肇事因素,否,120.664334,23.876544
20231110,20231110,2023,11,223300,A1,臺東縣警察局,臺東縣蘭嶼鄉漁人橋下方河道,晴,無照明,鄉道,30,其他,其他,其他,其他,水泥,乾燥,無缺陷,無障礙物,無遮蔽物,良好,無號誌,無號誌,無,無分向設施,未繪設車道線,未繪設快慢車道分隔線,無,車輛本身,衝出路外,其他,其他不當駕車行為,死亡1;受傷0,1,機車,普通重型,男,24,戴半罩式安全帽,未使用,車的狀態,向前直行中,機車與自行車,前車頭,NA,NA,其他,其他不當駕車行為,否,121.542231,22.027498
20231110,20231110,2023,11,223300,A1,臺東縣警察局,臺東縣蘭嶼鄉漁人橋下方河道,晴,無照明,鄉道,30,其他,其他,其他,其他,水泥,乾燥,無缺陷,無障礙物,無遮蔽物,良好,無號誌,無號誌,無,無分向設施,未繪設車道線,未繪設快慢車道分隔線,無,車輛本身,衝出路外,其他,其他不當駕車行為,死亡1;受傷0,2,NA,NA,無或物(動物、堆置物),-1,NA,NA,NA,NA,NA,NA,NA,NA,無(非車輛駕駛人因素),尚未發現肇事因素,否,121.542231,22.027498
20231111,20231111,2023,11,064711,A1,新竹縣政府警察局,新竹縣竹東鎮公道路579號前0.0公尺,晴,有照明未開啟或故障,市區道路,40,單路部分,直路,路段,慢車道,柏油,乾燥,無缺陷,無障礙物,無遮蔽物,良好,無號誌,無號誌,中央分向島,寬式(50公分以上),車道線(無標記),寬式快慢車道分隔島(50公分以上),有,車與車,倒車撞,駕駛者,倒車未依規定,死亡1;受傷0,1,曳引車,營業用,男,38,繫安全帶(使用幼童安全椅),未使用,車的狀態,倒車,汽車,左側車身,汽車,左後車尾(身),駕駛者,倒車未依規定,否,121.040873,24.78185
20231111,20231111,2023,11,064711,A1,新竹縣政府警察局,新竹縣竹東鎮公道路579號前0.0公尺,晴,有照明未開啟或故障,市區道路,40,單路部分,直路,路段,慢車道,柏油,乾燥,無缺陷,無障礙物,無遮蔽物,良好,無號誌,無號誌,中央分向島,寬式(50公分以上),車道線(無標記),寬式快慢車道分隔島(50公分以上),有,車與車,倒車撞,駕駛者,倒車未依規定,死亡1;受傷0,2,機車,普通重型,男,48,戴半罩式安全帽,未使用,車的狀態,向前直行中,機車與自行車,前車頭,機車與自行車,右側車身,駕駛者,恍神、緊張、心不在焉分心駕駛,否,121.040873,24.78185
20231111,20231111,2023,11,084457,A1,花蓮縣警察局,花蓮縣花蓮市中美路口 / 花蓮縣花蓮市化道路口,晴,有照明未開啟或故障,市區道路,50,交岔路,四岔路,交叉路口,交叉路口內,柏油,乾燥,無缺陷,無障礙物,無遮蔽物,良好,行車管制號誌,正常,無,無分向設施,未繪設車道線,未繪設快慢車道分隔線,無,人與車,穿越道路中,駕駛者,車輛未依規定暫停讓行人先行,死亡1;受傷0,1,大客車,民營客運,男,47,繫安全帶(使用幼童安全椅),未使用,車的狀態,左轉彎,汽車,左前車頭(身),汽車,左前車頭(身),駕駛者,車輛未依規定暫停讓行人先行,否,121.629241,23.995379
20231111,20231111,2023,11,084457,A1,花蓮縣警察局,花蓮縣花蓮市中美路口 / 花蓮縣花蓮市化道路口,晴,有照明未開啟或故障,市區道路,50,交岔路,四岔路,交叉路口,交叉路口內,柏油,乾燥,無缺陷,無障礙物,無遮蔽物,良好,行車管制號誌,正常,無,無分向設施,未繪設車道線,未繪設快慢車道分隔線,無,人與車,穿越道路中,駕駛者,車輛未依規定暫停讓行人先行,死亡1;受傷0,2,人,行人,男,92,其他(無需使用保護裝備之人),非駕駛人,人的狀態,步行,其他,非汽、機及自行車,其他,非汽、機及自行車,非駕駛者,穿越道路未注意左右來車,否,121.629241,23.995379
20231111,20231111,2023,11,091700,A1,花蓮縣警察局,花蓮縣玉里鎮台30線 12公里300.0公尺處附近,晴,有照明未開啟或故障,省道,30,交岔路,四岔路,交叉路口,交叉路口內,柏油,乾燥,無缺陷,無障礙物,無遮蔽物,良好,無號誌,無號誌,無,無分向設施,未繪設車道線,未繪設快慢車道分隔線,無,車與車,側撞,駕駛者,無號誌路口，轉彎車未讓直行車先行,死亡1;受傷0,1,小貨車(含客、貨兩用),自用,男,74,未戴安全帽或未繫安全帶(未使用幼童安全椅),未使用,車的狀態,左轉彎,汽車,右前車頭(身),NA,NA,駕駛者,無號誌路口，轉彎車未讓直行車先行,否,121.306445,23.311341
20231111,20231111,2023,11,091700,A1,花蓮縣警察局,花蓮縣玉里鎮台30線 12公里300.0公尺處附近,晴,有照明未開啟或故障,省道,30,交岔路,四岔路,交叉路口,交叉路口內,柏油,乾燥,無缺陷,無障礙物,無遮蔽物,良好,無號誌,無號誌,無,無分向設施,未繪設車道線,未繪設快慢車道分隔線,無,車與車,側撞,駕駛者,無號誌路口，轉彎車未讓直行車先行,死亡1;受傷0,2,慢車,微型電動二輪車,男,90,戴半罩式安全帽,未使用,車的狀態,向前直行中,機車與自行車,右側車身,NA,NA,駕駛者,恍神、緊張、心不在焉分心駕駛,否,121.306445,23.311341
20231111,20231111,2023,11,192500,A1,臺中市政府警察局,臺中市大肚區營埔里船頭二街86巷前0.0公尺,晴,有照明且開啟,市區道路,30,單路部分,直路,路段,一般車道(未劃分快慢車道),柏油,乾燥,無缺陷,無障礙物,無遮蔽物,良好,無號誌,無號誌,無,無分向設施,未繪設車道線,未繪設快慢車道分隔線,無,車輛本身,衝出路外,駕駛者,酒醉(後)駕駛,死亡1;受傷0,1,機車,普通重型,男,68,不明,不明,車的狀態,向前直行中,機車與自行車,右側車身,NA,NA,駕駛者,酒醉(後)駕駛,否,120.552297,24.123024
20231111,20231111,2023,11,192500,A1,臺中市政府警察局,臺中市大肚區營埔里船頭二街86巷前0.0公尺,晴,有照明且開啟,市區道路,30,單路部分,直路,路段,一般車道(未劃分快慢車道),柏油,乾燥,無缺陷,無障礙物,無遮蔽物,良好,無號誌,無號誌,無,無分向設施,未繪設車道線,未繪設快慢車道分隔線,無,車輛本身,衝出路外,駕駛者,酒醉(後)駕駛,死亡1;受傷0,2,NA,NA,無或物(動物、堆置物),0,NA,NA,NA,NA,NA,NA,NA,NA,無(非車輛駕駛人因素),尚未發現肇事因素,否,120.552297,24.123024
20231112,20231112,2023,11,172500,A1,新北市政府警察局,新北市三重區光復路2段47號前0.0公尺,晴,有照明且開啟,市區道路,50,單路部分,直路,路段,一般車道(未劃分快慢車道),柏油,乾燥,無缺陷,無障礙物,無遮蔽物,良好,行車管制號誌,正常,雙向禁止超車線,無標記,車道線(無標記),未繪設快慢車道分隔線,有,人與車,穿越道路中,非駕駛者,未依標誌或標線穿越道路,死亡1;受傷0,1,人,行人,男,87,其他(無需使用保護裝備之人),非駕駛人,人的狀態,步行,其他,非汽、機及自行車,NA,NA,非駕駛者,未依標誌或標線穿越道路,否,121.469642,25.057402
20231112,20231112,2023,11,172500,A1,新北市政府警察局,新北市三重區光復路2段47號前0.0公尺,晴,有照明且開啟,市區道路,50,單路部分,直路,路段,一般車道(未劃分快慢車道),柏油,乾燥,無缺陷,無障礙物,無遮蔽物,良好,行車管制號誌,正常,雙向禁止超車線,無標記,車道線(無標記),未繪設快慢車道分隔線,有,人與車,穿越道路中,非駕駛者,未依標誌或標線穿越道路,死亡1;受傷0,2,大客車,營業用,男,50,繫安全帶(使用幼童安全椅),未使用,車的狀態,起步,汽車,右前車頭(身),NA,NA,駕駛者,起步時未注意安全,否,121.469642,25.057402
20231113,20231113,2023,11,014621,A1,國道公路警察局,臺中市外埔區國道3號 166公里800.0公尺處北側向外側,晴,無照明,國道,110,單路部分,直路,路段,一般車道(未劃分快慢車道),柏油,乾燥,無缺陷,無障礙物,無遮蔽物,良好,無號誌,無號誌,中央分向島,寬式(50公分以上),車道線(附標記),未繪設快慢車道分隔線,有,車與車,追撞,其他,其他不當駕車行為,死亡1;受傷0,1,小客車(含客、貨兩用),自用,男,45,不明,不明,車的狀態,向前直行中,汽車,前車頭,汽車,後車尾,其他,其他不當駕車行為,否,120.635445,24.334594
20231113,20231113,2023,11,014621,A1,國道公路警察局,臺中市外埔區國道3號 166公里800.0公尺處北側向外側,晴,無照明,國道,110,單路部分,直路,路段,一般車道(未劃分快慢車道),柏油,乾燥,無缺陷,無障礙物,無遮蔽物,良好,無號誌,無號誌,中央分向島,寬式(50公分以上),車道線(附標記),未繪設快慢車道分隔線,有,車與車,追撞,其他,其他不當駕車行為,死亡1;受傷0,2,半聯結車,營業用,男,45,繫安全帶(使用幼童安全椅),未使用,車的狀態,向前直行中,汽車,後車尾,NA,NA,無(車輛駕駛者因素),尚未發現肇事因素,否,120.635445,24.334594
20231113,20231113,2023,11,014621,A1,國道公路警察局,臺中市外埔區國道3號 166公里800.0公尺處北側向外側,晴,無照明,國道,110,單路部分,直路,路段,一般車道(未劃分快慢車道),柏油,乾燥,無缺陷,無障礙物,無遮蔽物,良好,無號誌,無號誌,中央分向島,寬式(50公分以上),車道線(附標記),未繪設快慢車道分隔線,有,車與車,追撞,其他,其他不當駕車行為,死亡1;受傷0,3,大貨車,自用,男,45,繫安全帶(使用幼童安全椅),未使用,車的狀態,向前直行中,汽車,前車頭,NA,NA,駕駛者,觀看其他事故、活動、道路環境或車外資訊分心駕駛,否,120.635445,24.334594
20231113,20231113,2023,11,015001,A1,國道公路警察局,雲林縣斗南鎮國道1號 241公里500.0公尺處南側向外側,晴,無照明,國道,110,單路部分,直路,路段,快車道,柏油,乾燥,無缺陷,無障礙物,無遮蔽物,良好,無號誌,無號誌,中央分向島,寬式(50公分以上),車道線(附標記),未繪設快慢車道分隔線,有,車與車,追撞,駕駛者,超速駕駛,死亡1;受傷0,1,小貨車(含客、貨兩用),自用,男,30,不明,不明,車的狀態,向前直行中,汽車,前車頭,汽車,左側車身,駕駛者,超速駕駛,否,120.455532,23.666813
20231113,20231113,2023,11,015001,A1,國道公路警察局,雲林縣斗南鎮國道1號 241公里500.0公尺處南側向外側,晴,無照明,國道,110,單路部分,直路,路段,快車道,柏油,乾燥,無缺陷,無障礙物,無遮蔽物,良好,無號誌,無號誌,中央分向島,寬式(50公分以上),車道線(附標記),未繪設快慢車道分隔線,有,車與車,追撞,駕駛者,超速駕駛,死亡1;受傷0,2,大貨車,營業用,男,39,繫安全帶(使用幼童安全椅),未使用,車的狀態,向前直行中,汽車,左後車尾(身),NA,NA,無(車輛駕駛者因素),尚未發現肇事因素,否,120.455532,23.666813
20231113,20231113,2023,11,015001,A1,國道公路警察局,雲林縣斗南鎮國道1號 241公里500.0公尺處南側向外側,晴,無照明,國道,110,單路部分,直路,路段,快車道,柏油,乾燥,無缺陷,無障礙物,無遮蔽物,良好,無號誌,無號誌,中央分向島,寬式(50公分以上),車道線(附標記),未繪設快慢車道分隔線,有,車與車,追撞,駕駛者,超速駕駛,死亡1;受傷0,3,大客車,民營公車,男,51,繫安全帶(使用幼童安全椅),使用免持或未有礙駕駛安全,車的狀態,向前直行中,汽車,右前車頭(身),汽車,右後車尾(身),駕駛者,恍神、緊張、心不在焉分心駕駛,否,120.455532,23.666813
20231113,20231113,2023,11,015001,A1,國道公路警察局,雲林縣斗南鎮國道1號 241公里500.0公尺處南側向外側,晴,無照明,國道,110,單路部分,直路,路段,快車道,柏油,乾燥,無缺陷,無障礙物,無遮蔽物,良好,無號誌,無號誌,中央分向島,寬式(50公分以上),車道線(附標記),未繪設快慢車道分隔線,有,車與車,追撞,駕駛者,超速駕駛,死亡1;受傷0,4,小客車(含客、貨兩用),自用,男,45,繫安全帶(使用幼童安全椅),未使用,車的狀態,向前直行中,汽車,前車頭,汽車,車底,無(車輛駕駛者因素),尚未發現肇事因素,否,120.455532,23.666813
20231113,20231113,2023,11,015001,A1,國道公路警察局,雲林縣斗南鎮國道1號 241公里500.0公尺處南側向外側,晴,無照明,國道,110,單路部分,直路,路段,快車道,柏油,乾燥,無缺陷,無障礙物,無遮蔽物,良好,無號誌,無號誌,中央分向島,寬式(50公分以上),車道線(附標記),未繪設快慢車道分隔線,有,車與車,追撞,駕駛者,超速駕駛,死亡1;受傷0,5,NA,NA,無或物(動物、堆置物),-1,NA,NA,NA,NA,NA,NA,NA,NA,無(非車輛駕駛人因素),尚未發現肇事因素,否,120.455532,23.666813
20231113,20231113,2023,11,053600,A1,臺北市政府警察局,臺北市南港區南港路1段 / 臺北市南港區三重路,雨,有照明且開啟,市區道路,50,交岔路,四岔路,交叉路口,交叉路口內,柏油,濕潤,無缺陷,無障礙物,無遮蔽物,良好,行車管制號誌,正常,中央分向島,寬式(50公分以上),車道線(無標記),未繪設快慢車道分隔線,無,車與車,路口交岔撞,駕駛者,闖紅燈直行,死亡1;受傷1,1,慢車,微型電動二輪車,女,53,戴半罩式安全帽,未使用,車的狀態,向前直行中,機車與自行車,右側車身,NA,NA,駕駛者,闖紅燈直行,否,121.613982,25.055344
20231113,20231113,2023,11,053600,A1,臺北市政府警察局,臺北市南港區南港路1段 / 臺北市南港區三重路,雨,有照明且開啟,市區道路,50,交岔路,四岔路,交叉路口,交叉路口內,柏油,濕潤,無缺陷,無障礙物,無遮蔽物,良好,行車管制號誌,正常,中央分向島,寬式(50公分以上),車道線(無標記),未繪設快慢車道分隔線,無,車與車,路口交岔撞,駕駛者,闖紅燈直行,死亡1;受傷1,2,機車,普通重型,男,52,戴非半罩式安全帽,未使用,車的狀態,向前直行中,機車與自行車,前車頭,NA,NA,無(車輛駕駛者因素),尚未發現肇事因素,否,121.613982,25.055344
20231113,20231113,2023,11,053600,A1,臺北市政府警察局,臺北市南港區南港路1段 / 臺北市南港區三重路,雨,有照明且開啟,市區道路,50,交岔路,四岔路,交叉路口,交叉路口內,柏油,濕潤,無缺陷,無障礙物,無遮蔽物,良好,行車管制號誌,正常,中央分向島,寬式(50公分以上),車道線(無標記),未繪設快慢車道分隔線,無,車與車,路口交岔撞,駕駛者,闖紅燈直行,死亡1;受傷1,3,小客車(含客、貨兩用),自用,男,59,繫安全帶(使用幼童安全椅),未使用,車的狀態,向前直行中,汽車,車底,NA,NA,駕駛者,恍神、緊張、心不在焉分心駕駛,是,121.613982,25.055344