accident_date,發生日期,發生年度,發生月份,發生時間,事故類別名稱,處理單位名稱警局層,發生地點,天候名稱,光線名稱,道路類別-第1當事者-名稱,速限-第1當事者,道路型態大類別名稱,道路型態子類別名稱,事故位置大類別名稱,事故位置子類別名稱,路面狀況-路面鋪裝名稱,路面狀況-路面狀態名稱,路面狀況-路面缺陷名稱,道路障礙-障礙物名稱,道路障礙-視距品質名稱,道路障礙-視距名稱,號誌-號誌種類名稱,號誌-號誌動作名稱,車道劃分設施-分向設施大類別名稱,車道劃分設施-分向設施子類別名稱,車道劃分設施-分道設施-快車道或一般車道間名稱,車道劃分設施-分道設施-快慢車道間名稱,車道劃分設施-分道設施-路面邊線名稱,事故類型及型態大類別名稱,事故類型及型態子類別名稱,肇因研判大類別名稱-主要,肇因研判子類別名稱-主要,死亡受傷人數,當事者順位,當事者區分-類別-大類別名稱-車種,當事者區分-類別-子類別名稱-車種,當事者屬-性-別名稱,當事者事故發生時年齡,保護裝備名稱,行動電話或電腦或其他相類功能裝置名稱,當事者行動狀態大類別名稱,當事者行動狀態子類別名稱,車輛撞擊部位大類別名稱-最初,車輛撞擊部位子類別名稱-最初,車輛撞擊部位大類別名稱-其他,車輛撞擊部位子類別名稱-其他,肇因研判大類別名稱-個別,肇因研判子類別名稱-個別,肇事逃逸類別名稱-是否肇逃,經度,緯度
20231113,20231113,2023,11,064700,A1,花蓮縣警察局,花蓮縣富里鄉台9線與福安路口,陰,有照明未開啟或故障,省道,50,交岔路,四岔路,交叉路口,交叉口附近,柏油,乾燥,無缺陷,無障礙物,無遮蔽物,良好,行車管制號誌,正常,雙向禁止超車線,無標記,未繪設車道線,未繪設快慢車道分隔線,有,車輛本身,其他,駕駛者,打瞌睡或疲勞駕駛(包括連續駕車8小時),死亡1;受傷2,1,小貨車(含客、貨兩用),自用,男,21,不明,未使用,車的狀態,向前直行中,汽車,前車頭,汽車,左側車身,駕駛者,打瞌睡或疲勞駕駛(包括連續駕車8小時),否,121.304565,23.26834
20231113,20231113,2023,11,064700,A1,花蓮縣警察局,花蓮縣富里鄉台9線與福安路口,陰,有照明未開啟或故障,省道,50,交岔路,四岔路,交叉路口,交叉口附近,柏油,乾燥,無缺陷,無障礙物,無遮蔽物,良好,行車管制號誌,正常,雙向禁止超車線,無標記,未繪設車道線,未繪設快慢車道分隔線,有,車輛本身,其他,駕駛者,打瞌睡或疲勞駕駛(包括連續駕車8小時),死亡1;受傷2,2,NA,NA,無或物(動物、堆置物),-1,NA,NA,NA,NA,NA,NA,NA,NA,無(非車輛駕駛人因素),尚未發現肇事因素,否,121.304565,23.26834
20231113,20231113,2023,11,064700,A1,花蓮縣警察局,花蓮縣富里鄉台9線與福安路口,陰,有照明未開啟或故障,省道,50,交岔路,四岔路,交叉路口,交叉口附近,柏油,乾燥,無缺陷,無障礙物,無遮蔽物,良好,行車管制號誌,正常,雙向禁止超車線,無標記,未繪設車道線,未繪設快慢車道分隔線,有,車輛本身,其他,駕駛者,打瞌睡或疲勞駕駛(包括連續駕車8小時),死亡1;受傷2,3,NA,NA,無或物(動物、堆置物),-1,NA,NA,NA,NA,NA,NA,NA,NA,無(非車輛駕駛人因素),尚未發現肇事因素,否,121.304565,23.26834
20231113,20231113,2023,11,064700,A1,花蓮縣警察局,花蓮縣富里鄉台9線與福安路口,陰,有照明未開啟或故障,省道,50,交岔路,四岔路,交叉路口,交叉口附近,柏油,乾燥,無缺陷,無障礙物,無遮蔽物,良好,行車管制號誌,正常,雙向禁止超車線,無標記,未繪設車道線,未繪設快慢車道分隔線,有,車輛本身,其他,駕駛者,打瞌睡或疲勞駕駛(包括連續駕車8小時),死亡1;受傷2,4,慢車,腳踏自行車,男,51,其他(無需使用保護裝備之人),未使用,車的狀態,右轉彎,機車與自行車,右側車身,NA,NA,駕駛者,違反其他標誌(線)禁制,否,121.304565,23.26834
20231113,20231113,2023,11,064700,A1,花蓮縣警察局,花蓮縣富里鄉台9線與福安路口,陰,有照明未開啟或故障,省道,50,交岔路,四岔路,交叉路口,交叉口附近,柏油,乾燥,無缺陷,無障礙物,無遮蔽物,良好,行車管制號誌,正常,雙向禁止超車線,無標記,未繪設車道線,未繪設快慢車道分隔線,有,車輛本身,其他,駕駛者,打瞌睡或疲勞駕駛(包括連續駕車8小時),死亡1;受傷2,5,NA,NA,無或物(動物、堆置物),-1,NA,NA,NA,NA,NA,NA,NA,NA,無(非車輛駕駛人因素),尚未發現肇事因素,否,121.304565,23.26834
20231113,20231113,2023,11,064700,A1,花蓮縣警察局,花蓮縣富里鄉台9線與福安路口,陰,有照明未開啟或故障,省道,50,交岔路,四岔路,交叉路口,交叉口附近,柏油,乾燥,無缺陷,無障礙物,無遮蔽物,良好,行車管制號誌,正常,雙向禁止超車線,無標記,未繪設車道線,未繪設快慢車道分隔線,有,車輛本身,其他,駕駛者,打瞌睡或疲勞駕駛(包括連續駕車8小時),死亡1;受傷2,6,NA,NA,無或物(動物、堆置物),-1,NA,NA,NA,NA,NA,NA,NA,NA,無(非車輛駕駛人因素),尚未發現肇事因素,否,121.304565,23.26834
20231113,20231113,2023,11,064700,A1,花蓮縣警察局,花蓮縣富里鄉台9線與福安路口,陰,有照明未開啟或故障,省道,50,交岔路,四岔路,交叉路口,交叉口附近,柏油,乾燥,無缺陷,無障礙物,無遮蔽物,良好,行車管制號誌,正常,雙向禁止超車線,無標記,未繪設車道線,未繪設快慢車道分隔線,有,車輛本身,其他,駕駛者,打瞌睡或疲勞駕駛(包括連續駕車8小時),死亡1;受傷2,7,NA,NA,無或物(動物、堆置物),-1,NA,NA,NA,NA,NA,NA,NA,NA,無(非車輛駕駛人因素),尚未發現肇事因素,否,121.304565,23.26834
20231113,20231113,2023,11,064700,A1,花蓮縣警察局,花蓮縣富里鄉台9線與福安路口,陰,有照明未開啟或故障,省道,50,交岔路,四岔路,交叉路口,交叉口附近,柏油,乾燥,無缺陷,無障礙物,無遮蔽物,良好,行車管制號誌,正常,雙向禁止超車線,無標記,未繪設車道線,未繪設快慢車道分隔線,有,車輛本身,其他,駕駛者,打瞌睡或疲勞駕駛(包括連續駕車8小時),死亡1;受傷2,8,人,乘客,男,39,繫安全帶(使用幼童安全椅),非駕駛人,人的狀態,靜立(止),其他,非汽、機及自行車,NA,NA,無(非車輛駕駛人因素),尚未發現肇事因素,否,121.304565,23.26834
20231113,20231113,2023,11,073100,A1,臺中市政府警察局,臺中市西屯區西墩里環中路二段918號前0.0公尺,晴,有照明未開啟或故障,市區道路,60,單路部分,直路,路段,快車道,柏油,乾燥,無缺陷,無障礙物,無遮蔽物,良好,無號誌,無號誌,中央分向島,寬式(50公分以上),車道線(無標記),寬式快慢車道分隔島(50公分以上),無,車輛本身,其他,其他,其他不當駕車行為,死亡1;受傷4,1,小客車(含客、貨兩用),自用,女,36,不明,未使用,車的狀態,向前直行中,汽車,右前車頭(身),NA,NA,其他,其他不當駕車行為,否,120.639195,24.18956
20231113,20231113,2023,11,073100,A1,臺中市政府警察局,臺中市西屯區西墩里環中路二段918號前0.0公尺,晴,有照明未開啟或故障,市區道路,60,單路部分,直路,路段,快車道,柏油,乾燥,無缺陷,無障礙物,無遮蔽物,良好,無號誌,無號誌,中央分向島,寬式(50公分以上),車道線(無標記),寬式快慢車道分隔島(50公分以上),無,車輛本身,其他,其他,其他不當駕車行為,死亡1;受傷4,2,NA,NA,無或物(動物、堆置物),0,NA,NA,NA,NA,NA,NA,NA,NA,無(非車輛駕駛人因素),動物竄出,否,120.639195,24.18956
20231113,20231113,2023,11,073100,A1,臺中市政府警察局,臺中市西屯區西墩里環中路二段918號前0.0公尺,晴,有照明未開啟或故障,市區道路,60,單路部分,直路,路段,快車道,柏油,乾燥,無缺陷,無障礙物,無遮蔽物,良好,無號誌,無號誌,中央分向島,寬式(50公分以上),車道線(無標記),寬式快慢車道分隔島(50公分以上),無,車輛本身,其他,其他,其他不當駕車行為,死亡1;受傷4,3,NA,NA,無或物(動物、堆置物),0,NA,NA,NA,NA,NA,NA,NA,NA,無(非車輛駕駛人因素),尚未發現肇事因素,否,120.639195,24.18956
20231113,20231113,2023,11,073100,A1,臺中市政府警察局,臺中市西屯區西墩里環中路二段918號前0.0公尺,晴,有照明未開啟或故障,市區道路,60,單路部分,直路,路段,快車道,柏油,乾燥,無缺陷,無障礙物,無遮蔽物,良好,無號誌,無號誌,中央分向島,寬式(50公分以上),車道線(無標記),寬式快慢車道分隔島(50公分以上),無,車輛本身,其他,其他,其他不當駕車行為,死亡1;受傷4,4,人,乘客,男,15,不明,非駕駛人,人的狀態,其他,其他,非汽、機及自行車,NA,NA,無(非車輛駕駛人因素),尚未發現肇事因素,否,120.639195,24.18956
20231113,20231113,2023,11,073100,A1,臺中市政府警察局,臺中市西屯區西墩里環中路二段918號前0.0公尺,晴,有照明未開啟或故障,市區道路,60,單路部分,直路,路段,快車道,柏油,乾燥,無缺陷,無障礙物,無遮蔽物,良好,無號誌,無號誌,中央分向島,寬式(50公分以上),車道線(無標記),寬式快慢車道分隔島(50公分以上),無,車輛本身,其他,其他,其他不當駕車行為,死亡1;受傷4,5,人,乘客,男,13,不明,非駕駛人,人的狀態,其他,其他,非汽、機及自行車,NA,NA,無(非車輛駕駛人因素),尚未發現肇事因素,否,120.639195,24.18956
20231113,20231113,2023,11,073100,A1,臺中市政府警察局,臺中市西屯區西墩里環中路二段918號前0.0公尺,晴,有照明未開啟或故障,市區道路,60,單路部分,直路,路段,快車道,柏油,乾燥,無缺陷,無障礙物,無遮蔽物,良好,無號誌,無號誌,中央分向島,寬式(50公分以上),車道線(無標記),寬式快慢車道分隔島(50公分以上),無,車輛本身,其他,其他,其他不當駕車行為,死亡1;受傷4,6,人,乘客,女,10,不明,非駕駛人,人的狀態,其他,其他,非汽、機及自行車,NA,NA,無(非車輛駕駛人因素),尚未發現肇事因素,否,120.639195,24.18956
20231113,20231113,2023,11,073100,A1,臺中市政府警察局,臺中市西屯區西墩里環中路二段918號前0.0公尺,晴,有照明未開啟或故障,市區道路,60,單路部分,直路,路段,快車道,柏油,乾燥,無缺陷,無障礙物,無遮蔽物,良好,無號誌,無號誌,中央分向島,寬式(50公分以上),車道線(無標記),寬式快慢車道分隔島(50公分以上),無,車輛本身,其他,其他,其他不當駕車行為,死亡1;受傷4,7,人,乘客,男,6,不明,非駕駛人,人的狀態,其他,其他,非汽、機及自行車,NA,NA,無(非車輛駕駛人因素),尚未發現肇事因素,否,120.639195,24.18956
20231113,20231113,2023,11,090700,A1,臺中市政府警察局,臺中市清水區下湳里中山路549-9號前0.0公尺,晴,有照明未開啟或故障,市區道路,40,單路部分,直路,路段,一般車道(未劃分快慢車道),柏油,乾燥,無缺陷,無障礙物,無遮蔽物,良好,無號誌,無號誌,行車分向線,附標記,車道線(附標記),快慢車道分隔線,有,車與車,其他,其他,違規(臨時)停車,死亡1;受傷0,1,曳引車,營業用,男,28,繫安全帶(使用幼童安全椅),未使用,車的狀態,等待(引擎未熄火),汽車,後車尾,NA,NA,其他,違規(臨時)停車,否,120.586189,24.289459
20231113,20231113,2023,11,090700,A1,臺中市政府警察局,臺中市清水區下湳里中山路549-9號前0.0公尺,晴,有照明未開啟或故障,市區道路,40,單路部分,直路,路段,一般車道(未劃分快慢車道),柏油,乾燥,無缺陷,無障礙物,無遮蔽物,良好,無號誌,無號誌,行車分向線,附標記,車道線(附標記),快慢車道分隔線,有,車與車,其他,其他,違規(臨時)停車,死亡1;受傷0,2,慢車,微型電動二輪車,女,26,戴半罩式安全帽,未使用,車的狀態,向前直行中,機車與自行車,前車頭,NA,NA,駕駛者,觀看其他事故、活動、道路環境或車外資訊分心駕駛,否,120.586189,24.289459
20231113,20231113,2023,11,124600,A1,高雄市政府警察局,高雄市苓雅區村中山二路406號前0.0公尺,晴,有照明未開啟或故障,市區道路,50,單路部分,直路,路段,快車道,柏油,乾燥,無缺陷,無障礙物,無遮蔽物,良好,行車管制號誌,正常,雙向禁止超車線,附標記,車道線(無標記),快慢車道分隔線,無,車與車,同向擦撞,駕駛者,未保持行車安全間隔,死亡1;受傷0,1,大客車,遊覽車,男,52,繫安全帶(使用幼童安全椅),未使用,車的狀態,向前直行中,其他,不明,NA,NA,駕駛者,未保持行車安全間隔,否,120.303132,22.618271
20231113,20231113,2023,11,124600,A1,高雄市政府警察局,高雄市苓雅區村中山二路406號前0.0公尺,晴,有照明未開啟或故障,市區道路,50,單路部分,直路,路段,快車道,柏油,乾燥,無缺陷,無障礙物,無遮蔽物,良好,行車管制號誌,正常,雙向禁止超車線,附標記,車道線(無標記),快慢車道分隔線,無,車與車,同向擦撞,駕駛者,未保持行車安全間隔,死亡1;受傷0,2,機車,普通重型,女,71,戴非半罩式安全帽,未使用,車的狀態,其他,其他,不明,NA,NA,其他,其他不當駕車行為,否,120.303132,22.618271
20231113,20231113,2023,11,135800,A1,嘉義縣警察局,嘉義縣新港鄉月潭村縣道159線7.6公里處南下引道,晴,有照明未開啟或故障,縣道,50,交岔路,四岔路,交叉路口,交叉口附近,柏油,乾燥,無缺陷,無障礙物,無遮蔽物,良好,行車管制號誌,正常,雙向禁止超車線,無標記,未繪設車道線,未繪設快慢車道分隔線,有,車與車,側撞,駕駛者,違規超車,死亡1;受傷0,1,慢車,腳踏自行車,男,79,其他(無需使用保護裝備之人),未使用,車的狀態,超車(含超越),機車與自行車,左側車身,NA,NA,駕駛者,違規超車,否,120.352543,23.529477
20231113,20231113,2023,11,135800,A1,嘉義縣警察局,嘉義縣新港鄉月潭村縣道159線7.6公里處南下引道,晴,有照明未開啟或故障,縣道,50,交岔路,四岔路,交叉路口,交叉口附近,柏油,乾燥,無缺陷,無障礙物,無遮蔽物,良好,行車管制號誌,正常,雙向禁止超車線,無標記,未繪設車道線,未繪設快慢車道分隔線,有,車與車,側撞,駕駛者,違規超車,死亡1;受傷0,2,曳引車,營業用,男,40,繫安全帶(使用幼童安全椅),未使用,車的狀態,右轉彎,汽車,右前車頭(身),NA,NA,無(車輛駕駛者因素),尚未發現肇事因素,否,120.352543,23.529477
20231113,20231113,2023,11,210600,A1,國道公路警察局,新竹市香山區國道3號 104公里669.0公尺處南側向外側,晴,無照明,國道,110,單路部分,直路,路段,快車道,柏油,乾燥,無缺陷,無障礙物,無遮蔽物,良好,無號誌,無號誌,中央分向島,寬式(50公分以上),車道線(附標記),未繪設快慢車道分隔線,有,車輛本身,撞護欄(樁),其他,其他不當駕車行為,死亡1;受傷0,1,小客車(含客、貨兩用),自用,男,26,繫安全帶(使用幼童安全椅),未使用,車的狀態,等待(引擎未熄火),汽車,右前車頭(身),NA,NA,其他,其他不當駕車行為,否,120.920935,24.741038
20231113,20231113,2023,11,210600,A1,國道公路警察局,新竹市香山區國道3號 104公里669.0公尺處南側向外側,晴,無照明,國道,110,單路部分,直路,路段,快車道,柏油,乾燥,無缺陷,無障礙物,無遮蔽物,良好,無號誌,無號誌,中央分向島,寬式(50公分以上),車道線(附標記),未繪設快慢車道分隔線,有,車輛本身,撞護欄(樁),其他,其他不當駕車行為,死亡1;受傷0,2,NA,NA,無或物(動物、堆置物),-1,NA,NA,NA,NA,NA,NA,NA,NA,無(非車輛駕駛人因素),尚未發現肇事因素,否,120.920935,24.741038
20231113,20231113,2023,11,210600,A1,國道公路警察局,新竹市香山區國道3號 104公里669.0公尺處南側向外側,晴,無照明,國道,110,單路部分,直路,路段,快車道,柏油,乾燥,無缺陷,無障礙物,無遮蔽物,良好,無號誌,無號誌,中央分向島,寬式(50公分以上),車道線(附標記),未繪設快慢車道分隔線,有,車輛本身,撞護欄(樁),其他,其他不當駕車行為,死亡1;受傷0,3,人,行人,男,26,其他(無需使用保護裝備之人),非駕駛人,不明,不明,其他,非汽、機及自行車,NA,NA,非駕駛者,其他引起事故之疏失或行為,否,120.920935,24.741038
20231113,20231113,2023,11,210600,A1,國道公路警察局,新竹市香山區國道3號 104公里669.0公尺處南側向外側,晴,無照明,國道,110,單路部分,直路,路段,快車道,柏油,乾燥,無缺陷,無障礙物,無遮蔽物,良好,無號誌,無號誌,中央分向島,寬式(50公分以上),車道線(附標記),未繪設快慢車道分隔線,有,車輛本身,撞護欄(樁),其他,其他不當駕車行為,死亡1;受傷0,4,半聯結車,營業用,男,49,繫安全帶(使用幼童安全椅),未使用,車的狀態,向前直行中,汽車,右前車頭(身),NA,NA,駕駛者,恍神、緊張、心不在焉分心駕駛,是,120.920935,24.741038
20231114,20231114,2023,11,060300,A1,臺中市政府警察局,臺中市清水區西社里中華路 / 臺中市清水區西社里海濱路,晴,無照明,市區道路,50,交岔路,四岔路,交叉路口,交叉路口內,柏油,乾燥,無缺陷,無障礙物,無遮蔽物,良好,行車管制號誌,正常,行車分向線,無標記,車道線(無標記),未繪設快慢車道分隔線,有,車與車,路口交岔撞,駕駛者,闖紅燈直行,死亡1;受傷0,1,慢車,微型電動二輪車,女,80,戴半罩式安全帽,未使用,車的狀態,向前直行中,機車與自行車,前車頭,機車與自行車,右側車身,駕駛者,闖紅燈直行,否,120.568112,24.271535
20231114,20231114,2023,11,060300,A1,臺中市政府警察局,臺中市清水區西社里中華路 / 臺中市清水區西社里海濱路,晴,無照明,市區道路,50,交岔路,四岔路,交叉路口,交叉路口內,柏油,乾燥,無缺陷,無障礙物,無遮蔽物,良好,行車管制號誌,正常,行車分向線,無標記,車道線(無標記),未繪設快慢車道分隔線,有,車與車,路口交岔撞,駕駛者,闖紅燈直行,死亡1;受傷0,2,小客車(含客、貨兩用),自用,男,71,繫安全帶(使用幼童安全椅),未使用,車的狀態,向前直行中,汽車,左前車頭(身),NA,NA,無(車輛駕駛者因素),尚未發現肇事因素,否,120.568112,24.271535
20231114,20231114,2023,11,085330,A1,彰化縣警察局,彰化縣埔鹽鄉角樹村員鹿路1段204巷口,晴,有照明未開啟或故障,村里道路,30,交岔路,三岔路,交叉路口,交叉口附近,柏油,乾燥,無缺陷,無障礙物,無遮蔽物,良好,無號誌,無號誌,無,無分向設施,未繪設車道線,未繪設快慢車道分隔線,有,車輛本身,衝出路外,其他,車輛或機械操作不當(慎),死亡1;受傷0,1,慢車,微型電動二輪車,男,88,戴半罩式安全帽,未使用,車的狀態,向前直行中,機車與自行車,右側車身,機車與自行車,右側車身,其他,車輛或機械操作不當(慎),否,120.468381,23.986782
20231114,20231114,2023,11,085330,A1,彰化縣警察局,彰化縣埔鹽鄉角樹村員鹿路1段204巷口,晴,有照明未開啟或故障,村里道路,30,交岔路,三岔路,交叉路口,交叉口附近,柏油,乾燥,無缺陷,無障礙物,無遮蔽物,良好,無號誌,無號誌,無,無分向設施,未繪設車道線,未繪設快慢車道分隔線,有,車輛本身,衝出路外,其他,車輛或機械操作不當(慎),死亡1;受傷0,2,NA,NA,無或物(動物、堆置物),-1,NA,NA,NA,NA,NA,NA,NA,NA,無(非車輛駕駛人因素),尚未發現肇事因素,否,120.468381,23.986782
20231114,20231114,2023,11,110045,A1,南投縣政府警察局,南投縣仁愛鄉德鹿谷村靜觀段538地號農路,陰,無照明,其他,30,單路部分,坡路,其他,其他,水泥,乾燥,無缺陷,無障礙物,無遮蔽物,良好,無號誌,無號誌,無,無分向設施,未繪設車道線,未繪設快慢車道分隔線,無,車輛本身,衝出路外,駕駛者,恍神、緊張、心不在焉分心駕駛,死亡1;受傷1,1,小貨車(含客、貨兩用),自用,男,42,未戴安全帽或未繫安全帶(未使用幼童安全椅),未使用,車的狀態,左轉彎,汽車,車頂,NA,NA,駕駛者,恍神、緊張、心不在焉分心駕駛,否,121.225127,24.088656
20231114,20231114,2023,11,110045,A1,南投縣政府警察局,南投縣仁愛鄉德鹿谷村靜觀段538地號農路,陰,無照明,其他,30,單路部分,坡路,其他,其他,水泥,乾燥,無缺陷,無障礙物,無遮蔽物,良好,無號誌,無號誌,無,無分向設施,未繪設車道線,未繪設快慢車道分隔線,無,車輛本身,衝出路外,駕駛者,恍神、緊張、心不在焉分心駕駛,死亡1;受傷1,2,NA,NA,無或物(動物、堆置物),-1,NA,NA,NA,NA,NA,NA,NA,NA,無(非車輛駕駛人因素),尚未發現肇事因素,否,121.225127,24.088656
20231114,20231114,2023,11,110045,A1,南投縣政府警察局,南投縣仁愛鄉德鹿谷村靜觀段538地號農路,陰,無照明,其他,30,單路部分,坡路,其他,其他,水泥,乾燥,無缺陷,無障礙物,無遮蔽物,良好,無號誌,無號誌,無,無分向設施,未繪設車道線,未繪設快慢車道分隔線,無,車輛本身,衝出路外,駕駛者,恍神、緊張、心不在焉分心駕駛,死亡1;受傷1,3,人,乘客,男,27,未戴安全帽或未繫安全帶(未使用幼童安全椅),非駕駛人,不明,不明,其他,非汽、機及自行車,NA,NA,無(非車輛駕駛人因素),尚未發現肇事因素,否,121.225127,24.088656
20231114,20231114,2023,11,153300,A1,高雄市政府警察局,高雄市林園區村鳳林路3段 / 高雄市林園區鳳林路3段,晴,有照明未開啟或故障,市區道路,40,交岔路,三岔路,交叉路口,交叉路口內,柏油,乾燥,無缺陷,無障礙物,無遮蔽物,良好,行車管制號誌,正常,中央分向島,寬式(50公分以上),車道線(無標記),快慢車道分隔線,有,車與車,其他,駕駛者,闖紅燈直行,死亡1;受傷0,1,機車,普通重型,女,70,不明,不明,車的狀態,其他,機車與自行車,前車頭,NA,NA,駕駛者,闖紅燈直行,否,120.401153,22.526268
20231114,20231114,2023,11,153300,A1,高雄市政府警察局,高雄市林園區村鳳林路3段 / 高雄市林園區鳳林路3段,晴,有照明未開啟或故障,市區道路,40,交岔路,三岔路,交叉路口,交叉路口內,柏油,乾燥,無缺陷,無障礙物,無遮蔽物,良好,行車管制號誌,正常,中央分向島,寬式(50公分以上),車道線(無標記),快慢車道分隔線,有,車與車,其他,駕駛者,闖紅燈直行,死亡1;受傷0,2,小客車(含客、貨兩用),計程車,男,53,繫安全帶(使用幼童安全椅),未使用,車的狀態,向前直行中,汽車,左前車頭(身),NA,NA,其他,其他不當駕車行為,否,120.401153,22.526268
20231114,20231114,2023,11,200500,A1,新北市政府警察局,新北市板橋區大觀路3段160巷前0.0公尺,晴,有照明且開啟,市區道路,40,單路部分,直路,其他,行人穿越道,柏油,乾燥,路面鬆軟,道路工事(程)中,無遮蔽物,良好,無號誌,無號誌,行車分向線,附標記,未繪設車道線,未繪設快慢車道分隔線,有,人與車,其他,駕駛者,觀看其他事故、活動、道路環境或車外資訊分心駕駛,死亡1;受傷0,1,小客車(含客、貨兩用),自用,女,35,繫安全帶(使用幼童安全椅),未使用,車的狀態,向前直行中,汽車,車底,NA,NA,駕駛者,觀看其他事故、活動、道路環境或車外資訊分心駕駛,否,121.431082,24.993766
20231114,20231114,2023,11,200500,A1,新北市政府警察局,新北市板橋區大觀路3段160巷前0.0公尺,晴,有照明且開啟,市區道路,40,單路部分,直路,其他,行人穿越道,柏油,乾燥,路面鬆軟,道路工事(程)中,無遮蔽物,良好,無號誌,無號誌,行車分向線,附標記,未繪設車道線,未繪設快慢車道分隔線,有,人與車,其他,駕駛者,觀看其他事故、活動、道路環境或車外資訊分心駕駛,死亡1;受傷0,2,人,其他人,男,54,其他(無需使用保護裝備之人),非駕駛人,人的狀態,其他,其他,非汽、機及自行車,NA,NA,無(非車輛駕駛人因素),尚未發現肇事因素,否,121.431082,24.993766
20231115,20231115,2023,11,082700,A1,臺東縣警察局,臺東縣臺東市民航路118之1號前,晴,無照明,市區道路,50,單路部分,直路,路段,快車道,柏油,乾燥,無缺陷,無障礙物,無遮蔽物,良好,無號誌,無號誌,中央分向島,寬式(50公分以上),車道線(無標記),快慢車道分隔線,有,車與車,側撞,駕駛者,違反其他標誌(線)禁制,死亡1;受傷1,1,機車,普通重型,男,58,戴非半罩式安全帽,未使用,車的狀態,左轉彎,機車與自行車,後車尾,NA,NA,駕駛者,違反其他標誌(線)禁制,否,121.120088,22.761707
20231115,20231115,2023,11,082700,A1,臺東縣警察局,臺東縣臺東市民航路118之1號前,晴,無照明,市區道路,50,單路部分,直路,路段,快車道,柏油,乾燥,無缺陷,無障礙物,無遮蔽物,良好,無號誌,無號誌,中央分向島,寬式(50公分以上),車道線(無標記),快慢車道分隔線,有,車與車,側撞,駕駛者,違反其他標誌(線)禁制,死亡1;受傷1,2,小客車(含客、貨兩用),自用,男,27,繫安全帶(使用幼童安全椅),未使用,車的狀態,向前直行中,汽車,前車頭,NA,NA,其他,其他不當駕車行為,否,121.120088,22.761707
20231115,20231115,2023,11,130600,A1,嘉義縣警察局,嘉義縣民雄鄉中央村田中央83號旁路口,晴,有照明未開啟或故障,村里道路,30,交岔路,多岔路,交叉路口,交叉路口內,柏油,乾燥,無缺陷,無障礙物,無遮蔽物,良好,閃光號誌,正常,無,無分向設施,未繪設車道線,未繪設快慢車道分隔線,無,車與車,路口交岔撞,駕駛者,違反閃光號誌,死亡1;受傷0,1,大貨車,自用,男,34,繫安全帶(使用幼童安全椅),未使用,車的狀態,向前直行中,汽車,右前車頭(身),NA,NA,駕駛者,違反閃光號誌,否,120.39993,23.533084
20231115,20231115,2023,11,130600,A1,嘉義縣警察局,嘉義縣民雄鄉中央村田中央83號旁路口,晴,有照明未開啟或故障,村里道路,30,交岔路,多岔路,交叉路口,交叉路口內,柏油,乾燥,無缺陷,無障礙物,無遮蔽物,良好,閃光號誌,正常,無,無分向設施,未繪設車道線,未繪設快慢車道分隔線,無,車與車,路口交岔撞,駕駛者,違反閃光號誌,死亡1;受傷0,2,機車,普通重型,男,62,戴半罩式安全帽,未使用,車的狀態,向前直行中,機車與自行車,前車頭,NA,NA,駕駛者,未依規定減速,否,120.39993,23.533084
20231116,20231116,2023,11,074435,A1,國道公路警察局,苗栗縣三義鄉國道1號 153公里200.0公尺處北側向外側,晴,有照明未開啟或故障,國道,100,單路部分,直路,路段,快車道,柏油,乾燥,無缺陷,路上有停車,有遮蔽物,建築物,無號誌,無號誌,中央分向島,寬式(50公分以上),車道線(附標記),未繪設快慢車道分隔線,有,人與車,其他,駕駛者,恍神、緊張、心不在焉分心駕駛,死亡1;受傷0,1,小客車(含客、貨兩用),自用,男,61,繫安全帶(使用幼童安全椅),未使用,車的狀態,向前直行中,汽車,右前車頭(身),NA,NA,駕駛者,恍神、緊張、心不在焉分心駕駛,否,120.743034,24.365721
20231116,20231116,2023,11,074435,A1,國道公路警察局,苗栗縣三義鄉國道1號 153公里200.0公尺處北側向外側,晴,有照明未開啟或故障,國道,100,單路部分,直路,路段,快車道,柏油,乾燥,無缺陷,路上有停車,有遮蔽物,建築物,無號誌,無號誌,中央分向島,寬式(50公分以上),車道線(附標記),未繪設快慢車道分隔線,有,人與車,其他,駕駛者,恍神、緊張、心不在焉分心駕駛,死亡1;受傷0,2,人,乘客,男,65,其他(無需使用保護裝備之人),非駕駛人,人的狀態,其他,其他,非汽、機及自行車,NA,NA,無(非車輛駕駛人因素),尚未發現肇事因素,否,120.743034,24.365721
20231116,20231116,2023,11,074435,A1,國道公路警察局,苗栗縣三義鄉國道1號 153公里200.0公尺處北側向外側,晴,有照明未開啟或故障,國道,100,單路部分,直路,路段,快車道,柏油,乾燥,無缺陷,路上有停車,有遮蔽物,建築物,無號誌,無號誌,中央分向島,寬式(50公分以上),車道線(附標記),未繪設快慢車道分隔線,有,人與車,其他,駕駛者,恍神、緊張、心不在焉分心駕駛,死亡1;受傷0,3,小貨車(含客、貨兩用),自用,男,61,繫安全帶(使用幼童安全椅),未使用,車的狀態,靜止(引擎熄火),汽車,左後車尾(身),汽車,右前車頭(身),其他,車輛拋錨未採安全措施,否,120.743034,24.365721