accident_date,發生日期,發生年度,發生月份,發生時間,事故類別名稱,處理單位名稱警局層,發生地點,天候名稱,光線名稱,道路類別-第1當事者-名稱,速限-第1當事者,道路型態大類別名稱,道路型態子類別名稱,事故位置大類別名稱,事故位置子類別名稱,路面狀況-路面鋪裝名稱,路面狀況-路面狀態名稱,路面狀況-路面缺陷名稱,道路障礙-障礙物名稱,道路障礙-視距品質名稱,道路障礙-視距名稱,號誌-號誌種類名稱,號誌-號誌動作名稱,車道劃分設施-分向設施大類別名稱,車道劃分設施-分向設施子類別名稱,車道劃分設施-分道設施-快車道或一般車道間名稱,車道劃分設施-分道設施-快慢車道間名稱,車道劃分設施-分道設施-路面邊線名稱,事故類型及型態大類別名稱,事故類型及型態子類別名稱,肇因研判大類別名稱-主要,肇因研判子類別名稱-主要,死亡受傷人數,當事者順位,當事者區分-類別-大類別名稱-車種,當事者區分-類別-子類別名稱-車種,當事者屬-性-別名稱,當事者事故發生時年齡,保護裝備名稱,行動電話或電腦或其他相類功能裝置名稱,當事者行動狀態大類別名稱,當事者行動狀態子類別名稱,車輛撞擊部位大類別名稱-最初,車輛撞擊部位子類別名稱-最初,車輛撞擊部位大類別名稱-其他,車輛撞擊部位子類別名稱-其他,肇因研判大類別名稱-個別,肇因研判子類別名稱-個別,肇事逃逸類別名稱-是否肇逃,經度,緯度
20231116,20231116,2023,11,074435,A1,國道公路警察局,苗栗縣三義鄉國道1號 153公里200.0公尺處北側向外側,晴,有照明未開啟或故障,國道,100,單路部分,直路,路段,快車道,柏油,乾燥,無缺陷,路上有停車,有遮蔽物,建築物,無號誌,無號誌,中央分向島,寬式(50公分以上),車道線(附標記),未繪設快慢車道分隔線,有,人與車,其他,駕駛者,恍神、緊張、心不在焉分心駕駛,死亡1;受傷0,4,大貨車,自用,男,42,繫安全帶(使用幼童安全椅),未使用,車的狀態,其他,汽車,左側車身,NA,NA,無(車輛駕駛者因素),尚未發現肇事因素,否,120.743034,24.365721
20231116,20231116,2023,11,102100,A1,高雄市政府警察局,高雄市楠梓區後昌路 / 高雄市楠梓區後昌路,晴,無照明,市區道路,50,交岔路,四岔路,交叉路口,交叉路口內,柏油,乾燥,無缺陷,無障礙物,無遮蔽物,良好,無號誌,無號誌,雙向禁止超車線,無標記,未繪設車道線,未繪設快慢車道分隔線,無,車與車,路口交岔撞,駕駛者,無號誌路口，支線道未讓幹線道先行,死亡1;受傷1,1,慢車,腳踏自行車,男,81,不明,不明,車的狀態,向前直行中,其他,不明,NA,NA,駕駛者,無號誌路口，支線道未讓幹線道先行,否,120.291467,22.717775
20231116,20231116,2023,11,102100,A1,高雄市政府警察局,高雄市楠梓區後昌路 / 高雄市楠梓區後昌路,晴,無照明,市區道路,50,交岔路,四岔路,交叉路口,交叉路口內,柏油,乾燥,無缺陷,無障礙物,無遮蔽物,良好,無號誌,無號誌,雙向禁止超車線,無標記,未繪設車道線,未繪設快慢車道分隔線,無,車與車,路口交岔撞,駕駛者,無號誌路口，支線道未讓幹線道先行,死亡1;受傷1,2,機車,普通重型,女,52,不明,不明,車的狀態,向前直行中,其他,不明,NA,NA,駕駛者,未依規定減速,否,120.291467,22.717775
20231116,20231116,2023,11,174035,A1,苗栗縣警察局,苗栗縣造橋鄉大龍村縣道苗17線燈桿(大坪幹63 D8747FA77)旁,雨,無照明,縣道,50,單路部分,坡路,路段,一般車道(未劃分快慢車道),柏油,濕潤,無缺陷,無障礙物,無遮蔽物,良好,無號誌,無號誌,行車分向線,無標記,未繪設車道線,未繪設快慢車道分隔線,有,車輛本身,撞電桿,駕駛者,觀看其他事故、活動、道路環境或車外資訊分心駕駛,死亡1;受傷0,1,機車,普通重型,男,86,未戴安全帽或未繫安全帶(未使用幼童安全椅),未使用,車的狀態,向前直行中,機車與自行車,前車頭,NA,NA,駕駛者,觀看其他事故、活動、道路環境或車外資訊分心駕駛,否,120.911225,24.618051
20231116,20231116,2023,11,174035,A1,苗栗縣警察局,苗栗縣造橋鄉大龍村縣道苗17線燈桿(大坪幹63 D8747FA77)旁,雨,無照明,縣道,50,單路部分,坡路,路段,一般車道(未劃分快慢車道),柏油,濕潤,無缺陷,無障礙物,無遮蔽物,良好,無號誌,無號誌,行車分向線,無標記,未繪設車道線,未繪設快慢車道分隔線,有,車輛本身,撞電桿,駕駛者,觀看其他事故、活動、道路環境或車外資訊分心駕駛,死亡1;受傷0,2,NA,NA,無或物(動物、堆置物),-1,NA,NA,NA,NA,NA,NA,NA,NA,無(非車輛駕駛人因素),尚未發現肇事因素,否,120.911225,24.618051
20231117,20231117,2023,11,050349,A1,新竹縣政府警察局,新竹縣竹北市中山路東側 / 新竹縣竹北市十興路附近,晴,有照明且開啟,市區道路,50,交岔路,三岔路,交叉路口,交叉路口內,柏油,乾燥,無缺陷,無障礙物,有遮蔽物,路上停放車輛,行車管制號誌(附設行人專用號誌),正常,雙向禁止超車線,附標記,禁止變換車道線(附標記),未繪設快慢車道分隔線,有,車與車,路口交岔撞,駕駛者,闖紅燈直行,死亡1;受傷0,1,小客車(含客、貨兩用),自用,男,67,繫安全帶(使用幼童安全椅),未使用,車的狀態,其他,汽車,右前車頭(身),NA,NA,駕駛者,闖紅燈直行,是,121.02235400000001,24.834564
20231117,20231117,2023,11,050349,A1,新竹縣政府警察局,新竹縣竹北市中山路東側 / 新竹縣竹北市十興路附近,晴,有照明且開啟,市區道路,50,交岔路,三岔路,交叉路口,交叉路口內,柏油,乾燥,無缺陷,無障礙物,有遮蔽物,路上停放車輛,行車管制號誌(附設行人專用號誌),正常,雙向禁止超車線,附標記,禁止變換車道線(附標記),未繪設快慢車道分隔線,有,車與車,路口交岔撞,駕駛者,闖紅燈直行,死亡1;受傷0,2,機車,普通重型,男,80,戴半罩式安全帽,未使用,車的狀態,其他,機車與自行車,左側車身,NA,NA,無(車輛駕駛者因素),尚未發現肇事因素,否,121.02235400000001,24.834564
20231117,20231117,2023,11,102400,A1,臺中市政府警察局,臺中市龍井區新庄里臺灣大道五段前0.0公尺,晴,有照明未開啟或故障,市區道路,60,交岔路,四岔路,交叉路口,交叉路口內,柏油,乾燥,無缺陷,無障礙物,無遮蔽物,良好,行車管制號誌(附設行人專用號誌),正常,無,無分向設施,未繪設車道線,未繪設快慢車道分隔線,無,車與車,側撞,駕駛者,違反禁止左轉、右轉標誌,死亡1;受傷0,1,小客車(含客、貨兩用),自用,男,68,繫安全帶(使用幼童安全椅),未使用,車的狀態,右轉彎,汽車,右後車尾(身),NA,NA,駕駛者,違反禁止左轉、右轉標誌,否,120.585632,24.186015
20231117,20231117,2023,11,102400,A1,臺中市政府警察局,臺中市龍井區新庄里臺灣大道五段前0.0公尺,晴,有照明未開啟或故障,市區道路,60,交岔路,四岔路,交叉路口,交叉路口內,柏油,乾燥,無缺陷,無障礙物,無遮蔽物,良好,行車管制號誌(附設行人專用號誌),正常,無,無分向設施,未繪設車道線,未繪設快慢車道分隔線,無,車與車,側撞,駕駛者,違反禁止左轉、右轉標誌,死亡1;受傷0,2,機車,普通重型,男,23,戴非半罩式安全帽,未使用,車的狀態,向前直行中,機車與自行車,前車頭,NA,NA,無(車輛駕駛者因素),尚未發現肇事因素,否,120.585632,24.186015
20231117,20231117,2023,11,162139,A1,桃園市政府警察局,桃園市大園區三民路二段96號前0.0公尺,晴,有照明未開啟或故障,市區道路,50,單路部分,直路,路段,一般車道(未劃分快慢車道),柏油,乾燥,無缺陷,無障礙物,無遮蔽物,良好,無號誌,無號誌,中央分向島,寬式(50公分以上),車道線(無標記),未繪設快慢車道分隔線,有,車與車,追撞,駕駛者,未保持行車安全距離,死亡1;受傷0,1,半聯結車,營業用,男,46,不明,不明,車的狀態,向前直行中,汽車,右前車頭(身),NA,NA,駕駛者,未保持行車安全距離,否,121.254131,25.087055
20231117,20231117,2023,11,162139,A1,桃園市政府警察局,桃園市大園區三民路二段96號前0.0公尺,晴,有照明未開啟或故障,市區道路,50,單路部分,直路,路段,一般車道(未劃分快慢車道),柏油,乾燥,無缺陷,無障礙物,無遮蔽物,良好,無號誌,無號誌,中央分向島,寬式(50公分以上),車道線(無標記),未繪設快慢車道分隔線,有,車與車,追撞,駕駛者,未保持行車安全距離,死亡1;受傷0,2,機車,普通重型,男,65,不明,不明,車的狀態,向前直行中,機車與自行車,後車尾,NA,NA,無(車輛駕駛者因素),尚未發現肇事因素,否,121.254131,25.087055
20231117,20231117,2023,11,162139,A1,桃園市政府警察局,桃園市大園區三民路二段96號前0.0公尺,晴,有照明未開啟或故障,市區道路,50,單路部分,直路,路段,一般車道(未劃分快慢車道),柏油,乾燥,無缺陷,無障礙物,無遮蔽物,良好,無號誌,無號誌,中央分向島,寬式(50公分以上),車道線(無標記),未繪設快慢車道分隔線,有,車與車,追撞,駕駛者,未保持行車安全距離,死亡1;受傷0,3,大貨車,營業用,男,51,不明,不明,車的狀態,等待(引擎未熄火),其他,無撞擊,NA,NA,其他,違規(臨時)停車,否,121.254131,25.087055
20231117,20231117,2023,11,201800,A1,臺中市政府警察局,臺中市沙鹿區竹林里臺灣大道七段 / 臺中市沙鹿區竹林里三民路,陰,有照明且開啟,市區道路,60,交岔路,多岔路,路段,慢車道,柏油,乾燥,無缺陷,無障礙物,無遮蔽物,良好,行車管制號誌(附設行人專用號誌),正常,中央分向島,窄式無柵欄,車道線(附標記),窄式快慢車道分隔島(無柵欄),有,車與車,其他,駕駛者,恍神、緊張、心不在焉分心駕駛,死亡1;受傷0,1,大貨車,自用,男,49,不明,不明,車的狀態,向前直行中,汽車,前車頭,NA,NA,駕駛者,恍神、緊張、心不在焉分心駕駛,否,120.569563,24.237414
20231117,20231117,2023,11,201800,A1,臺中市政府警察局,臺中市沙鹿區竹林里臺灣大道七段 / 臺中市沙鹿區竹林里三民路,陰,有照明且開啟,市區道路,60,交岔路,多岔路,路段,慢車道,柏油,乾燥,無缺陷,無障礙物,無遮蔽物,良好,行車管制號誌(附設行人專用號誌),正常,中央分向島,窄式無柵欄,車道線(附標記),窄式快慢車道分隔島(無柵欄),有,車與車,其他,駕駛者,恍神、緊張、心不在焉分心駕駛,死亡1;受傷0,2,機車,普通重型,女,53,不明,不明,車的狀態,向前直行中,機車與自行車,左側車身,NA,NA,其他,其他不當駕車行為,否,120.569563,24.237414
20231117,20231117,2023,11,210300,A1,新北市政府警察局,新北市板橋區環河西路5段前0.0公尺,晴,有照明且開啟,市區道路,50,單路部分,彎曲路及附近,路段,一般車道(未劃分快慢車道),柏油,乾燥,無缺陷,無障礙物,無遮蔽物,良好,無號誌,無號誌,雙向禁止超車線,無標記,未繪設車道線,未繪設快慢車道分隔線,有,車輛本身,其他,駕駛者,恍神、緊張、心不在焉分心駕駛,死亡1;受傷1,1,機車,普通重型,男,72,戴半罩式安全帽,未使用,車的狀態,向前直行中,機車與自行車,右側車身,NA,NA,駕駛者,恍神、緊張、心不在焉分心駕駛,否,121.485541,25.022253
20231117,20231117,2023,11,210300,A1,新北市政府警察局,新北市板橋區環河西路5段前0.0公尺,晴,有照明且開啟,市區道路,50,單路部分,彎曲路及附近,路段,一般車道(未劃分快慢車道),柏油,乾燥,無缺陷,無障礙物,無遮蔽物,良好,無號誌,無號誌,雙向禁止超車線,無標記,未繪設車道線,未繪設快慢車道分隔線,有,車輛本身,其他,駕駛者,恍神、緊張、心不在焉分心駕駛,死亡1;受傷1,2,NA,NA,無或物(動物、堆置物),0,NA,NA,NA,NA,NA,NA,NA,NA,無(非車輛駕駛人因素),尚未發現肇事因素,否,121.485541,25.022253
20231117,20231117,2023,11,210300,A1,新北市政府警察局,新北市板橋區環河西路5段前0.0公尺,晴,有照明且開啟,市區道路,50,單路部分,彎曲路及附近,路段,一般車道(未劃分快慢車道),柏油,乾燥,無缺陷,無障礙物,無遮蔽物,良好,無號誌,無號誌,雙向禁止超車線,無標記,未繪設車道線,未繪設快慢車道分隔線,有,車輛本身,其他,駕駛者,恍神、緊張、心不在焉分心駕駛,死亡1;受傷1,3,人,乘客,女,63,戴半罩式安全帽,非駕駛人,人的狀態,其他,其他,非汽、機及自行車,NA,NA,無(非車輛駕駛人因素),尚未發現肇事因素,否,121.485541,25.022253
20231117,20231117,2023,11,214200,A1,臺南市政府警察局,臺南市白河區縣165線 10公里400.0公尺處東側,陰,有照明且開啟,縣道,60,單路部分,直路,路段,一般車道(未劃分快慢車道),柏油,乾燥,無缺陷,無障礙物,無遮蔽物,良好,無號誌,無號誌,行車分向線,無標記,未繪設車道線,未繪設快慢車道分隔線,有,人與車,穿越道路中,駕駛者,恍神、緊張、心不在焉分心駕駛,死亡1;受傷0,1,小客車(含客、貨兩用),自用,女,46,繫安全帶(使用幼童安全椅),未使用,車的狀態,向前直行中,汽車,前車頭,NA,NA,駕駛者,恍神、緊張、心不在焉分心駕駛,否,120.427611,23.369376
20231117,20231117,2023,11,214200,A1,臺南市政府警察局,臺南市白河區縣165線 10公里400.0公尺處東側,陰,有照明且開啟,縣道,60,單路部分,直路,路段,一般車道(未劃分快慢車道),柏油,乾燥,無缺陷,無障礙物,無遮蔽物,良好,無號誌,無號誌,行車分向線,無標記,未繪設車道線,未繪設快慢車道分隔線,有,人與車,穿越道路中,駕駛者,恍神、緊張、心不在焉分心駕駛,死亡1;受傷0,2,人,行人,女,80,其他(無需使用保護裝備之人),非駕駛人,人的狀態,步行,其他,非汽、機及自行車,NA,NA,非駕駛者,穿越道路未注意左右來車,否,120.427611,23.369376
20231118,20231118,2023,11,061200,A1,嘉義縣警察局,嘉義縣民雄鄉秀林村東義5號前,晴,無照明,鄉道,50,單路部分,直路,路段,一般車道(未劃分快慢車道),柏油,乾燥,無缺陷,無障礙物,無遮蔽物,良好,無號誌,無號誌,行車分向線,無標記,未繪設車道線,未繪設快慢車道分隔線,有,人與車,穿越道路中,非駕駛者,穿越道路未注意左右來車,死亡1;受傷1,1,人,行人,女,84,其他(無需使用保護裝備之人),非駕駛人,人的狀態,步行,其他,非汽、機及自行車,NA,NA,非駕駛者,穿越道路未注意左右來車,否,120.489887,23.511578
20231118,20231118,2023,11,061200,A1,嘉義縣警察局,嘉義縣民雄鄉秀林村東義5號前,晴,無照明,鄉道,50,單路部分,直路,路段,一般車道(未劃分快慢車道),柏油,乾燥,無缺陷,無障礙物,無遮蔽物,良好,無號誌,無號誌,行車分向線,無標記,未繪設車道線,未繪設快慢車道分隔線,有,人與車,穿越道路中,非駕駛者,穿越道路未注意左右來車,死亡1;受傷1,2,機車,普通重型,女,61,戴半罩式安全帽,未使用,車的狀態,向前直行中,機車與自行車,前車頭,NA,NA,駕駛者,恍神、緊張、心不在焉分心駕駛,否,120.489887,23.511578
20231118,20231118,2023,11,065051,A1,雲林縣警察局,雲林縣水林鄉車港村產業道路交叉路口(電桿大B65旁),晴,無照明,村里道路,30,交岔路,四岔路,交叉路口,交叉口附近,柏油,乾燥,無缺陷,無障礙物,無遮蔽物,良好,無號誌,無號誌,無,無分向設施,未繪設車道線,未繪設快慢車道分隔線,無,車與車,路口交岔撞,駕駛者,無號誌路口，左方車未讓右方車先行,死亡1;受傷0,1,機車,普通重型,女,47,不明,不明,車的狀態,向前直行中,機車與自行車,前車頭,NA,NA,駕駛者,無號誌路口，左方車未讓右方車先行,否,120.258238,23.613412
20231118,20231118,2023,11,065051,A1,雲林縣警察局,雲林縣水林鄉車港村產業道路交叉路口(電桿大B65旁),晴,無照明,村里道路,30,交岔路,四岔路,交叉路口,交叉口附近,柏油,乾燥,無缺陷,無障礙物,無遮蔽物,良好,無號誌,無號誌,無,無分向設施,未繪設車道線,未繪設快慢車道分隔線,無,車與車,路口交岔撞,駕駛者,無號誌路口，左方車未讓右方車先行,死亡1;受傷0,2,其他車,拼裝車,男,81,未戴安全帽或未繫安全帶(未使用幼童安全椅),未使用,車的狀態,向前直行中,其他,非汽、機及自行車,NA,NA,駕駛者,未依規定減速,否,120.258238,23.613412
20231118,20231118,2023,11,101103,A1,桃園市政府警察局,桃園市中壢區中豐北路口 / 桃園市中壢區環北路口,晴,無照明,市區道路,50,交岔路,四岔路,交叉路口,交叉路口內,柏油,乾燥,無缺陷,無障礙物,無遮蔽物,良好,行車管制號誌(附設行人專用號誌),正常,無,無分向設施,未繪設車道線,未繪設快慢車道分隔線,無,車與車,側撞,駕駛者,右轉彎未依規定,死亡1;受傷0,1,半聯結車,營業用,男,44,繫安全帶(使用幼童安全椅),未使用,車的狀態,右轉彎,汽車,右側車身,NA,NA,駕駛者,右轉彎未依規定,否,121.220589,24.966356
20231118,20231118,2023,11,101103,A1,桃園市政府警察局,桃園市中壢區中豐北路口 / 桃園市中壢區環北路口,晴,無照明,市區道路,50,交岔路,四岔路,交叉路口,交叉路口內,柏油,乾燥,無缺陷,無障礙物,無遮蔽物,良好,行車管制號誌(附設行人專用號誌),正常,無,無分向設施,未繪設車道線,未繪設快慢車道分隔線,無,車與車,側撞,駕駛者,右轉彎未依規定,死亡1;受傷0,2,慢車,腳踏自行車,女,74,其他(無需使用保護裝備之人),未使用,車的狀態,向前直行中,機車與自行車,左側車身,NA,NA,駕駛者,未保持行車安全間隔,否,121.220589,24.966356
20231118,20231118,2023,11,143800,A1,臺中市政府警察局,臺中市潭子區嘉仁里祥和東路前0.0公尺,晴,有照明未開啟或故障,市區道路,50,單路部分,直路,路段,一般車道(未劃分快慢車道),柏油,乾燥,無缺陷,無障礙物,無遮蔽物,良好,無號誌,無號誌,行車分向線,無標記,未繪設車道線,未繪設快慢車道分隔線,有,車與車,對撞,駕駛者,逆向行駛,死亡1;受傷1,1,機車,普通重型,男,46,戴非半罩式安全帽,未使用,車的狀態,其他,機車與自行車,前車頭,NA,NA,駕駛者,逆向行駛,否,120.716315,24.228902
20231118,20231118,2023,11,143800,A1,臺中市政府警察局,臺中市潭子區嘉仁里祥和東路前0.0公尺,晴,有照明未開啟或故障,市區道路,50,單路部分,直路,路段,一般車道(未劃分快慢車道),柏油,乾燥,無缺陷,無障礙物,無遮蔽物,良好,無號誌,無號誌,行車分向線,無標記,未繪設車道線,未繪設快慢車道分隔線,有,車與車,對撞,駕駛者,逆向行駛,死亡1;受傷1,2,小客車(含客、貨兩用),自用,男,41,繫安全帶(使用幼童安全椅),未使用,車的狀態,向前直行中,汽車,前車頭,NA,NA,無(車輛駕駛者因素),尚未發現肇事因素,否,120.716315,24.228902
20231118,20231118,2023,11,143800,A1,臺中市政府警察局,臺中市潭子區嘉仁里祥和東路前0.0公尺,晴,有照明未開啟或故障,市區道路,50,單路部分,直路,路段,一般車道(未劃分快慢車道),柏油,乾燥,無缺陷,無障礙物,無遮蔽物,良好,無號誌,無號誌,行車分向線,無標記,未繪設車道線,未繪設快慢車道分隔線,有,車與車,對撞,駕駛者,逆向行駛,死亡1;受傷1,3,人,乘客,女,45,戴非半罩式安全帽,非駕駛人,不明,不明,其他,非汽、機及自行車,NA,NA,無(非車輛駕駛人因素),尚未發現肇事因素,否,120.716315,24.228902
20231118,20231118,2023,11,163600,A1,桃園市政府警察局,桃園市中壢區環中東路807號前0.0公尺,晴,有照明且開啟,其他,50,單路部分,直路,路段,路肩、路緣,柏油,乾燥,無缺陷,無障礙物,無遮蔽物,良好,無號誌,無號誌,中央分向島,寬式(50公分以上),車道線(無標記),未繪設快慢車道分隔線,有,車輛本身,其他,駕駛者,恍神、緊張、心不在焉分心駕駛,死亡1;受傷0,1,機車,普通重型,女,45,戴半罩式安全帽,不明,車的狀態,向前直行中,機車與自行車,前車頭,NA,NA,駕駛者,恍神、緊張、心不在焉分心駕駛,否,121.243801,24.953806
20231118,20231118,2023,11,163600,A1,桃園市政府警察局,桃園市中壢區環中東路807號前0.0公尺,晴,有照明且開啟,其他,50,單路部分,直路,路段,路肩、路緣,柏油,乾燥,無缺陷,無障礙物,無遮蔽物,良好,無號誌,無號誌,中央分向島,寬式(50公分以上),車道線(無標記),未繪設快慢車道分隔線,有,車輛本身,其他,駕駛者,恍神、緊張、心不在焉分心駕駛,死亡1;受傷0,2,NA,NA,無或物(動物、堆置物),-1,NA,NA,NA,NA,NA,NA,NA,NA,無(非車輛駕駛人因素),尚未發現肇事因素,否,121.243801,24.953806
20231119,20231119,2023,11,000500,A1,桃園市政府警察局,桃園市龍潭區北龍路279號前0.0公尺,晴,有照明且開啟,其他,40,單路部分,直路,路段,一般車道(未劃分快慢車道),柏油,乾燥,無缺陷,無障礙物,無遮蔽物,良好,無號誌,無號誌,中央分向島,寬式(50公分以上),車道線(無標記),未繪設快慢車道分隔線,有,人與車,穿越道路中,非駕駛者,未依標誌或標線穿越道路,死亡1;受傷1,1,人,行人,女,61,其他(無需使用保護裝備之人),非駕駛人,人的狀態,步行,其他,非汽、機及自行車,NA,NA,非駕駛者,未依標誌或標線穿越道路,否,121.217539,24.867964
20231119,20231119,2023,11,000500,A1,桃園市政府警察局,桃園市龍潭區北龍路279號前0.0公尺,晴,有照明且開啟,其他,40,單路部分,直路,路段,一般車道(未劃分快慢車道),柏油,乾燥,無缺陷,無障礙物,無遮蔽物,良好,無號誌,無號誌,中央分向島,寬式(50公分以上),車道線(無標記),未繪設快慢車道分隔線,有,人與車,穿越道路中,非駕駛者,未依標誌或標線穿越道路,死亡1;受傷1,2,機車,普通重型,男,23,不明,不明,車的狀態,向前直行中,其他,不明,NA,NA,駕駛者,恍神、緊張、心不在焉分心駕駛,否,121.217539,24.867964
20231119,20231119,2023,11,000900,A1,高雄市政府警察局,高雄市大寮區至學路 / 高雄市大寮區和業三路,晴,有照明且開啟,市區道路,50,交岔路,四岔路,交叉路口,交叉口附近,柏油,乾燥,無缺陷,無障礙物,無遮蔽物,良好,行車管制號誌,正常,雙向禁止超車線,無標記,未繪設車道線,快慢車道分隔線,無,車輛本身,撞護欄(樁),其他,其他不當駕車行為,死亡1;受傷0,1,小客車(含客、貨兩用),自用,男,40,不明,不明,不明,不明,汽車,前車頭,NA,NA,其他,其他不當駕車行為,否,120.4287,22.60544
20231119,20231119,2023,11,000900,A1,高雄市政府警察局,高雄市大寮區至學路 / 高雄市大寮區和業三路,晴,有照明且開啟,市區道路,50,交岔路,四岔路,交叉路口,交叉口附近,柏油,乾燥,無缺陷,無障礙物,無遮蔽物,良好,行車管制號誌,正常,雙向禁止超車線,無標記,未繪設車道線,快慢車道分隔線,無,車輛本身,撞護欄(樁),其他,其他不當駕車行為,死亡1;受傷0,2,NA,NA,無或物(動物、堆置物),112,NA,NA,NA,NA,NA,NA,NA,NA,無(非車輛駕駛人因素),尚未發現肇事因素,否,120.4287,22.60544
20231119,20231119,2023,11,065600,A1,宜蘭縣政府警察局,宜蘭縣礁溪鄉白鵝村柴圍路67-1號前0.0公尺,晴,有照明且開啟,鄉道,50,單路部分,彎曲路及附近,路段,一般車道(未劃分快慢車道),柏油,乾燥,無缺陷,無障礙物,無遮蔽物,良好,無號誌,無號誌,雙向禁止超車線,附標記,未繪設車道線,未繪設快慢車道分隔線,有,車與車,對撞,駕駛者,酒醉(後)駕駛,死亡1;受傷0,1,小客車(含客、貨兩用),自用,男,28,繫安全帶(使用幼童安全椅),未使用,車的狀態,其他,汽車,右前車頭(身),NA,NA,駕駛者,酒醉(後)駕駛,否,121.755265,24.803648
20231119,20231119,2023,11,065600,A1,宜蘭縣政府警察局,宜蘭縣礁溪鄉白鵝村柴圍路67-1號前0.0公尺,晴,有照明且開啟,鄉道,50,單路部分,彎曲路及附近,路段,一般車道(未劃分快慢車道),柏油,乾燥,無缺陷,無障礙物,無遮蔽物,良好,無號誌,無號誌,雙向禁止超車線,附標記,未繪設車道線,未繪設快慢車道分隔線,有,車與車,對撞,駕駛者,酒醉(後)駕駛,死亡1;受傷0,2,機車,普通重型,女,60,戴半罩式安全帽,未使用,車的狀態,向前直行中,機車與自行車,前車頭,NA,NA,無(車輛駕駛者因素),尚未發現肇事因素,否,121.755265,24.803648
20231119,20231119,2023,11,113000,A1,苗栗縣警察局,苗栗縣公館鄉石墻村150-9號旁渠道,晴,有照明且開啟,鄉道,40,單路部分,直路,其他,其他,柏油,乾燥,無缺陷,無障礙物,無遮蔽物,良好,無號誌,無號誌,無,無分向設施,未繪設車道線,未繪設快慢車道分隔線,無,車輛本身,衝出路外,無(車輛駕駛者因素),尚未發現肇事因素,死亡1;受傷0,1,慢車,腳踏自行車,男,85,其他(無需使用保護裝備之人),未使用,不明,不明,其他,無撞擊,NA,NA,無(車輛駕駛者因素),尚未發現肇事因素,否,120.813996,24.474209
20231119,20231119,2023,11,113000,A1,苗栗縣警察局,苗栗縣公館鄉石墻村150-9號旁渠道,晴,有照明且開啟,鄉道,40,單路部分,直路,其他,其他,柏油,乾燥,無缺陷,無障礙物,無遮蔽物,良好,無號誌,無號誌,無,無分向設施,未繪設車道線,未繪設快慢車道分隔線,無,車輛本身,衝出路外,無(車輛駕駛者因素),尚未發現肇事因素,死亡1;受傷0,2,NA,NA,無或物(動物、堆置物),-1,NA,NA,NA,NA,NA,NA,NA,NA,無(非車輛駕駛人因素),尚未發現肇事因素,否,120.813996,24.474209
20231119,20231119,2023,11,120500,A1,新竹縣政府警察局,新竹縣湖口鄉湖中路(電桿-老湖口支23A-0806旁),晴,有照明未開啟或故障,市區道路,50,單路部分,直路,路段,路肩、路緣,柏油,乾燥,無缺陷,無障礙物,無遮蔽物,良好,無號誌,無號誌,雙向禁止超車線,附標記,未繪設車道線,未繪設快慢車道分隔線,有,車輛本身,其他,駕駛者,恍神、緊張、心不在焉分心駕駛,死亡1;受傷0,1,機車,普通重型,女,73,戴非半罩式安全帽,不明,不明,不明,機車與自行車,前車頭,NA,NA,駕駛者,恍神、緊張、心不在焉分心駕駛,否,121.072885,24.884801
20231119,20231119,2023,11,120500,A1,新竹縣政府警察局,新竹縣湖口鄉湖中路(電桿-老湖口支23A-0806旁),晴,有照明未開啟或故障,市區道路,50,單路部分,直路,路段,路肩、路緣,柏油,乾燥,無缺陷,無障礙物,無遮蔽物,良好,無號誌,無號誌,雙向禁止超車線,附標記,未繪設車道線,未繪設快慢車道分隔線,有,車輛本身,其他,駕駛者,恍神、緊張、心不在焉分心駕駛,死亡1;受傷0,2,NA,NA,無或物(動物、堆置物),-1,NA,NA,NA,NA,NA,NA,NA,NA,無(非車輛駕駛人因素),尚未發現肇事因素,否,121.072885,24.884801
20231120,20231120,2023,11,022700,A1,高雄市政府警察局,高雄市大社區中正路 / 高雄市大社區大社路,晴,有照明且開啟,市區道路,50,交岔路,四岔路,交叉路口,交叉路口內,柏油,乾燥,無缺陷,無障礙物,無遮蔽物,良好,行車管制號誌,正常,無,無分向設施,未繪設車道線,未繪設快慢車道分隔線,無,車與車,路口交岔撞,駕駛者,闖紅燈直行,死亡1;受傷1,1,機車,普通重型,男,48,不明,不明,不明,不明,其他,不明,NA,NA,駕駛者,闖紅燈直行,否,120.3487,22.73313
20231120,20231120,2023,11,022700,A1,高雄市政府警察局,高雄市大社區中正路 / 高雄市大社區大社路,晴,有照明且開啟,市區道路,50,交岔路,四岔路,交叉路口,交叉路口內,柏油,乾燥,無缺陷,無障礙物,無遮蔽物,良好,行車管制號誌,正常,無,無分向設施,未繪設車道線,未繪設快慢車道分隔線,無,車與車,路口交岔撞,駕駛者,闖紅燈直行,死亡1;受傷1,2,機車,普通重型,男,22,戴半罩式安全帽,未使用,車的狀態,向前直行中,機車與自行車,右側車身,NA,NA,無(車輛駕駛者因素),尚未發現肇事因素,否,120.3487,22.73313
20231120,20231120,2023,11,081500,A1,新北市政府警察局,新北市中和區景平路726號前0.0公尺,晴,有照明且開啟,市區道路,50,單路部分,直路,路段,慢車道,柏油,乾燥,無缺陷,無障礙物,有遮蔽物,建築物,無號誌,無號誌,中央分向島,寬式(50公分以上),車道線(無標記),快慢車道分隔線,有,車與車,同向擦撞,駕駛者,未保持行車安全間隔,死亡1;受傷1,1,機車,普通輕型,男,76,戴半罩式安全帽,未使用,車的狀態,向左變換車道,機車與自行車,左側車身,NA,NA,駕駛者,未保持行車安全間隔,否,121.496768,25.003321