accident_date,發生日期,發生年度,發生月份,發生時間,事故類別名稱,處理單位名稱警局層,發生地點,天候名稱,光線名稱,道路類別-第1當事者-名稱,速限-第1當事者,道路型態大類別名稱,道路型態子類別名稱,事故位置大類別名稱,事故位置子類別名稱,路面狀況-路面鋪裝名稱,路面狀況-路面狀態名稱,路面狀況-路面缺陷名稱,道路障礙-障礙物名稱,道路障礙-視距品質名稱,道路障礙-視距名稱,號誌-號誌種類名稱,號誌-號誌動作名稱,車道劃分設施-分向設施大類別名稱,車道劃分設施-分向設施子類別名稱,車道劃分設施-分道設施-快車道或一般車道間名稱,車道劃分設施-分道設施-快慢車道間名稱,車道劃分設施-分道設施-路面邊線名稱,事故類型及型態大類別名稱,事故類型及型態子類別名稱,肇因研判大類別名稱-主要,肇因研判子類別名稱-主要,死亡受傷人數,當事者順位,當事者區分-類別-大類別名稱-車種,當事者區分-類別-子類別名稱-車種,當事者屬-性-別名稱,當事者事故發生時年齡,保護裝備名稱,行動電話或電腦或其他相類功能裝置名稱,當事者行動狀態大類別名稱,當事者行動狀態子類別名稱,車輛撞擊部位大類別名稱-最初,車輛撞擊部位子類別名稱-最初,車輛撞擊部位大類別名稱-其他,車輛撞擊部位子類別名稱-其他,肇因研判大類別名稱-個別,肇因研判子類別名稱-個別,肇事逃逸類別名稱-是否肇逃,經度,緯度
20231120,20231120,2023,11,081500,A1,新北市政府警察局,新北市中和區景平路726號前0.0公尺,晴,有照明且開啟,市區道路,50,單路部分,直路,路段,慢車道,柏油,乾燥,無缺陷,無障礙物,有遮蔽物,建築物,無號誌,無號誌,中央分向島,寬式(50公分以上),車道線(無標記),快慢車道分隔線,有,車與車,同向擦撞,駕駛者,未保持行車安全間隔,死亡1;受傷1,2,機車,普通重型,女,39,戴半罩式安全帽,未使用,車的狀態,向前直行中,機車與自行車,右側車身,NA,NA,無(車輛駕駛者因素),尚未發現肇事因素,否,121.496768,25.003321
20231120,20231120,2023,11,081500,A1,新北市政府警察局,新北市中和區景平路726號前0.0公尺,晴,有照明且開啟,市區道路,50,單路部分,直路,路段,慢車道,柏油,乾燥,無缺陷,無障礙物,有遮蔽物,建築物,無號誌,無號誌,中央分向島,寬式(50公分以上),車道線(無標記),快慢車道分隔線,有,車與車,同向擦撞,駕駛者,未保持行車安全間隔,死亡1;受傷1,3,小客車(含客、貨兩用),自用,男,20,未戴安全帽或未繫安全帶(未使用幼童安全椅),未使用,車的狀態,靜止(引擎熄火),其他,無撞擊,NA,NA,其他,違規(臨時)停車,否,121.496768,25.003321
20231120,20231120,2023,11,081500,A1,新北市政府警察局,新北市中和區景平路726號前0.0公尺,晴,有照明且開啟,市區道路,50,單路部分,直路,路段,慢車道,柏油,乾燥,無缺陷,無障礙物,有遮蔽物,建築物,無號誌,無號誌,中央分向島,寬式(50公分以上),車道線(無標記),快慢車道分隔線,有,車與車,同向擦撞,駕駛者,未保持行車安全間隔,死亡1;受傷1,4,小客車(含客、貨兩用),自用,男,32,未戴安全帽或未繫安全帶(未使用幼童安全椅),未使用,車的狀態,靜止(引擎熄火),其他,無撞擊,NA,NA,其他,違規(臨時)停車,否,121.496768,25.003321
20231120,20231120,2023,11,091200,A1,臺南市政府警察局,臺南市永康區育樂街口 / 臺南市永康區王行路口,晴,有照明未開啟或故障,市區道路,30,交岔路,四岔路,交叉路口,交叉路口內,柏油,乾燥,無缺陷,無障礙物,無遮蔽物,良好,無號誌,無號誌,無,無分向設施,未繪設車道線,未繪設快慢車道分隔線,無,車與車,路口交岔撞,駕駛者,無號誌路口，支線道未讓幹線道先行,死亡1;受傷0,1,機車,普通重型,女,56,戴非半罩式安全帽,未使用,車的狀態,向前直行中,機車與自行車,前車頭,NA,NA,駕駛者,無號誌路口，支線道未讓幹線道先行,否,120.273274,23.035392
20231120,20231120,2023,11,091200,A1,臺南市政府警察局,臺南市永康區育樂街口 / 臺南市永康區王行路口,晴,有照明未開啟或故障,市區道路,30,交岔路,四岔路,交叉路口,交叉路口內,柏油,乾燥,無缺陷,無障礙物,無遮蔽物,良好,無號誌,無號誌,無,無分向設施,未繪設車道線,未繪設快慢車道分隔線,無,車與車,路口交岔撞,駕駛者,無號誌路口，支線道未讓幹線道先行,死亡1;受傷0,2,小客車(含客、貨兩用),自用,男,34,繫安全帶(使用幼童安全椅),未使用,車的狀態,向前直行中,汽車,左前車頭(身),NA,NA,駕駛者,超速駕駛,否,120.273274,23.035392
20231120,20231120,2023,11,141500,A1,新北市政府警察局,新北市新店區北宜路1段107號前0.0公尺,晴,有照明未開啟或故障,市區道路,50,單路部分,直路,路段,一般車道(未劃分快慢車道),柏油,乾燥,無缺陷,無障礙物,無遮蔽物,良好,無號誌,無號誌,雙向禁止超車線,無標記,車道線(無標記),未繪設快慢車道分隔線,有,車與車,同向擦撞,駕駛者,變換車道不當,死亡1;受傷0,1,大客車,營業用,男,59,繫安全帶(使用幼童安全椅),未使用,車的狀態,向右變換車道,汽車,右前車頭(身),NA,NA,駕駛者,變換車道不當,是,121.539532,24.955359
20231120,20231120,2023,11,141500,A1,新北市政府警察局,新北市新店區北宜路1段107號前0.0公尺,晴,有照明未開啟或故障,市區道路,50,單路部分,直路,路段,一般車道(未劃分快慢車道),柏油,乾燥,無缺陷,無障礙物,無遮蔽物,良好,無號誌,無號誌,雙向禁止超車線,無標記,車道線(無標記),未繪設快慢車道分隔線,有,車與車,同向擦撞,駕駛者,變換車道不當,死亡1;受傷0,2,機車,普通重型,男,74,戴半罩式安全帽,未使用,車的狀態,向前直行中,機車與自行車,左側車身,NA,NA,無(車輛駕駛者因素),尚未發現肇事因素,否,121.539532,24.955359
20231120,20231120,2023,11,141500,A1,新北市政府警察局,新北市新店區北宜路1段107號前0.0公尺,晴,有照明未開啟或故障,市區道路,50,單路部分,直路,路段,一般車道(未劃分快慢車道),柏油,乾燥,無缺陷,無障礙物,無遮蔽物,良好,無號誌,無號誌,雙向禁止超車線,無標記,車道線(無標記),未繪設快慢車道分隔線,有,車與車,同向擦撞,駕駛者,變換車道不當,死亡1;受傷0,3,機車,普通重型,女,25,未戴安全帽或未繫安全帶(未使用幼童安全椅),未使用,車的狀態,靜止(引擎熄火),機車與自行車,後車尾,NA,NA,無(車輛駕駛者因素),尚未發現肇事因素,否,121.539532,24.955359
20231120,20231120,2023,11,213600,A1,嘉義市政府警察局,嘉義市西區永和里垂楊路920弄3號前0.0公尺,晴,有照明且開啟,市區道路,30,單路部分,直路,路段,一般車道(未劃分快慢車道),柏油,乾燥,無缺陷,無障礙物,無遮蔽物,良好,無號誌,無號誌,無,無分向設施,未繪設車道線,未繪設快慢車道分隔線,無,車輛本身,路上翻車、摔倒,其他,車輛或機械操作不當(慎),死亡1;受傷0,1,機車,普通重型,男,69,戴半罩式安全帽,未使用,車的狀態,向前直行中,機車與自行車,前車頭,NA,NA,其他,車輛或機械操作不當(慎),否,120.436987,23.474794
20231120,20231120,2023,11,213600,A1,嘉義市政府警察局,嘉義市西區永和里垂楊路920弄3號前0.0公尺,晴,有照明且開啟,市區道路,30,單路部分,直路,路段,一般車道(未劃分快慢車道),柏油,乾燥,無缺陷,無障礙物,無遮蔽物,良好,無號誌,無號誌,無,無分向設施,未繪設車道線,未繪設快慢車道分隔線,無,車輛本身,路上翻車、摔倒,其他,車輛或機械操作不當(慎),死亡1;受傷0,2,NA,NA,無或物(動物、堆置物),0,NA,NA,NA,NA,NA,NA,NA,NA,無(非車輛駕駛人因素),尚未發現肇事因素,否,120.436987,23.474794
20231120,20231120,2023,11,230900,A1,臺中市政府警察局,臺中市太平區東汴里長龍路二段352號前0.0公尺,晴,有照明且開啟,市區道路,40,單路部分,彎曲路及附近,路段,一般車道(未劃分快慢車道),柏油,乾燥,無缺陷,無障礙物,無遮蔽物,良好,無號誌,無號誌,雙向禁止超車線,無標記,未繪設車道線,未繪設快慢車道分隔線,有,車輛本身,路上翻車、摔倒,其他,其他不當駕車行為,死亡1;受傷0,1,機車,普通重型,男,21,戴非半罩式安全帽,未使用,車的狀態,向前直行中,機車與自行車,前車頭,NA,NA,其他,其他不當駕車行為,否,120.75716,24.11786
20231120,20231120,2023,11,230900,A1,臺中市政府警察局,臺中市太平區東汴里長龍路二段352號前0.0公尺,晴,有照明且開啟,市區道路,40,單路部分,彎曲路及附近,路段,一般車道(未劃分快慢車道),柏油,乾燥,無缺陷,無障礙物,無遮蔽物,良好,無號誌,無號誌,雙向禁止超車線,無標記,未繪設車道線,未繪設快慢車道分隔線,有,車輛本身,路上翻車、摔倒,其他,其他不當駕車行為,死亡1;受傷0,2,NA,NA,無或物(動物、堆置物),0,NA,NA,NA,NA,NA,NA,NA,NA,無(非車輛駕駛人因素),尚未發現肇事因素,否,120.75716,24.11786
20231120,20231120,2023,11,230900,A1,臺中市政府警察局,臺中市太平區東汴里長龍路二段352號前0.0公尺,晴,有照明且開啟,市區道路,40,單路部分,彎曲路及附近,路段,一般車道(未劃分快慢車道),柏油,乾燥,無缺陷,無障礙物,無遮蔽物,良好,無號誌,無號誌,雙向禁止超車線,無標記,未繪設車道線,未繪設快慢車道分隔線,有,車輛本身,路上翻車、摔倒,其他,其他不當駕車行為,死亡1;受傷0,3,NA,NA,無或物(動物、堆置物),0,NA,NA,NA,NA,NA,NA,NA,NA,無(非車輛駕駛人因素),尚未發現肇事因素,否,120.75716,24.11786
20231120,20231120,2023,11,230900,A1,臺中市政府警察局,臺中市太平區東汴里長龍路二段352號前0.0公尺,晴,有照明且開啟,市區道路,40,單路部分,彎曲路及附近,路段,一般車道(未劃分快慢車道),柏油,乾燥,無缺陷,無障礙物,無遮蔽物,良好,無號誌,無號誌,雙向禁止超車線,無標記,未繪設車道線,未繪設快慢車道分隔線,有,車輛本身,路上翻車、摔倒,其他,其他不當駕車行為,死亡1;受傷0,4,NA,NA,無或物(動物、堆置物),0,NA,NA,NA,NA,NA,NA,NA,NA,無(非車輛駕駛人因素),尚未發現肇事因素,否,120.75716,24.11786
20231121,20231121,2023,11,071115,A1,金門縣警察局,金門縣金湖鎮三多路與太湖路三段路口,晴,無照明,村里道路,50,交岔路,四岔路,交叉路口,交叉路口內,柏油,乾燥,無缺陷,無障礙物,無遮蔽物,良好,行車管制號誌,正常,無,無分向設施,未繪設車道線,未繪設快慢車道分隔線,有,人與車,穿越道路中,非駕駛者,未依號誌或手勢指揮(示)穿越道路,死亡1;受傷1,1,人,輔助代步器材,男,84,其他(無需使用保護裝備之人),非駕駛人,人的狀態,其他,其他,非汽、機及自行車,NA,NA,非駕駛者,未依號誌或手勢指揮(示)穿越道路,否,118.431976,24.43463
20231121,20231121,2023,11,071115,A1,金門縣警察局,金門縣金湖鎮三多路與太湖路三段路口,晴,無照明,村里道路,50,交岔路,四岔路,交叉路口,交叉路口內,柏油,乾燥,無缺陷,無障礙物,無遮蔽物,良好,行車管制號誌,正常,無,無分向設施,未繪設車道線,未繪設快慢車道分隔線,有,人與車,穿越道路中,非駕駛者,未依號誌或手勢指揮(示)穿越道路,死亡1;受傷1,2,小客車(含客、貨兩用),自用,男,24,未戴安全帽或未繫安全帶(未使用幼童安全椅),未使用,車的狀態,向前直行中,汽車,前車頭,NA,NA,無(車輛駕駛者因素),尚未發現肇事因素,否,118.431976,24.43463
20231121,20231121,2023,11,071400,A1,桃園市政府警察局,桃園市龜山區復興一路口 / 桃園市龜山區文化一路口,晴,無照明,市區道路,50,單路部分,直路,路段,一般車道(未劃分快慢車道),柏油,乾燥,無缺陷,無障礙物,無遮蔽物,良好,無號誌,無號誌,中央分向島,寬式(50公分以上),禁止變換車道線(無標記),未繪設快慢車道分隔線,有,車與車,同向擦撞,駕駛者,違反禁止變換車道標線,死亡1;受傷0,1,機車,普通重型,女,46,戴非半罩式安全帽,未使用,車的狀態,向左變換車道,機車與自行車,後車尾,NA,NA,駕駛者,違反禁止變換車道標線,否,121.370251,25.06088
20231121,20231121,2023,11,071400,A1,桃園市政府警察局,桃園市龜山區復興一路口 / 桃園市龜山區文化一路口,晴,無照明,市區道路,50,單路部分,直路,路段,一般車道(未劃分快慢車道),柏油,乾燥,無缺陷,無障礙物,無遮蔽物,良好,無號誌,無號誌,中央分向島,寬式(50公分以上),禁止變換車道線(無標記),未繪設快慢車道分隔線,有,車與車,同向擦撞,駕駛者,違反禁止變換車道標線,死亡1;受傷0,2,大貨車,營業用,男,51,繫安全帶(使用幼童安全椅),未使用,車的狀態,向前直行中,汽車,右前車頭(身),NA,NA,無(車輛駕駛者因素),尚未發現肇事因素,否,121.370251,25.06088
20231121,20231121,2023,11,071400,A1,桃園市政府警察局,桃園市龜山區復興一路口 / 桃園市龜山區文化一路口,晴,無照明,市區道路,50,單路部分,直路,路段,一般車道(未劃分快慢車道),柏油,乾燥,無缺陷,無障礙物,無遮蔽物,良好,無號誌,無號誌,中央分向島,寬式(50公分以上),禁止變換車道線(無標記),未繪設快慢車道分隔線,有,車與車,同向擦撞,駕駛者,違反禁止變換車道標線,死亡1;受傷0,3,小客車(含客、貨兩用),自用,男,50,繫安全帶(使用幼童安全椅),未使用,車的狀態,右轉彎,汽車,左後車尾(身),NA,NA,無(車輛駕駛者因素),尚未發現肇事因素,否,121.370251,25.06088
20231121,20231121,2023,11,082500,A1,新北市政府警察局,新北市三重區環河南路 / 新北市三重區成功路,晴,無照明,市區道路,50,交岔路,三岔路,交叉路口,交叉路口內,柏油,乾燥,無缺陷,無障礙物,無遮蔽物,良好,行車管制號誌,正常,中央分向島,寬式(50公分以上),禁止變換車道線(附標記),未繪設快慢車道分隔線,有,車與車,側撞,駕駛者,有號誌路口，轉彎車未讓直行車先行,死亡1;受傷0,1,小客車(含客、貨兩用),自用,男,42,不明,未使用,車的狀態,左轉彎,其他,不明,NA,NA,駕駛者,有號誌路口，轉彎車未讓直行車先行,否,121.489024,25.048866
20231121,20231121,2023,11,082500,A1,新北市政府警察局,新北市三重區環河南路 / 新北市三重區成功路,晴,無照明,市區道路,50,交岔路,三岔路,交叉路口,交叉路口內,柏油,乾燥,無缺陷,無障礙物,無遮蔽物,良好,行車管制號誌,正常,中央分向島,寬式(50公分以上),禁止變換車道線(附標記),未繪設快慢車道分隔線,有,車與車,側撞,駕駛者,有號誌路口，轉彎車未讓直行車先行,死亡1;受傷0,2,機車,普通重型,男,49,不明,未使用,車的狀態,向前直行中,其他,不明,NA,NA,無(車輛駕駛者因素),尚未發現肇事因素,否,121.489024,25.048866
20231121,20231121,2023,11,101900,A1,南投縣政府警察局,南投縣國姓鄉台14線,晴,無照明,省道,70,單路部分,直路,路段,一般車道(未劃分快慢車道),柏油,乾燥,無缺陷,無障礙物,無遮蔽物,良好,無號誌,無號誌,雙向禁止超車線,無標記,禁止變換車道線(無標記),寬式快慢車道分隔島(50公分以上),有,車輛本身,撞號誌、標誌桿,駕駛者,超速駕駛,死亡1;受傷0,1,小客車(含客、貨兩用),租賃車,男,43,不明,不明,不明,不明,汽車,左前車頭(身),NA,NA,駕駛者,超速駕駛,否,120.908541,23.983631
20231121,20231121,2023,11,101900,A1,南投縣政府警察局,南投縣國姓鄉台14線,晴,無照明,省道,70,單路部分,直路,路段,一般車道(未劃分快慢車道),柏油,乾燥,無缺陷,無障礙物,無遮蔽物,良好,無號誌,無號誌,雙向禁止超車線,無標記,禁止變換車道線(無標記),寬式快慢車道分隔島(50公分以上),有,車輛本身,撞號誌、標誌桿,駕駛者,超速駕駛,死亡1;受傷0,2,NA,NA,無或物(動物、堆置物),-1,NA,NA,NA,NA,NA,NA,NA,NA,無(非車輛駕駛人因素),尚未發現肇事因素,否,120.908541,23.983631
20231122,20231122,2023,11,021038,A1,桃園市政府警察局,桃園市龍潭區大昌路一段251巷前0.0公尺,晴,有照明且開啟,村里道路,50,單路部分,直路,路段,一般車道(未劃分快慢車道),柏油,乾燥,無缺陷,無障礙物,無遮蔽物,良好,無號誌,無號誌,中央分向島,寬式(50公分以上),車道線(無標記),未繪設快慢車道分隔線,有,車輛本身,撞路樹,駕駛者,酒醉(後)駕駛,死亡1;受傷1,1,小客車(含客、貨兩用),自用,男,53,繫安全帶(使用幼童安全椅),未使用,車的狀態,向前直行中,汽車,前車頭,NA,NA,駕駛者,酒醉(後)駕駛,否,121.219392,24.870719
20231122,20231122,2023,11,021038,A1,桃園市政府警察局,桃園市龍潭區大昌路一段251巷前0.0公尺,晴,有照明且開啟,村里道路,50,單路部分,直路,路段,一般車道(未劃分快慢車道),柏油,乾燥,無缺陷,無障礙物,無遮蔽物,良好,無號誌,無號誌,中央分向島,寬式(50公分以上),車道線(無標記),未繪設快慢車道分隔線,有,車輛本身,撞路樹,駕駛者,酒醉(後)駕駛,死亡1;受傷1,2,NA,NA,無或物(動物、堆置物),-1,NA,NA,NA,NA,NA,NA,NA,NA,無(非車輛駕駛人因素),尚未發現肇事因素,否,121.219392,24.870719
20231122,20231122,2023,11,021038,A1,桃園市政府警察局,桃園市龍潭區大昌路一段251巷前0.0公尺,晴,有照明且開啟,村里道路,50,單路部分,直路,路段,一般車道(未劃分快慢車道),柏油,乾燥,無缺陷,無障礙物,無遮蔽物,良好,無號誌,無號誌,中央分向島,寬式(50公分以上),車道線(無標記),未繪設快慢車道分隔線,有,車輛本身,撞路樹,駕駛者,酒醉(後)駕駛,死亡1;受傷1,3,人,乘客,男,47,未戴安全帽或未繫安全帶(未使用幼童安全椅),非駕駛人,人的狀態,其他,其他,非汽、機及自行車,NA,NA,無(非車輛駕駛人因素),尚未發現肇事因素,否,121.219392,24.870719
20231122,20231122,2023,11,052200,A1,新北市政府警察局,新北市土城區亞洲路 / 新北市土城區亞洲路,晴,有照明且開啟,市區道路,50,交岔路,四岔路,交叉路口,交叉路口內,柏油,乾燥,無缺陷,無障礙物,無遮蔽物,良好,行車管制號誌(附設行人專用號誌),正常,雙向禁止超車線,無標記,未繪設車道線,未繪設快慢車道分隔線,無,車與車,其他,駕駛者,違反其他標誌(線)禁制,死亡1;受傷0,1,大客車,自用,男,40,繫安全帶(使用幼童安全椅),未使用,車的狀態,向前直行中,汽車,前車頭,NA,NA,駕駛者,違反其他標誌(線)禁制,否,121.405196,25.04099
20231122,20231122,2023,11,052200,A1,新北市政府警察局,新北市土城區亞洲路 / 新北市土城區亞洲路,晴,有照明且開啟,市區道路,50,交岔路,四岔路,交叉路口,交叉路口內,柏油,乾燥,無缺陷,無障礙物,無遮蔽物,良好,行車管制號誌(附設行人專用號誌),正常,雙向禁止超車線,無標記,未繪設車道線,未繪設快慢車道分隔線,無,車與車,其他,駕駛者,違反其他標誌(線)禁制,死亡1;受傷0,2,機車,普通重型,女,49,戴半罩式安全帽,未使用,車的狀態,其他,機車與自行車,後車尾,NA,NA,其他,其他不當駕車行為,否,121.405196,25.04099
20231122,20231122,2023,11,062000,A1,新北市政府警察局,新北市林口區頭湖一路前0.0公尺,陰,有照明且開啟,市區道路,50,單路部分,彎曲路及附近,路段,一般車道(未劃分快慢車道),柏油,乾燥,無缺陷,無障礙物,無遮蔽物,良好,無號誌,無號誌,雙向禁止超車線,無標記,車道線(無標記),未繪設快慢車道分隔線,無,車輛本身,其他,其他,其他不當駕車行為,死亡1;受傷0,1,機車,普通重型,男,32,戴半罩式安全帽,未使用,車的狀態,向前直行中,機車與自行車,前車頭,NA,NA,其他,其他不當駕車行為,否,121.378776,25.084078
20231122,20231122,2023,11,062000,A1,新北市政府警察局,新北市林口區頭湖一路前0.0公尺,陰,有照明且開啟,市區道路,50,單路部分,彎曲路及附近,路段,一般車道(未劃分快慢車道),柏油,乾燥,無缺陷,無障礙物,無遮蔽物,良好,無號誌,無號誌,雙向禁止超車線,無標記,車道線(無標記),未繪設快慢車道分隔線,無,車輛本身,其他,其他,其他不當駕車行為,死亡1;受傷0,2,NA,NA,無或物(動物、堆置物),0,NA,NA,NA,NA,NA,NA,NA,NA,無(非車輛駕駛人因素),尚未發現肇事因素,否,121.378776,25.084078
20231122,20231122,2023,11,085444,A1,桃園市政府警察局,桃園市蘆竹區南山路三段口 / 桃園市蘆竹區海山路口,晴,有照明且開啟,市區道路,50,交岔路,四岔路,交叉路口,交叉路口內,柏油,乾燥,無缺陷,無障礙物,無遮蔽物,良好,行車管制號誌,正常,無,無分向設施,未繪設車道線,未繪設快慢車道分隔線,無,車與車,追撞,駕駛者,違反其他標誌(線)禁制,死亡1;受傷0,1,機車,普通重型,女,55,戴非半罩式安全帽,未使用,車的狀態,左轉彎,機車與自行車,後車尾,NA,NA,駕駛者,違反其他標誌(線)禁制,否,121.286336,25.085501
20231122,20231122,2023,11,085444,A1,桃園市政府警察局,桃園市蘆竹區南山路三段口 / 桃園市蘆竹區海山路口,晴,有照明且開啟,市區道路,50,交岔路,四岔路,交叉路口,交叉路口內,柏油,乾燥,無缺陷,無障礙物,無遮蔽物,良好,行車管制號誌,正常,無,無分向設施,未繪設車道線,未繪設快慢車道分隔線,無,車與車,追撞,駕駛者,違反其他標誌(線)禁制,死亡1;受傷0,2,大貨車,自用,男,55,繫安全帶(使用幼童安全椅),未使用,車的狀態,向前直行中,汽車,前車頭,NA,NA,駕駛者,恍神、緊張、心不在焉分心駕駛,否,121.286336,25.085501
20231122,20231122,2023,11,092356,A1,宜蘭縣政府警察局,宜蘭縣羅東鎮純精路1段西側 / 宜蘭縣羅東鎮維揚路南側,晴,有照明未開啟或故障,村里道路,50,交岔路,四岔路,交叉路口,交叉路口內,柏油,乾燥,無缺陷,無障礙物,無遮蔽物,良好,行車管制號誌,正常,雙向禁止超車線,無標記,禁止變換車道線(無標記),未繪設快慢車道分隔線,無,車與車,追撞,駕駛者,未保持行車安全距離,死亡1;受傷0,1,曳引車,營業用,男,39,繫安全帶(使用幼童安全椅),未使用,車的狀態,向前直行中,汽車,前車頭,汽車,前車頭,駕駛者,未保持行車安全距離,否,121.763574,24.672583
20231122,20231122,2023,11,092356,A1,宜蘭縣政府警察局,宜蘭縣羅東鎮純精路1段西側 / 宜蘭縣羅東鎮維揚路南側,晴,有照明未開啟或故障,村里道路,50,交岔路,四岔路,交叉路口,交叉路口內,柏油,乾燥,無缺陷,無障礙物,無遮蔽物,良好,行車管制號誌,正常,雙向禁止超車線,無標記,禁止變換車道線(無標記),未繪設快慢車道分隔線,無,車與車,追撞,駕駛者,未保持行車安全距離,死亡1;受傷0,2,慢車,腳踏自行車,女,74,不明,未使用,車的狀態,向前直行中,機車與自行車,後車尾,機車與自行車,後車尾,無(車輛駕駛者因素),尚未發現肇事因素,否,121.763574,24.672583
20231122,20231122,2023,11,110700,A1,新北市政府警察局,新北市中和區中和路260號前0.0公尺,晴,有照明且開啟,市區道路,50,單路部分,直路,路段,一般車道(未劃分快慢車道),柏油,乾燥,無缺陷,無障礙物,無遮蔽物,良好,無號誌,無號誌,中央分向島,窄式附柵欄,車道線(無標記),未繪設快慢車道分隔線,有,車與車,同向擦撞,駕駛者,未保持行車安全間隔,死亡1;受傷0,1,大客車,民營公車,男,60,繫安全帶(使用幼童安全椅),未使用,車的狀態,向前直行中,汽車,左前車頭(身),NA,NA,駕駛者,未保持行車安全間隔,否,121.507846,24.999483
20231122,20231122,2023,11,110700,A1,新北市政府警察局,新北市中和區中和路260號前0.0公尺,晴,有照明且開啟,市區道路,50,單路部分,直路,路段,一般車道(未劃分快慢車道),柏油,乾燥,無缺陷,無障礙物,無遮蔽物,良好,無號誌,無號誌,中央分向島,窄式附柵欄,車道線(無標記),未繪設快慢車道分隔線,有,車與車,同向擦撞,駕駛者,未保持行車安全間隔,死亡1;受傷0,2,機車,普通重型,女,75,戴非半罩式安全帽,未使用,車的狀態,其他,機車與自行車,右側車身,NA,NA,駕駛者,未保持行車安全間隔,否,121.507846,24.999483
20231122,20231122,2023,11,110700,A1,新北市政府警察局,新北市中和區中和路260號前0.0公尺,晴,有照明且開啟,市區道路,50,單路部分,直路,路段,一般車道(未劃分快慢車道),柏油,乾燥,無缺陷,無障礙物,無遮蔽物,良好,無號誌,無號誌,中央分向島,窄式附柵欄,車道線(無標記),未繪設快慢車道分隔線,有,車與車,同向擦撞,駕駛者,未保持行車安全間隔,死亡1;受傷0,3,人,行人,男,49,其他(無需使用保護裝備之人),非駕駛人,人的狀態,步行,其他,非汽、機及自行車,NA,NA,非駕駛者,未依標誌或標線穿越道路,否,121.507846,24.999483
20231122,20231122,2023,11,110700,A1,新北市政府警察局,新北市中和區中和路260號前0.0公尺,晴,有照明且開啟,市區道路,50,單路部分,直路,路段,一般車道(未劃分快慢車道),柏油,乾燥,無缺陷,無障礙物,無遮蔽物,良好,無號誌,無號誌,中央分向島,窄式附柵欄,車道線(無標記),未繪設快慢車道分隔線,有,車與車,同向擦撞,駕駛者,未保持行車安全間隔,死亡1;受傷0,4,小客車(含客、貨兩用),自用,男,37,不明,不明,車的狀態,等待(引擎未熄火),其他,無撞擊,NA,NA,其他,違規(臨時)停車,否,121.507846,24.999483
20231122,20231122,2023,11,164100,A1,臺南市政府警察局,臺南市新化區太平里中正路與忠孝路口,晴,有照明未開啟或故障,市區道路,50,交岔路,四岔路,交叉路口,交叉路口內,柏油,乾燥,無缺陷,無障礙物,無遮蔽物,良好,行車管制號誌,正常,無,無分向設施,未繪設車道線,未繪設快慢車道分隔線,無,車與車,路口交岔撞,駕駛者,闖紅燈直行,死亡1;受傷0,1,機車,普通重型,男,65,戴半罩式安全帽,不明,車的狀態,向前直行中,機車與自行車,右側車身,NA,NA,駕駛者,闖紅燈直行,否,120.307103,23.038414
20231122,20231122,2023,11,164100,A1,臺南市政府警察局,臺南市新化區太平里中正路與忠孝路口,晴,有照明未開啟或故障,市區道路,50,交岔路,四岔路,交叉路口,交叉路口內,柏油,乾燥,無缺陷,無障礙物,無遮蔽物,良好,行車管制號誌,正常,無,無分向設施,未繪設車道線,未繪設快慢車道分隔線,無,車與車,路口交岔撞,駕駛者,闖紅燈直行,死亡1;受傷0,2,小貨車(含客、貨兩用),自用,男,53,繫安全帶(使用幼童安全椅),未使用,車的狀態,向前直行中,汽車,前車頭,NA,NA,無(車輛駕駛者因素),尚未發現肇事因素,否,120.307103,23.038414
20231123,20231123,2023,11,041800,A1,臺中市政府警察局,臺中市大雅區三和里信和路 / 臺中市大雅區三和里龍善二街,晴,有照明且開啟,市區道路,50,交岔路,四岔路,交叉路口,交叉路口內,柏油,乾燥,無缺陷,無障礙物,無遮蔽物,良好,閃光號誌,正常,雙向禁止超車線,無標記,未繪設車道線,未繪設快慢車道分隔線,有,車與車,路口交岔撞,駕駛者,其他未依規定讓車,死亡1;受傷0,1,機車,普通重型,女,21,戴半罩式安全帽,未使用,車的狀態,向前直行中,機車與自行車,前車頭,NA,NA,駕駛者,其他未依規定讓車,否,120.660694,24.212213
20231123,20231123,2023,11,041800,A1,臺中市政府警察局,臺中市大雅區三和里信和路 / 臺中市大雅區三和里龍善二街,晴,有照明且開啟,市區道路,50,交岔路,四岔路,交叉路口,交叉路口內,柏油,乾燥,無缺陷,無障礙物,無遮蔽物,良好,閃光號誌,正常,雙向禁止超車線,無標記,未繪設車道線,未繪設快慢車道分隔線,有,車與車,路口交岔撞,駕駛者,其他未依規定讓車,死亡1;受傷0,2,大貨車,自用,男,45,繫安全帶(使用幼童安全椅),未使用,車的狀態,向前直行中,汽車,左側車身,NA,NA,駕駛者,未依規定減速,否,120.660694,24.212213
20231123,20231123,2023,11,052515,A1,南投縣政府警察局,南投縣南投市千秋路電桿66K6286CE35)旁,晴,有照明且開啟,村里道路,30,單路部分,彎曲路及附近,路段,一般車道(未劃分快慢車道),柏油,乾燥,無缺陷,無障礙物,無遮蔽物,良好,無號誌,無號誌,無,無分向設施,未繪設車道線,未繪設快慢車道分隔線,有,車輛本身,撞電桿,駕駛者,閃避不當(慎),死亡1;受傷1,1,機車,普通重型,男,29,戴非半罩式安全帽,未使用,車的狀態,向前直行中,機車與自行車,左側車身,NA,NA,駕駛者,閃避不當(慎),否,120.711795,23.893394