accident_date,發生日期,發生年度,發生月份,發生時間,事故類別名稱,處理單位名稱警局層,發生地點,天候名稱,光線名稱,道路類別-第1當事者-名稱,速限-第1當事者,道路型態大類別名稱,道路型態子類別名稱,事故位置大類別名稱,事故位置子類別名稱,路面狀況-路面鋪裝名稱,路面狀況-路面狀態名稱,路面狀況-路面缺陷名稱,道路障礙-障礙物名稱,道路障礙-視距品質名稱,道路障礙-視距名稱,號誌-號誌種類名稱,號誌-號誌動作名稱,車道劃分設施-分向設施大類別名稱,車道劃分設施-分向設施子類別名稱,車道劃分設施-分道設施-快車道或一般車道間名稱,車道劃分設施-分道設施-快慢車道間名稱,車道劃分設施-分道設施-路面邊線名稱,事故類型及型態大類別名稱,事故類型及型態子類別名稱,肇因研判大類別名稱-主要,肇因研判子類別名稱-主要,死亡受傷人數,當事者順位,當事者區分-類別-大類別名稱-車種,當事者區分-類別-子類別名稱-車種,當事者屬-性-別名稱,當事者事故發生時年齡,保護裝備名稱,行動電話或電腦或其他相類功能裝置名稱,當事者行動狀態大類別名稱,當事者行動狀態子類別名稱,車輛撞擊部位大類別名稱-最初,車輛撞擊部位子類別名稱-最初,車輛撞擊部位大類別名稱-其他,車輛撞擊部位子類別名稱-其他,肇因研判大類別名稱-個別,肇因研判子類別名稱-個別,肇事逃逸類別名稱-是否肇逃,經度,緯度
20231123,20231123,2023,11,052515,A1,南投縣政府警察局,南投縣南投市千秋路電桿66K6286CE35)旁,晴,有照明且開啟,村里道路,30,單路部分,彎曲路及附近,路段,一般車道(未劃分快慢車道),柏油,乾燥,無缺陷,無障礙物,無遮蔽物,良好,無號誌,無號誌,無,無分向設施,未繪設車道線,未繪設快慢車道分隔線,有,車輛本身,撞電桿,駕駛者,閃避不當(慎),死亡1;受傷1,2,NA,NA,無或物(動物、堆置物),-1,NA,NA,NA,NA,NA,NA,NA,NA,無(非車輛駕駛人因素),尚未發現肇事因素,否,120.711795,23.893394
20231123,20231123,2023,11,052515,A1,南投縣政府警察局,南投縣南投市千秋路電桿66K6286CE35)旁,晴,有照明且開啟,村里道路,30,單路部分,彎曲路及附近,路段,一般車道(未劃分快慢車道),柏油,乾燥,無缺陷,無障礙物,無遮蔽物,良好,無號誌,無號誌,無,無分向設施,未繪設車道線,未繪設快慢車道分隔線,有,車輛本身,撞電桿,駕駛者,閃避不當(慎),死亡1;受傷1,3,人,乘客,女,26,戴非半罩式安全帽,非駕駛人,人的狀態,其他,其他,非汽、機及自行車,NA,NA,無(非車輛駕駛人因素),尚未發現肇事因素,否,120.711795,23.893394
20231123,20231123,2023,11,084900,A1,桃園市政府警察局,桃園市蘆竹區大新路口 / 桃園市蘆竹區大新路口,晴,無照明,市區道路,50,交岔路,四岔路,交叉路口,交叉路口內,柏油,乾燥,無缺陷,無障礙物,無遮蔽物,良好,行車管制號誌,正常,無,無分向設施,未繪設車道線,未繪設快慢車道分隔線,無,車與車,其他,駕駛者,闖紅燈直行,死亡1;受傷0,1,慢車,人力車,女,82,其他(無需使用保護裝備之人),不明,車的狀態,其他,機車與自行車,左側車身,NA,NA,駕駛者,闖紅燈直行,否,121.250137,25.02472
20231123,20231123,2023,11,084900,A1,桃園市政府警察局,桃園市蘆竹區大新路口 / 桃園市蘆竹區大新路口,晴,無照明,市區道路,50,交岔路,四岔路,交叉路口,交叉路口內,柏油,乾燥,無缺陷,無障礙物,無遮蔽物,良好,行車管制號誌,正常,無,無分向設施,未繪設車道線,未繪設快慢車道分隔線,無,車與車,其他,駕駛者,闖紅燈直行,死亡1;受傷0,2,小客車(含客、貨兩用),自用,男,27,繫安全帶(使用幼童安全椅),未使用,車的狀態,向前直行中,汽車,前車頭,NA,NA,駕駛者,恍神、緊張、心不在焉分心駕駛,否,121.250137,25.02472
20231123,20231123,2023,11,143600,A1,新北市政府警察局,新北市中和區連城路467之3號前0.0公尺,晴,有照明且開啟,市區道路,50,單路部分,彎曲路及附近,路段,一般車道(未劃分快慢車道),柏油,乾燥,無缺陷,無障礙物,無遮蔽物,良好,無號誌,無號誌,中央分向島,寬式(50公分以上),車道線(無標記),未繪設快慢車道分隔線,無,車輛本身,撞交通島,駕駛者,未依規定減速,死亡1;受傷0,1,機車,普通重型,男,39,戴半罩式安全帽,未使用,車的狀態,向前直行中,機車與自行車,前車頭,NA,NA,駕駛者,未依規定減速,否,121.483889,24.996074
20231123,20231123,2023,11,143600,A1,新北市政府警察局,新北市中和區連城路467之3號前0.0公尺,晴,有照明且開啟,市區道路,50,單路部分,彎曲路及附近,路段,一般車道(未劃分快慢車道),柏油,乾燥,無缺陷,無障礙物,無遮蔽物,良好,無號誌,無號誌,中央分向島,寬式(50公分以上),車道線(無標記),未繪設快慢車道分隔線,無,車輛本身,撞交通島,駕駛者,未依規定減速,死亡1;受傷0,2,NA,NA,無或物(動物、堆置物),39,NA,NA,NA,NA,NA,NA,NA,NA,無(非車輛駕駛人因素),尚未發現肇事因素,否,121.483889,24.996074
20231123,20231123,2023,11,150158,A1,宜蘭縣政府警察局,宜蘭縣冬山鄉冬山路2段260號前0.0公尺附近,晴,有照明且開啟,縣道,60,單路部分,直路,路段,一般車道(未劃分快慢車道),柏油,乾燥,無缺陷,無障礙物,無遮蔽物,良好,無號誌,無號誌,行車分向線,無標記,車道線(附標記),未繪設快慢車道分隔線,有,人與車,穿越道路中,駕駛者,未保持行車安全距離,死亡1;受傷1,1,小客車(含客、貨兩用),自用,女,39,繫安全帶(使用幼童安全椅),未使用,車的狀態,向前直行中,汽車,前車頭,NA,NA,駕駛者,未保持行車安全距離,否,121.786865,24.641027
20231123,20231123,2023,11,150158,A1,宜蘭縣政府警察局,宜蘭縣冬山鄉冬山路2段260號前0.0公尺附近,晴,有照明且開啟,縣道,60,單路部分,直路,路段,一般車道(未劃分快慢車道),柏油,乾燥,無缺陷,無障礙物,無遮蔽物,良好,無號誌,無號誌,行車分向線,無標記,車道線(附標記),未繪設快慢車道分隔線,有,人與車,穿越道路中,駕駛者,未保持行車安全距離,死亡1;受傷1,2,人,輔助代步器材,男,74,其他(無需使用保護裝備之人),非駕駛人,人的狀態,其他,其他,非汽、機及自行車,NA,NA,非駕駛者,穿越道路未注意左右來車,否,121.786865,24.641027
20231124,20231124,2023,11,055500,A1,新北市政府警察局,新北市林口區文化三路1段 / 新北市林口區忠孝路,陰,有照明且開啟,村里道路,50,交岔路,四岔路,交叉路口,交叉路口內,柏油,乾燥,無缺陷,無障礙物,無遮蔽物,良好,行車管制號誌,正常,中央分向島,窄式附柵欄,車道線(附標記),未繪設快慢車道分隔線,無,車與車,其他,裝載,載運貨物超長、寬、高,死亡1;受傷0,1,大客車,營業用,男,39,繫安全帶(使用幼童安全椅),未使用,車的狀態,等待(引擎未熄火),汽車,右後車尾(身),NA,NA,裝載,載運貨物超長、寬、高,否,121.369333,25.075035
20231124,20231124,2023,11,055500,A1,新北市政府警察局,新北市林口區文化三路1段 / 新北市林口區忠孝路,陰,有照明且開啟,村里道路,50,交岔路,四岔路,交叉路口,交叉路口內,柏油,乾燥,無缺陷,無障礙物,無遮蔽物,良好,行車管制號誌,正常,中央分向島,窄式附柵欄,車道線(附標記),未繪設快慢車道分隔線,無,車與車,其他,裝載,載運貨物超長、寬、高,死亡1;受傷0,2,機車,普通重型,男,45,戴半罩式安全帽,未使用,車的狀態,向前直行中,機車與自行車,前車頭,NA,NA,駕駛者,閃避不當(慎),否,121.369333,25.075035
20231124,20231124,2023,11,072400,A1,苗栗縣警察局,苗栗縣公館鄉尖山村新東大橋2050號路燈前,晴,有照明未開啟或故障,鄉道,50,交岔路,多岔路,交叉路口,交叉口附近,柏油,乾燥,無缺陷,無障礙物,無遮蔽物,良好,無號誌,無號誌,中央分向島,寬式(50公分以上),車道線(附標記),未繪設快慢車道分隔線,有,車與車,側撞,駕駛者,未依規定減速,死亡2;受傷0,1,小客車(含客、貨兩用),自用,男,47,繫安全帶(使用幼童安全椅),未使用,車的狀態,向前直行中,汽車,前車頭,汽車,前車頭,駕駛者,未依規定減速,否,120.834057,24.544514
20231124,20231124,2023,11,072400,A1,苗栗縣警察局,苗栗縣公館鄉尖山村新東大橋2050號路燈前,晴,有照明未開啟或故障,鄉道,50,交岔路,多岔路,交叉路口,交叉口附近,柏油,乾燥,無缺陷,無障礙物,無遮蔽物,良好,無號誌,無號誌,中央分向島,寬式(50公分以上),車道線(附標記),未繪設快慢車道分隔線,有,車與車,側撞,駕駛者,未依規定減速,死亡2;受傷0,2,機車,普通重型,男,77,戴半罩式安全帽,未使用,車的狀態,左轉彎,機車與自行車,右側車身,機車與自行車,左側車身,駕駛者,左轉彎未依規定,否,120.834057,24.544514
20231124,20231124,2023,11,072400,A1,苗栗縣警察局,苗栗縣公館鄉尖山村新東大橋2050號路燈前,晴,有照明未開啟或故障,鄉道,50,交岔路,多岔路,交叉路口,交叉口附近,柏油,乾燥,無缺陷,無障礙物,無遮蔽物,良好,無號誌,無號誌,中央分向島,寬式(50公分以上),車道線(附標記),未繪設快慢車道分隔線,有,車與車,側撞,駕駛者,未依規定減速,死亡2;受傷0,3,人,乘客,女,74,戴半罩式安全帽,非駕駛人,人的狀態,其他,其他,非汽、機及自行車,NA,NA,無(非車輛駕駛人因素),尚未發現肇事因素,否,120.834057,24.544514
20231124,20231124,2023,11,084100,A1,高雄市政府警察局,高雄市梓官區赤崁東路 / 高雄市梓官區赤崁東路,晴,有照明未開啟或故障,市區道路,60,交岔路,四岔路,交叉路口,交叉路口內,柏油,乾燥,無缺陷,無障礙物,無遮蔽物,良好,無號誌,無號誌,雙向禁止超車線,無標記,車道線(無標記),快慢車道分隔線,有,車與車,側撞,駕駛者,橫越道路不慎,死亡1;受傷0,1,機車,普通重型,女,73,戴非半罩式安全帽,未使用,車的狀態,迴轉或橫越道路中,機車與自行車,前車頭,NA,NA,駕駛者,橫越道路不慎,否,120.2471,22.73804
20231124,20231124,2023,11,084100,A1,高雄市政府警察局,高雄市梓官區赤崁東路 / 高雄市梓官區赤崁東路,晴,有照明未開啟或故障,市區道路,60,交岔路,四岔路,交叉路口,交叉路口內,柏油,乾燥,無缺陷,無障礙物,無遮蔽物,良好,無號誌,無號誌,雙向禁止超車線,無標記,車道線(無標記),快慢車道分隔線,有,車與車,側撞,駕駛者,橫越道路不慎,死亡1;受傷0,2,大客車,自用,男,33,繫安全帶(使用幼童安全椅),未使用,車的狀態,向前直行中,汽車,右前車頭(身),NA,NA,駕駛者,未依規定減速,否,120.2471,22.73804
20231124,20231124,2023,11,103800,A1,臺南市政府警察局,臺南市白河區縣165線 9.3公里,晴,有照明未開啟或故障,縣道,60,單路部分,彎曲路及附近,路段,路肩、路緣,柏油,乾燥,無缺陷,無障礙物,無遮蔽物,良好,無號誌,無號誌,行車分向線,無標記,未繪設車道線,未繪設快慢車道分隔線,有,車輛本身,撞電桿,駕駛者,恍神、緊張、心不在焉分心駕駛,死亡1;受傷1,1,小貨車(含客、貨兩用),自用,男,71,未戴安全帽或未繫安全帶(未使用幼童安全椅),未使用,車的狀態,向前直行中,汽車,右前車頭(身),NA,NA,駕駛者,恍神、緊張、心不在焉分心駕駛,否,120.432034,23.38181
20231124,20231124,2023,11,103800,A1,臺南市政府警察局,臺南市白河區縣165線 9.3公里,晴,有照明未開啟或故障,縣道,60,單路部分,彎曲路及附近,路段,路肩、路緣,柏油,乾燥,無缺陷,無障礙物,無遮蔽物,良好,無號誌,無號誌,行車分向線,無標記,未繪設車道線,未繪設快慢車道分隔線,有,車輛本身,撞電桿,駕駛者,恍神、緊張、心不在焉分心駕駛,死亡1;受傷1,2,NA,NA,無或物(動物、堆置物),-1,NA,NA,NA,NA,NA,NA,NA,NA,無(非車輛駕駛人因素),尚未發現肇事因素,否,120.432034,23.38181
20231124,20231124,2023,11,103800,A1,臺南市政府警察局,臺南市白河區縣165線 9.3公里,晴,有照明未開啟或故障,縣道,60,單路部分,彎曲路及附近,路段,路肩、路緣,柏油,乾燥,無缺陷,無障礙物,無遮蔽物,良好,無號誌,無號誌,行車分向線,無標記,未繪設車道線,未繪設快慢車道分隔線,有,車輛本身,撞電桿,駕駛者,恍神、緊張、心不在焉分心駕駛,死亡1;受傷1,3,人,乘客,女,69,繫安全帶(使用幼童安全椅),非駕駛人,不明,不明,其他,非汽、機及自行車,NA,NA,無(非車輛駕駛人因素),尚未發現肇事因素,否,120.432034,23.38181
20231124,20231124,2023,11,161100,A1,嘉義縣警察局,嘉義縣中埔鄉富收村頂中下街71號前(台18線21公里100公尺處),晴,無照明,省道,50,交岔路,三岔路,交叉路口,交叉路口內,柏油,乾燥,無缺陷,無障礙物,無遮蔽物,良好,閃光號誌,正常,無,無分向設施,未繪設車道線,未繪設快慢車道分隔線,有,車與車,側撞,駕駛者,多車道迴轉，未先駛入內側車道,死亡1;受傷0,1,小客車(含客、貨兩用),自用,女,53,繫安全帶(使用幼童安全椅),未使用,車的狀態,迴轉或橫越道路中,汽車,左側車身,NA,NA,駕駛者,多車道迴轉，未先駛入內側車道,否,120.489259,23.449572
20231124,20231124,2023,11,161100,A1,嘉義縣警察局,嘉義縣中埔鄉富收村頂中下街71號前(台18線21公里100公尺處),晴,無照明,省道,50,交岔路,三岔路,交叉路口,交叉路口內,柏油,乾燥,無缺陷,無障礙物,無遮蔽物,良好,閃光號誌,正常,無,無分向設施,未繪設車道線,未繪設快慢車道分隔線,有,車與車,側撞,駕駛者,多車道迴轉，未先駛入內側車道,死亡1;受傷0,2,機車,普通重型,男,27,戴非半罩式安全帽,未使用,車的狀態,向前直行中,機車與自行車,前車頭,NA,NA,其他,其他不當駕車行為,否,120.489259,23.449572
20231124,20231124,2023,11,161100,A1,嘉義縣警察局,嘉義縣中埔鄉富收村頂中下街71號前(台18線21公里100公尺處),晴,無照明,省道,50,交岔路,三岔路,交叉路口,交叉路口內,柏油,乾燥,無缺陷,無障礙物,無遮蔽物,良好,閃光號誌,正常,無,無分向設施,未繪設車道線,未繪設快慢車道分隔線,有,車與車,側撞,駕駛者,多車道迴轉，未先駛入內側車道,死亡1;受傷0,3,人,乘客,女,23,繫安全帶(使用幼童安全椅),非駕駛人,人的狀態,靜立(止),其他,無撞擊,NA,NA,無(非車輛駕駛人因素),尚未發現肇事因素,否,120.489259,23.449572
20231124,20231124,2023,11,161428,A1,桃園市政府警察局,桃園市平鎮區陸橋南路102號前0.0公尺附近,晴,無照明,市區道路,50,單路部分,直路,路段,一般車道(未劃分快慢車道),柏油,乾燥,無缺陷,無障礙物,無遮蔽物,良好,無號誌,無號誌,中央分向島,寬式(50公分以上),車道線(無標記),未繪設快慢車道分隔線,有,車與車,追撞,駕駛者,恍神、緊張、心不在焉分心駕駛,死亡1;受傷0,1,機車,普通重型,男,65,戴半罩式安全帽,未使用,車的狀態,向前直行中,機車與自行車,前車頭,機車與自行車,前車頭,駕駛者,恍神、緊張、心不在焉分心駕駛,否,121.189219,24.925286
20231124,20231124,2023,11,161428,A1,桃園市政府警察局,桃園市平鎮區陸橋南路102號前0.0公尺附近,晴,無照明,市區道路,50,單路部分,直路,路段,一般車道(未劃分快慢車道),柏油,乾燥,無缺陷,無障礙物,無遮蔽物,良好,無號誌,無號誌,中央分向島,寬式(50公分以上),車道線(無標記),未繪設快慢車道分隔線,有,車與車,追撞,駕駛者,恍神、緊張、心不在焉分心駕駛,死亡1;受傷0,2,大貨車,自用,男,69,繫安全帶(使用幼童安全椅),未使用,車的狀態,向前直行中,汽車,左後車尾(身),汽車,左後車尾(身),無(車輛駕駛者因素),尚未發現肇事因素,否,121.189219,24.925286
20231124,20231124,2023,11,181400,A1,新北市政府警察局,新北市蘆洲區永安大橋道路前0.0公尺,晴,有照明且開啟,其他,80,單路部分,高架道路,交流道,直線匝道,柏油,乾燥,無缺陷,無障礙物,無遮蔽物,良好,無號誌,無號誌,無,無分向設施,車道線(無標記),未繪設快慢車道分隔線,無,車輛本身,撞交通島,駕駛者,觀看其他事故、活動、道路環境或車外資訊分心駕駛,死亡1;受傷0,1,小客車(含客、貨兩用),計程車,男,53,繫安全帶(使用幼童安全椅),未使用,車的狀態,向前直行中,汽車,前車頭,NA,NA,駕駛者,觀看其他事故、活動、道路環境或車外資訊分心駕駛,否,121.458181,25.093183
20231124,20231124,2023,11,181400,A1,新北市政府警察局,新北市蘆洲區永安大橋道路前0.0公尺,晴,有照明且開啟,其他,80,單路部分,高架道路,交流道,直線匝道,柏油,乾燥,無缺陷,無障礙物,無遮蔽物,良好,無號誌,無號誌,無,無分向設施,車道線(無標記),未繪設快慢車道分隔線,無,車輛本身,撞交通島,駕駛者,觀看其他事故、活動、道路環境或車外資訊分心駕駛,死亡1;受傷0,2,NA,NA,無或物(動物、堆置物),0,NA,NA,NA,NA,NA,NA,NA,NA,無(非車輛駕駛人因素),尚未發現肇事因素,否,121.458181,25.093183
20231125,20231125,2023,11,001300,A1,高雄市政府警察局,高雄市桃源區高中里台20省道84.1公里號前0.0公尺,晴,有照明且開啟,市區道路,30,單路部分,直路,路段,一般車道(未劃分快慢車道),柏油,乾燥,無缺陷,無障礙物,無遮蔽物,良好,無號誌,無號誌,無,無分向設施,未繪設車道線,未繪設快慢車道分隔線,有,車輛本身,衝出路外,駕駛者,酒醉(後)駕駛,死亡1;受傷0,1,機車,普通重型,男,26,未戴安全帽或未繫安全帶(未使用幼童安全椅),未使用,車的狀態,向前直行中,機車與自行車,前車頭,NA,NA,駕駛者,酒醉(後)駕駛,否,120.726087,23.135578
20231125,20231125,2023,11,001300,A1,高雄市政府警察局,高雄市桃源區高中里台20省道84.1公里號前0.0公尺,晴,有照明且開啟,市區道路,30,單路部分,直路,路段,一般車道(未劃分快慢車道),柏油,乾燥,無缺陷,無障礙物,無遮蔽物,良好,無號誌,無號誌,無,無分向設施,未繪設車道線,未繪設快慢車道分隔線,有,車輛本身,衝出路外,駕駛者,酒醉(後)駕駛,死亡1;受傷0,2,NA,NA,無或物(動物、堆置物),112,NA,NA,NA,NA,NA,NA,NA,NA,無(非車輛駕駛人因素),尚未發現肇事因素,否,120.726087,23.135578
20231125,20231125,2023,11,013800,A1,高雄市政府警察局,高雄市三民區民族一路 / 高雄市三民區明誠二路,晴,有照明且開啟,市區道路,60,交岔路,四岔路,交叉路口,交叉路口內,柏油,乾燥,無缺陷,無障礙物,無遮蔽物,良好,行車管制號誌(附設行人專用號誌),正常,中央分向島,寬式(50公分以上),車道線(無標記),寬式快慢車道分隔島(50公分以上),無,車與車,路口交岔撞,駕駛者,闖紅燈直行,死亡1;受傷0,1,慢車,腳踏自行車,男,67,不明,不明,車的狀態,迴轉或橫越道路中,機車與自行車,左側車身,NA,NA,駕駛者,闖紅燈直行,否,120.315685,22.659539
20231125,20231125,2023,11,013800,A1,高雄市政府警察局,高雄市三民區民族一路 / 高雄市三民區明誠二路,晴,有照明且開啟,市區道路,60,交岔路,四岔路,交叉路口,交叉路口內,柏油,乾燥,無缺陷,無障礙物,無遮蔽物,良好,行車管制號誌(附設行人專用號誌),正常,中央分向島,寬式(50公分以上),車道線(無標記),寬式快慢車道分隔島(50公分以上),無,車與車,路口交岔撞,駕駛者,闖紅燈直行,死亡1;受傷0,2,小客車(含客、貨兩用),自用,男,38,繫安全帶(使用幼童安全椅),未使用,車的狀態,向前直行中,汽車,右前車頭(身),NA,NA,駕駛者,超速駕駛,否,120.315685,22.659539
20231125,20231125,2023,11,021951,A1,雲林縣警察局,雲林縣口湖鄉台61線公路北上246公里,晴,有照明且開啟,省道,80,單路部分,直路,路段,一般車道(未劃分快慢車道),柏油,乾燥,無缺陷,無障礙物,無遮蔽物,良好,無號誌,無號誌,中央分向島,寬式(50公分以上),車道線(無標記),未繪設快慢車道分隔線,有,車與車,追撞,駕駛者,未保持行車安全距離,死亡1;受傷0,1,半聯結車,營業用,男,49,不明,不明,車的狀態,向前直行中,汽車,前車頭,NA,NA,駕駛者,未保持行車安全距離,否,120.157521,23.56647
20231125,20231125,2023,11,021951,A1,雲林縣警察局,雲林縣口湖鄉台61線公路北上246公里,晴,有照明且開啟,省道,80,單路部分,直路,路段,一般車道(未劃分快慢車道),柏油,乾燥,無缺陷,無障礙物,無遮蔽物,良好,無號誌,無號誌,中央分向島,寬式(50公分以上),車道線(無標記),未繪設快慢車道分隔線,有,車與車,追撞,駕駛者,未保持行車安全距離,死亡1;受傷0,2,半聯結車,營業用,男,35,不明,不明,車的狀態,向前直行中,汽車,後車尾,NA,NA,無(車輛駕駛者因素),尚未發現肇事因素,否,120.157521,23.56647
20231125,20231125,2023,11,044000,A1,國道公路警察局,桃園市蘆竹區國道1號 50公里800.0公尺處北側向外側,晴,有照明且開啟,國道,90,單路部分,直路,路段,快車道,柏油,乾燥,無缺陷,無障礙物,無遮蔽物,良好,無號誌,無號誌,中央分向島,寬式(50公分以上),車道線(附標記),未繪設快慢車道分隔線,有,車與車,追撞,駕駛者,恍神、緊張、心不在焉分心駕駛,死亡1;受傷0,1,大貨車,自用,男,40,繫安全帶(使用幼童安全椅),未使用,車的狀態,向前直行中,汽車,右後車尾(身),汽車,左側車身,駕駛者,恍神、緊張、心不在焉分心駕駛,否,121.285721,25.0293
20231125,20231125,2023,11,044000,A1,國道公路警察局,桃園市蘆竹區國道1號 50公里800.0公尺處北側向外側,晴,有照明且開啟,國道,90,單路部分,直路,路段,快車道,柏油,乾燥,無缺陷,無障礙物,無遮蔽物,良好,無號誌,無號誌,中央分向島,寬式(50公分以上),車道線(附標記),未繪設快慢車道分隔線,有,車與車,追撞,駕駛者,恍神、緊張、心不在焉分心駕駛,死亡1;受傷0,2,小客車(含客、貨兩用),自用,男,60,繫安全帶(使用幼童安全椅),未使用,車的狀態,向前直行中,汽車,左後車尾(身),NA,NA,其他,其他不當駕車行為,否,121.285721,25.0293
20231125,20231125,2023,11,044000,A1,國道公路警察局,桃園市蘆竹區國道1號 50公里800.0公尺處北側向外側,晴,有照明且開啟,國道,90,單路部分,直路,路段,快車道,柏油,乾燥,無缺陷,無障礙物,無遮蔽物,良好,無號誌,無號誌,中央分向島,寬式(50公分以上),車道線(附標記),未繪設快慢車道分隔線,有,車與車,追撞,駕駛者,恍神、緊張、心不在焉分心駕駛,死亡1;受傷0,3,小客車(含客、貨兩用),自用,男,46,未戴安全帽或未繫安全帶(未使用幼童安全椅),不明,車的狀態,向前直行中,汽車,前車頭,NA,NA,駕駛者,恍神、緊張、心不在焉分心駕駛,否,121.285721,25.0293
20231125,20231125,2023,11,051800,A1,新北市政府警察局,新北市新莊區重新堤外道路前0.0公尺,陰,有照明且開啟,市區道路,50,單路部分,直路,路段,一般車道(未劃分快慢車道),柏油,乾燥,無缺陷,無障礙物,無遮蔽物,良好,無號誌,無號誌,雙向禁止超車線,無標記,未繪設車道線,快慢車道分隔線,有,車與車,其他,駕駛者,恍神、緊張、心不在焉分心駕駛,死亡1;受傷1,1,機車,普通重型,男,50,戴半罩式安全帽,未使用,車的狀態,向前直行中,其他,不明,NA,NA,駕駛者,恍神、緊張、心不在焉分心駕駛,是,121.453971,25.033547
20231125,20231125,2023,11,051800,A1,新北市政府警察局,新北市新莊區重新堤外道路前0.0公尺,陰,有照明且開啟,市區道路,50,單路部分,直路,路段,一般車道(未劃分快慢車道),柏油,乾燥,無缺陷,無障礙物,無遮蔽物,良好,無號誌,無號誌,雙向禁止超車線,無標記,未繪設車道線,快慢車道分隔線,有,車與車,其他,駕駛者,恍神、緊張、心不在焉分心駕駛,死亡1;受傷1,2,機車,普通重型,女,18,戴非半罩式安全帽,不明,車的狀態,其他,其他,不明,NA,NA,其他,其他不當駕車行為,否,121.453971,25.033547
20231125,20231125,2023,11,081200,A1,屏東縣政府警察局,屏東縣麟洛鄉南二高平面道路與民生路口前,晴,無照明,縣道,50,交岔路,四岔路,交叉路口,交叉路口內,柏油,乾燥,無缺陷,無障礙物,無遮蔽物,良好,行車管制號誌,正常,中央分向島,寬式(50公分以上),禁止變換車道線(無標記),快慢車道分隔線,有,車與車,路口交岔撞,駕駛者,闖紅燈直行,死亡1;受傷0,1,機車,普通重型,男,78,戴半罩式安全帽,未使用,車的狀態,向前直行中,機車與自行車,前車頭,NA,NA,駕駛者,闖紅燈直行,否,120.536118,22.635347
20231125,20231125,2023,11,081200,A1,屏東縣政府警察局,屏東縣麟洛鄉南二高平面道路與民生路口前,晴,無照明,縣道,50,交岔路,四岔路,交叉路口,交叉路口內,柏油,乾燥,無缺陷,無障礙物,無遮蔽物,良好,行車管制號誌,正常,中央分向島,寬式(50公分以上),禁止變換車道線(無標記),快慢車道分隔線,有,車與車,路口交岔撞,駕駛者,闖紅燈直行,死亡1;受傷0,2,小客車(含客、貨兩用),自用,男,58,繫安全帶(使用幼童安全椅),未使用,車的狀態,向前直行中,汽車,左前車頭(身),NA,NA,無(車輛駕駛者因素),尚未發現肇事因素,否,120.536118,22.635347
20231125,20231125,2023,11,125020,A1,臺南市政府警察局,臺南市歸仁區西埔里大埔路一段與台39線口,晴,有照明未開啟或故障,市區道路,70,交岔路,多岔路,交叉路口,交叉路口內,柏油,乾燥,無缺陷,無障礙物,無遮蔽物,良好,行車管制號誌,正常,無,無分向設施,未繪設車道線,未繪設快慢車道分隔線,無,車與車,側撞,駕駛者,違反其他號誌,死亡1;受傷1,1,小客車(含客、貨兩用),自用,女,36,繫安全帶(使用幼童安全椅),不明,車的狀態,左轉彎,汽車,右後車尾(身),NA,NA,駕駛者,違反其他號誌,否,120.284122,23.003186
20231125,20231125,2023,11,125020,A1,臺南市政府警察局,臺南市歸仁區西埔里大埔路一段與台39線口,晴,有照明未開啟或故障,市區道路,70,交岔路,多岔路,交叉路口,交叉路口內,柏油,乾燥,無缺陷,無障礙物,無遮蔽物,良好,行車管制號誌,正常,無,無分向設施,未繪設車道線,未繪設快慢車道分隔線,無,車與車,側撞,駕駛者,違反其他號誌,死亡1;受傷1,2,機車,普通重型,男,24,戴半罩式安全帽,不明,車的狀態,向前直行中,機車與自行車,前車頭,NA,NA,駕駛者,超速駕駛,否,120.284122,23.003186
20231125,20231125,2023,11,125020,A1,臺南市政府警察局,臺南市歸仁區西埔里大埔路一段與台39線口,晴,有照明未開啟或故障,市區道路,70,交岔路,多岔路,交叉路口,交叉路口內,柏油,乾燥,無缺陷,無障礙物,無遮蔽物,良好,行車管制號誌,正常,無,無分向設施,未繪設車道線,未繪設快慢車道分隔線,無,車與車,側撞,駕駛者,違反其他號誌,死亡1;受傷1,3,機車,普通重型,男,53,戴半罩式安全帽,不明,車的狀態,等待(引擎未熄火),機車與自行車,左側車身,NA,NA,無(車輛駕駛者因素),尚未發現肇事因素,否,120.284122,23.003186
20231125,20231125,2023,11,184300,A1,新北市政府警察局,新北市金山區台2甲線前0.0公尺,雨,有照明且開啟,省道,50,單路部分,直路,路段,一般車道(未劃分快慢車道),柏油,濕潤,無缺陷,無障礙物,無遮蔽物,良好,無號誌,無號誌,行車分向線,無標記,未繪設車道線,未繪設快慢車道分隔線,有,人與車,穿越道路中,駕駛者,恍神、緊張、心不在焉分心駕駛,死亡1;受傷0,1,小客車(含客、貨兩用),自用,男,24,繫安全帶(使用幼童安全椅),未使用,車的狀態,向前直行中,汽車,前車頭,NA,NA,駕駛者,恍神、緊張、心不在焉分心駕駛,否,121.60349,25.215908