accident_date,發生日期,發生年度,發生月份,發生時間,事故類別名稱,處理單位名稱警局層,發生地點,天候名稱,光線名稱,道路類別-第1當事者-名稱,速限-第1當事者,道路型態大類別名稱,道路型態子類別名稱,事故位置大類別名稱,事故位置子類別名稱,路面狀況-路面鋪裝名稱,路面狀況-路面狀態名稱,路面狀況-路面缺陷名稱,道路障礙-障礙物名稱,道路障礙-視距品質名稱,道路障礙-視距名稱,號誌-號誌種類名稱,號誌-號誌動作名稱,車道劃分設施-分向設施大類別名稱,車道劃分設施-分向設施子類別名稱,車道劃分設施-分道設施-快車道或一般車道間名稱,車道劃分設施-分道設施-快慢車道間名稱,車道劃分設施-分道設施-路面邊線名稱,事故類型及型態大類別名稱,事故類型及型態子類別名稱,肇因研判大類別名稱-主要,肇因研判子類別名稱-主要,死亡受傷人數,當事者順位,當事者區分-類別-大類別名稱-車種,當事者區分-類別-子類別名稱-車種,當事者屬-性-別名稱,當事者事故發生時年齡,保護裝備名稱,行動電話或電腦或其他相類功能裝置名稱,當事者行動狀態大類別名稱,當事者行動狀態子類別名稱,車輛撞擊部位大類別名稱-最初,車輛撞擊部位子類別名稱-最初,車輛撞擊部位大類別名稱-其他,車輛撞擊部位子類別名稱-其他,肇因研判大類別名稱-個別,肇因研判子類別名稱-個別,肇事逃逸類別名稱-是否肇逃,經度,緯度
20231125,20231125,2023,11,184300,A1,新北市政府警察局,新北市金山區台2甲線前0.0公尺,雨,有照明且開啟,省道,50,單路部分,直路,路段,一般車道(未劃分快慢車道),柏油,濕潤,無缺陷,無障礙物,無遮蔽物,良好,無號誌,無號誌,行車分向線,無標記,未繪設車道線,未繪設快慢車道分隔線,有,人與車,穿越道路中,駕駛者,恍神、緊張、心不在焉分心駕駛,死亡1;受傷0,2,人,行人,男,83,其他(無需使用保護裝備之人),非駕駛人,人的狀態,步行,其他,非汽、機及自行車,NA,NA,非駕駛者,穿越道路未注意左右來車,否,121.60349,25.215908
20231126,20231126,2023,11,032900,A1,臺北市政府警察局,臺北市中正區中華路2段 / 臺北市中正區中華路2段,雨,有照明且開啟,市區道路,50,交岔路,四岔路,交叉路口,交叉口附近,柏油,濕潤,無缺陷,無障礙物,無遮蔽物,良好,閃光號誌,正常,雙向禁止超車線,無標記,車道線(無標記),未繪設快慢車道分隔線,無,人與車,其他,駕駛者,恍神、緊張、心不在焉分心駕駛,死亡1;受傷0,1,小客車(含客、貨兩用),自用,男,41,繫安全帶(使用幼童安全椅),未使用,車的狀態,左轉彎,汽車,右前車頭(身),NA,NA,駕駛者,恍神、緊張、心不在焉分心駕駛,否,121.505869,25.028075
20231126,20231126,2023,11,032900,A1,臺北市政府警察局,臺北市中正區中華路2段 / 臺北市中正區中華路2段,雨,有照明且開啟,市區道路,50,交岔路,四岔路,交叉路口,交叉口附近,柏油,濕潤,無缺陷,無障礙物,無遮蔽物,良好,閃光號誌,正常,雙向禁止超車線,無標記,車道線(無標記),未繪設快慢車道分隔線,無,人與車,其他,駕駛者,恍神、緊張、心不在焉分心駕駛,死亡1;受傷0,2,人,行人,男,51,其他(無需使用保護裝備之人),非駕駛人,人的狀態,其他,其他,非汽、機及自行車,NA,NA,非駕駛者,其他引起事故之疏失或行為,否,121.505869,25.028075
20231126,20231126,2023,11,054200,A1,苗栗縣警察局,苗栗縣頭份市中正三路、雙喜街口,晴,無照明,縣道,50,單路部分,直路,路段,一般車道(未劃分快慢車道),柏油,乾燥,無缺陷,無障礙物,無遮蔽物,良好,閃光號誌,正常,行車分向線,無標記,車道線(無標記),快慢車道分隔線,有,人與車,穿越道路中,駕駛者,車輛未依規定暫停讓行人先行,死亡1;受傷0,1,小客車(含客、貨兩用),自用,男,69,不明,不明,車的狀態,向前直行中,汽車,前車頭,NA,NA,駕駛者,車輛未依規定暫停讓行人先行,否,120.95488,24.680364
20231126,20231126,2023,11,054200,A1,苗栗縣警察局,苗栗縣頭份市中正三路、雙喜街口,晴,無照明,縣道,50,單路部分,直路,路段,一般車道(未劃分快慢車道),柏油,乾燥,無缺陷,無障礙物,無遮蔽物,良好,閃光號誌,正常,行車分向線,無標記,車道線(無標記),快慢車道分隔線,有,人與車,穿越道路中,駕駛者,車輛未依規定暫停讓行人先行,死亡1;受傷0,2,人,行人,女,84,其他(無需使用保護裝備之人),非駕駛人,人的狀態,步行,其他,非汽、機及自行車,NA,NA,無(非車輛駕駛人因素),尚未發現肇事因素,否,120.95488,24.680364
20231126,20231126,2023,11,110200,A1,桃園市政府警察局,桃園市蘆竹區南竹路二段附近 / 桃園市蘆竹區南竹路二段附近,晴,無照明,村里道路,50,單路部分,直路,路段,路肩、路緣,柏油,乾燥,無缺陷,路上有停車,有遮蔽物,建築物,無號誌,無號誌,雙向禁止超車線,無標記,未繪設車道線,未繪設快慢車道分隔線,有,車與車,追撞,駕駛者,恍神、緊張、心不在焉分心駕駛,死亡1;受傷0,1,機車,普通重型,男,24,戴非半罩式安全帽,未使用,車的狀態,向前直行中,機車與自行車,前車頭,NA,NA,駕駛者,恍神、緊張、心不在焉分心駕駛,否,121.278891,25.035324
20231126,20231126,2023,11,110200,A1,桃園市政府警察局,桃園市蘆竹區南竹路二段附近 / 桃園市蘆竹區南竹路二段附近,晴,無照明,村里道路,50,單路部分,直路,路段,路肩、路緣,柏油,乾燥,無缺陷,路上有停車,有遮蔽物,建築物,無號誌,無號誌,雙向禁止超車線,無標記,未繪設車道線,未繪設快慢車道分隔線,有,車與車,追撞,駕駛者,恍神、緊張、心不在焉分心駕駛,死亡1;受傷0,2,大貨車,營業用,男,28,未戴安全帽或未繫安全帶(未使用幼童安全椅),未使用,車的狀態,靜止(引擎熄火),汽車,左後車尾(身),NA,NA,無(車輛駕駛者因素),尚未發現肇事因素,否,121.278891,25.035324
20231126,20231126,2023,11,161949,A1,新竹市警察局,新竹市東區學府路78號,晴,有照明未開啟或故障,市區道路,50,單路部分,直路,路段,一般車道(未劃分快慢車道),柏油,乾燥,無缺陷,無障礙物,無遮蔽物,良好,無號誌,無號誌,雙向禁止超車線,無標記,未繪設車道線,未繪設快慢車道分隔線,無,人與車,佇立路邊(外),駕駛者,恍神、緊張、心不在焉分心駕駛,死亡1;受傷2,1,小客車(含客、貨兩用),自用,男,30,繫安全帶(使用幼童安全椅),不明,車的狀態,向前直行中,汽車,右前車頭(身),NA,NA,駕駛者,恍神、緊張、心不在焉分心駕駛,否,120.983459,24.796462
20231126,20231126,2023,11,161949,A1,新竹市警察局,新竹市東區學府路78號,晴,有照明未開啟或故障,市區道路,50,單路部分,直路,路段,一般車道(未劃分快慢車道),柏油,乾燥,無缺陷,無障礙物,無遮蔽物,良好,無號誌,無號誌,雙向禁止超車線,無標記,未繪設車道線,未繪設快慢車道分隔線,無,人與車,佇立路邊(外),駕駛者,恍神、緊張、心不在焉分心駕駛,死亡1;受傷2,2,人,行人,男,49,其他(無需使用保護裝備之人),非駕駛人,人的狀態,靜立(止),其他,非汽、機及自行車,NA,NA,無(非車輛駕駛人因素),尚未發現肇事因素,否,120.983459,24.796462
20231126,20231126,2023,11,161949,A1,新竹市警察局,新竹市東區學府路78號,晴,有照明未開啟或故障,市區道路,50,單路部分,直路,路段,一般車道(未劃分快慢車道),柏油,乾燥,無缺陷,無障礙物,無遮蔽物,良好,無號誌,無號誌,雙向禁止超車線,無標記,未繪設車道線,未繪設快慢車道分隔線,無,人與車,佇立路邊(外),駕駛者,恍神、緊張、心不在焉分心駕駛,死亡1;受傷2,3,小客車(含客、貨兩用),自用,男,49,不明,不明,車的狀態,靜止(引擎熄火),汽車,左後車尾(身),NA,NA,無(車輛駕駛者因素),尚未發現肇事因素,否,120.983459,24.796462
20231126,20231126,2023,11,161949,A1,新竹市警察局,新竹市東區學府路78號,晴,有照明未開啟或故障,市區道路,50,單路部分,直路,路段,一般車道(未劃分快慢車道),柏油,乾燥,無缺陷,無障礙物,無遮蔽物,良好,無號誌,無號誌,雙向禁止超車線,無標記,未繪設車道線,未繪設快慢車道分隔線,無,人與車,佇立路邊(外),駕駛者,恍神、緊張、心不在焉分心駕駛,死亡1;受傷2,4,小客車(含客、貨兩用),租賃車,女,32,不明,不明,車的狀態,靜止(引擎熄火),汽車,右後車尾(身),NA,NA,無(車輛駕駛者因素),尚未發現肇事因素,否,120.983459,24.796462
20231126,20231126,2023,11,161949,A1,新竹市警察局,新竹市東區學府路78號,晴,有照明未開啟或故障,市區道路,50,單路部分,直路,路段,一般車道(未劃分快慢車道),柏油,乾燥,無缺陷,無障礙物,無遮蔽物,良好,無號誌,無號誌,雙向禁止超車線,無標記,未繪設車道線,未繪設快慢車道分隔線,無,人與車,佇立路邊(外),駕駛者,恍神、緊張、心不在焉分心駕駛,死亡1;受傷2,5,人,乘客,女,9,不明,非駕駛人,人的狀態,靜立(止),其他,非汽、機及自行車,NA,NA,無(非車輛駕駛人因素),尚未發現肇事因素,否,120.983459,24.796462
20231126,20231126,2023,11,161949,A1,新竹市警察局,新竹市東區學府路78號,晴,有照明未開啟或故障,市區道路,50,單路部分,直路,路段,一般車道(未劃分快慢車道),柏油,乾燥,無缺陷,無障礙物,無遮蔽物,良好,無號誌,無號誌,雙向禁止超車線,無標記,未繪設車道線,未繪設快慢車道分隔線,無,人與車,佇立路邊(外),駕駛者,恍神、緊張、心不在焉分心駕駛,死亡1;受傷2,6,人,乘客,男,12,不明,非駕駛人,人的狀態,靜立(止),其他,非汽、機及自行車,NA,NA,無(非車輛駕駛人因素),尚未發現肇事因素,否,120.983459,24.796462
20231126,20231126,2023,11,171741,A1,宜蘭縣政府警察局,宜蘭縣宜蘭市農權路北側 / 宜蘭縣宜蘭市農權路口,雨,有照明且開啟,市區道路,50,交岔路,四岔路,交叉路口,交叉口附近,柏油,濕潤,無缺陷,無障礙物,無遮蔽物,良好,無號誌,無號誌,雙向禁止超車線,附標記,未繪設車道線,未繪設快慢車道分隔線,有,人與車,穿越道路中,非駕駛者,穿越道路未注意左右來車,死亡1;受傷0,1,人,行人,男,90,其他(無需使用保護裝備之人),非駕駛人,人的狀態,步行,其他,非汽、機及自行車,NA,NA,非駕駛者,穿越道路未注意左右來車,否,121.749864,24.746767
20231126,20231126,2023,11,171741,A1,宜蘭縣政府警察局,宜蘭縣宜蘭市農權路北側 / 宜蘭縣宜蘭市農權路口,雨,有照明且開啟,市區道路,50,交岔路,四岔路,交叉路口,交叉口附近,柏油,濕潤,無缺陷,無障礙物,無遮蔽物,良好,無號誌,無號誌,雙向禁止超車線,附標記,未繪設車道線,未繪設快慢車道分隔線,有,人與車,穿越道路中,非駕駛者,穿越道路未注意左右來車,死亡1;受傷0,2,機車,普通重型,男,19,戴非半罩式安全帽,未使用,車的狀態,向前直行中,機車與自行車,前車頭,NA,NA,其他,因光線、視線遮蔽致生事故,否,121.749864,24.746767
20231126,20231126,2023,11,173707,A1,苗栗縣警察局,苗栗縣竹南鎮西部濱海快速公路與天祥街二段口附近、崎頂里天祥街二段511號對面,晴,無照明,省道,40,單路部分,直路,路段,一般車道(未劃分快慢車道),柏油,乾燥,無缺陷,無障礙物,無遮蔽物,良好,無號誌,無號誌,中央分向島,寬式(50公分以上),車道線(無標記),寬式快慢車道分隔島(50公分以上),有,車與車,追撞,駕駛者,觀看其他事故、活動、道路環境或車外資訊分心駕駛,死亡1;受傷0,1,機車,普通重型,女,42,戴半罩式安全帽,未使用,車的狀態,向前直行中,機車與自行車,前車頭,NA,NA,駕駛者,觀看其他事故、活動、道路環境或車外資訊分心駕駛,否,120.867026,24.714079
20231126,20231126,2023,11,173707,A1,苗栗縣警察局,苗栗縣竹南鎮西部濱海快速公路與天祥街二段口附近、崎頂里天祥街二段511號對面,晴,無照明,省道,40,單路部分,直路,路段,一般車道(未劃分快慢車道),柏油,乾燥,無缺陷,無障礙物,無遮蔽物,良好,無號誌,無號誌,中央分向島,寬式(50公分以上),車道線(無標記),寬式快慢車道分隔島(50公分以上),有,車與車,追撞,駕駛者,觀看其他事故、活動、道路環境或車外資訊分心駕駛,死亡1;受傷0,2,曳引車,營業用,男,50,不明,不明,車的狀態,等待(引擎未熄火),汽車,後車尾,NA,NA,其他,違規(臨時)停車,否,120.867026,24.714079
20231127,20231127,2023,11,130200,A1,臺北市政府警察局,臺北市南港區松河街294號前0.0公尺,晴,有照明未開啟或故障,市區道路,50,單路部分,直路,路段,一般車道(未劃分快慢車道),柏油,乾燥,無缺陷,無障礙物,無遮蔽物,良好,無號誌,無號誌,雙向禁止超車線,無標記,未繪設車道線,未繪設快慢車道分隔線,無,人與車,同向通行中,駕駛者,觀看其他事故、活動、道路環境或車外資訊分心駕駛,死亡1;受傷1,1,機車,普通重型,男,25,戴非半罩式安全帽,不明,車的狀態,其他,機車與自行車,右側車身,NA,NA,駕駛者,觀看其他事故、活動、道路環境或車外資訊分心駕駛,否,121.58046,25.052208
20231127,20231127,2023,11,130200,A1,臺北市政府警察局,臺北市南港區松河街294號前0.0公尺,晴,有照明未開啟或故障,市區道路,50,單路部分,直路,路段,一般車道(未劃分快慢車道),柏油,乾燥,無缺陷,無障礙物,無遮蔽物,良好,無號誌,無號誌,雙向禁止超車線,無標記,未繪設車道線,未繪設快慢車道分隔線,無,人與車,同向通行中,駕駛者,觀看其他事故、活動、道路環境或車外資訊分心駕駛,死亡1;受傷1,2,人,行人,女,76,其他(無需使用保護裝備之人),非駕駛人,不明,不明,其他,非汽、機及自行車,NA,NA,非駕駛者,其他引起事故之疏失或行為,否,121.58046,25.052208
20231127,20231127,2023,11,224953,A1,嘉義縣警察局,嘉義縣民雄鄉豐收村好收68之28號前,晴,有照明未開啟或故障,鄉道,30,交岔路,四岔路,交叉路口,交叉路口內,柏油,乾燥,無缺陷,無障礙物,無遮蔽物,良好,閃光號誌,正常,無,無分向設施,未繪設車道線,未繪設快慢車道分隔線,無,車與車,路口交岔撞,駕駛者,酒醉(後)駕駛,死亡1;受傷0,1,機車,普通重型,女,20,戴非半罩式安全帽,未使用,車的狀態,向前直行中,機車與自行車,前車頭,NA,NA,駕駛者,酒醉(後)駕駛,否,120.448376,23.564117
20231127,20231127,2023,11,224953,A1,嘉義縣警察局,嘉義縣民雄鄉豐收村好收68之28號前,晴,有照明未開啟或故障,鄉道,30,交岔路,四岔路,交叉路口,交叉路口內,柏油,乾燥,無缺陷,無障礙物,無遮蔽物,良好,閃光號誌,正常,無,無分向設施,未繪設車道線,未繪設快慢車道分隔線,無,車與車,路口交岔撞,駕駛者,酒醉(後)駕駛,死亡1;受傷0,2,小客車(含客、貨兩用),自用,女,49,繫安全帶(使用幼童安全椅),未使用,車的狀態,向前直行中,汽車,右前車頭(身),NA,NA,駕駛者,未依規定減速,否,120.448376,23.564117
20231128,20231128,2023,11,092350,A1,新竹縣政府警察局,新竹縣湖口鄉八德路一段口 / 新竹縣湖口鄉中湖路口,晴,有照明未開啟或故障,市區道路,60,交岔路,四岔路,交叉路口,交叉路口內,柏油,乾燥,無缺陷,無障礙物,無遮蔽物,良好,行車管制號誌,正常,中央分向島,寬式(50公分以上),車道線(附標記),快慢車道分隔線,有,車與車,側撞,駕駛者,右轉彎未依規定,死亡1;受傷1,1,大貨車,自用,男,63,繫安全帶(使用幼童安全椅),未使用,車的狀態,右轉彎,汽車,右側車身,NA,NA,駕駛者,右轉彎未依規定,否,121.071586,24.882469
20231128,20231128,2023,11,092350,A1,新竹縣政府警察局,新竹縣湖口鄉八德路一段口 / 新竹縣湖口鄉中湖路口,晴,有照明未開啟或故障,市區道路,60,交岔路,四岔路,交叉路口,交叉路口內,柏油,乾燥,無缺陷,無障礙物,無遮蔽物,良好,行車管制號誌,正常,中央分向島,寬式(50公分以上),車道線(附標記),快慢車道分隔線,有,車與車,側撞,駕駛者,右轉彎未依規定,死亡1;受傷1,2,機車,普通重型,女,25,戴半罩式安全帽,未使用,車的狀態,向前直行中,機車與自行車,左側車身,NA,NA,無(車輛駕駛者因素),尚未發現肇事因素,否,121.071586,24.882469
20231128,20231128,2023,11,092350,A1,新竹縣政府警察局,新竹縣湖口鄉八德路一段口 / 新竹縣湖口鄉中湖路口,晴,有照明未開啟或故障,市區道路,60,交岔路,四岔路,交叉路口,交叉路口內,柏油,乾燥,無缺陷,無障礙物,無遮蔽物,良好,行車管制號誌,正常,中央分向島,寬式(50公分以上),車道線(附標記),快慢車道分隔線,有,車與車,側撞,駕駛者,右轉彎未依規定,死亡1;受傷1,3,人,乘客,女,43,戴半罩式安全帽,非駕駛人,人的狀態,其他,其他,非汽、機及自行車,NA,NA,無(非車輛駕駛人因素),尚未發現肇事因素,否,121.071586,24.882469
20231128,20231128,2023,11,133500,A1,屏東縣政府警察局,屏東縣麟洛鄉中山路段673號前0.0公尺南側,晴,無照明,省道,50,交岔路,三岔路,交叉路口,交叉路口內,柏油,乾燥,無缺陷,無障礙物,無遮蔽物,良好,行車管制號誌,正常,中央分向島,寬式(50公分以上),車道線(無標記),快慢車道分隔線,有,車與車,同向擦撞,駕駛者,有號誌路口，轉彎車未讓直行車先行,死亡1;受傷1,1,小客車(含客、貨兩用),自用,女,59,繫安全帶(使用幼童安全椅),未使用,車的狀態,右轉彎,汽車,左前車頭(身),NA,NA,駕駛者,有號誌路口，轉彎車未讓直行車先行,否,120.525963,22.65152
20231128,20231128,2023,11,133500,A1,屏東縣政府警察局,屏東縣麟洛鄉中山路段673號前0.0公尺南側,晴,無照明,省道,50,交岔路,三岔路,交叉路口,交叉路口內,柏油,乾燥,無缺陷,無障礙物,無遮蔽物,良好,行車管制號誌,正常,中央分向島,寬式(50公分以上),車道線(無標記),快慢車道分隔線,有,車與車,同向擦撞,駕駛者,有號誌路口，轉彎車未讓直行車先行,死亡1;受傷1,2,機車,普通重型,女,32,戴半罩式安全帽,未使用,車的狀態,向前直行中,機車與自行車,前車頭,NA,NA,無(車輛駕駛者因素),尚未發現肇事因素,否,120.525963,22.65152
20231128,20231128,2023,11,133500,A1,屏東縣政府警察局,屏東縣麟洛鄉中山路段673號前0.0公尺南側,晴,無照明,省道,50,交岔路,三岔路,交叉路口,交叉路口內,柏油,乾燥,無缺陷,無障礙物,無遮蔽物,良好,行車管制號誌,正常,中央分向島,寬式(50公分以上),車道線(無標記),快慢車道分隔線,有,車與車,同向擦撞,駕駛者,有號誌路口，轉彎車未讓直行車先行,死亡1;受傷1,3,人,乘客,女,60,戴半罩式安全帽,非駕駛人,人的狀態,其他,其他,非汽、機及自行車,NA,NA,無(非車輛駕駛人因素),尚未發現肇事因素,否,120.525963,22.65152
20231128,20231128,2023,11,161500,A1,高雄市政府警察局,高雄市新興區村中正三路 / 高雄市新興區開封路,晴,有照明未開啟或故障,市區道路,50,交岔路,四岔路,交叉路口,交叉路口內,柏油,乾燥,無缺陷,無障礙物,無遮蔽物,良好,行車管制號誌,正常,雙向禁止超車線,無標記,車道線(無標記),快慢車道分隔線,無,車與車,側撞,駕駛者,有號誌路口，轉彎車未讓直行車先行,死亡1;受傷0,1,小客車(含客、貨兩用),自用,女,46,繫安全帶(使用幼童安全椅),未使用,車的狀態,左轉彎,汽車,右側車身,NA,NA,駕駛者,有號誌路口，轉彎車未讓直行車先行,否,120.3116,22.63082
20231128,20231128,2023,11,161500,A1,高雄市政府警察局,高雄市新興區村中正三路 / 高雄市新興區開封路,晴,有照明未開啟或故障,市區道路,50,交岔路,四岔路,交叉路口,交叉路口內,柏油,乾燥,無缺陷,無障礙物,無遮蔽物,良好,行車管制號誌,正常,雙向禁止超車線,無標記,車道線(無標記),快慢車道分隔線,無,車與車,側撞,駕駛者,有號誌路口，轉彎車未讓直行車先行,死亡1;受傷0,2,機車,普通重型,男,22,戴半罩式安全帽,未使用,車的狀態,向前直行中,機車與自行車,前車頭,NA,NA,駕駛者,未依規定減速,否,120.3116,22.63082
20231128,20231128,2023,11,181500,A1,桃園市政府警察局,桃園市蘆竹區福興一街215號前0.0公尺,晴,有照明且開啟,村里道路,40,單路部分,直路,路段,一般車道(未劃分快慢車道),柏油,乾燥,無缺陷,無障礙物,無遮蔽物,良好,無號誌,無號誌,無,無分向設施,未繪設車道線,未繪設快慢車道分隔線,有,車輛本身,撞電桿,駕駛者,恍神、緊張、心不在焉分心駕駛,死亡1;受傷0,1,機車,普通重型,女,53,戴非半罩式安全帽,未使用,車的狀態,向前直行中,機車與自行車,前車頭,NA,NA,駕駛者,恍神、緊張、心不在焉分心駕駛,否,121.25949,24.992301
20231128,20231128,2023,11,181500,A1,桃園市政府警察局,桃園市蘆竹區福興一街215號前0.0公尺,晴,有照明且開啟,村里道路,40,單路部分,直路,路段,一般車道(未劃分快慢車道),柏油,乾燥,無缺陷,無障礙物,無遮蔽物,良好,無號誌,無號誌,無,無分向設施,未繪設車道線,未繪設快慢車道分隔線,有,車輛本身,撞電桿,駕駛者,恍神、緊張、心不在焉分心駕駛,死亡1;受傷0,2,NA,NA,無或物(動物、堆置物),-1,NA,NA,NA,NA,NA,NA,NA,NA,無(非車輛駕駛人因素),尚未發現肇事因素,否,121.25949,24.992301
20231129,20231129,2023,11,073100,A1,新北市政府警察局,新北市土城區擺接堡路前0.0公尺,晴,有照明未開啟或故障,市區道路,50,單路部分,直路,路段,一般車道(未劃分快慢車道),柏油,乾燥,無缺陷,無障礙物,無遮蔽物,良好,無號誌,無號誌,雙向禁止超車線,附標記,車道線(附標記),未繪設快慢車道分隔線,有,車與車,同向擦撞,駕駛者,變換車道不當,死亡1;受傷0,1,大客車,營業用,男,61,繫安全帶(使用幼童安全椅),未使用,車的狀態,向右變換車道,汽車,右前車頭(身),NA,NA,駕駛者,變換車道不當,否,121.41169,24.960584
20231129,20231129,2023,11,073100,A1,新北市政府警察局,新北市土城區擺接堡路前0.0公尺,晴,有照明未開啟或故障,市區道路,50,單路部分,直路,路段,一般車道(未劃分快慢車道),柏油,乾燥,無缺陷,無障礙物,無遮蔽物,良好,無號誌,無號誌,雙向禁止超車線,附標記,車道線(附標記),未繪設快慢車道分隔線,有,車與車,同向擦撞,駕駛者,變換車道不當,死亡1;受傷0,2,機車,普通重型,女,52,戴非半罩式安全帽,未使用,車的狀態,向前直行中,機車與自行車,左側車身,NA,NA,無(車輛駕駛者因素),尚未發現肇事因素,否,121.41169,24.960584
20231129,20231129,2023,11,082300,A1,嘉義縣警察局,嘉義縣六腳鄉六斗村台19線與村里道路口,陰,有照明未開啟或故障,省道,30,交岔路,三岔路,交叉路口,交叉口附近,柏油,乾燥,無缺陷,無障礙物,無遮蔽物,良好,無號誌,無號誌,無,無分向設施,未繪設車道線,未繪設快慢車道分隔線,無,車與車,其他,駕駛者,無號誌路口，少線道未讓多線道先行,死亡1;受傷0,1,小貨車(含客、貨兩用),自用,男,41,繫安全帶(使用幼童安全椅),未使用,車的狀態,右轉彎,汽車,右後車尾(身),NA,NA,駕駛者,無號誌路口，少線道未讓多線道先行,否,120.297907,23.5524
20231129,20231129,2023,11,082300,A1,嘉義縣警察局,嘉義縣六腳鄉六斗村台19線與村里道路口,陰,有照明未開啟或故障,省道,30,交岔路,三岔路,交叉路口,交叉口附近,柏油,乾燥,無缺陷,無障礙物,無遮蔽物,良好,無號誌,無號誌,無,無分向設施,未繪設車道線,未繪設快慢車道分隔線,無,車與車,其他,駕駛者,無號誌路口，少線道未讓多線道先行,死亡1;受傷0,2,機車,普通重型,男,19,未戴安全帽或未繫安全帶(未使用幼童安全椅),不明,車的狀態,向前直行中,機車與自行車,前車頭,NA,NA,其他,其他不當駕車行為,否,120.297907,23.5524
20231129,20231129,2023,11,134300,A1,高雄市政府警察局,高雄市楠梓區新泰街 / 高雄市楠梓區啟昌街,晴,有照明未開啟或故障,村里道路,50,交岔路,四岔路,交叉路口,交叉路口內,柏油,乾燥,無缺陷,無障礙物,無遮蔽物,良好,無號誌,無號誌,雙向禁止超車線,附標記,車道線(附標記),未繪設快慢車道分隔線,有,車與車,路口交岔撞,駕駛者,未依規定減速,死亡1;受傷0,1,小客車(含客、貨兩用),自用,男,29,繫安全帶(使用幼童安全椅),未使用,車的狀態,向前直行中,汽車,左前車頭(身),NA,NA,駕駛者,未依規定減速,否,120.281276,22.713283
20231129,20231129,2023,11,134300,A1,高雄市政府警察局,高雄市楠梓區新泰街 / 高雄市楠梓區啟昌街,晴,有照明未開啟或故障,村里道路,50,交岔路,四岔路,交叉路口,交叉路口內,柏油,乾燥,無缺陷,無障礙物,無遮蔽物,良好,無號誌,無號誌,雙向禁止超車線,附標記,車道線(附標記),未繪設快慢車道分隔線,有,車與車,路口交岔撞,駕駛者,未依規定減速,死亡1;受傷0,2,機車,普通重型,男,68,戴半罩式安全帽,未使用,車的狀態,向前直行中,機車與自行車,前車頭,NA,NA,駕駛者,無號誌路口，左方車未讓右方車先行,否,120.281276,22.713283
20231129,20231129,2023,11,222100,A1,雲林縣警察局,雲林縣元長鄉台78公路西向車道16.7K處,晴,無照明,快速(公)道,100,單路部分,直路,交流道,直線匝道,柏油,乾燥,無缺陷,無障礙物,無遮蔽物,良好,無號誌,無號誌,中央分向島,寬式(50公分以上),車道線(附標記),未繪設快慢車道分隔線,有,車與車,追撞,駕駛者,恍神、緊張、心不在焉分心駕駛,死亡1;受傷0,1,小貨車(含客、貨兩用),自用,男,37,不明,不明,車的狀態,向前直行中,汽車,前車頭,NA,NA,駕駛者,恍神、緊張、心不在焉分心駕駛,否,120.329317,23.684789
20231129,20231129,2023,11,222100,A1,雲林縣警察局,雲林縣元長鄉台78公路西向車道16.7K處,晴,無照明,快速(公)道,100,單路部分,直路,交流道,直線匝道,柏油,乾燥,無缺陷,無障礙物,無遮蔽物,良好,無號誌,無號誌,中央分向島,寬式(50公分以上),車道線(附標記),未繪設快慢車道分隔線,有,車與車,追撞,駕駛者,恍神、緊張、心不在焉分心駕駛,死亡1;受傷0,2,曳引車,營業用,男,40,不明,不明,車的狀態,向前直行中,汽車,後車尾,NA,NA,無(車輛駕駛者因素),尚未發現肇事因素,否,120.329317,23.684789
20231130,20231130,2023,11,012141,A1,國道公路警察局,苗栗縣竹南鎮國道3號 112公里500.0公尺處南側向中線,陰,無照明,國道,110,單路部分,直路,路段,快車道,柏油,乾燥,無缺陷,無障礙物,無遮蔽物,良好,無號誌,無號誌,中央分向島,寬式(50公分以上),車道線(附標記),未繪設快慢車道分隔線,有,車與車,追撞,駕駛者,恍神、緊張、心不在焉分心駕駛,死亡1;受傷1,1,小客車(含客、貨兩用),自用,男,29,未戴安全帽或未繫安全帶(未使用幼童安全椅),未使用,車的狀態,向前直行中,汽車,前車頭,汽車,左後車尾(身),駕駛者,恍神、緊張、心不在焉分心駕駛,否,120.872971,24.703925
20231130,20231130,2023,11,012141,A1,國道公路警察局,苗栗縣竹南鎮國道3號 112公里500.0公尺處南側向中線,陰,無照明,國道,110,單路部分,直路,路段,快車道,柏油,乾燥,無缺陷,無障礙物,無遮蔽物,良好,無號誌,無號誌,中央分向島,寬式(50公分以上),車道線(附標記),未繪設快慢車道分隔線,有,車與車,追撞,駕駛者,恍神、緊張、心不在焉分心駕駛,死亡1;受傷1,2,小貨車(含客、貨兩用),自用,男,57,繫安全帶(使用幼童安全椅),未使用,車的狀態,向前直行中,汽車,後車尾,汽車,右前車頭(身),無(車輛駕駛者因素),尚未發現肇事因素,否,120.872971,24.703925
20231130,20231130,2023,11,012141,A1,國道公路警察局,苗栗縣竹南鎮國道3號 112公里500.0公尺處南側向中線,陰,無照明,國道,110,單路部分,直路,路段,快車道,柏油,乾燥,無缺陷,無障礙物,無遮蔽物,良好,無號誌,無號誌,中央分向島,寬式(50公分以上),車道線(附標記),未繪設快慢車道分隔線,有,車與車,追撞,駕駛者,恍神、緊張、心不在焉分心駕駛,死亡1;受傷1,3,NA,NA,無或物(動物、堆置物),-1,NA,NA,NA,NA,NA,NA,NA,NA,無(非車輛駕駛人因素),尚未發現肇事因素,否,120.872971,24.703925
20231130,20231130,2023,11,045200,A1,臺中市政府警察局,臺中市大里區東湖里大峰路 / 臺中市大里區東湖里仁化路,晴,有照明且開啟,市區道路,60,交岔路,三岔路,路段,一般車道(未劃分快慢車道),柏油,乾燥,無缺陷,無障礙物,無遮蔽物,良好,閃光號誌,正常,行車分向線,無標記,車道線(無標記),未繪設快慢車道分隔線,有,車輛本身,撞交通島,其他,其他不當駕車行為,死亡1;受傷0,1,機車,普通重型,女,19,戴半罩式安全帽,未使用,車的狀態,向前直行中,機車與自行車,前車頭,機車與自行車,左側車身,其他,其他不當駕車行為,否,120.687863,24.086487