accident_date,發生日期,發生年度,發生月份,發生時間,事故類別名稱,處理單位名稱警局層,發生地點,天候名稱,光線名稱,道路類別-第1當事者-名稱,速限-第1當事者,道路型態大類別名稱,道路型態子類別名稱,事故位置大類別名稱,事故位置子類別名稱,路面狀況-路面鋪裝名稱,路面狀況-路面狀態名稱,路面狀況-路面缺陷名稱,道路障礙-障礙物名稱,道路障礙-視距品質名稱,道路障礙-視距名稱,號誌-號誌種類名稱,號誌-號誌動作名稱,車道劃分設施-分向設施大類別名稱,車道劃分設施-分向設施子類別名稱,車道劃分設施-分道設施-快車道或一般車道間名稱,車道劃分設施-分道設施-快慢車道間名稱,車道劃分設施-分道設施-路面邊線名稱,事故類型及型態大類別名稱,事故類型及型態子類別名稱,肇因研判大類別名稱-主要,肇因研判子類別名稱-主要,死亡受傷人數,當事者順位,當事者區分-類別-大類別名稱-車種,當事者區分-類別-子類別名稱-車種,當事者屬-性-別名稱,當事者事故發生時年齡,保護裝備名稱,行動電話或電腦或其他相類功能裝置名稱,當事者行動狀態大類別名稱,當事者行動狀態子類別名稱,車輛撞擊部位大類別名稱-最初,車輛撞擊部位子類別名稱-最初,車輛撞擊部位大類別名稱-其他,車輛撞擊部位子類別名稱-其他,肇因研判大類別名稱-個別,肇因研判子類別名稱-個別,肇事逃逸類別名稱-是否肇逃,經度,緯度
20231130,20231130,2023,11,045200,A1,臺中市政府警察局,臺中市大里區東湖里大峰路 / 臺中市大里區東湖里仁化路,晴,有照明且開啟,市區道路,60,交岔路,三岔路,路段,一般車道(未劃分快慢車道),柏油,乾燥,無缺陷,無障礙物,無遮蔽物,良好,閃光號誌,正常,行車分向線,無標記,車道線(無標記),未繪設快慢車道分隔線,有,車輛本身,撞交通島,其他,其他不當駕車行為,死亡1;受傷0,2,NA,NA,無或物(動物、堆置物),0,NA,NA,NA,NA,NA,NA,NA,NA,無(非車輛駕駛人因素),尚未發現肇事因素,否,120.687863,24.086487
20231130,20231130,2023,11,055500,A1,高雄市政府警察局,高雄市燕巢區安北路100-1號前0.0公尺,晴,有照明未開啟或故障,市區道路,60,單路部分,直路,路段,一般車道(未劃分快慢車道),柏油,乾燥,無缺陷,無障礙物,無遮蔽物,良好,無號誌,無號誌,雙向禁止超車線,無標記,車道線(無標記),未繪設快慢車道分隔線,有,車與車,其他,駕駛者,違反其他標誌(線)禁制,死亡1;受傷1,1,大客車,自用,男,58,繫安全帶(使用幼童安全椅),未使用,車的狀態,左轉彎,汽車,左後車尾(身),NA,NA,駕駛者,違反其他標誌(線)禁制,否,120.3489,22.792
20231130,20231130,2023,11,055500,A1,高雄市政府警察局,高雄市燕巢區安北路100-1號前0.0公尺,晴,有照明未開啟或故障,市區道路,60,單路部分,直路,路段,一般車道(未劃分快慢車道),柏油,乾燥,無缺陷,無障礙物,無遮蔽物,良好,無號誌,無號誌,雙向禁止超車線,無標記,車道線(無標記),未繪設快慢車道分隔線,有,車與車,其他,駕駛者,違反其他標誌(線)禁制,死亡1;受傷1,2,小客車(含客、貨兩用),自用,男,43,不明,不明,車的狀態,向前直行中,汽車,前車頭,NA,NA,駕駛者,恍神、緊張、心不在焉分心駕駛,否,120.3489,22.792
20231130,20231130,2023,11,055500,A1,高雄市政府警察局,高雄市燕巢區安北路100-1號前0.0公尺,晴,有照明未開啟或故障,市區道路,60,單路部分,直路,路段,一般車道(未劃分快慢車道),柏油,乾燥,無缺陷,無障礙物,無遮蔽物,良好,無號誌,無號誌,雙向禁止超車線,無標記,車道線(無標記),未繪設快慢車道分隔線,有,車與車,其他,駕駛者,違反其他標誌(線)禁制,死亡1;受傷1,3,人,乘客,女,42,不明,非駕駛人,人的狀態,其他,其他,非汽、機及自行車,NA,NA,無(非車輛駕駛人因素),尚未發現肇事因素,否,120.3489,22.792
20231130,20231130,2023,11,090100,A1,新北市政府警察局,新北市泰山區新五路 / 新北市泰山區中港南路,陰,有照明且開啟,市區道路,50,交岔路,四岔路,交叉路口,交叉路口內,柏油,乾燥,無缺陷,無障礙物,無遮蔽物,良好,行車管制號誌(附設行人專用號誌),正常,無,無分向設施,未繪設車道線,未繪設快慢車道分隔線,無,車與車,路口交岔撞,駕駛者,闖紅燈直行,死亡1;受傷1,1,機車,普通重型,男,29,戴半罩式安全帽,未使用,車的狀態,向前直行中,其他,不明,NA,NA,駕駛者,闖紅燈直行,否,121.44111,25.060823
20231130,20231130,2023,11,090100,A1,新北市政府警察局,新北市泰山區新五路 / 新北市泰山區中港南路,陰,有照明且開啟,市區道路,50,交岔路,四岔路,交叉路口,交叉路口內,柏油,乾燥,無缺陷,無障礙物,無遮蔽物,良好,行車管制號誌(附設行人專用號誌),正常,無,無分向設施,未繪設車道線,未繪設快慢車道分隔線,無,車與車,路口交岔撞,駕駛者,闖紅燈直行,死亡1;受傷1,2,機車,普通重型,女,57,不明,不明,車的狀態,向前直行中,其他,不明,NA,NA,無(車輛駕駛者因素),尚未發現肇事因素,否,121.44111,25.060823
20231130,20231130,2023,11,103524,A1,桃園市政府警察局,桃園市龜山區文青路口 / 桃園市龜山區文學路口,雨,有照明且開啟,市區道路,30,交岔路,三岔路,交叉路口,交叉路口內,柏油,濕潤,無缺陷,無障礙物,無遮蔽物,良好,行車管制號誌,正常,無,無分向設施,未繪設車道線,未繪設快慢車道分隔線,無,車與車,側撞,駕駛者,有號誌路口，轉彎車未讓直行車先行,死亡1;受傷0,1,小客車(含客、貨兩用),自用,女,65,繫安全帶(使用幼童安全椅),未使用,車的狀態,左轉彎,汽車,右前車頭(身),NA,NA,駕駛者,有號誌路口，轉彎車未讓直行車先行,否,121.389872,25.039776
20231130,20231130,2023,11,103524,A1,桃園市政府警察局,桃園市龜山區文青路口 / 桃園市龜山區文學路口,雨,有照明且開啟,市區道路,30,交岔路,三岔路,交叉路口,交叉路口內,柏油,濕潤,無缺陷,無障礙物,無遮蔽物,良好,行車管制號誌,正常,無,無分向設施,未繪設車道線,未繪設快慢車道分隔線,無,車與車,側撞,駕駛者,有號誌路口，轉彎車未讓直行車先行,死亡1;受傷0,2,機車,普通重型,男,62,戴半罩式安全帽,未使用,車的狀態,向前直行中,機車與自行車,前車頭,機車與自行車,左側車身,駕駛者,恍神、緊張、心不在焉分心駕駛,否,121.389872,25.039776
20231130,20231130,2023,11,110700,A1,高雄市政府警察局,高雄市三民區美都路 / 高雄市三民區遼寧三街,晴,無照明,市區道路,40,交岔路,四岔路,交叉路口,交叉路口內,柏油,乾燥,無缺陷,無障礙物,無遮蔽物,良好,行車管制號誌,正常,中央分向島,寬式(50公分以上),車道線(無標記),快慢車道分隔線,無,人與車,同向通行中,駕駛者,右轉彎未依規定,死亡1;受傷0,1,大客車,營業用,男,61,繫安全帶(使用幼童安全椅),未使用,車的狀態,右轉彎,汽車,右前車頭(身),NA,NA,駕駛者,右轉彎未依規定,否,120.28804,22.64418
20231130,20231130,2023,11,110700,A1,高雄市政府警察局,高雄市三民區美都路 / 高雄市三民區遼寧三街,晴,無照明,市區道路,40,交岔路,四岔路,交叉路口,交叉路口內,柏油,乾燥,無缺陷,無障礙物,無遮蔽物,良好,行車管制號誌,正常,中央分向島,寬式(50公分以上),車道線(無標記),快慢車道分隔線,無,人與車,同向通行中,駕駛者,右轉彎未依規定,死亡1;受傷0,2,人,輔助代步器材,男,85,其他(無需使用保護裝備之人),非駕駛人,人的狀態,其他,其他,非汽、機及自行車,NA,NA,無(非車輛駕駛人因素),尚未發現肇事因素,否,120.28804,22.64418
20231130,20231130,2023,11,175400,A1,臺南市政府警察局,臺南市六甲區菁埔里菁埔59號前路口,晴,有照明且開啟,市區道路,50,交岔路,三岔路,其他,其他,柏油,乾燥,無缺陷,無障礙物,無遮蔽物,良好,無號誌,無號誌,無,無分向設施,未繪設車道線,未繪設快慢車道分隔線,無,車輛本身,衝出路外,駕駛者,恍神、緊張、心不在焉分心駕駛,死亡1;受傷0,1,機車,普通重型,男,85,不明,不明,車的狀態,向前直行中,機車與自行車,前車頭,NA,NA,駕駛者,恍神、緊張、心不在焉分心駕駛,否,120.305395,23.236489
20231130,20231130,2023,11,175400,A1,臺南市政府警察局,臺南市六甲區菁埔里菁埔59號前路口,晴,有照明且開啟,市區道路,50,交岔路,三岔路,其他,其他,柏油,乾燥,無缺陷,無障礙物,無遮蔽物,良好,無號誌,無號誌,無,無分向設施,未繪設車道線,未繪設快慢車道分隔線,無,車輛本身,衝出路外,駕駛者,恍神、緊張、心不在焉分心駕駛,死亡1;受傷0,2,NA,NA,無或物(動物、堆置物),-1,NA,NA,NA,NA,NA,NA,NA,NA,無(非車輛駕駛人因素),尚未發現肇事因素,否,120.305395,23.236489
20231130,20231130,2023,11,194600,A1,臺中市政府警察局,臺中市沙鹿區三鹿里自強路417號前0.0公尺,晴,無照明,市區道路,40,單路部分,直路,路段,一般車道(未劃分快慢車道),柏油,乾燥,無缺陷,無障礙物,無遮蔽物,良好,無號誌,無號誌,雙向禁止超車線,無標記,車道線(無標記),快慢車道分隔線,有,人與車,其他,駕駛者,超速駕駛,死亡1;受傷1,1,機車,普通重型,男,29,戴非半罩式安全帽,未使用,車的狀態,向前直行中,機車與自行車,前車頭,NA,NA,駕駛者,超速駕駛,否,120.559217,24.207039
20231130,20231130,2023,11,194600,A1,臺中市政府警察局,臺中市沙鹿區三鹿里自強路417號前0.0公尺,晴,無照明,市區道路,40,單路部分,直路,路段,一般車道(未劃分快慢車道),柏油,乾燥,無缺陷,無障礙物,無遮蔽物,良好,無號誌,無號誌,雙向禁止超車線,無標記,車道線(無標記),快慢車道分隔線,有,人與車,其他,駕駛者,超速駕駛,死亡1;受傷1,2,人,行人,男,63,其他(無需使用保護裝備之人),非駕駛人,人的狀態,其他,其他,非汽、機及自行車,NA,NA,非駕駛者,其他引起事故之疏失或行為,否,120.559217,24.207039
20231201,20231201,2023,12,061700,A1,彰化縣警察局,彰化縣二林鎮廣興巷2-1號,晴,有照明未開啟或故障,村里道路,50,交岔路,三岔路,交叉路口,交叉路口內,柏油,乾燥,無缺陷,無障礙物,無遮蔽物,良好,無號誌,無號誌,無,無分向設施,未繪設車道線,未繪設快慢車道分隔線,無,人與車,穿越道路中,駕駛者,車輛未依規定暫停讓行人先行,死亡1;受傷0,1,小客車(含客、貨兩用),自用,男,61,繫安全帶(使用幼童安全椅),未使用,車的狀態,向前直行中,汽車,右前車頭(身),NA,NA,駕駛者,車輛未依規定暫停讓行人先行,是,120.362061,23.873941
20231201,20231201,2023,12,061700,A1,彰化縣警察局,彰化縣二林鎮廣興巷2-1號,晴,有照明未開啟或故障,村里道路,50,交岔路,三岔路,交叉路口,交叉路口內,柏油,乾燥,無缺陷,無障礙物,無遮蔽物,良好,無號誌,無號誌,無,無分向設施,未繪設車道線,未繪設快慢車道分隔線,無,人與車,穿越道路中,駕駛者,車輛未依規定暫停讓行人先行,死亡1;受傷0,2,人,行人,男,89,其他(無需使用保護裝備之人),非駕駛人,人的狀態,步行,其他,非汽、機及自行車,NA,NA,非駕駛者,穿越道路未注意左右來車,否,120.362061,23.873941
20231201,20231201,2023,12,090800,A1,高雄市政府警察局,高雄市大社區村和平路2段416-1號前0.0公尺,晴,有照明未開啟或故障,市區道路,40,單路部分,直路,路段,慢車道,柏油,乾燥,無缺陷,無障礙物,無遮蔽物,良好,無號誌,無號誌,中央分向島,寬式(50公分以上),車道線(無標記),快慢車道分隔線,有,車與車,追撞,駕駛者,恍神、緊張、心不在焉分心駕駛,死亡1;受傷0,1,機車,普通重型,男,41,戴非半罩式安全帽,未使用,車的狀態,向前直行中,機車與自行車,前車頭,NA,NA,駕駛者,恍神、緊張、心不在焉分心駕駛,否,120.3595,22.716
20231201,20231201,2023,12,090800,A1,高雄市政府警察局,高雄市大社區村和平路2段416-1號前0.0公尺,晴,有照明未開啟或故障,市區道路,40,單路部分,直路,路段,慢車道,柏油,乾燥,無缺陷,無障礙物,無遮蔽物,良好,無號誌,無號誌,中央分向島,寬式(50公分以上),車道線(無標記),快慢車道分隔線,有,車與車,追撞,駕駛者,恍神、緊張、心不在焉分心駕駛,死亡1;受傷0,2,小客車(含客、貨兩用),自用,男,54,不明,不明,車的狀態,靜止(引擎熄火),汽車,左後車尾(身),NA,NA,無(車輛駕駛者因素),尚未發現肇事因素,否,120.3595,22.716
20231201,20231201,2023,12,092816,A1,桃園市政府警察局,桃園市中壢區中華路1段口 / 桃園市中壢區成功路口,晴,有照明且開啟,市區道路,50,交岔路,三岔路,交叉路口,交叉路口內,柏油,乾燥,無缺陷,無障礙物,無遮蔽物,良好,行車管制號誌(附設行人專用號誌),正常,無,無分向設施,未繪設車道線,未繪設快慢車道分隔線,無,車與車,側撞,駕駛者,爭(搶)道行駛,死亡1;受傷0,1,慢車,腳踏自行車,女,84,其他(無需使用保護裝備之人),未使用,車的狀態,迴轉或橫越道路中,機車與自行車,左側車身,NA,NA,駕駛者,爭(搶)道行駛,否,121.260586,24.973742
20231201,20231201,2023,12,092816,A1,桃園市政府警察局,桃園市中壢區中華路1段口 / 桃園市中壢區成功路口,晴,有照明且開啟,市區道路,50,交岔路,三岔路,交叉路口,交叉路口內,柏油,乾燥,無缺陷,無障礙物,無遮蔽物,良好,行車管制號誌(附設行人專用號誌),正常,無,無分向設施,未繪設車道線,未繪設快慢車道分隔線,無,車與車,側撞,駕駛者,爭(搶)道行駛,死亡1;受傷0,2,大貨車,營業用,男,49,繫安全帶(使用幼童安全椅),未使用,車的狀態,起步,汽車,車底,NA,NA,駕駛者,起步時未注意安全,否,121.260586,24.973742
20231201,20231201,2023,12,112733,A1,新竹縣政府警察局,新竹縣新豐鄉竹2-1線與後湖村3鄰入口處,晴,有照明未開啟或故障,市區道路,40,交岔路,四岔路,交叉路口,交叉路口內,柏油,乾燥,無缺陷,無障礙物,無遮蔽物,良好,無號誌,無號誌,無,無分向設施,車道線(附標記),未繪設快慢車道分隔線,有,車與車,路口交岔撞,駕駛者,無號誌路口，左方車未讓右方車先行,死亡1;受傷0,1,小貨車(含客、貨兩用),自用,男,60,繫安全帶(使用幼童安全椅),未使用,車的狀態,向前直行中,汽車,前車頭,NA,NA,駕駛者,無號誌路口，左方車未讓右方車先行,否,121.149235,24.907505
20231201,20231201,2023,12,112733,A1,新竹縣政府警察局,新竹縣新豐鄉竹2-1線與後湖村3鄰入口處,晴,有照明未開啟或故障,市區道路,40,交岔路,四岔路,交叉路口,交叉路口內,柏油,乾燥,無缺陷,無障礙物,無遮蔽物,良好,無號誌,無號誌,無,無分向設施,車道線(附標記),未繪設快慢車道分隔線,有,車與車,路口交岔撞,駕駛者,無號誌路口，左方車未讓右方車先行,死亡1;受傷0,2,機車,普通重型,男,59,戴半罩式安全帽,未使用,車的狀態,向前直行中,機車與自行車,左側車身,NA,NA,駕駛者,未依規定減速,否,121.149235,24.907505
20231201,20231201,2023,12,155415,A1,嘉義縣警察局,嘉義縣大林鎮三和里中興路與民生路路口,晴,無照明,縣道,50,交岔路,三岔路,交叉路口,交叉路口內,柏油,乾燥,無缺陷,無障礙物,無遮蔽物,良好,行車管制號誌,正常,無,無分向設施,未繪設車道線,未繪設快慢車道分隔線,無,車與車,側撞,駕駛者,有號誌路口，轉彎車未讓直行車先行,死亡1;受傷0,1,小貨車(含客、貨兩用),營業用,男,53,繫安全帶(使用幼童安全椅),未使用,車的狀態,左轉彎,汽車,前車頭,NA,NA,駕駛者,有號誌路口，轉彎車未讓直行車先行,否,120.467247,23.60264
20231201,20231201,2023,12,155415,A1,嘉義縣警察局,嘉義縣大林鎮三和里中興路與民生路路口,晴,無照明,縣道,50,交岔路,三岔路,交叉路口,交叉路口內,柏油,乾燥,無缺陷,無障礙物,無遮蔽物,良好,行車管制號誌,正常,無,無分向設施,未繪設車道線,未繪設快慢車道分隔線,無,車與車,側撞,駕駛者,有號誌路口，轉彎車未讓直行車先行,死亡1;受傷0,2,機車,普通重型,男,87,未戴安全帽或未繫安全帶(未使用幼童安全椅),未使用,車的狀態,向前直行中,機車與自行車,左側車身,NA,NA,無(車輛駕駛者因素),尚未發現肇事因素,否,120.467247,23.60264
20231202,20231202,2023,12,120536,A1,桃園市政府警察局,桃園市蘆竹區南崁路二段532號前0.0公尺附近,晴,有照明未開啟或故障,市區道路,40,單路部分,直路,路段,一般車道(未劃分快慢車道),柏油,乾燥,無缺陷,無障礙物,無遮蔽物,良好,無號誌,無號誌,中央分向島,寬式(50公分以上),車道線(無標記),未繪設快慢車道分隔線,無,車與車,同向擦撞,駕駛者,變換車道不當,死亡1;受傷0,1,半聯結車,營業用,男,60,繫安全帶(使用幼童安全椅),未使用,車的狀態,向右變換車道,汽車,右前車頭(身),NA,NA,駕駛者,變換車道不當,否,121.265189,25.063393
20231202,20231202,2023,12,120536,A1,桃園市政府警察局,桃園市蘆竹區南崁路二段532號前0.0公尺附近,晴,有照明未開啟或故障,市區道路,40,單路部分,直路,路段,一般車道(未劃分快慢車道),柏油,乾燥,無缺陷,無障礙物,無遮蔽物,良好,無號誌,無號誌,中央分向島,寬式(50公分以上),車道線(無標記),未繪設快慢車道分隔線,無,車與車,同向擦撞,駕駛者,變換車道不當,死亡1;受傷0,2,機車,普通重型,女,66,戴半罩式安全帽,未使用,車的狀態,向前直行中,機車與自行車,左側車身,NA,NA,無(車輛駕駛者因素),尚未發現肇事因素,否,121.265189,25.063393
20231202,20231202,2023,12,172016,A1,臺南市政府警察局,臺南市白河區昇安里三間厝8之48號,晴,有照明且開啟,市區道路,60,單路部分,直路,路段,路肩、路緣,柏油,乾燥,無缺陷,無障礙物,無遮蔽物,良好,無號誌,無號誌,行車分向線,無標記,車道線(無標記),未繪設快慢車道分隔線,有,車輛本身,衝出路外,駕駛者,恍神、緊張、心不在焉分心駕駛,死亡1;受傷0,1,機車,普通重型,女,18,戴非半罩式安全帽,未使用,車的狀態,向右變換車道,機車與自行車,前車頭,NA,NA,駕駛者,恍神、緊張、心不在焉分心駕駛,否,120.434293,23.364493
20231202,20231202,2023,12,172016,A1,臺南市政府警察局,臺南市白河區昇安里三間厝8之48號,晴,有照明且開啟,市區道路,60,單路部分,直路,路段,路肩、路緣,柏油,乾燥,無缺陷,無障礙物,無遮蔽物,良好,無號誌,無號誌,行車分向線,無標記,車道線(無標記),未繪設快慢車道分隔線,有,車輛本身,衝出路外,駕駛者,恍神、緊張、心不在焉分心駕駛,死亡1;受傷0,2,NA,NA,無或物(動物、堆置物),-1,NA,NA,NA,NA,NA,NA,NA,NA,無(非車輛駕駛人因素),尚未發現肇事因素,否,120.434293,23.364493
20231202,20231202,2023,12,181700,A1,臺南市政府警察局,臺南市仁德區後壁里中正路二段20號,晴,有照明且開啟,市區道路,50,單路部分,直路,路段,一般車道(未劃分快慢車道),柏油,乾燥,無缺陷,無障礙物,無遮蔽物,良好,無號誌,無號誌,雙向禁止超車線,附標記,車道線(無標記),未繪設快慢車道分隔線,有,車與車,同向擦撞,駕駛者,酒醉(後)駕駛,死亡1;受傷0,1,機車,普通重型,男,62,戴半罩式安全帽,未使用,車的狀態,向左變換車道,機車與自行車,左側車身,NA,NA,駕駛者,酒醉(後)駕駛,否,120.250032,22.943739
20231202,20231202,2023,12,181700,A1,臺南市政府警察局,臺南市仁德區後壁里中正路二段20號,晴,有照明且開啟,市區道路,50,單路部分,直路,路段,一般車道(未劃分快慢車道),柏油,乾燥,無缺陷,無障礙物,無遮蔽物,良好,無號誌,無號誌,雙向禁止超車線,附標記,車道線(無標記),未繪設快慢車道分隔線,有,車與車,同向擦撞,駕駛者,酒醉(後)駕駛,死亡1;受傷0,2,小客車(含客、貨兩用),自用,男,40,繫安全帶(使用幼童安全椅),未使用,車的狀態,向前直行中,汽車,前車頭,NA,NA,駕駛者,超速駕駛,否,120.250032,22.943739
20231203,20231203,2023,12,072500,A1,金門縣警察局,金門縣烈嶼鄉金門大橋往湖下方向(近列嶼端),晴,有照明未開啟或故障,市區道路,60,單路部分,橋樑,路段,一般車道(未劃分快慢車道),柏油,乾燥,無缺陷,無障礙物,無遮蔽物,良好,無號誌,無號誌,雙向禁止超車線,無標記,未繪設車道線,窄式快慢車道分隔島(附柵欄),有,車與車,追撞,駕駛者,恍神、緊張、心不在焉分心駕駛,死亡1;受傷0,1,小客車(含客、貨兩用),自用,男,16,繫安全帶(使用幼童安全椅),未使用,車的狀態,向前直行中,汽車,右前車頭(身),NA,NA,駕駛者,恍神、緊張、心不在焉分心駕駛,否,118.267719,24.448584
20231203,20231203,2023,12,072500,A1,金門縣警察局,金門縣烈嶼鄉金門大橋往湖下方向(近列嶼端),晴,有照明未開啟或故障,市區道路,60,單路部分,橋樑,路段,一般車道(未劃分快慢車道),柏油,乾燥,無缺陷,無障礙物,無遮蔽物,良好,無號誌,無號誌,雙向禁止超車線,無標記,未繪設車道線,窄式快慢車道分隔島(附柵欄),有,車與車,追撞,駕駛者,恍神、緊張、心不在焉分心駕駛,死亡1;受傷0,2,機車,普通重型,女,66,戴半罩式安全帽,未使用,車的狀態,向前直行中,機車與自行車,後車尾,NA,NA,無(車輛駕駛者因素),尚未發現肇事因素,否,118.267719,24.448584
20231203,20231203,2023,12,091635,A1,臺南市政府警察局,臺南市柳營區神農里果毅後385-4號前,晴,有照明未開啟或故障,市區道路,30,交岔路,四岔路,交叉路口,交叉路口內,柏油,乾燥,無缺陷,無障礙物,無遮蔽物,良好,閃光號誌,正常,無,無分向設施,未繪設車道線,未繪設快慢車道分隔線,無,車與車,路口交岔撞,駕駛者,違反閃光號誌,死亡1;受傷1,1,小客車(含客、貨兩用),自用,男,51,繫安全帶(使用幼童安全椅),未使用,車的狀態,向前直行中,汽車,左側車身,NA,NA,駕駛者,違反閃光號誌,是,120.361852,23.257431
20231203,20231203,2023,12,091635,A1,臺南市政府警察局,臺南市柳營區神農里果毅後385-4號前,晴,有照明未開啟或故障,市區道路,30,交岔路,四岔路,交叉路口,交叉路口內,柏油,乾燥,無缺陷,無障礙物,無遮蔽物,良好,閃光號誌,正常,無,無分向設施,未繪設車道線,未繪設快慢車道分隔線,無,車與車,路口交岔撞,駕駛者,違反閃光號誌,死亡1;受傷1,2,機車,普通重型,男,38,戴半罩式安全帽,不明,車的狀態,向前直行中,機車與自行車,前車頭,NA,NA,駕駛者,未依規定減速,否,120.361852,23.257431
20231203,20231203,2023,12,091635,A1,臺南市政府警察局,臺南市柳營區神農里果毅後385-4號前,晴,有照明未開啟或故障,市區道路,30,交岔路,四岔路,交叉路口,交叉路口內,柏油,乾燥,無缺陷,無障礙物,無遮蔽物,良好,閃光號誌,正常,無,無分向設施,未繪設車道線,未繪設快慢車道分隔線,無,車與車,路口交岔撞,駕駛者,違反閃光號誌,死亡1;受傷1,3,人,乘客,男,39,戴半罩式安全帽,非駕駛人,人的狀態,其他,其他,非汽、機及自行車,NA,NA,無(非車輛駕駛人因素),尚未發現肇事因素,否,120.361852,23.257431
20231203,20231203,2023,12,104300,A1,苗栗縣警察局,苗栗縣三灣鄉台3線 103公里附近,陰,有照明未開啟或故障,省道,60,單路部分,彎曲路及附近,路段,一般車道(未劃分快慢車道),柏油,乾燥,無缺陷,無障礙物,無遮蔽物,良好,無號誌,無號誌,雙向禁止超車線,無標記,車道線(無標記),未繪設快慢車道分隔線,有,車與車,對向擦撞,無(車輛駕駛者因素),尚未發現肇事因素,死亡1;受傷0,1,機車,大型重型2(250-550C.C.),男,28,戴非半罩式安全帽,不明,車的狀態,向前直行中,其他,不明,NA,NA,無(車輛駕駛者因素),尚未發現肇事因素,否,120.951036,24.614709
20231203,20231203,2023,12,104300,A1,苗栗縣警察局,苗栗縣三灣鄉台3線 103公里附近,陰,有照明未開啟或故障,省道,60,單路部分,彎曲路及附近,路段,一般車道(未劃分快慢車道),柏油,乾燥,無缺陷,無障礙物,無遮蔽物,良好,無號誌,無號誌,雙向禁止超車線,無標記,車道線(無標記),未繪設快慢車道分隔線,有,車與車,對向擦撞,無(車輛駕駛者因素),尚未發現肇事因素,死亡1;受傷0,2,小客車(含客、貨兩用),自用,男,74,不明,不明,車的狀態,向前直行中,汽車,前車頭,NA,NA,無(車輛駕駛者因素),尚未發現肇事因素,否,120.951036,24.614709
20231203,20231203,2023,12,142916,A1,苗栗縣警察局,苗栗縣獅潭鄉台6線 29公里500.0公尺處西側,陰,無照明,省道,50,單路部分,彎曲路及附近,路段,一般車道(未劃分快慢車道),柏油,乾燥,無缺陷,無障礙物,無遮蔽物,良好,無號誌,無號誌,雙向禁止超車線,附標記,未繪設車道線,未繪設快慢車道分隔線,有,車輛本身,其他,駕駛者,酒醉(後)駕駛,死亡1;受傷0,1,機車,普通重型,男,35,戴非半罩式安全帽,未使用,車的狀態,左轉彎,機車與自行車,前車頭,NA,NA,駕駛者,酒醉(後)駕駛,否,120.877018,24.46817
20231203,20231203,2023,12,142916,A1,苗栗縣警察局,苗栗縣獅潭鄉台6線 29公里500.0公尺處西側,陰,無照明,省道,50,單路部分,彎曲路及附近,路段,一般車道(未劃分快慢車道),柏油,乾燥,無缺陷,無障礙物,無遮蔽物,良好,無號誌,無號誌,雙向禁止超車線,附標記,未繪設車道線,未繪設快慢車道分隔線,有,車輛本身,其他,駕駛者,酒醉(後)駕駛,死亡1;受傷0,2,NA,NA,無或物(動物、堆置物),-1,NA,NA,NA,NA,NA,NA,NA,NA,無(非車輛駕駛人因素),尚未發現肇事因素,否,120.877018,24.46817
20231203,20231203,2023,12,150700,A1,高雄市政府警察局,高雄市前鎮區中山三路 / 高雄市前鎮區凱旋四路,晴,無照明,市區道路,50,交岔路,四岔路,交叉路口,交叉路口內,柏油,乾燥,無缺陷,無障礙物,無遮蔽物,良好,行車管制號誌,正常,無,無分向設施,未繪設車道線,未繪設快慢車道分隔線,無,車與車,側撞,駕駛者,有號誌路口，轉彎車未讓直行車先行,死亡1;受傷0,1,小客車(含客、貨兩用),自用,男,38,繫安全帶(使用幼童安全椅),未使用,車的狀態,左轉彎,汽車,右側車身,NA,NA,駕駛者,有號誌路口，轉彎車未讓直行車先行,否,120.316147,22.595529
20231203,20231203,2023,12,150700,A1,高雄市政府警察局,高雄市前鎮區中山三路 / 高雄市前鎮區凱旋四路,晴,無照明,市區道路,50,交岔路,四岔路,交叉路口,交叉路口內,柏油,乾燥,無缺陷,無障礙物,無遮蔽物,良好,行車管制號誌,正常,無,無分向設施,未繪設車道線,未繪設快慢車道分隔線,無,車與車,側撞,駕駛者,有號誌路口，轉彎車未讓直行車先行,死亡1;受傷0,2,機車,普通重型,男,38,戴半罩式安全帽,未使用,車的狀態,向前直行中,機車與自行車,前車頭,NA,NA,無(車輛駕駛者因素),尚未發現肇事因素,否,120.316147,22.595529
20231203,20231203,2023,12,184100,A1,宜蘭縣政府警察局,宜蘭縣員山鄉茄苳路29-5號前0.0公尺附近,雨,有照明且開啟,省道,60,交岔路,四岔路,交叉路口,交叉口附近,柏油,濕潤,無缺陷,無障礙物,無遮蔽物,良好,無號誌,無號誌,中央分向島,寬式(50公分以上),車道線(無標記),未繪設快慢車道分隔線,有,人與車,穿越道路中,其他,其他不當駕車行為,死亡1;受傷0,1,小客車(含客、貨兩用),自用,男,27,繫安全帶(使用幼童安全椅),未使用,車的狀態,向前直行中,汽車,右前車頭(身),汽車,右前車頭(身),其他,其他不當駕車行為,否,121.707675,24.747024
20231203,20231203,2023,12,184100,A1,宜蘭縣政府警察局,宜蘭縣員山鄉茄苳路29-5號前0.0公尺附近,雨,有照明且開啟,省道,60,交岔路,四岔路,交叉路口,交叉口附近,柏油,濕潤,無缺陷,無障礙物,無遮蔽物,良好,無號誌,無號誌,中央分向島,寬式(50公分以上),車道線(無標記),未繪設快慢車道分隔線,有,人與車,穿越道路中,其他,其他不當駕車行為,死亡1;受傷0,2,人,行人,女,93,其他(無需使用保護裝備之人),非駕駛人,人的狀態,步行,其他,非汽、機及自行車,其他,非汽、機及自行車,無(非車輛駕駛人因素),尚未發現肇事因素,否,121.707675,24.747024