accident_date,發生日期,發生年度,發生月份,發生時間,事故類別名稱,處理單位名稱警局層,發生地點,天候名稱,光線名稱,道路類別-第1當事者-名稱,速限-第1當事者,道路型態大類別名稱,道路型態子類別名稱,事故位置大類別名稱,事故位置子類別名稱,路面狀況-路面鋪裝名稱,路面狀況-路面狀態名稱,路面狀況-路面缺陷名稱,道路障礙-障礙物名稱,道路障礙-視距品質名稱,道路障礙-視距名稱,號誌-號誌種類名稱,號誌-號誌動作名稱,車道劃分設施-分向設施大類別名稱,車道劃分設施-分向設施子類別名稱,車道劃分設施-分道設施-快車道或一般車道間名稱,車道劃分設施-分道設施-快慢車道間名稱,車道劃分設施-分道設施-路面邊線名稱,事故類型及型態大類別名稱,事故類型及型態子類別名稱,肇因研判大類別名稱-主要,肇因研判子類別名稱-主要,死亡受傷人數,當事者順位,當事者區分-類別-大類別名稱-車種,當事者區分-類別-子類別名稱-車種,當事者屬-性-別名稱,當事者事故發生時年齡,保護裝備名稱,行動電話或電腦或其他相類功能裝置名稱,當事者行動狀態大類別名稱,當事者行動狀態子類別名稱,車輛撞擊部位大類別名稱-最初,車輛撞擊部位子類別名稱-最初,車輛撞擊部位大類別名稱-其他,車輛撞擊部位子類別名稱-其他,肇因研判大類別名稱-個別,肇因研判子類別名稱-個別,肇事逃逸類別名稱-是否肇逃,經度,緯度
20231203,20231203,2023,12,191500,A1,高雄市政府警察局,高雄市燕巢區瓊林路1001-1號前0.0公尺,晴,有照明且開啟,市區道路,50,單路部分,直路,路段,一般車道(未劃分快慢車道),柏油,乾燥,無缺陷,無障礙物,無遮蔽物,良好,無號誌,無號誌,行車分向線,無標記,未繪設車道線,未繪設快慢車道分隔線,有,車輛本身,其他,其他,其他不當駕車行為,死亡1;受傷0,1,機車,普通重型,男,68,不明,不明,不明,不明,其他,不明,NA,NA,其他,其他不當駕車行為,否,120.315664,22.79087
20231203,20231203,2023,12,191500,A1,高雄市政府警察局,高雄市燕巢區瓊林路1001-1號前0.0公尺,晴,有照明且開啟,市區道路,50,單路部分,直路,路段,一般車道(未劃分快慢車道),柏油,乾燥,無缺陷,無障礙物,無遮蔽物,良好,無號誌,無號誌,行車分向線,無標記,未繪設車道線,未繪設快慢車道分隔線,有,車輛本身,其他,其他,其他不當駕車行為,死亡1;受傷0,2,NA,NA,無或物(動物、堆置物),112,NA,NA,NA,NA,NA,NA,NA,NA,無(非車輛駕駛人因素),尚未發現肇事因素,否,120.315664,22.79087
20231204,20231204,2023,12,064900,A1,新北市政府警察局,新北市三重區仁愛街 / 新北市三重區分子尾街,雨,有照明且開啟,市區道路,40,交岔路,四岔路,其他,行人穿越道,柏油,濕潤,無缺陷,無障礙物,無遮蔽物,良好,行車管制號誌(附設行人專用號誌),正常,無,無分向設施,車道線(無標記),未繪設快慢車道分隔線,無,人與車,穿越道路中,非駕駛者,未依號誌或手勢指揮(示)穿越道路,死亡1;受傷1,1,人,行人,男,78,其他(無需使用保護裝備之人),非駕駛人,人的狀態,步行,其他,非汽、機及自行車,NA,NA,非駕駛者,未依號誌或手勢指揮(示)穿越道路,否,121.489488,25.082266
20231204,20231204,2023,12,064900,A1,新北市政府警察局,新北市三重區仁愛街 / 新北市三重區分子尾街,雨,有照明且開啟,市區道路,40,交岔路,四岔路,其他,行人穿越道,柏油,濕潤,無缺陷,無障礙物,無遮蔽物,良好,行車管制號誌(附設行人專用號誌),正常,無,無分向設施,車道線(無標記),未繪設快慢車道分隔線,無,人與車,穿越道路中,非駕駛者,未依號誌或手勢指揮(示)穿越道路,死亡1;受傷1,2,機車,普通重型,女,42,戴半罩式安全帽,未使用,車的狀態,向前直行中,機車與自行車,前車頭,NA,NA,駕駛者,車輛未依規定暫停讓行人先行,否,121.489488,25.082266
20231204,20231204,2023,12,071222,A1,桃園市政府警察局,桃園市八德區建國路附近 / 桃園市八德區福國街附近,雨,有照明且開啟,市區道路,50,單路部分,直路,路段,一般車道(未劃分快慢車道),柏油,濕潤,無缺陷,無障礙物,無遮蔽物,良好,無號誌,無號誌,雙向禁止超車線,無標記,車道線(無標記),未繪設快慢車道分隔線,有,車與車,同向擦撞,駕駛者,違反禁止變換車道標線,死亡1;受傷0,1,機車,普通重型,女,54,戴半罩式安全帽,不明,車的狀態,向左變換車道,機車與自行車,左側車身,NA,NA,駕駛者,違反禁止變換車道標線,否,121.292432,24.954957
20231204,20231204,2023,12,071222,A1,桃園市政府警察局,桃園市八德區建國路附近 / 桃園市八德區福國街附近,雨,有照明且開啟,市區道路,50,單路部分,直路,路段,一般車道(未劃分快慢車道),柏油,濕潤,無缺陷,無障礙物,無遮蔽物,良好,無號誌,無號誌,雙向禁止超車線,無標記,車道線(無標記),未繪設快慢車道分隔線,有,車與車,同向擦撞,駕駛者,違反禁止變換車道標線,死亡1;受傷0,2,小客車(含客、貨兩用),自用,女,29,不明,不明,車的狀態,向前直行中,汽車,右前車頭(身),NA,NA,駕駛者,恍神、緊張、心不在焉分心駕駛,否,121.292432,24.954957
20231204,20231204,2023,12,073600,A1,彰化縣警察局,彰化縣大城鄉台61線 203公里300.0公尺處北側向外側,晴,無照明,省道,90,單路部分,高架道路,路段,一般車道(未劃分快慢車道),柏油,乾燥,無缺陷,無障礙物,無遮蔽物,良好,無號誌,無號誌,中央分向島,寬式(50公分以上),車道線(無標記),未繪設快慢車道分隔線,有,車與車,追撞,駕駛者,恍神、緊張、心不在焉分心駕駛,死亡1;受傷0,1,小客車(含客、貨兩用),自用,男,69,不明,不明,車的狀態,向前直行中,汽車,前車頭,NA,NA,駕駛者,恍神、緊張、心不在焉分心駕駛,否,120.296775,23.888904
20231204,20231204,2023,12,073600,A1,彰化縣警察局,彰化縣大城鄉台61線 203公里300.0公尺處北側向外側,晴,無照明,省道,90,單路部分,高架道路,路段,一般車道(未劃分快慢車道),柏油,乾燥,無缺陷,無障礙物,無遮蔽物,良好,無號誌,無號誌,中央分向島,寬式(50公分以上),車道線(無標記),未繪設快慢車道分隔線,有,車與車,追撞,駕駛者,恍神、緊張、心不在焉分心駕駛,死亡1;受傷0,2,曳引車,自用,男,54,不明,不明,車的狀態,向前直行中,汽車,後車尾,NA,NA,無(車輛駕駛者因素),尚未發現肇事因素,否,120.296775,23.888904
20231204,20231204,2023,12,084200,A1,彰化縣警察局,彰化縣大村鄉大崙村大仁南街10之1號前0.0公尺附近,陰,無照明,村里道路,40,單路部分,彎曲路及附近,路段,一般車道(未劃分快慢車道),柏油,乾燥,無缺陷,無障礙物,無遮蔽物,良好,無號誌,無號誌,雙向禁止超車線,無標記,未繪設車道線,未繪設快慢車道分隔線,有,車與車,同向擦撞,駕駛者,違反禁止超車標誌(線),死亡1;受傷0,1,大貨車,營業用,男,52,繫安全帶(使用幼童安全椅),未使用,車的狀態,向前直行中,其他,無撞擊,NA,NA,駕駛者,違反禁止超車標誌(線),否,120.525057,23.984675
20231204,20231204,2023,12,084200,A1,彰化縣警察局,彰化縣大村鄉大崙村大仁南街10之1號前0.0公尺附近,陰,無照明,村里道路,40,單路部分,彎曲路及附近,路段,一般車道(未劃分快慢車道),柏油,乾燥,無缺陷,無障礙物,無遮蔽物,良好,無號誌,無號誌,雙向禁止超車線,無標記,未繪設車道線,未繪設快慢車道分隔線,有,車與車,同向擦撞,駕駛者,違反禁止超車標誌(線),死亡1;受傷0,2,慢車,微型電動二輪車,女,79,未戴安全帽或未繫安全帶(未使用幼童安全椅),未使用,車的狀態,向前直行中,其他,無撞擊,NA,NA,其他,車輛或機械操作不當(慎),否,120.525057,23.984675
20231204,20231204,2023,12,084200,A1,彰化縣警察局,彰化縣大村鄉大崙村大仁南街10之1號前0.0公尺附近,陰,無照明,村里道路,40,單路部分,彎曲路及附近,路段,一般車道(未劃分快慢車道),柏油,乾燥,無缺陷,無障礙物,無遮蔽物,良好,無號誌,無號誌,雙向禁止超車線,無標記,未繪設車道線,未繪設快慢車道分隔線,有,車與車,同向擦撞,駕駛者,違反禁止超車標誌(線),死亡1;受傷0,3,人,乘客,男,51,繫安全帶(使用幼童安全椅),非駕駛人,不明,不明,其他,無撞擊,NA,NA,無(非車輛駕駛人因素),尚未發現肇事因素,否,120.525057,23.984675
20231204,20231204,2023,12,091247,A1,雲林縣警察局,雲林縣莿桐鄉興桐村和平路與產業道路口,晴,無照明,市區道路,60,交岔路,四岔路,交叉路口,交叉路口內,柏油,乾燥,無缺陷,無障礙物,無遮蔽物,良好,無號誌,無號誌,無,無分向設施,未繪設車道線,未繪設快慢車道分隔線,無,車與車,路口交岔撞,駕駛者,其他未依規定讓車,死亡1;受傷2,1,小貨車(含客、貨兩用),自用,男,23,不明,未使用,車的狀態,向前直行中,汽車,前車頭,NA,NA,駕駛者,其他未依規定讓車,否,120.511596,23.774974
20231204,20231204,2023,12,091247,A1,雲林縣警察局,雲林縣莿桐鄉興桐村和平路與產業道路口,晴,無照明,市區道路,60,交岔路,四岔路,交叉路口,交叉路口內,柏油,乾燥,無缺陷,無障礙物,無遮蔽物,良好,無號誌,無號誌,無,無分向設施,未繪設車道線,未繪設快慢車道分隔線,無,車與車,路口交岔撞,駕駛者,其他未依規定讓車,死亡1;受傷2,2,全聯結車,營業用,男,53,未戴安全帽或未繫安全帶(未使用幼童安全椅),未使用,車的狀態,向前直行中,汽車,前車頭,NA,NA,其他,其他不當駕車行為,否,120.511596,23.774974
20231204,20231204,2023,12,091247,A1,雲林縣警察局,雲林縣莿桐鄉興桐村和平路與產業道路口,晴,無照明,市區道路,60,交岔路,四岔路,交叉路口,交叉路口內,柏油,乾燥,無缺陷,無障礙物,無遮蔽物,良好,無號誌,無號誌,無,無分向設施,未繪設車道線,未繪設快慢車道分隔線,無,車與車,路口交岔撞,駕駛者,其他未依規定讓車,死亡1;受傷2,3,小客車(含客、貨兩用),租賃車,男,55,繫安全帶(使用幼童安全椅),未使用,車的狀態,向前直行中,汽車,前車頭,NA,NA,無(車輛駕駛者因素),尚未發現肇事因素,否,120.511596,23.774974
20231204,20231204,2023,12,142200,A1,桃園市政府警察局,桃園市中壢區中華路一段28號前0.0公尺附近,雨,無照明,市區道路,50,單路部分,直路,路段,一般車道(未劃分快慢車道),柏油,濕潤,無缺陷,無障礙物,無遮蔽物,良好,無號誌,無號誌,中央分向島,寬式(50公分以上),車道線(無標記),未繪設快慢車道分隔線,有,車與車,追撞,駕駛者,未保持行車安全距離,死亡1;受傷1,1,全聯結車,營業用,男,64,繫安全帶(使用幼童安全椅),未使用,車的狀態,向前直行中,其他,不明,NA,NA,駕駛者,未保持行車安全距離,否,121.263274,24.974473
20231204,20231204,2023,12,142200,A1,桃園市政府警察局,桃園市中壢區中華路一段28號前0.0公尺附近,雨,無照明,市區道路,50,單路部分,直路,路段,一般車道(未劃分快慢車道),柏油,濕潤,無缺陷,無障礙物,無遮蔽物,良好,無號誌,無號誌,中央分向島,寬式(50公分以上),車道線(無標記),未繪設快慢車道分隔線,有,車與車,追撞,駕駛者,未保持行車安全距離,死亡1;受傷1,2,機車,普通重型,女,32,戴半罩式安全帽,未使用,車的狀態,向前直行中,其他,不明,NA,NA,無(車輛駕駛者因素),尚未發現肇事因素,否,121.263274,24.974473
20231204,20231204,2023,12,142200,A1,桃園市政府警察局,桃園市中壢區中華路一段28號前0.0公尺附近,雨,無照明,市區道路,50,單路部分,直路,路段,一般車道(未劃分快慢車道),柏油,濕潤,無缺陷,無障礙物,無遮蔽物,良好,無號誌,無號誌,中央分向島,寬式(50公分以上),車道線(無標記),未繪設快慢車道分隔線,有,車與車,追撞,駕駛者,未保持行車安全距離,死亡1;受傷1,3,人,乘客,女,65,戴半罩式安全帽,非駕駛人,人的狀態,靜立(止),其他,非汽、機及自行車,NA,NA,無(非車輛駕駛人因素),尚未發現肇事因素,否,121.263274,24.974473
20231204,20231204,2023,12,170901,A1,桃園市政府警察局,桃園市楊梅區瑞溪路二段103號前0.0公尺附近,雨,有照明且開啟,市區道路,50,單路部分,直路,路段,一般車道(未劃分快慢車道),柏油,濕潤,無缺陷,無障礙物,無遮蔽物,良好,無號誌,無號誌,雙向禁止超車線,無標記,車道線(無標記),未繪設快慢車道分隔線,有,車輛本身,其他,其他,其他不當駕車行為,死亡1;受傷0,1,機車,普通重型,男,43,戴非半罩式安全帽,未使用,車的狀態,向前直行中,機車與自行車,左側車身,NA,NA,其他,其他不當駕車行為,否,121.179562,24.908307
20231204,20231204,2023,12,170901,A1,桃園市政府警察局,桃園市楊梅區瑞溪路二段103號前0.0公尺附近,雨,有照明且開啟,市區道路,50,單路部分,直路,路段,一般車道(未劃分快慢車道),柏油,濕潤,無缺陷,無障礙物,無遮蔽物,良好,無號誌,無號誌,雙向禁止超車線,無標記,車道線(無標記),未繪設快慢車道分隔線,有,車輛本身,其他,其他,其他不當駕車行為,死亡1;受傷0,2,NA,NA,無或物(動物、堆置物),-1,NA,NA,NA,NA,NA,NA,NA,NA,無(非車輛駕駛人因素),尚未發現肇事因素,否,121.179562,24.908307
20231204,20231204,2023,12,170901,A1,桃園市政府警察局,桃園市楊梅區瑞溪路二段103號前0.0公尺附近,雨,有照明且開啟,市區道路,50,單路部分,直路,路段,一般車道(未劃分快慢車道),柏油,濕潤,無缺陷,無障礙物,無遮蔽物,良好,無號誌,無號誌,雙向禁止超車線,無標記,車道線(無標記),未繪設快慢車道分隔線,有,車輛本身,其他,其他,其他不當駕車行為,死亡1;受傷0,3,小客車(含客、貨兩用),自用,男,24,繫安全帶(使用幼童安全椅),未使用,車的狀態,向前直行中,汽車,左前車頭(身),NA,NA,無(車輛駕駛者因素),尚未發現肇事因素,否,121.179562,24.908307
20231205,20231205,2023,12,155800,A1,桃園市政府警察局,桃園市中壢區聖德路一段口 / 桃園市中壢區聖德路一段口,晴,有照明未開啟或故障,市區道路,30,交岔路,三岔路,交叉路口,交叉路口內,柏油,乾燥,無缺陷,無障礙物,無遮蔽物,良好,無號誌,無號誌,無,無分向設施,車道線(無標記),未繪設快慢車道分隔線,有,車輛本身,撞電桿,駕駛者,恍神、緊張、心不在焉分心駕駛,死亡1;受傷0,1,機車,普通重型,女,71,戴半罩式安全帽,不明,車的狀態,向前直行中,機車與自行車,前車頭,NA,NA,駕駛者,恍神、緊張、心不在焉分心駕駛,否,121.193611,24.987495
20231205,20231205,2023,12,155800,A1,桃園市政府警察局,桃園市中壢區聖德路一段口 / 桃園市中壢區聖德路一段口,晴,有照明未開啟或故障,市區道路,30,交岔路,三岔路,交叉路口,交叉路口內,柏油,乾燥,無缺陷,無障礙物,無遮蔽物,良好,無號誌,無號誌,無,無分向設施,車道線(無標記),未繪設快慢車道分隔線,有,車輛本身,撞電桿,駕駛者,恍神、緊張、心不在焉分心駕駛,死亡1;受傷0,2,NA,NA,無或物(動物、堆置物),-1,NA,NA,NA,NA,NA,NA,NA,NA,無(非車輛駕駛人因素),尚未發現肇事因素,否,121.193611,24.987495
20231206,20231206,2023,12,062000,A1,雲林縣警察局,雲林縣林內鄉重興村重興68之2號附近,陰,有照明未開啟或故障,村里道路,50,單路部分,直路,路段,路肩、路緣,柏油,乾燥,無缺陷,無障礙物,無遮蔽物,良好,無號誌,無號誌,行車分向線,無標記,未繪設車道線,未繪設快慢車道分隔線,有,車輛本身,撞護欄(樁),無(車輛駕駛者因素),尚未發現肇事因素,死亡1;受傷0,1,機車,普通重型,男,30,戴非半罩式安全帽,不明,車的狀態,向前直行中,機車與自行車,右側車身,NA,NA,無(車輛駕駛者因素),尚未發現肇事因素,否,120.573461,23.763279
20231206,20231206,2023,12,062000,A1,雲林縣警察局,雲林縣林內鄉重興村重興68之2號附近,陰,有照明未開啟或故障,村里道路,50,單路部分,直路,路段,路肩、路緣,柏油,乾燥,無缺陷,無障礙物,無遮蔽物,良好,無號誌,無號誌,行車分向線,無標記,未繪設車道線,未繪設快慢車道分隔線,有,車輛本身,撞護欄(樁),無(車輛駕駛者因素),尚未發現肇事因素,死亡1;受傷0,2,NA,NA,無或物(動物、堆置物),-1,NA,NA,NA,NA,NA,NA,NA,NA,無(非車輛駕駛人因素),尚未發現肇事因素,否,120.573461,23.763279
20231206,20231206,2023,12,101400,A1,彰化縣警察局,彰化縣福興鄉元中村復興路33號,晴,有照明未開啟或故障,村里道路,30,交岔路,四岔路,交叉路口,交叉路口內,柏油,乾燥,無缺陷,無障礙物,無遮蔽物,良好,無號誌,無號誌,無,無分向設施,未繪設車道線,未繪設快慢車道分隔線,有,車與車,路口交岔撞,駕駛者,無號誌路口，左方車未讓右方車先行,死亡1;受傷0,1,機車,普通重型,男,64,戴非半罩式安全帽,不明,車的狀態,向前直行中,機車與自行車,右側車身,機車與自行車,右側車身,駕駛者,無號誌路口，左方車未讓右方車先行,否,120.467831,24.02384
20231206,20231206,2023,12,101400,A1,彰化縣警察局,彰化縣福興鄉元中村復興路33號,晴,有照明未開啟或故障,村里道路,30,交岔路,四岔路,交叉路口,交叉路口內,柏油,乾燥,無缺陷,無障礙物,無遮蔽物,良好,無號誌,無號誌,無,無分向設施,未繪設車道線,未繪設快慢車道分隔線,有,車與車,路口交岔撞,駕駛者,無號誌路口，左方車未讓右方車先行,死亡1;受傷0,2,小貨車(含客、貨兩用),自用,男,34,不明,不明,車的狀態,向前直行中,汽車,前車頭,汽車,前車頭,駕駛者,未依規定減速,否,120.467831,24.02384
20231207,20231207,2023,12,072000,A1,彰化縣警察局,彰化縣福興鄉外埔村外埔巷,晴,有照明未開啟或故障,村里道路,30,交岔路,四岔路,交叉路口,交叉路口內,柏油,乾燥,無缺陷,無障礙物,無遮蔽物,良好,無號誌,無號誌,無,無分向設施,未繪設車道線,未繪設快慢車道分隔線,無,車與車,路口交岔撞,駕駛者,無號誌路口，左方車未讓右方車先行,死亡1;受傷0,1,小客車(含客、貨兩用),自用,男,56,繫安全帶(使用幼童安全椅),未使用,車的狀態,向前直行中,汽車,右前車頭(身),NA,NA,駕駛者,無號誌路口，左方車未讓右方車先行,否,120.486874,24.02889
20231207,20231207,2023,12,072000,A1,彰化縣警察局,彰化縣福興鄉外埔村外埔巷,晴,有照明未開啟或故障,村里道路,30,交岔路,四岔路,交叉路口,交叉路口內,柏油,乾燥,無缺陷,無障礙物,無遮蔽物,良好,無號誌,無號誌,無,無分向設施,未繪設車道線,未繪設快慢車道分隔線,無,車與車,路口交岔撞,駕駛者,無號誌路口，左方車未讓右方車先行,死亡1;受傷0,2,機車,普通重型,女,83,戴半罩式安全帽,未使用,車的狀態,向前直行中,機車與自行車,前車頭,NA,NA,駕駛者,未依規定減速,否,120.486874,24.02889
20231207,20231207,2023,12,072500,A1,嘉義市政府警察局,嘉義市西區北湖里北社尾路570號前0.0公尺,晴,有照明未開啟或故障,市區道路,50,單路部分,彎曲路及附近,路段,一般車道(未劃分快慢車道),柏油,乾燥,無缺陷,無障礙物,無遮蔽物,良好,無號誌,無號誌,行車分向線,無標記,未繪設車道線,未繪設快慢車道分隔線,有,車與車,對向擦撞,駕駛者,酒醉(後)駕駛,死亡1;受傷0,1,機車,普通重型,男,26,戴非半罩式安全帽,未使用,車的狀態,向前直行中,機車與自行車,前車頭,NA,NA,駕駛者,酒醉(後)駕駛,否,120.419329,23.487192
20231207,20231207,2023,12,072500,A1,嘉義市政府警察局,嘉義市西區北湖里北社尾路570號前0.0公尺,晴,有照明未開啟或故障,市區道路,50,單路部分,彎曲路及附近,路段,一般車道(未劃分快慢車道),柏油,乾燥,無缺陷,無障礙物,無遮蔽物,良好,無號誌,無號誌,行車分向線,無標記,未繪設車道線,未繪設快慢車道分隔線,有,車與車,對向擦撞,駕駛者,酒醉(後)駕駛,死亡1;受傷0,2,小客車(含客、貨兩用),自用,女,43,繫安全帶(使用幼童安全椅),未使用,車的狀態,向前直行中,汽車,左側車身,NA,NA,駕駛者,違反其他標誌(線)禁制,否,120.419329,23.487192
20231207,20231207,2023,12,072500,A1,嘉義市政府警察局,嘉義市西區北湖里北社尾路570號前0.0公尺,晴,有照明未開啟或故障,市區道路,50,單路部分,彎曲路及附近,路段,一般車道(未劃分快慢車道),柏油,乾燥,無缺陷,無障礙物,無遮蔽物,良好,無號誌,無號誌,行車分向線,無標記,未繪設車道線,未繪設快慢車道分隔線,有,車與車,對向擦撞,駕駛者,酒醉(後)駕駛,死亡1;受傷0,3,小客車(含客、貨兩用),自用,女,55,繫安全帶(使用幼童安全椅),未使用,車的狀態,向前直行中,汽車,左前車頭(身),NA,NA,無(車輛駕駛者因素),尚未發現肇事因素,否,120.419329,23.487192
20231207,20231207,2023,12,080020,A1,花蓮縣警察局,花蓮縣吉安鄉中央路1段口 / 花蓮縣吉安鄉稻香路口,晴,有照明未開啟或故障,鄉道,50,交岔路,四岔路,交叉路口,交叉路口內,柏油,乾燥,無缺陷,無障礙物,無遮蔽物,良好,行車管制號誌,正常,無,無分向設施,未繪設車道線,未繪設快慢車道分隔線,無,車與車,其他,駕駛者,有號誌路口，轉彎車未讓直行車先行,死亡1;受傷0,1,小客車(含客、貨兩用),自用,女,38,繫安全帶(使用幼童安全椅),未使用,車的狀態,左轉彎,其他,無撞擊,NA,NA,駕駛者,有號誌路口，轉彎車未讓直行車先行,否,121.569136,23.963446
20231207,20231207,2023,12,080020,A1,花蓮縣警察局,花蓮縣吉安鄉中央路1段口 / 花蓮縣吉安鄉稻香路口,晴,有照明未開啟或故障,鄉道,50,交岔路,四岔路,交叉路口,交叉路口內,柏油,乾燥,無缺陷,無障礙物,無遮蔽物,良好,行車管制號誌,正常,無,無分向設施,未繪設車道線,未繪設快慢車道分隔線,無,車與車,其他,駕駛者,有號誌路口，轉彎車未讓直行車先行,死亡1;受傷0,2,小客車(含客、貨兩用),自用,女,28,未戴安全帽或未繫安全帶(未使用幼童安全椅),不明,車的狀態,向前直行中,汽車,前車頭,NA,NA,駕駛者,恍神、緊張、心不在焉分心駕駛,否,121.569136,23.963446
20231207,20231207,2023,12,080020,A1,花蓮縣警察局,花蓮縣吉安鄉中央路1段口 / 花蓮縣吉安鄉稻香路口,晴,有照明未開啟或故障,鄉道,50,交岔路,四岔路,交叉路口,交叉路口內,柏油,乾燥,無缺陷,無障礙物,無遮蔽物,良好,行車管制號誌,正常,無,無分向設施,未繪設車道線,未繪設快慢車道分隔線,無,車與車,其他,駕駛者,有號誌路口，轉彎車未讓直行車先行,死亡1;受傷0,3,NA,NA,無或物(動物、堆置物),-1,NA,NA,NA,NA,NA,NA,NA,NA,無(非車輛駕駛人因素),尚未發現肇事因素,否,121.569136,23.963446
20231207,20231207,2023,12,150928,A1,臺南市政府警察局,臺南市北區觀海橋上電線桿編號132854,晴,有照明未開啟或故障,市區道路,60,單路部分,橋樑,路段,一般車道(未劃分快慢車道),柏油,乾燥,無缺陷,無障礙物,無遮蔽物,良好,無號誌,無號誌,中央分向島,寬式(50公分以上),車道線(無標記),未繪設快慢車道分隔線,有,車與車,同向擦撞,駕駛者,未保持行車安全間隔,死亡1;受傷0,1,小貨車(含客、貨兩用),自用,男,59,繫安全帶(使用幼童安全椅),未使用,車的狀態,向右變換車道,汽車,右側車身,NA,NA,駕駛者,未保持行車安全間隔,否,120.183389,23.012902
20231207,20231207,2023,12,150928,A1,臺南市政府警察局,臺南市北區觀海橋上電線桿編號132854,晴,有照明未開啟或故障,市區道路,60,單路部分,橋樑,路段,一般車道(未劃分快慢車道),柏油,乾燥,無缺陷,無障礙物,無遮蔽物,良好,無號誌,無號誌,中央分向島,寬式(50公分以上),車道線(無標記),未繪設快慢車道分隔線,有,車與車,同向擦撞,駕駛者,未保持行車安全間隔,死亡1;受傷0,2,機車,普通重型,男,61,戴半罩式安全帽,未使用,車的狀態,向前直行中,機車與自行車,左側車身,NA,NA,無(車輛駕駛者因素),尚未發現肇事因素,否,120.183389,23.012902
20231207,20231207,2023,12,173800,A1,臺中市政府警察局,臺中市北屯區和平里軍福十三路355號前0.0公尺,晴,有照明且開啟,市區道路,50,單路部分,直路,路段,一般車道(未劃分快慢車道),柏油,乾燥,無缺陷,無障礙物,無遮蔽物,良好,行車管制號誌(附設行人專用號誌),正常,雙向禁止超車線,無標記,未繪設車道線,未繪設快慢車道分隔線,無,車與車,追撞,駕駛者,未保持行車安全距離,死亡1;受傷1,1,機車,普通重型,男,71,戴非半罩式安全帽,未使用,車的狀態,向前直行中,機車與自行車,前車頭,NA,NA,駕駛者,未保持行車安全距離,否,120.721154,24.172523
20231207,20231207,2023,12,173800,A1,臺中市政府警察局,臺中市北屯區和平里軍福十三路355號前0.0公尺,晴,有照明且開啟,市區道路,50,單路部分,直路,路段,一般車道(未劃分快慢車道),柏油,乾燥,無缺陷,無障礙物,無遮蔽物,良好,行車管制號誌(附設行人專用號誌),正常,雙向禁止超車線,無標記,未繪設車道線,未繪設快慢車道分隔線,無,車與車,追撞,駕駛者,未保持行車安全距離,死亡1;受傷1,2,小客車(含客、貨兩用),自用,男,43,繫安全帶(使用幼童安全椅),未使用,車的狀態,向前直行中,汽車,左後車尾(身),NA,NA,無(車輛駕駛者因素),尚未發現肇事因素,否,120.721154,24.172523
20231207,20231207,2023,12,173800,A1,臺中市政府警察局,臺中市北屯區和平里軍福十三路355號前0.0公尺,晴,有照明且開啟,市區道路,50,單路部分,直路,路段,一般車道(未劃分快慢車道),柏油,乾燥,無缺陷,無障礙物,無遮蔽物,良好,行車管制號誌(附設行人專用號誌),正常,雙向禁止超車線,無標記,未繪設車道線,未繪設快慢車道分隔線,無,車與車,追撞,駕駛者,未保持行車安全距離,死亡1;受傷1,3,機車,普通重型,男,43,戴非半罩式安全帽,未使用,車的狀態,向前直行中,機車與自行車,前車頭,NA,NA,無(車輛駕駛者因素),尚未發現肇事因素,否,120.721154,24.172523
20231208,20231208,2023,12,062300,A1,臺南市政府警察局,臺南市麻豆區港尾里麻學路2段1021號前0.0公尺,晴,有照明未開啟或故障,縣道,40,單路部分,直路,路段,慢車道,柏油,乾燥,無缺陷,無障礙物,無遮蔽物,良好,無號誌,無號誌,雙向禁止超車線,附標記,未繪設車道線,快慢車道分隔線,有,車與車,追撞,駕駛者,恍神、緊張、心不在焉分心駕駛,死亡1;受傷0,1,機車,普通重型,男,22,戴非半罩式安全帽,未使用,車的狀態,向前直行中,機車與自行車,前車頭,NA,NA,駕駛者,恍神、緊張、心不在焉分心駕駛,否,120.204066,23.213085
20231208,20231208,2023,12,062300,A1,臺南市政府警察局,臺南市麻豆區港尾里麻學路2段1021號前0.0公尺,晴,有照明未開啟或故障,縣道,40,單路部分,直路,路段,慢車道,柏油,乾燥,無缺陷,無障礙物,無遮蔽物,良好,無號誌,無號誌,雙向禁止超車線,附標記,未繪設車道線,快慢車道分隔線,有,車與車,追撞,駕駛者,恍神、緊張、心不在焉分心駕駛,死亡1;受傷0,2,小客車(含客、貨兩用),自用,男,24,不明,不明,車的狀態,靜止(引擎熄火),汽車,後車尾,NA,NA,其他,違規(臨時)停車,否,120.204066,23.213085
20231208,20231208,2023,12,102600,A1,臺中市政府警察局,臺中市神岡區三角里三社路 / 臺中市神岡區三角里三社路,晴,有照明未開啟或故障,市區道路,30,交岔路,三岔路,交叉路口,交叉路口內,柏油,乾燥,無缺陷,無障礙物,無遮蔽物,良好,無號誌,無號誌,無,無分向設施,未繪設車道線,未繪設快慢車道分隔線,無,車與車,其他,其他,其他不當駕車行為,死亡1;受傷0,1,機車,普通重型,女,72,戴非半罩式安全帽,未使用,車的狀態,急減速或急停止,機車與自行車,左側車身,NA,NA,其他,其他不當駕車行為,否,120.689347,24.240188