accident_date,發生日期,發生年度,發生月份,發生時間,事故類別名稱,處理單位名稱警局層,發生地點,天候名稱,光線名稱,道路類別-第1當事者-名稱,速限-第1當事者,道路型態大類別名稱,道路型態子類別名稱,事故位置大類別名稱,事故位置子類別名稱,路面狀況-路面鋪裝名稱,路面狀況-路面狀態名稱,路面狀況-路面缺陷名稱,道路障礙-障礙物名稱,道路障礙-視距品質名稱,道路障礙-視距名稱,號誌-號誌種類名稱,號誌-號誌動作名稱,車道劃分設施-分向設施大類別名稱,車道劃分設施-分向設施子類別名稱,車道劃分設施-分道設施-快車道或一般車道間名稱,車道劃分設施-分道設施-快慢車道間名稱,車道劃分設施-分道設施-路面邊線名稱,事故類型及型態大類別名稱,事故類型及型態子類別名稱,肇因研判大類別名稱-主要,肇因研判子類別名稱-主要,死亡受傷人數,當事者順位,當事者區分-類別-大類別名稱-車種,當事者區分-類別-子類別名稱-車種,當事者屬-性-別名稱,當事者事故發生時年齡,保護裝備名稱,行動電話或電腦或其他相類功能裝置名稱,當事者行動狀態大類別名稱,當事者行動狀態子類別名稱,車輛撞擊部位大類別名稱-最初,車輛撞擊部位子類別名稱-最初,車輛撞擊部位大類別名稱-其他,車輛撞擊部位子類別名稱-其他,肇因研判大類別名稱-個別,肇因研判子類別名稱-個別,肇事逃逸類別名稱-是否肇逃,經度,緯度
20231211,20231211,2023,12,194500,A1,國道公路警察局,嘉義縣民雄鄉國道1號 259公里南側向中線,晴,無照明,國道,110,單路部分,直路,路段,快車道,柏油,乾燥,無缺陷,無障礙物,無遮蔽物,良好,無號誌,無號誌,中央分向島,寬式(50公分以上),車道線(無標記),未繪設快慢車道分隔線,有,車與車,其他,駕駛者,恍神、緊張、心不在焉分心駕駛,死亡1;受傷6,13,人,乘客,女,55,繫安全帶(使用幼童安全椅),非駕駛人,人的狀態,靜立(止),其他,非汽、機及自行車,NA,NA,無(非車輛駕駛人因素),尚未發現肇事因素,否,120.408926,23.535765
20231212,20231212,2023,12,035700,A1,國道公路警察局,新北市坪林區國道5號 21公里800.0公尺處北側向內側,晴,有照明且開啟,國道,90,單路部分,隧道,路段,快車道,柏油,乾燥,無缺陷,無障礙物,無遮蔽物,良好,行車管制號誌,正常,無,無分向設施,禁止變換車道線(附標記),未繪設快慢車道分隔線,有,車與車,追撞,駕駛者,恍神、緊張、心不在焉分心駕駛,死亡1;受傷0,1,小客車(含客、貨兩用),計程車,男,47,繫安全帶(使用幼童安全椅),未使用,車的狀態,向前直行中,汽車,左前車頭(身),NA,NA,駕駛者,恍神、緊張、心不在焉分心駕駛,否,121.73158,24.916603
20231212,20231212,2023,12,035700,A1,國道公路警察局,新北市坪林區國道5號 21公里800.0公尺處北側向內側,晴,有照明且開啟,國道,90,單路部分,隧道,路段,快車道,柏油,乾燥,無缺陷,無障礙物,無遮蔽物,良好,行車管制號誌,正常,無,無分向設施,禁止變換車道線(附標記),未繪設快慢車道分隔線,有,車與車,追撞,駕駛者,恍神、緊張、心不在焉分心駕駛,死亡1;受傷0,2,小貨車(含客、貨兩用),自用,男,41,繫安全帶(使用幼童安全椅),未使用,車的狀態,等待(引擎未熄火),汽車,右後車尾(身),NA,NA,其他,車輛拋錨未採安全措施,否,121.73158,24.916603
20231212,20231212,2023,12,115648,A1,宜蘭縣政府警察局,宜蘭縣頭城鎮青雲路一段100巷(路燈01006),陰,無照明,市區道路,30,單路部分,彎曲路及附近,路段,一般車道(未劃分快慢車道),柏油,乾燥,無缺陷,無障礙物,無遮蔽物,良好,無號誌,無號誌,無,無分向設施,未繪設車道線,未繪設快慢車道分隔線,有,車與車,對向擦撞,駕駛者,恍神、緊張、心不在焉分心駕駛,死亡1;受傷1,1,機車,普通重型,男,70,戴半罩式安全帽,未使用,車的狀態,左轉彎,機車與自行車,前車頭,NA,NA,駕駛者,恍神、緊張、心不在焉分心駕駛,否,121.789945,24.836024
20231212,20231212,2023,12,115648,A1,宜蘭縣政府警察局,宜蘭縣頭城鎮青雲路一段100巷(路燈01006),陰,無照明,市區道路,30,單路部分,彎曲路及附近,路段,一般車道(未劃分快慢車道),柏油,乾燥,無缺陷,無障礙物,無遮蔽物,良好,無號誌,無號誌,無,無分向設施,未繪設車道線,未繪設快慢車道分隔線,有,車與車,對向擦撞,駕駛者,恍神、緊張、心不在焉分心駕駛,死亡1;受傷1,2,機車,普通重型,女,55,戴半罩式安全帽,未使用,車的狀態,右轉彎,機車與自行車,前車頭,NA,NA,駕駛者,恍神、緊張、心不在焉分心駕駛,否,121.789945,24.836024
20231212,20231212,2023,12,133400,A1,苗栗縣警察局,苗栗縣後龍鎮台1線與南北坑產業道路口,晴,有照明未開啟或故障,村里道路,30,交岔路,三岔路,交叉路口,交叉路口內,柏油,乾燥,無缺陷,無障礙物,無遮蔽物,良好,無號誌,無號誌,中央分向島,寬式(50公分以上),車道線(無標記),快慢車道分隔線,有,車與車,對向擦撞,駕駛者,無號誌路口，支線道未讓幹線道先行,死亡2;受傷0,1,小貨車(含客、貨兩用),自用,男,77,繫安全帶(使用幼童安全椅),未使用,車的狀態,左轉彎,其他,無撞擊,NA,NA,駕駛者,無號誌路口，支線道未讓幹線道先行,否,120.721475,24.571905
20231212,20231212,2023,12,133400,A1,苗栗縣警察局,苗栗縣後龍鎮台1線與南北坑產業道路口,晴,有照明未開啟或故障,村里道路,30,交岔路,三岔路,交叉路口,交叉路口內,柏油,乾燥,無缺陷,無障礙物,無遮蔽物,良好,無號誌,無號誌,中央分向島,寬式(50公分以上),車道線(無標記),快慢車道分隔線,有,車與車,對向擦撞,駕駛者,無號誌路口，支線道未讓幹線道先行,死亡2;受傷0,2,機車,普通重型,男,19,戴半罩式安全帽,未使用,車的狀態,向前直行中,機車與自行車,前車頭,NA,NA,駕駛者,未依規定減速,否,120.721475,24.571905
20231212,20231212,2023,12,133400,A1,苗栗縣警察局,苗栗縣後龍鎮台1線與南北坑產業道路口,晴,有照明未開啟或故障,村里道路,30,交岔路,三岔路,交叉路口,交叉路口內,柏油,乾燥,無缺陷,無障礙物,無遮蔽物,良好,無號誌,無號誌,中央分向島,寬式(50公分以上),車道線(無標記),快慢車道分隔線,有,車與車,對向擦撞,駕駛者,無號誌路口，支線道未讓幹線道先行,死亡2;受傷0,3,小客車(含客、貨兩用),自用,男,67,繫安全帶(使用幼童安全椅),未使用,車的狀態,向前直行中,汽車,左前車頭(身),NA,NA,無(車輛駕駛者因素),尚未發現肇事因素,否,120.721475,24.571905
20231212,20231212,2023,12,133400,A1,苗栗縣警察局,苗栗縣後龍鎮台1線與南北坑產業道路口,晴,有照明未開啟或故障,村里道路,30,交岔路,三岔路,交叉路口,交叉路口內,柏油,乾燥,無缺陷,無障礙物,無遮蔽物,良好,無號誌,無號誌,中央分向島,寬式(50公分以上),車道線(無標記),快慢車道分隔線,有,車與車,對向擦撞,駕駛者,無號誌路口，支線道未讓幹線道先行,死亡2;受傷0,4,人,乘客,女,18,戴半罩式安全帽,非駕駛人,不明,不明,其他,非汽、機及自行車,NA,NA,無(非車輛駕駛人因素),尚未發現肇事因素,否,120.721475,24.571905
20231212,20231212,2023,12,190400,A1,澎湖縣政府警察局,澎湖縣馬公市縣204線 550.0公尺處口,晴,有照明且開啟,縣道,50,交岔路,四岔路,交叉路口,交叉路口內,柏油,乾燥,無缺陷,無障礙物,無遮蔽物,良好,行車管制號誌(附設行人專用號誌),正常,無,無分向設施,未繪設車道線,未繪設快慢車道分隔線,無,車與車,側撞,駕駛者,有號誌路口，轉彎車未讓直行車先行,死亡1;受傷0,1,小客車(含客、貨兩用),計程車,男,46,繫安全帶(使用幼童安全椅),未使用,車的狀態,左轉彎,汽車,右前車頭(身),NA,NA,駕駛者,有號誌路口，轉彎車未讓直行車先行,否,119.585522,23.566628
20231212,20231212,2023,12,190400,A1,澎湖縣政府警察局,澎湖縣馬公市縣204線 550.0公尺處口,晴,有照明且開啟,縣道,50,交岔路,四岔路,交叉路口,交叉路口內,柏油,乾燥,無缺陷,無障礙物,無遮蔽物,良好,行車管制號誌(附設行人專用號誌),正常,無,無分向設施,未繪設車道線,未繪設快慢車道分隔線,無,車與車,側撞,駕駛者,有號誌路口，轉彎車未讓直行車先行,死亡1;受傷0,2,機車,大型重型2(250-550C.C.),男,20,戴半罩式安全帽,未使用,車的狀態,向前直行中,機車與自行車,前車頭,NA,NA,駕駛者,閃避不當(慎),否,119.585522,23.566628
20231213,20231213,2023,12,082500,A1,高雄市政府警察局,高雄市大社區村和平路1段 / 高雄市大社區無名路,晴,有照明未開啟或故障,市區道路,30,交岔路,四岔路,交叉路口,交叉路口內,柏油,乾燥,無缺陷,無障礙物,無遮蔽物,良好,無號誌,無號誌,中央分向島,寬式(50公分以上),未繪設車道線,未繪設快慢車道分隔線,有,車與車,路口交岔撞,駕駛者,無號誌路口，少線道未讓多線道先行,死亡1;受傷0,1,小客車(含客、貨兩用),自用,男,55,繫安全帶(使用幼童安全椅),未使用,車的狀態,向前直行中,汽車,左側車身,NA,NA,駕駛者,無號誌路口，少線道未讓多線道先行,否,120.361105,22.733937
20231213,20231213,2023,12,082500,A1,高雄市政府警察局,高雄市大社區村和平路1段 / 高雄市大社區無名路,晴,有照明未開啟或故障,市區道路,30,交岔路,四岔路,交叉路口,交叉路口內,柏油,乾燥,無缺陷,無障礙物,無遮蔽物,良好,無號誌,無號誌,中央分向島,寬式(50公分以上),未繪設車道線,未繪設快慢車道分隔線,有,車與車,路口交岔撞,駕駛者,無號誌路口，少線道未讓多線道先行,死亡1;受傷0,2,機車,普通重型,男,24,戴非半罩式安全帽,未使用,車的狀態,向前直行中,機車與自行車,前車頭,NA,NA,駕駛者,未依規定減速,否,120.361105,22.733937
20231213,20231213,2023,12,105517,A1,國道公路警察局,臺北市內湖區國道1號 15公里300.0公尺處南側向輔助,晴,有照明未開啟或故障,國道,100,單路部分,直路,路段,快車道,柏油,乾燥,無缺陷,無障礙物,無遮蔽物,良好,無號誌,無號誌,中央分向島,寬式(50公分以上),車道線(附標記),未繪設快慢車道分隔線,有,車與車,同向擦撞,駕駛者,違反其他標誌(線)禁制,死亡1;受傷0,1,小客車(含客、貨兩用),自用,女,71,不明,不明,車的狀態,向左變換車道,汽車,左側車身,汽車,前車頭,駕駛者,違反其他標誌(線)禁制,否,121.58923,25.065516
20231213,20231213,2023,12,105517,A1,國道公路警察局,臺北市內湖區國道1號 15公里300.0公尺處南側向輔助,晴,有照明未開啟或故障,國道,100,單路部分,直路,路段,快車道,柏油,乾燥,無缺陷,無障礙物,無遮蔽物,良好,無號誌,無號誌,中央分向島,寬式(50公分以上),車道線(附標記),未繪設快慢車道分隔線,有,車與車,同向擦撞,駕駛者,違反其他標誌(線)禁制,死亡1;受傷0,2,大貨車,自用,男,39,繫安全帶(使用幼童安全椅),未使用,車的狀態,向前直行中,汽車,右前車頭(身),NA,NA,無(車輛駕駛者因素),尚未發現肇事因素,否,121.58923,25.065516
20231213,20231213,2023,12,105517,A1,國道公路警察局,臺北市內湖區國道1號 15公里300.0公尺處南側向輔助,晴,有照明未開啟或故障,國道,100,單路部分,直路,路段,快車道,柏油,乾燥,無缺陷,無障礙物,無遮蔽物,良好,無號誌,無號誌,中央分向島,寬式(50公分以上),車道線(附標記),未繪設快慢車道分隔線,有,車與車,同向擦撞,駕駛者,違反其他標誌(線)禁制,死亡1;受傷0,3,NA,NA,無或物(動物、堆置物),-1,NA,NA,NA,NA,NA,NA,NA,NA,無(非車輛駕駛人因素),尚未發現肇事因素,否,121.58923,25.065516
20231213,20231213,2023,12,105517,A1,國道公路警察局,臺北市內湖區國道1號 15公里300.0公尺處南側向輔助,晴,有照明未開啟或故障,國道,100,單路部分,直路,路段,快車道,柏油,乾燥,無缺陷,無障礙物,無遮蔽物,良好,無號誌,無號誌,中央分向島,寬式(50公分以上),車道線(附標記),未繪設快慢車道分隔線,有,車與車,同向擦撞,駕駛者,違反其他標誌(線)禁制,死亡1;受傷0,4,半聯結車,營業用,男,54,繫安全帶(使用幼童安全椅),未使用,車的狀態,向前直行中,汽車,前車頭,NA,NA,無(車輛駕駛者因素),尚未發現肇事因素,否,121.58923,25.065516
20231213,20231213,2023,12,124700,A1,新北市政府警察局,新北市泰山區大科路53號前0.0公尺,陰,有照明未開啟或故障,市區道路,40,單路部分,彎曲路及附近,路段,一般車道(未劃分快慢車道),柏油,乾燥,無缺陷,無障礙物,無遮蔽物,良好,無號誌,無號誌,雙向禁止超車線,無標記,未繪設車道線,未繪設快慢車道分隔線,有,車與車,其他,駕駛者,未依規定減速,死亡1;受傷0,1,機車,普通重型,男,69,戴半罩式安全帽,未使用,車的狀態,向前直行中,機車與自行車,前車頭,NA,NA,駕駛者,未依規定減速,否,121.395668,25.062272
20231213,20231213,2023,12,124700,A1,新北市政府警察局,新北市泰山區大科路53號前0.0公尺,陰,有照明未開啟或故障,市區道路,40,單路部分,彎曲路及附近,路段,一般車道(未劃分快慢車道),柏油,乾燥,無缺陷,無障礙物,無遮蔽物,良好,無號誌,無號誌,雙向禁止超車線,無標記,未繪設車道線,未繪設快慢車道分隔線,有,車與車,其他,駕駛者,未依規定減速,死亡1;受傷0,2,小客車(含客、貨兩用),自用,男,59,繫安全帶(使用幼童安全椅),未使用,車的狀態,向前直行中,汽車,左前車頭(身),NA,NA,無(車輛駕駛者因素),尚未發現肇事因素,否,121.395668,25.062272
20231213,20231213,2023,12,141300,A1,臺中市政府警察局,臺中市北區新興里精武路便道 / 臺中市北區新興里精武路,晴,無照明,市區道路,50,交岔路,三岔路,交叉路口,交叉口附近,柏油,乾燥,無缺陷,無障礙物,無遮蔽物,良好,無號誌,無號誌,中央分向島,寬式(50公分以上),車道線(無標記),快慢車道分隔線,無,車與車,其他,駕駛者,方向不定(不包括危險駕車),死亡1;受傷0,1,機車,普通重型,男,63,戴半罩式安全帽,未使用,車的狀態,向右變換車道,機車與自行車,前車頭,NA,NA,駕駛者,方向不定(不包括危險駕車),否,120.683069,24.14574
20231213,20231213,2023,12,141300,A1,臺中市政府警察局,臺中市北區新興里精武路便道 / 臺中市北區新興里精武路,晴,無照明,市區道路,50,交岔路,三岔路,交叉路口,交叉口附近,柏油,乾燥,無缺陷,無障礙物,無遮蔽物,良好,無號誌,無號誌,中央分向島,寬式(50公分以上),車道線(無標記),快慢車道分隔線,無,車與車,其他,駕駛者,方向不定(不包括危險駕車),死亡1;受傷0,2,小客車(含客、貨兩用),自用,男,67,繫安全帶(使用幼童安全椅),未使用,車的狀態,靜止(引擎熄火),汽車,左側車身,NA,NA,無(車輛駕駛者因素),尚未發現肇事因素,否,120.683069,24.14574
20231213,20231213,2023,12,153700,A1,彰化縣警察局,彰化縣線西鄉中正路口 / 彰化縣線西鄉沿海路1段口,晴,無照明,縣道,70,交岔路,四岔路,交叉路口,交叉路口內,柏油,乾燥,無缺陷,無障礙物,無遮蔽物,良好,行車管制號誌,正常,無,無分向設施,未繪設車道線,未繪設快慢車道分隔線,無,車與車,路口交岔撞,駕駛者,闖紅燈直行,死亡1;受傷0,1,大貨車,自用,男,25,不明,不明,車的狀態,向前直行中,汽車,左側車身,NA,NA,駕駛者,闖紅燈直行,否,120.463227,24.131465
20231213,20231213,2023,12,153700,A1,彰化縣警察局,彰化縣線西鄉中正路口 / 彰化縣線西鄉沿海路1段口,晴,無照明,縣道,70,交岔路,四岔路,交叉路口,交叉路口內,柏油,乾燥,無缺陷,無障礙物,無遮蔽物,良好,行車管制號誌,正常,無,無分向設施,未繪設車道線,未繪設快慢車道分隔線,無,車與車,路口交岔撞,駕駛者,闖紅燈直行,死亡1;受傷0,2,機車,普通重型,女,60,不明,不明,車的狀態,向前直行中,其他,不明,NA,NA,無(車輛駕駛者因素),尚未發現肇事因素,否,120.463227,24.131465
20231213,20231213,2023,12,195300,A1,新北市政府警察局,新北市三芝區淡金路 / 新北市三芝區淺水灣街,晴,有照明且開啟,市區道路,60,交岔路,三岔路,交叉路口,交叉路口內,柏油,乾燥,無缺陷,無障礙物,無遮蔽物,良好,行車管制號誌,正常,中央分向島,寬式(50公分以上),車道線(無標記),未繪設快慢車道分隔線,有,人與車,佇立路邊(外),駕駛者,恍神、緊張、心不在焉分心駕駛,死亡1;受傷2,1,機車,普通重型,男,48,戴非半罩式安全帽,未使用,車的狀態,向前直行中,機車與自行車,前車頭,NA,NA,駕駛者,恍神、緊張、心不在焉分心駕駛,否,121.502258,25.259262
20231213,20231213,2023,12,195300,A1,新北市政府警察局,新北市三芝區淡金路 / 新北市三芝區淺水灣街,晴,有照明且開啟,市區道路,60,交岔路,三岔路,交叉路口,交叉路口內,柏油,乾燥,無缺陷,無障礙物,無遮蔽物,良好,行車管制號誌,正常,中央分向島,寬式(50公分以上),車道線(無標記),未繪設快慢車道分隔線,有,人與車,佇立路邊(外),駕駛者,恍神、緊張、心不在焉分心駕駛,死亡1;受傷2,2,人,行人,男,82,其他(無需使用保護裝備之人),非駕駛人,人的狀態,靜立(止),其他,非汽、機及自行車,NA,NA,非駕駛者,其他引起事故之疏失或行為,否,121.502258,25.259262
20231213,20231213,2023,12,195300,A1,新北市政府警察局,新北市三芝區淡金路 / 新北市三芝區淺水灣街,晴,有照明且開啟,市區道路,60,交岔路,三岔路,交叉路口,交叉路口內,柏油,乾燥,無缺陷,無障礙物,無遮蔽物,良好,行車管制號誌,正常,中央分向島,寬式(50公分以上),車道線(無標記),未繪設快慢車道分隔線,有,人與車,佇立路邊(外),駕駛者,恍神、緊張、心不在焉分心駕駛,死亡1;受傷2,3,機車,普通重型,男,26,戴非半罩式安全帽,未使用,車的狀態,向前直行中,機車與自行車,前車頭,NA,NA,駕駛者,恍神、緊張、心不在焉分心駕駛,否,121.502258,25.259262
20231214,20231214,2023,12,020400,A1,新北市政府警察局,新北市淡水區淡金路2段 / 新北市淡水區商工路,晴,有照明且開啟,省道,50,交岔路,三岔路,交叉路口,交叉口附近,柏油,乾燥,無缺陷,無障礙物,無遮蔽物,良好,行車管制號誌,正常,中央分向島,寬式(50公分以上),車道線(無標記),未繪設快慢車道分隔線,有,車與車,追撞,駕駛者,恍神、緊張、心不在焉分心駕駛,死亡1;受傷0,1,機車,普通重型,男,22,戴非半罩式安全帽,未使用,車的狀態,向前直行中,機車與自行車,前車頭,NA,NA,駕駛者,恍神、緊張、心不在焉分心駕駛,否,121.446047,25.193459
20231214,20231214,2023,12,020400,A1,新北市政府警察局,新北市淡水區淡金路2段 / 新北市淡水區商工路,晴,有照明且開啟,省道,50,交岔路,三岔路,交叉路口,交叉口附近,柏油,乾燥,無缺陷,無障礙物,無遮蔽物,良好,行車管制號誌,正常,中央分向島,寬式(50公分以上),車道線(無標記),未繪設快慢車道分隔線,有,車與車,追撞,駕駛者,恍神、緊張、心不在焉分心駕駛,死亡1;受傷0,2,小客車(含客、貨兩用),租賃小貨車,男,48,繫安全帶(使用幼童安全椅),未使用,車的狀態,等待(引擎未熄火),汽車,右後車尾(身),NA,NA,無(車輛駕駛者因素),尚未發現肇事因素,否,121.446047,25.193459
20231214,20231214,2023,12,054128,A1,臺南市政府警察局,臺南市南區西門路一段380巷口,晴,有照明且開啟,市區道路,30,交岔路,三岔路,交叉路口,交叉路口內,柏油,乾燥,無缺陷,無障礙物,無遮蔽物,良好,無號誌,無號誌,無,無分向設施,未繪設車道線,未繪設快慢車道分隔線,無,車與車,路口交岔撞,駕駛者,無號誌路口，少線道未讓多線道先行,死亡1;受傷0,1,慢車,腳踏自行車,男,81,未戴安全帽或未繫安全帶(未使用幼童安全椅),未使用,車的狀態,向前直行中,機車與自行車,左側車身,NA,NA,駕駛者,無號誌路口，少線道未讓多線道先行,否,120.197707,22.980854
20231214,20231214,2023,12,054128,A1,臺南市政府警察局,臺南市南區西門路一段380巷口,晴,有照明且開啟,市區道路,30,交岔路,三岔路,交叉路口,交叉路口內,柏油,乾燥,無缺陷,無障礙物,無遮蔽物,良好,無號誌,無號誌,無,無分向設施,未繪設車道線,未繪設快慢車道分隔線,無,車與車,路口交岔撞,駕駛者,無號誌路口，少線道未讓多線道先行,死亡1;受傷0,2,小客車(含客、貨兩用),自用,男,19,繫安全帶(使用幼童安全椅),未使用,車的狀態,向前直行中,汽車,前車頭,NA,NA,駕駛者,未依規定減速,否,120.197707,22.980854
20231214,20231214,2023,12,081300,A1,臺南市政府警察局,臺南市新市區西拉雅大道口 / 臺南市新市區陽光大道口,晴,有照明未開啟或故障,市區道路,50,交岔路,三岔路,交叉路口,交叉路口內,柏油,乾燥,無缺陷,無障礙物,無遮蔽物,良好,行車管制號誌,正常,中央分向島,寬式(50公分以上),禁止變換車道線(無標記),寬式快慢車道分隔島(50公分以上),有,車與車,側撞,駕駛者,有號誌路口，轉彎車未讓直行車先行,死亡1;受傷0,1,小客車(含客、貨兩用),自用,男,46,繫安全帶(使用幼童安全椅),未使用,車的狀態,左轉彎,汽車,前車頭,NA,NA,駕駛者,有號誌路口，轉彎車未讓直行車先行,否,120.308609,23.108664
20231214,20231214,2023,12,081300,A1,臺南市政府警察局,臺南市新市區西拉雅大道口 / 臺南市新市區陽光大道口,晴,有照明未開啟或故障,市區道路,50,交岔路,三岔路,交叉路口,交叉路口內,柏油,乾燥,無缺陷,無障礙物,無遮蔽物,良好,行車管制號誌,正常,中央分向島,寬式(50公分以上),禁止變換車道線(無標記),寬式快慢車道分隔島(50公分以上),有,車與車,側撞,駕駛者,有號誌路口，轉彎車未讓直行車先行,死亡1;受傷0,2,機車,普通重型,男,46,戴半罩式安全帽,未使用,車的狀態,向前直行中,機車與自行車,左側車身,NA,NA,駕駛者,恍神、緊張、心不在焉分心駕駛,否,120.308609,23.108664
20231215,20231215,2023,12,093209,A1,桃園市政府警察局,桃園市桃園區仁和街30之1號前0.0公尺,晴,無照明,市區道路,40,單路部分,直路,路段,一般車道(未劃分快慢車道),柏油,乾燥,無缺陷,無障礙物,無遮蔽物,良好,無號誌,無號誌,無,無分向設施,未繪設車道線,未繪設快慢車道分隔線,無,車與車,其他,其他,車輛或機械操作不當(慎),死亡1;受傷0,1,其他車,動力機械,男,40,不明,未使用,車的狀態,其他,其他,非汽、機及自行車,NA,NA,其他,車輛或機械操作不當(慎),否,121.321443,24.971015
20231215,20231215,2023,12,093209,A1,桃園市政府警察局,桃園市桃園區仁和街30之1號前0.0公尺,晴,無照明,市區道路,40,單路部分,直路,路段,一般車道(未劃分快慢車道),柏油,乾燥,無缺陷,無障礙物,無遮蔽物,良好,無號誌,無號誌,無,無分向設施,未繪設車道線,未繪設快慢車道分隔線,無,車與車,其他,其他,車輛或機械操作不當(慎),死亡1;受傷0,2,機車,普通重型,男,85,戴半罩式安全帽,未使用,車的狀態,向前直行中,機車與自行車,前車頭,NA,NA,駕駛者,恍神、緊張、心不在焉分心駕駛,否,121.321443,24.971015
20231215,20231215,2023,12,094700,A1,新竹縣政府警察局,新竹縣竹北市興隆路3段口 / 新竹縣竹北市嘉豐五路2段口,晴,無照明,市區道路,50,交岔路,三岔路,交叉路口,交叉路口內,柏油,乾燥,無缺陷,無障礙物,無遮蔽物,良好,行車管制號誌,正常,中央分向島,寬式(50公分以上),禁止變換車道線(無標記),未繪設快慢車道分隔線,有,車與車,側撞,駕駛者,左轉彎未依規定,死亡1;受傷1,1,機車,普通重型,男,44,戴半罩式安全帽,未使用,車的狀態,左轉彎,機車與自行車,左側車身,NA,NA,駕駛者,左轉彎未依規定,否,121.024183,24.807307
20231215,20231215,2023,12,094700,A1,新竹縣政府警察局,新竹縣竹北市興隆路3段口 / 新竹縣竹北市嘉豐五路2段口,晴,無照明,市區道路,50,交岔路,三岔路,交叉路口,交叉路口內,柏油,乾燥,無缺陷,無障礙物,無遮蔽物,良好,行車管制號誌,正常,中央分向島,寬式(50公分以上),禁止變換車道線(無標記),未繪設快慢車道分隔線,有,車與車,側撞,駕駛者,左轉彎未依規定,死亡1;受傷1,2,機車,普通重型,男,27,戴半罩式安全帽,未使用,車的狀態,向前直行中,機車與自行車,前車頭,NA,NA,駕駛者,超速駕駛,否,121.024183,24.807307
20231215,20231215,2023,12,140100,A1,嘉義縣警察局,嘉義縣水上鄉三界村三界埔180之5號前,晴,有照明未開啟或故障,村里道路,30,單路部分,直路,路段,一般車道(未劃分快慢車道),柏油,乾燥,無缺陷,無障礙物,無遮蔽物,良好,無號誌,無號誌,無,無分向設施,未繪設車道線,未繪設快慢車道分隔線,有,車輛本身,撞電桿,駕駛者,酒醉(後)駕駛,死亡1;受傷0,1,小貨車(含客、貨兩用),自用,男,58,未戴安全帽或未繫安全帶(未使用幼童安全椅),未使用,車的狀態,向前直行中,汽車,右前車頭(身),汽車,前車頭,駕駛者,酒醉(後)駕駛,否,120.475557,23.430737
20231215,20231215,2023,12,140100,A1,嘉義縣警察局,嘉義縣水上鄉三界村三界埔180之5號前,晴,有照明未開啟或故障,村里道路,30,單路部分,直路,路段,一般車道(未劃分快慢車道),柏油,乾燥,無缺陷,無障礙物,無遮蔽物,良好,無號誌,無號誌,無,無分向設施,未繪設車道線,未繪設快慢車道分隔線,有,車輛本身,撞電桿,駕駛者,酒醉(後)駕駛,死亡1;受傷0,2,NA,NA,無或物(動物、堆置物),-1,NA,NA,NA,NA,NA,NA,NA,NA,無(非車輛駕駛人因素),尚未發現肇事因素,否,120.475557,23.430737
20231215,20231215,2023,12,140100,A1,嘉義縣警察局,嘉義縣水上鄉三界村三界埔180之5號前,晴,有照明未開啟或故障,村里道路,30,單路部分,直路,路段,一般車道(未劃分快慢車道),柏油,乾燥,無缺陷,無障礙物,無遮蔽物,良好,無號誌,無號誌,無,無分向設施,未繪設車道線,未繪設快慢車道分隔線,有,車輛本身,撞電桿,駕駛者,酒醉(後)駕駛,死亡1;受傷0,3,NA,NA,無或物(動物、堆置物),-1,NA,NA,NA,NA,NA,NA,NA,NA,無(非車輛駕駛人因素),尚未發現肇事因素,否,120.475557,23.430737
20231215,20231215,2023,12,140100,A1,嘉義縣警察局,嘉義縣水上鄉三界村三界埔180之5號前,晴,有照明未開啟或故障,村里道路,30,單路部分,直路,路段,一般車道(未劃分快慢車道),柏油,乾燥,無缺陷,無障礙物,無遮蔽物,良好,無號誌,無號誌,無,無分向設施,未繪設車道線,未繪設快慢車道分隔線,有,車輛本身,撞電桿,駕駛者,酒醉(後)駕駛,死亡1;受傷0,4,人,乘客,男,62,不明,非駕駛人,人的狀態,其他,其他,非汽、機及自行車,NA,NA,無(非車輛駕駛人因素),尚未發現肇事因素,否,120.475557,23.430737
20231215,20231215,2023,12,142300,A1,屏東縣政府警察局,屏東縣鹽埔鄉屏24線與仕正路口,晴,有照明未開啟或故障,鄉道,50,交岔路,四岔路,交叉路口,交叉路口內,柏油,乾燥,無缺陷,無障礙物,無遮蔽物,良好,行車管制號誌,正常,雙向禁止超車線,附標記,未繪設車道線,未繪設快慢車道分隔線,有,車與車,側撞,駕駛者,左轉彎未依規定,死亡1;受傷0,1,慢車,微型電動二輪車,男,81,未戴安全帽或未繫安全帶(未使用幼童安全椅),未使用,車的狀態,左轉彎,機車與自行車,左側車身,NA,NA,駕駛者,左轉彎未依規定,否,120.556997,22.758092
20231215,20231215,2023,12,142300,A1,屏東縣政府警察局,屏東縣鹽埔鄉屏24線與仕正路口,晴,有照明未開啟或故障,鄉道,50,交岔路,四岔路,交叉路口,交叉路口內,柏油,乾燥,無缺陷,無障礙物,無遮蔽物,良好,行車管制號誌,正常,雙向禁止超車線,附標記,未繪設車道線,未繪設快慢車道分隔線,有,車與車,側撞,駕駛者,左轉彎未依規定,死亡1;受傷0,2,大貨車,自用,男,31,繫安全帶(使用幼童安全椅),未使用,車的狀態,向前直行中,汽車,右前車頭(身),NA,NA,駕駛者,超速駕駛,否,120.556997,22.758092
20231215,20231215,2023,12,211000,A1,雲林縣警察局,雲林縣麥寮鄉麥豐村中山路麥寮農會東側門口,晴,有照明且開啟,村里道路,50,單路部分,直路,路段,路肩、路緣,柏油,乾燥,無缺陷,無障礙物,無遮蔽物,良好,無號誌,無號誌,雙向禁止超車線,無標記,未繪設車道線,未繪設快慢車道分隔線,有,人與車,其他,駕駛者,違反其他標誌(線)禁制,死亡1;受傷0,1,小客車(含客、貨兩用),自用,男,30,不明,不明,車的狀態,左轉彎,汽車,左前車頭(身),汽車,車底,駕駛者,違反其他標誌(線)禁制,否,120.258089,23.748746