accident_date,發生日期,發生年度,發生月份,發生時間,事故類別名稱,處理單位名稱警局層,發生地點,天候名稱,光線名稱,道路類別-第1當事者-名稱,速限-第1當事者,道路型態大類別名稱,道路型態子類別名稱,事故位置大類別名稱,事故位置子類別名稱,路面狀況-路面鋪裝名稱,路面狀況-路面狀態名稱,路面狀況-路面缺陷名稱,道路障礙-障礙物名稱,道路障礙-視距品質名稱,道路障礙-視距名稱,號誌-號誌種類名稱,號誌-號誌動作名稱,車道劃分設施-分向設施大類別名稱,車道劃分設施-分向設施子類別名稱,車道劃分設施-分道設施-快車道或一般車道間名稱,車道劃分設施-分道設施-快慢車道間名稱,車道劃分設施-分道設施-路面邊線名稱,事故類型及型態大類別名稱,事故類型及型態子類別名稱,肇因研判大類別名稱-主要,肇因研判子類別名稱-主要,死亡受傷人數,當事者順位,當事者區分-類別-大類別名稱-車種,當事者區分-類別-子類別名稱-車種,當事者屬-性-別名稱,當事者事故發生時年齡,保護裝備名稱,行動電話或電腦或其他相類功能裝置名稱,當事者行動狀態大類別名稱,當事者行動狀態子類別名稱,車輛撞擊部位大類別名稱-最初,車輛撞擊部位子類別名稱-最初,車輛撞擊部位大類別名稱-其他,車輛撞擊部位子類別名稱-其他,肇因研判大類別名稱-個別,肇因研判子類別名稱-個別,肇事逃逸類別名稱-是否肇逃,經度,緯度
20231215,20231215,2023,12,211000,A1,雲林縣警察局,雲林縣麥寮鄉麥豐村中山路麥寮農會東側門口,晴,有照明且開啟,村里道路,50,單路部分,直路,路段,路肩、路緣,柏油,乾燥,無缺陷,無障礙物,無遮蔽物,良好,無號誌,無號誌,雙向禁止超車線,無標記,未繪設車道線,未繪設快慢車道分隔線,有,人與車,其他,駕駛者,違反其他標誌(線)禁制,死亡1;受傷0,2,人,行人,男,57,其他(無需使用保護裝備之人),非駕駛人,人的狀態,步行,其他,非汽、機及自行車,NA,NA,非駕駛者,未依標誌或標線穿越道路,否,120.258089,23.748746
20231215,20231215,2023,12,232000,A1,嘉義市政府警察局,嘉義市東區安業里吳鳳南路206弄前0.0公尺,晴,有照明且開啟,市區道路,50,交岔路,三岔路,交叉路口,交叉口附近,柏油,乾燥,無缺陷,無障礙物,無遮蔽物,良好,無號誌,無號誌,雙向禁止超車線,無標記,車道線(無標記),未繪設快慢車道分隔線,有,人與車,穿越道路中,其他,其他不當駕車行為,死亡1;受傷0,1,小客車(含客、貨兩用),自用,男,25,繫安全帶(使用幼童安全椅),未使用,車的狀態,向前直行中,汽車,前車頭,NA,NA,其他,其他不當駕車行為,否,120.455781,23.463311
20231215,20231215,2023,12,232000,A1,嘉義市政府警察局,嘉義市東區安業里吳鳳南路206弄前0.0公尺,晴,有照明且開啟,市區道路,50,交岔路,三岔路,交叉路口,交叉口附近,柏油,乾燥,無缺陷,無障礙物,無遮蔽物,良好,無號誌,無號誌,雙向禁止超車線,無標記,車道線(無標記),未繪設快慢車道分隔線,有,人與車,穿越道路中,其他,其他不當駕車行為,死亡1;受傷0,2,人,行人,女,71,其他(無需使用保護裝備之人),非駕駛人,人的狀態,步行,其他,非汽、機及自行車,NA,NA,非駕駛者,未依標誌或標線穿越道路,否,120.455781,23.463311
20231216,20231216,2023,12,071700,A1,臺南市政府警察局,臺南市新化區南168線6.8公里處,晴,有照明未開啟或故障,村里道路,40,單路部分,彎曲路及附近,路段,一般車道(未劃分快慢車道),柏油,乾燥,無缺陷,無障礙物,無遮蔽物,良好,無號誌,無號誌,行車分向線,無標記,未繪設車道線,未繪設快慢車道分隔線,有,車與車,對向擦撞,駕駛者,未依規定減速,死亡1;受傷0,1,機車,普通重型,男,13,戴非半罩式安全帽,未使用,車的狀態,其他,機車與自行車,前車頭,NA,NA,駕駛者,未依規定減速,否,120.38143,23.006693
20231216,20231216,2023,12,071700,A1,臺南市政府警察局,臺南市新化區南168線6.8公里處,晴,有照明未開啟或故障,村里道路,40,單路部分,彎曲路及附近,路段,一般車道(未劃分快慢車道),柏油,乾燥,無缺陷,無障礙物,無遮蔽物,良好,無號誌,無號誌,行車分向線,無標記,未繪設車道線,未繪設快慢車道分隔線,有,車與車,對向擦撞,駕駛者,未依規定減速,死亡1;受傷0,2,小貨車(含客、貨兩用),自用,男,37,繫安全帶(使用幼童安全椅),未使用,車的狀態,向前直行中,汽車,左前車頭(身),NA,NA,無(車輛駕駛者因素),尚未發現肇事因素,否,120.38143,23.006693
20231216,20231216,2023,12,110200,A1,新北市政府警察局,新北市板橋區環河西路5段500號前0.0公尺,陰,無照明,市區道路,50,單路部分,直路,路段,一般車道(未劃分快慢車道),柏油,乾燥,無缺陷,無障礙物,有遮蔽物,路上停放車輛,無號誌,無號誌,行車分向線,無標記,未繪設車道線,未繪設快慢車道分隔線,有,車與車,同向擦撞,駕駛者,未保持行車安全間隔,死亡1;受傷0,1,大客車,營業用,男,31,繫安全帶(使用幼童安全椅),未使用,車的狀態,向前直行中,汽車,右側車身,NA,NA,駕駛者,未保持行車安全間隔,否,121.485541,25.022253
20231216,20231216,2023,12,110200,A1,新北市政府警察局,新北市板橋區環河西路5段500號前0.0公尺,陰,無照明,市區道路,50,單路部分,直路,路段,一般車道(未劃分快慢車道),柏油,乾燥,無缺陷,無障礙物,有遮蔽物,路上停放車輛,無號誌,無號誌,行車分向線,無標記,未繪設車道線,未繪設快慢車道分隔線,有,車與車,同向擦撞,駕駛者,未保持行車安全間隔,死亡1;受傷0,2,機車,普通重型,男,74,戴半罩式安全帽,未使用,車的狀態,向前直行中,機車與自行車,左側車身,NA,NA,駕駛者,未保持行車安全間隔,否,121.485541,25.022253
20231216,20231216,2023,12,110800,A1,屏東縣政府警察局,屏東縣內埔鄉自強路455號,晴,有照明未開啟或故障,市區道路,50,單路部分,直路,路段,一般車道(未劃分快慢車道),柏油,乾燥,無缺陷,無障礙物,無遮蔽物,良好,無號誌,無號誌,行車分向線,無標記,未繪設車道線,未繪設快慢車道分隔線,有,車輛本身,衝出路外,駕駛者,恍神、緊張、心不在焉分心駕駛,死亡1;受傷0,1,機車,普通重型,女,53,戴半罩式安全帽,不明,車的狀態,向前直行中,機車與自行車,前車頭,NA,NA,駕駛者,恍神、緊張、心不在焉分心駕駛,否,120.557244,22.616634
20231216,20231216,2023,12,110800,A1,屏東縣政府警察局,屏東縣內埔鄉自強路455號,晴,有照明未開啟或故障,市區道路,50,單路部分,直路,路段,一般車道(未劃分快慢車道),柏油,乾燥,無缺陷,無障礙物,無遮蔽物,良好,無號誌,無號誌,行車分向線,無標記,未繪設車道線,未繪設快慢車道分隔線,有,車輛本身,衝出路外,駕駛者,恍神、緊張、心不在焉分心駕駛,死亡1;受傷0,2,NA,NA,無或物(動物、堆置物),-1,NA,NA,NA,NA,NA,NA,NA,NA,無(非車輛駕駛人因素),尚未發現肇事因素,否,120.557244,22.616634
20231216,20231216,2023,12,134500,A1,新北市政府警察局,新北市新店區安和路3段100號前0.0公尺,陰,有照明未開啟或故障,市區道路,50,單路部分,彎曲路及附近,路段,一般車道(未劃分快慢車道),柏油,乾燥,無缺陷,無障礙物,無遮蔽物,良好,無號誌,無號誌,雙向禁止超車線,無標記,車道線(無標記),未繪設快慢車道分隔線,有,車與車,其他,駕駛者,迴轉未依規定,死亡1;受傷0,1,小客車(含客、貨兩用),自用,女,48,繫安全帶(使用幼童安全椅),未使用,車的狀態,迴轉或橫越道路中,汽車,左側車身,NA,NA,駕駛者,迴轉未依規定,否,121.518178,24.984616
20231216,20231216,2023,12,134500,A1,新北市政府警察局,新北市新店區安和路3段100號前0.0公尺,陰,有照明未開啟或故障,市區道路,50,單路部分,彎曲路及附近,路段,一般車道(未劃分快慢車道),柏油,乾燥,無缺陷,無障礙物,無遮蔽物,良好,無號誌,無號誌,雙向禁止超車線,無標記,車道線(無標記),未繪設快慢車道分隔線,有,車與車,其他,駕駛者,迴轉未依規定,死亡1;受傷0,2,機車,普通重型,男,18,戴半罩式安全帽,不明,車的狀態,向前直行中,機車與自行車,左側車身,NA,NA,其他,其他不當駕車行為,否,121.518178,24.984616
20231217,20231217,2023,12,001600,A1,雲林縣警察局,雲林縣虎尾鎮惠來里惠來73之62號前,晴,有照明且開啟,村里道路,50,單路部分,直路,路段,一般車道(未劃分快慢車道),柏油,乾燥,無缺陷,無障礙物,無遮蔽物,良好,無號誌,無號誌,行車分向線,無標記,未繪設車道線,未繪設快慢車道分隔線,有,人與車,衝進路中,非駕駛者,其他引起事故之疏失或行為,死亡1;受傷0,1,人,行人,男,57,其他(無需使用保護裝備之人),非駕駛人,人的狀態,步行,其他,非汽、機及自行車,NA,NA,非駕駛者,其他引起事故之疏失或行為,否,120.490436,23.728462
20231217,20231217,2023,12,001600,A1,雲林縣警察局,雲林縣虎尾鎮惠來里惠來73之62號前,晴,有照明且開啟,村里道路,50,單路部分,直路,路段,一般車道(未劃分快慢車道),柏油,乾燥,無缺陷,無障礙物,無遮蔽物,良好,無號誌,無號誌,行車分向線,無標記,未繪設車道線,未繪設快慢車道分隔線,有,人與車,衝進路中,非駕駛者,其他引起事故之疏失或行為,死亡1;受傷0,2,小客車(含客、貨兩用),自用,女,40,繫安全帶(使用幼童安全椅),未使用,車的狀態,向前直行中,汽車,前車頭,NA,NA,其他,其他不當駕車行為,否,120.490436,23.728462
20231217,20231217,2023,12,064601,A1,桃園市政府警察局,桃園市龜山區西勢湖路98號前0.0公尺附近,晴,有照明未開啟或故障,市區道路,30,單路部分,彎曲路及附近,路段,一般車道(未劃分快慢車道),柏油,乾燥,無缺陷,無障礙物,無遮蔽物,良好,無號誌,無號誌,雙向禁止超車線,無標記,未繪設車道線,未繪設快慢車道分隔線,有,車輛本身,撞號誌、標誌桿,駕駛者,恍神、緊張、心不在焉分心駕駛,死亡1;受傷0,1,機車,普通重型,男,34,戴半罩式安全帽,未使用,車的狀態,向前直行中,機車與自行車,前車頭,機車與自行車,右側車身,駕駛者,恍神、緊張、心不在焉分心駕駛,否,121.368694,25.03328
20231217,20231217,2023,12,064601,A1,桃園市政府警察局,桃園市龜山區西勢湖路98號前0.0公尺附近,晴,有照明未開啟或故障,市區道路,30,單路部分,彎曲路及附近,路段,一般車道(未劃分快慢車道),柏油,乾燥,無缺陷,無障礙物,無遮蔽物,良好,無號誌,無號誌,雙向禁止超車線,無標記,未繪設車道線,未繪設快慢車道分隔線,有,車輛本身,撞號誌、標誌桿,駕駛者,恍神、緊張、心不在焉分心駕駛,死亡1;受傷0,2,NA,NA,無或物(動物、堆置物),-1,NA,NA,NA,NA,NA,NA,NA,NA,無(非車輛駕駛人因素),尚未發現肇事因素,否,121.368694,25.03328
20231217,20231217,2023,12,083031,A1,雲林縣警察局,雲林縣莿桐鄉埤寮路上,晴,有照明且開啟,村里道路,50,交岔路,三岔路,交叉路口,交叉路口內,柏油,乾燥,無缺陷,無障礙物,無遮蔽物,良好,無號誌,無號誌,無,無分向設施,未繪設車道線,未繪設快慢車道分隔線,有,車輛本身,路上翻車、摔倒,無(車輛駕駛者因素),尚未發現肇事因素,死亡1;受傷0,1,機車,普通重型,男,54,不明,不明,不明,不明,機車與自行車,右側車身,NA,NA,無(車輛駕駛者因素),尚未發現肇事因素,否,120.527035,23.764073
20231217,20231217,2023,12,083031,A1,雲林縣警察局,雲林縣莿桐鄉埤寮路上,晴,有照明且開啟,村里道路,50,交岔路,三岔路,交叉路口,交叉路口內,柏油,乾燥,無缺陷,無障礙物,無遮蔽物,良好,無號誌,無號誌,無,無分向設施,未繪設車道線,未繪設快慢車道分隔線,有,車輛本身,路上翻車、摔倒,無(車輛駕駛者因素),尚未發現肇事因素,死亡1;受傷0,2,NA,NA,無或物(動物、堆置物),-1,NA,NA,NA,NA,NA,NA,NA,NA,無(非車輛駕駛人因素),尚未發現肇事因素,否,120.527035,23.764073
20231217,20231217,2023,12,153524,A1,桃園市政府警察局,桃園市龜山區大坑路二段大坑枝78號電桿旁(往林口方向),晴,有照明且開啟,市區道路,50,單路部分,直路,路段,一般車道(未劃分快慢車道),柏油,乾燥,無缺陷,無障礙物,無遮蔽物,良好,無號誌,無號誌,行車分向線,無標記,車道線(附標記),未繪設快慢車道分隔線,有,車輛本身,撞電桿,駕駛者,恍神、緊張、心不在焉分心駕駛,死亡1;受傷0,1,機車,普通重型,男,49,戴半罩式安全帽,未使用,車的狀態,向前直行中,機車與自行車,前車頭,機車與自行車,前車頭,駕駛者,恍神、緊張、心不在焉分心駕駛,否,121.326778,25.051819
20231217,20231217,2023,12,153524,A1,桃園市政府警察局,桃園市龜山區大坑路二段大坑枝78號電桿旁(往林口方向),晴,有照明且開啟,市區道路,50,單路部分,直路,路段,一般車道(未劃分快慢車道),柏油,乾燥,無缺陷,無障礙物,無遮蔽物,良好,無號誌,無號誌,行車分向線,無標記,車道線(附標記),未繪設快慢車道分隔線,有,車輛本身,撞電桿,駕駛者,恍神、緊張、心不在焉分心駕駛,死亡1;受傷0,2,NA,NA,無或物(動物、堆置物),-1,NA,NA,NA,NA,NA,NA,NA,NA,無(非車輛駕駛人因素),尚未發現肇事因素,否,121.326778,25.051819
20231217,20231217,2023,12,155000,A1,高雄市政府警察局,高雄市橋頭區里林東路 / 高雄市橋頭區甲樹路,晴,有照明未開啟或故障,市區道路,50,交岔路,三岔路,交叉路口,交叉路口內,柏油,乾燥,無缺陷,無障礙物,無遮蔽物,良好,行車管制號誌,正常,雙向禁止超車線,無標記,未繪設車道線,快慢車道分隔線,有,車與車,側撞,駕駛者,有號誌路口，轉彎車未讓直行車先行,死亡1;受傷0,1,小客車(含客、貨兩用),自用,男,59,繫安全帶(使用幼童安全椅),未使用,車的狀態,左轉彎,汽車,右前車頭(身),NA,NA,駕駛者,有號誌路口，轉彎車未讓直行車先行,否,120.301242,22.764912
20231217,20231217,2023,12,155000,A1,高雄市政府警察局,高雄市橋頭區里林東路 / 高雄市橋頭區甲樹路,晴,有照明未開啟或故障,市區道路,50,交岔路,三岔路,交叉路口,交叉路口內,柏油,乾燥,無缺陷,無障礙物,無遮蔽物,良好,行車管制號誌,正常,雙向禁止超車線,無標記,未繪設車道線,快慢車道分隔線,有,車與車,側撞,駕駛者,有號誌路口，轉彎車未讓直行車先行,死亡1;受傷0,2,機車,普通重型,女,63,戴半罩式安全帽,未使用,車的狀態,向前直行中,機車與自行車,前車頭,NA,NA,無(車輛駕駛者因素),尚未發現肇事因素,否,120.301242,22.764912
20231217,20231217,2023,12,160700,A1,臺中市政府警察局,臺中市太平區長龍路四段前0.0公尺,晴,有照明未開啟或故障,市區道路,30,單路部分,坡路,路段,一般車道(未劃分快慢車道),柏油,乾燥,無缺陷,無障礙物,無遮蔽物,良好,無號誌,無號誌,雙向禁止超車線,附標記,未繪設車道線,未繪設快慢車道分隔線,有,車輛本身,路上翻車、摔倒,其他,其他不當駕車行為,死亡1;受傷0,1,機車,普通重型,男,16,戴非半罩式安全帽,未使用,車的狀態,向前直行中,其他,不明,NA,NA,其他,其他不當駕車行為,否,120.814912,24.093892
20231217,20231217,2023,12,160700,A1,臺中市政府警察局,臺中市太平區長龍路四段前0.0公尺,晴,有照明未開啟或故障,市區道路,30,單路部分,坡路,路段,一般車道(未劃分快慢車道),柏油,乾燥,無缺陷,無障礙物,無遮蔽物,良好,無號誌,無號誌,雙向禁止超車線,附標記,未繪設車道線,未繪設快慢車道分隔線,有,車輛本身,路上翻車、摔倒,其他,其他不當駕車行為,死亡1;受傷0,2,NA,NA,無或物(動物、堆置物),0,NA,NA,NA,NA,NA,NA,NA,NA,無(非車輛駕駛人因素),尚未發現肇事因素,否,120.814912,24.093892
20231218,20231218,2023,12,053900,A1,臺南市政府警察局,臺南市新市區中山路口 / 臺南市新市區自由街口,晴,有照明且開啟,省道,40,交岔路,三岔路,交叉路口,交叉口附近,柏油,乾燥,無缺陷,無障礙物,無遮蔽物,良好,無號誌,無號誌,中央分向島,寬式(50公分以上),車道線(無標記),快慢車道分隔線,有,車輛本身,撞護欄(樁),駕駛者,恍神、緊張、心不在焉分心駕駛,死亡1;受傷0,1,機車,普通重型,男,36,戴半罩式安全帽,未使用,車的狀態,向前直行中,機車與自行車,右側車身,機車與自行車,右側車身,駕駛者,恍神、緊張、心不在焉分心駕駛,否,120.302258,23.077393
20231218,20231218,2023,12,053900,A1,臺南市政府警察局,臺南市新市區中山路口 / 臺南市新市區自由街口,晴,有照明且開啟,省道,40,交岔路,三岔路,交叉路口,交叉口附近,柏油,乾燥,無缺陷,無障礙物,無遮蔽物,良好,無號誌,無號誌,中央分向島,寬式(50公分以上),車道線(無標記),快慢車道分隔線,有,車輛本身,撞護欄(樁),駕駛者,恍神、緊張、心不在焉分心駕駛,死亡1;受傷0,2,NA,NA,無或物(動物、堆置物),-1,NA,NA,NA,NA,NA,NA,NA,NA,無(非車輛駕駛人因素),尚未發現肇事因素,否,120.302258,23.077393
20231218,20231218,2023,12,053900,A1,臺南市政府警察局,臺南市新市區中山路口 / 臺南市新市區自由街口,晴,有照明且開啟,省道,40,交岔路,三岔路,交叉路口,交叉口附近,柏油,乾燥,無缺陷,無障礙物,無遮蔽物,良好,無號誌,無號誌,中央分向島,寬式(50公分以上),車道線(無標記),快慢車道分隔線,有,車輛本身,撞護欄(樁),駕駛者,恍神、緊張、心不在焉分心駕駛,死亡1;受傷0,3,NA,NA,無或物(動物、堆置物),-1,NA,NA,NA,NA,NA,NA,NA,NA,無(非車輛駕駛人因素),尚未發現肇事因素,否,120.302258,23.077393
20231218,20231218,2023,12,053900,A1,臺南市政府警察局,臺南市新市區中山路口 / 臺南市新市區自由街口,晴,有照明且開啟,省道,40,交岔路,三岔路,交叉路口,交叉口附近,柏油,乾燥,無缺陷,無障礙物,無遮蔽物,良好,無號誌,無號誌,中央分向島,寬式(50公分以上),車道線(無標記),快慢車道分隔線,有,車輛本身,撞護欄(樁),駕駛者,恍神、緊張、心不在焉分心駕駛,死亡1;受傷0,4,NA,NA,無或物(動物、堆置物),-1,NA,NA,NA,NA,NA,NA,NA,NA,無(非車輛駕駛人因素),尚未發現肇事因素,否,120.302258,23.077393
20231218,20231218,2023,12,061148,A1,雲林縣警察局,雲林縣斗南鎮新崙路86號,晴,有照明且開啟,市區道路,50,單路部分,直路,路段,一般車道(未劃分快慢車道),柏油,乾燥,無缺陷,無障礙物,無遮蔽物,良好,無號誌,無號誌,雙向禁止超車線,無標記,未繪設車道線,未繪設快慢車道分隔線,有,車與車,追撞,駕駛者,觀看其他事故、活動、道路環境或車外資訊分心駕駛,死亡1;受傷0,1,機車,普通重型,男,42,戴半罩式安全帽,未使用,車的狀態,向前直行中,機車與自行車,前車頭,NA,NA,駕駛者,觀看其他事故、活動、道路環境或車外資訊分心駕駛,否,120.431588,23.679468
20231218,20231218,2023,12,061148,A1,雲林縣警察局,雲林縣斗南鎮新崙路86號,晴,有照明且開啟,市區道路,50,單路部分,直路,路段,一般車道(未劃分快慢車道),柏油,乾燥,無缺陷,無障礙物,無遮蔽物,良好,無號誌,無號誌,雙向禁止超車線,無標記,未繪設車道線,未繪設快慢車道分隔線,有,車與車,追撞,駕駛者,觀看其他事故、活動、道路環境或車外資訊分心駕駛,死亡1;受傷0,2,小客車(含客、貨兩用),自用,男,36,未戴安全帽或未繫安全帶(未使用幼童安全椅),未使用,車的狀態,靜止(引擎熄火),汽車,後車尾,NA,NA,無(車輛駕駛者因素),尚未發現肇事因素,否,120.431588,23.679468
20231218,20231218,2023,12,151400,A1,保安警察第二總隊,臺中市西屯區東大路一段與科園路口,晴,有照明未開啟或故障,市區道路,60,交岔路,四岔路,交叉路口,交叉路口內,柏油,乾燥,無缺陷,無障礙物,無遮蔽物,良好,行車管制號誌(附設行人專用號誌),正常,中央分向島,寬式(50公分以上),車道線(附標記),寬式快慢車道分隔島(50公分以上),有,車與車,側撞,駕駛者,違反其他號誌,死亡1;受傷0,1,大貨車,營業用,男,46,繫安全帶(使用幼童安全椅),未使用,車的狀態,右轉彎,汽車,右後車尾(身),NA,NA,駕駛者,違反其他號誌,否,120.611009,24.203771
20231218,20231218,2023,12,151400,A1,保安警察第二總隊,臺中市西屯區東大路一段與科園路口,晴,有照明未開啟或故障,市區道路,60,交岔路,四岔路,交叉路口,交叉路口內,柏油,乾燥,無缺陷,無障礙物,無遮蔽物,良好,行車管制號誌(附設行人專用號誌),正常,中央分向島,寬式(50公分以上),車道線(附標記),寬式快慢車道分隔島(50公分以上),有,車與車,側撞,駕駛者,違反其他號誌,死亡1;受傷0,2,機車,普通重型,男,26,戴非半罩式安全帽,未使用,車的狀態,向前直行中,機車與自行車,前車頭,NA,NA,無(車輛駕駛者因素),尚未發現肇事因素,否,120.611009,24.203771
20231218,20231218,2023,12,172649,A1,嘉義縣警察局,嘉義縣水上鄉水上村外林街、良都街路口,陰,無照明,鄉道,50,交岔路,三岔路,交叉路口,交叉路口內,柏油,乾燥,無缺陷,無障礙物,無遮蔽物,良好,無號誌,無號誌,無,無分向設施,未繪設車道線,未繪設快慢車道分隔線,無,車與車,側撞,駕駛者,無號誌路口，轉彎車未讓直行車先行,死亡1;受傷1,1,機車,普通重型,男,84,未戴安全帽或未繫安全帶(未使用幼童安全椅),不明,車的狀態,左轉彎,機車與自行車,右側車身,機車與自行車,後車尾,駕駛者,無號誌路口，轉彎車未讓直行車先行,否,120.397565,23.422629
20231218,20231218,2023,12,172649,A1,嘉義縣警察局,嘉義縣水上鄉水上村外林街、良都街路口,陰,無照明,鄉道,50,交岔路,三岔路,交叉路口,交叉路口內,柏油,乾燥,無缺陷,無障礙物,無遮蔽物,良好,無號誌,無號誌,無,無分向設施,未繪設車道線,未繪設快慢車道分隔線,無,車與車,側撞,駕駛者,無號誌路口，轉彎車未讓直行車先行,死亡1;受傷1,2,機車,普通重型,男,28,戴非半罩式安全帽,不明,車的狀態,向前直行中,機車與自行車,前車頭,機車與自行車,右側車身,其他,其他不當駕車行為,否,120.397565,23.422629
20231218,20231218,2023,12,222000,A1,國道公路警察局,南投縣竹山鎮國道3號 246公里900.0公尺處北側向中線,晴,無照明,國道,110,單路部分,直路,路段,快車道,柏油,乾燥,無缺陷,無障礙物,無遮蔽物,良好,無號誌,無號誌,中央分向島,寬式(50公分以上),車道線(附標記),未繪設快慢車道分隔線,有,車輛本身,撞護欄(樁),駕駛者,超速駕駛,死亡3;受傷2,1,小客車(含客、貨兩用),自用,男,43,未戴安全帽或未繫安全帶(未使用幼童安全椅),未使用,車的狀態,向前直行中,汽車,左前車頭(身),汽車,車頂,駕駛者,超速駕駛,否,120.567075,23.627898
20231218,20231218,2023,12,222000,A1,國道公路警察局,南投縣竹山鎮國道3號 246公里900.0公尺處北側向中線,晴,無照明,國道,110,單路部分,直路,路段,快車道,柏油,乾燥,無缺陷,無障礙物,無遮蔽物,良好,無號誌,無號誌,中央分向島,寬式(50公分以上),車道線(附標記),未繪設快慢車道分隔線,有,車輛本身,撞護欄(樁),駕駛者,超速駕駛,死亡3;受傷2,2,NA,NA,無或物(動物、堆置物),-1,NA,NA,NA,NA,NA,NA,NA,NA,無(非車輛駕駛人因素),尚未發現肇事因素,否,120.567075,23.627898
20231218,20231218,2023,12,222000,A1,國道公路警察局,南投縣竹山鎮國道3號 246公里900.0公尺處北側向中線,晴,無照明,國道,110,單路部分,直路,路段,快車道,柏油,乾燥,無缺陷,無障礙物,無遮蔽物,良好,無號誌,無號誌,中央分向島,寬式(50公分以上),車道線(附標記),未繪設快慢車道分隔線,有,車輛本身,撞護欄(樁),駕駛者,超速駕駛,死亡3;受傷2,3,小客車(含客、貨兩用),自用,男,63,繫安全帶(使用幼童安全椅),未使用,車的狀態,向右變換車道,汽車,前車頭,NA,NA,駕駛者,觀看其他事故、活動、道路環境或車外資訊分心駕駛,否,120.567075,23.627898
20231218,20231218,2023,12,222000,A1,國道公路警察局,南投縣竹山鎮國道3號 246公里900.0公尺處北側向中線,晴,無照明,國道,110,單路部分,直路,路段,快車道,柏油,乾燥,無缺陷,無障礙物,無遮蔽物,良好,無號誌,無號誌,中央分向島,寬式(50公分以上),車道線(附標記),未繪設快慢車道分隔線,有,車輛本身,撞護欄(樁),駕駛者,超速駕駛,死亡3;受傷2,4,小客車(含客、貨兩用),自用,男,19,繫安全帶(使用幼童安全椅),未使用,車的狀態,向右變換車道,汽車,前車頭,NA,NA,駕駛者,觀看其他事故、活動、道路環境或車外資訊分心駕駛,否,120.567075,23.627898
20231218,20231218,2023,12,222000,A1,國道公路警察局,南投縣竹山鎮國道3號 246公里900.0公尺處北側向中線,晴,無照明,國道,110,單路部分,直路,路段,快車道,柏油,乾燥,無缺陷,無障礙物,無遮蔽物,良好,無號誌,無號誌,中央分向島,寬式(50公分以上),車道線(附標記),未繪設快慢車道分隔線,有,車輛本身,撞護欄(樁),駕駛者,超速駕駛,死亡3;受傷2,5,小客車(含客、貨兩用),自用,男,36,繫安全帶(使用幼童安全椅),未使用,車的狀態,向右變換車道,汽車,右前車頭(身),NA,NA,駕駛者,觀看其他事故、活動、道路環境或車外資訊分心駕駛,否,120.567075,23.627898
20231218,20231218,2023,12,222000,A1,國道公路警察局,南投縣竹山鎮國道3號 246公里900.0公尺處北側向中線,晴,無照明,國道,110,單路部分,直路,路段,快車道,柏油,乾燥,無缺陷,無障礙物,無遮蔽物,良好,無號誌,無號誌,中央分向島,寬式(50公分以上),車道線(附標記),未繪設快慢車道分隔線,有,車輛本身,撞護欄(樁),駕駛者,超速駕駛,死亡3;受傷2,6,小客車(含客、貨兩用),自用,男,32,繫安全帶(使用幼童安全椅),未使用,車的狀態,向右變換車道,汽車,右前車頭(身),NA,NA,駕駛者,觀看其他事故、活動、道路環境或車外資訊分心駕駛,否,120.567075,23.627898
20231218,20231218,2023,12,222000,A1,國道公路警察局,南投縣竹山鎮國道3號 246公里900.0公尺處北側向中線,晴,無照明,國道,110,單路部分,直路,路段,快車道,柏油,乾燥,無缺陷,無障礙物,無遮蔽物,良好,無號誌,無號誌,中央分向島,寬式(50公分以上),車道線(附標記),未繪設快慢車道分隔線,有,車輛本身,撞護欄(樁),駕駛者,超速駕駛,死亡3;受傷2,7,人,乘客,女,42,不明,非駕駛人,人的狀態,其他,其他,非汽、機及自行車,NA,NA,無(非車輛駕駛人因素),尚未發現肇事因素,否,120.567075,23.627898
20231218,20231218,2023,12,222000,A1,國道公路警察局,南投縣竹山鎮國道3號 246公里900.0公尺處北側向中線,晴,無照明,國道,110,單路部分,直路,路段,快車道,柏油,乾燥,無缺陷,無障礙物,無遮蔽物,良好,無號誌,無號誌,中央分向島,寬式(50公分以上),車道線(附標記),未繪設快慢車道分隔線,有,車輛本身,撞護欄(樁),駕駛者,超速駕駛,死亡3;受傷2,8,人,乘客,女,1,不明,非駕駛人,人的狀態,其他,其他,非汽、機及自行車,NA,NA,無(非車輛駕駛人因素),尚未發現肇事因素,否,120.567075,23.627898
20231218,20231218,2023,12,222000,A1,國道公路警察局,南投縣竹山鎮國道3號 246公里900.0公尺處北側向中線,晴,無照明,國道,110,單路部分,直路,路段,快車道,柏油,乾燥,無缺陷,無障礙物,無遮蔽物,良好,無號誌,無號誌,中央分向島,寬式(50公分以上),車道線(附標記),未繪設快慢車道分隔線,有,車輛本身,撞護欄(樁),駕駛者,超速駕駛,死亡3;受傷2,9,人,乘客,女,60,繫安全帶(使用幼童安全椅),非駕駛人,人的狀態,其他,其他,非汽、機及自行車,NA,NA,無(非車輛駕駛人因素),尚未發現肇事因素,否,120.567075,23.627898