accident_date,發生日期,發生年度,發生月份,發生時間,事故類別名稱,處理單位名稱警局層,發生地點,天候名稱,光線名稱,道路類別-第1當事者-名稱,速限-第1當事者,道路型態大類別名稱,道路型態子類別名稱,事故位置大類別名稱,事故位置子類別名稱,路面狀況-路面鋪裝名稱,路面狀況-路面狀態名稱,路面狀況-路面缺陷名稱,道路障礙-障礙物名稱,道路障礙-視距品質名稱,道路障礙-視距名稱,號誌-號誌種類名稱,號誌-號誌動作名稱,車道劃分設施-分向設施大類別名稱,車道劃分設施-分向設施子類別名稱,車道劃分設施-分道設施-快車道或一般車道間名稱,車道劃分設施-分道設施-快慢車道間名稱,車道劃分設施-分道設施-路面邊線名稱,事故類型及型態大類別名稱,事故類型及型態子類別名稱,肇因研判大類別名稱-主要,肇因研判子類別名稱-主要,死亡受傷人數,當事者順位,當事者區分-類別-大類別名稱-車種,當事者區分-類別-子類別名稱-車種,當事者屬-性-別名稱,當事者事故發生時年齡,保護裝備名稱,行動電話或電腦或其他相類功能裝置名稱,當事者行動狀態大類別名稱,當事者行動狀態子類別名稱,車輛撞擊部位大類別名稱-最初,車輛撞擊部位子類別名稱-最初,車輛撞擊部位大類別名稱-其他,車輛撞擊部位子類別名稱-其他,肇因研判大類別名稱-個別,肇因研判子類別名稱-個別,肇事逃逸類別名稱-是否肇逃,經度,緯度
20231226,20231226,2023,12,052000,A1,屏東縣政府警察局,屏東縣獅子鄉縣199線 600.0公尺處附近,晴,無照明,縣道,30,單路部分,彎曲路及附近,路段,一般車道(未劃分快慢車道),柏油,乾燥,無缺陷,無障礙物,無遮蔽物,良好,無號誌,無號誌,雙向禁止超車線,無標記,未繪設車道線,未繪設快慢車道分隔線,有,車輛本身,衝出路外,駕駛者,恍神、緊張、心不在焉分心駕駛,死亡1;受傷0,1,機車,普通重型,女,45,戴半罩式安全帽,未使用,車的狀態,向前直行中,機車與自行車,前車頭,NA,NA,駕駛者,恍神、緊張、心不在焉分心駕駛,否,120.84168,22.244112
20231226,20231226,2023,12,052000,A1,屏東縣政府警察局,屏東縣獅子鄉縣199線 600.0公尺處附近,晴,無照明,縣道,30,單路部分,彎曲路及附近,路段,一般車道(未劃分快慢車道),柏油,乾燥,無缺陷,無障礙物,無遮蔽物,良好,無號誌,無號誌,雙向禁止超車線,無標記,未繪設車道線,未繪設快慢車道分隔線,有,車輛本身,衝出路外,駕駛者,恍神、緊張、心不在焉分心駕駛,死亡1;受傷0,2,NA,NA,無或物(動物、堆置物),-1,NA,NA,NA,NA,NA,NA,NA,NA,無(非車輛駕駛人因素),尚未發現肇事因素,否,120.84168,22.244112
20231226,20231226,2023,12,070400,A1,臺中市政府警察局,臺中市大肚區山陽里沙田路三段 / 臺中市大肚區山陽里沙田路三段,晴,有照明未開啟或故障,市區道路,60,交岔路,四岔路,交叉路口,交叉口附近,柏油,乾燥,無缺陷,無障礙物,無遮蔽物,良好,無號誌,無號誌,中央分向島,寬式(50公分以上),車道線(無標記),未繪設快慢車道分隔線,有,車與車,追撞,駕駛者,恍神、緊張、心不在焉分心駕駛,死亡1;受傷0,1,小客車(含客、貨兩用),自用,男,55,繫安全帶(使用幼童安全椅),未使用,車的狀態,向前直行中,汽車,左前車頭(身),NA,NA,駕駛者,恍神、緊張、心不在焉分心駕駛,否,120.542804,24.170614
20231226,20231226,2023,12,070400,A1,臺中市政府警察局,臺中市大肚區山陽里沙田路三段 / 臺中市大肚區山陽里沙田路三段,晴,有照明未開啟或故障,市區道路,60,交岔路,四岔路,交叉路口,交叉口附近,柏油,乾燥,無缺陷,無障礙物,無遮蔽物,良好,無號誌,無號誌,中央分向島,寬式(50公分以上),車道線(無標記),未繪設快慢車道分隔線,有,車與車,追撞,駕駛者,恍神、緊張、心不在焉分心駕駛,死亡1;受傷0,2,機車,普通重型,男,74,戴半罩式安全帽,未使用,車的狀態,左轉彎,機車與自行車,後車尾,NA,NA,駕駛者,左轉彎未依規定,否,120.542804,24.170614
20231226,20231226,2023,12,074500,A1,新竹市警察局,新竹市香山區西濱快速道路與海山港路口,晴,無照明,省道,50,交岔路,四岔路,交叉路口,交叉路口內,柏油,乾燥,無缺陷,無障礙物,無遮蔽物,良好,行車管制號誌(附設行人專用號誌),無動作,無,無分向設施,未繪設車道線,未繪設快慢車道分隔線,無,車與車,路口交岔撞,駕駛者,無號誌路口，少線道未讓多線道先行,死亡1;受傷0,1,小客車(含客、貨兩用),自用,男,74,不明,不明,車的狀態,向前直行中,汽車,前車頭,NA,NA,駕駛者,無號誌路口，少線道未讓多線道先行,否,120.90863,24.763168
20231226,20231226,2023,12,074500,A1,新竹市警察局,新竹市香山區西濱快速道路與海山港路口,晴,無照明,省道,50,交岔路,四岔路,交叉路口,交叉路口內,柏油,乾燥,無缺陷,無障礙物,無遮蔽物,良好,行車管制號誌(附設行人專用號誌),無動作,無,無分向設施,未繪設車道線,未繪設快慢車道分隔線,無,車與車,路口交岔撞,駕駛者,無號誌路口，少線道未讓多線道先行,死亡1;受傷0,2,機車,普通重型,男,19,戴半罩式安全帽,未使用,車的狀態,向前直行中,機車與自行車,右側車身,NA,NA,駕駛者,未依規定減速,否,120.90863,24.763168
20231226,20231226,2023,12,074500,A1,新竹市警察局,新竹市香山區西濱快速道路與海山港路口,晴,無照明,省道,50,交岔路,四岔路,交叉路口,交叉路口內,柏油,乾燥,無缺陷,無障礙物,無遮蔽物,良好,行車管制號誌(附設行人專用號誌),無動作,無,無分向設施,未繪設車道線,未繪設快慢車道分隔線,無,車與車,路口交岔撞,駕駛者,無號誌路口，少線道未讓多線道先行,死亡1;受傷0,3,小客車(含客、貨兩用),自用,男,69,不明,不明,車的狀態,向前直行中,汽車,前車頭,NA,NA,駕駛者,未依規定減速,否,120.90863,24.763168
20231226,20231226,2023,12,085000,A1,臺中市政府警察局,臺中市西屯區何成里文心路二段550號前0.0公尺,晴,無照明,市區道路,50,交岔路,四岔路,交叉路口,交叉口附近,柏油,乾燥,無缺陷,無障礙物,無遮蔽物,良好,行車管制號誌(附設行人專用號誌),正常,中央分向島,寬式(50公分以上),車道線(無標記),未繪設快慢車道分隔線,無,車與車,同向擦撞,其他,其他不當駕車行為,死亡1;受傷0,1,機車,普通重型,男,60,戴半罩式安全帽,未使用,車的狀態,向左變換車道,機車與自行車,左側車身,NA,NA,其他,其他不當駕車行為,否,120.646976,24.15601
20231226,20231226,2023,12,085000,A1,臺中市政府警察局,臺中市西屯區何成里文心路二段550號前0.0公尺,晴,無照明,市區道路,50,交岔路,四岔路,交叉路口,交叉口附近,柏油,乾燥,無缺陷,無障礙物,無遮蔽物,良好,行車管制號誌(附設行人專用號誌),正常,中央分向島,寬式(50公分以上),車道線(無標記),未繪設快慢車道分隔線,無,車與車,同向擦撞,其他,其他不當駕車行為,死亡1;受傷0,2,小客車(含客、貨兩用),自用,女,42,繫安全帶(使用幼童安全椅),未使用,車的狀態,向前直行中,汽車,右側車身,NA,NA,無(車輛駕駛者因素),尚未發現肇事因素,否,120.646976,24.15601
20231226,20231226,2023,12,184000,A1,桃園市政府警察局,桃園市龜山區萬壽路一段前0.0公尺東側,晴,有照明未開啟或故障,市區道路,50,單路部分,彎曲路及附近,路段,路肩、路緣,柏油,乾燥,無缺陷,無障礙物,無遮蔽物,良好,無號誌,無號誌,中央分向島,寬式(50公分以上),未繪設車道線,快慢車道分隔線,有,車輛本身,撞電桿,駕駛者,恍神、緊張、心不在焉分心駕駛,死亡1;受傷0,1,機車,普通重型,女,37,戴半罩式安全帽,不明,車的狀態,向前直行中,機車與自行車,右側車身,機車與自行車,左側車身,駕駛者,恍神、緊張、心不在焉分心駕駛,否,121.386991,25.012065
20231226,20231226,2023,12,184000,A1,桃園市政府警察局,桃園市龜山區萬壽路一段前0.0公尺東側,晴,有照明未開啟或故障,市區道路,50,單路部分,彎曲路及附近,路段,路肩、路緣,柏油,乾燥,無缺陷,無障礙物,無遮蔽物,良好,無號誌,無號誌,中央分向島,寬式(50公分以上),未繪設車道線,快慢車道分隔線,有,車輛本身,撞電桿,駕駛者,恍神、緊張、心不在焉分心駕駛,死亡1;受傷0,2,NA,NA,無或物(動物、堆置物),-1,NA,NA,NA,NA,NA,NA,NA,NA,無(非車輛駕駛人因素),尚未發現肇事因素,否,121.386991,25.012065
20231226,20231226,2023,12,184000,A1,桃園市政府警察局,桃園市龜山區萬壽路一段前0.0公尺東側,晴,有照明未開啟或故障,市區道路,50,單路部分,彎曲路及附近,路段,路肩、路緣,柏油,乾燥,無缺陷,無障礙物,無遮蔽物,良好,無號誌,無號誌,中央分向島,寬式(50公分以上),未繪設車道線,快慢車道分隔線,有,車輛本身,撞電桿,駕駛者,恍神、緊張、心不在焉分心駕駛,死亡1;受傷0,3,機車,普通重型,男,51,戴半罩式安全帽,未使用,車的狀態,向前直行中,機車與自行車,前車頭,NA,NA,駕駛者,恍神、緊張、心不在焉分心駕駛,否,121.386991,25.012065
20231226,20231226,2023,12,205600,A1,苗栗縣警察局,苗栗縣苗栗市文聖里國華路711號前0.0公尺,陰,有照明且開啟,市區道路,60,交岔路,四岔路,交叉路口,交叉口附近,柏油,乾燥,無缺陷,無障礙物,無遮蔽物,良好,行車管制號誌,正常,中央分向島,寬式(50公分以上),車道線(無標記),快慢車道分隔線,有,人與車,穿越道路中,非駕駛者,未依標誌或標線穿越道路,死亡1;受傷0,1,人,行人,男,65,其他(無需使用保護裝備之人),非駕駛人,人的狀態,步行,其他,非汽、機及自行車,NA,NA,非駕駛者,未依標誌或標線穿越道路,否,120.81531,24.572433
20231226,20231226,2023,12,205600,A1,苗栗縣警察局,苗栗縣苗栗市文聖里國華路711號前0.0公尺,陰,有照明且開啟,市區道路,60,交岔路,四岔路,交叉路口,交叉口附近,柏油,乾燥,無缺陷,無障礙物,無遮蔽物,良好,行車管制號誌,正常,中央分向島,寬式(50公分以上),車道線(無標記),快慢車道分隔線,有,人與車,穿越道路中,非駕駛者,未依標誌或標線穿越道路,死亡1;受傷0,2,小客車(含客、貨兩用),自用,女,54,不明,不明,車的狀態,向前直行中,汽車,右前車頭(身),NA,NA,駕駛者,未依規定減速,否,120.81531,24.572433
20231227,20231227,2023,12,025900,A1,高雄市政府警察局,高雄市永安區保安路28號前0.0公尺,晴,有照明且開啟,市區道路,70,單路部分,直路,路段,一般車道(未劃分快慢車道),柏油,乾燥,無缺陷,無障礙物,無遮蔽物,良好,無號誌,無號誌,雙向禁止超車線,無標記,車道線(無標記),未繪設快慢車道分隔線,有,車輛本身,撞電桿,駕駛者,恍神、緊張、心不在焉分心駕駛,死亡1;受傷0,1,小客車(含客、貨兩用),自用,男,69,不明,不明,車的狀態,向前直行中,汽車,前車頭,NA,NA,駕駛者,恍神、緊張、心不在焉分心駕駛,否,120.2433,22.80883
20231227,20231227,2023,12,025900,A1,高雄市政府警察局,高雄市永安區保安路28號前0.0公尺,晴,有照明且開啟,市區道路,70,單路部分,直路,路段,一般車道(未劃分快慢車道),柏油,乾燥,無缺陷,無障礙物,無遮蔽物,良好,無號誌,無號誌,雙向禁止超車線,無標記,車道線(無標記),未繪設快慢車道分隔線,有,車輛本身,撞電桿,駕駛者,恍神、緊張、心不在焉分心駕駛,死亡1;受傷0,2,NA,NA,無或物(動物、堆置物),112,NA,NA,NA,NA,NA,NA,NA,NA,無(非車輛駕駛人因素),尚未發現肇事因素,否,120.2433,22.80883
20231227,20231227,2023,12,040500,A1,桃園市政府警察局,桃園市觀音區新華路二段348-1號前0.0公尺附近,晴,有照明且開啟,市區道路,50,單路部分,直路,路段,一般車道(未劃分快慢車道),柏油,乾燥,無缺陷,無障礙物,無遮蔽物,良好,無號誌,無號誌,行車分向線,無標記,未繪設車道線,未繪設快慢車道分隔線,有,車與車,追撞,駕駛者,爭(搶)道行駛,死亡1;受傷0,1,慢車,腳踏自行車,男,79,其他(無需使用保護裝備之人),未使用,車的狀態,向前直行中,機車與自行車,後車尾,NA,NA,駕駛者,爭(搶)道行駛,否,121.133546,25.008337
20231227,20231227,2023,12,040500,A1,桃園市政府警察局,桃園市觀音區新華路二段348-1號前0.0公尺附近,晴,有照明且開啟,市區道路,50,單路部分,直路,路段,一般車道(未劃分快慢車道),柏油,乾燥,無缺陷,無障礙物,無遮蔽物,良好,無號誌,無號誌,行車分向線,無標記,未繪設車道線,未繪設快慢車道分隔線,有,車與車,追撞,駕駛者,爭(搶)道行駛,死亡1;受傷0,2,小客車(含客、貨兩用),自用,男,68,繫安全帶(使用幼童安全椅),未使用,車的狀態,向前直行中,汽車,前車頭,NA,NA,駕駛者,恍神、緊張、心不在焉分心駕駛,否,121.133546,25.008337
20231227,20231227,2023,12,053900,A1,基隆市警察局,基隆市信義區東信路 / 基隆市信義區東光路,晴,有照明且開啟,市區道路,50,交岔路,四岔路,交叉路口,交叉路口內,柏油,乾燥,無缺陷,無障礙物,無遮蔽物,良好,閃光號誌,正常,無,無分向設施,未繪設車道線,未繪設快慢車道分隔線,無,車與車,側撞,駕駛者,酒醉(後)駕駛,死亡1;受傷1,1,機車,普通重型,男,23,戴半罩式安全帽,未使用,車的狀態,左轉彎,機車與自行車,前車頭,NA,NA,駕駛者,酒醉(後)駕駛,否,121.766405,25.127446
20231227,20231227,2023,12,053900,A1,基隆市警察局,基隆市信義區東信路 / 基隆市信義區東光路,晴,有照明且開啟,市區道路,50,交岔路,四岔路,交叉路口,交叉路口內,柏油,乾燥,無缺陷,無障礙物,無遮蔽物,良好,閃光號誌,正常,無,無分向設施,未繪設車道線,未繪設快慢車道分隔線,無,車與車,側撞,駕駛者,酒醉(後)駕駛,死亡1;受傷1,2,機車,普通重型,女,32,戴半罩式安全帽,未使用,車的狀態,向前直行中,機車與自行車,前車頭,NA,NA,駕駛者,未依規定減速,否,121.766405,25.127446
20231227,20231227,2023,12,142000,A1,臺中市政府警察局,臺中市大肚區福山里沙田路一段 / 臺中市大肚區福山里沙田路一段,晴,有照明未開啟或故障,市區道路,40,交岔路,四岔路,交叉路口,交叉路口內,柏油,乾燥,無缺陷,無障礙物,無遮蔽物,良好,行車管制號誌,正常,無,無分向設施,未繪設車道線,未繪設快慢車道分隔線,無,人與車,同向通行中,駕駛者,恍神、緊張、心不在焉分心駕駛,死亡1;受傷1,1,機車,普通重型,男,24,戴非半罩式安全帽,未使用,車的狀態,向前直行中,機車與自行車,前車頭,NA,NA,駕駛者,恍神、緊張、心不在焉分心駕駛,否,120.561298,24.12513
20231227,20231227,2023,12,142000,A1,臺中市政府警察局,臺中市大肚區福山里沙田路一段 / 臺中市大肚區福山里沙田路一段,晴,有照明未開啟或故障,市區道路,40,交岔路,四岔路,交叉路口,交叉路口內,柏油,乾燥,無缺陷,無障礙物,無遮蔽物,良好,行車管制號誌,正常,無,無分向設施,未繪設車道線,未繪設快慢車道分隔線,無,人與車,同向通行中,駕駛者,恍神、緊張、心不在焉分心駕駛,死亡1;受傷1,2,人,行人,女,84,其他(無需使用保護裝備之人),非駕駛人,人的狀態,步行,其他,非汽、機及自行車,NA,NA,非駕駛者,其他引起事故之疏失或行為,否,120.561298,24.12513
20231227,20231227,2023,12,152500,A1,苗栗縣警察局,苗栗縣三灣鄉臺三線102.7公里,陰,無照明,其他,60,單路部分,彎曲路及附近,路段,一般車道(未劃分快慢車道),柏油,乾燥,無缺陷,無障礙物,無遮蔽物,良好,無號誌,無號誌,雙向禁止超車線,無標記,車道線(無標記),未繪設快慢車道分隔線,有,車輛本身,路上翻車、摔倒,駕駛者,未依規定減速,死亡1;受傷0,1,機車,普通重型,男,19,戴非半罩式安全帽,不明,車的狀態,向前直行中,機車與自行車,左側車身,NA,NA,駕駛者,未依規定減速,否,120.950547,24.61584
20231227,20231227,2023,12,152500,A1,苗栗縣警察局,苗栗縣三灣鄉臺三線102.7公里,陰,無照明,其他,60,單路部分,彎曲路及附近,路段,一般車道(未劃分快慢車道),柏油,乾燥,無缺陷,無障礙物,無遮蔽物,良好,無號誌,無號誌,雙向禁止超車線,無標記,車道線(無標記),未繪設快慢車道分隔線,有,車輛本身,路上翻車、摔倒,駕駛者,未依規定減速,死亡1;受傷0,2,NA,NA,無或物(動物、堆置物),-1,NA,NA,NA,NA,NA,NA,NA,NA,無(非車輛駕駛人因素),尚未發現肇事因素,否,120.950547,24.61584
20231227,20231227,2023,12,165100,A1,臺北市政府警察局,臺北市北投區榮華三路3號前0.0公尺,陰,無照明,市區道路,30,單路部分,直路,路段,一般車道(未劃分快慢車道),柏油,乾燥,無缺陷,無障礙物,無遮蔽物,良好,無號誌,無號誌,雙向禁止超車線,無標記,車道線(無標記),未繪設快慢車道分隔線,無,車與車,對向擦撞,駕駛者,逆向行駛,死亡1;受傷0,1,小客車(含客、貨兩用),租賃車,女,44,不明,不明,車的狀態,向左變換車道,汽車,左前車頭(身),NA,NA,駕駛者,逆向行駛,否,121.524195,25.113714
20231227,20231227,2023,12,165100,A1,臺北市政府警察局,臺北市北投區榮華三路3號前0.0公尺,陰,無照明,市區道路,30,單路部分,直路,路段,一般車道(未劃分快慢車道),柏油,乾燥,無缺陷,無障礙物,無遮蔽物,良好,無號誌,無號誌,雙向禁止超車線,無標記,車道線(無標記),未繪設快慢車道分隔線,無,車與車,對向擦撞,駕駛者,逆向行駛,死亡1;受傷0,2,機車,普通重型,男,69,不明,不明,車的狀態,向前直行中,機車與自行車,左側車身,NA,NA,其他,其他不當駕車行為,否,121.524195,25.113714
20231227,20231227,2023,12,165100,A1,臺北市政府警察局,臺北市北投區榮華三路3號前0.0公尺,陰,無照明,市區道路,30,單路部分,直路,路段,一般車道(未劃分快慢車道),柏油,乾燥,無缺陷,無障礙物,無遮蔽物,良好,無號誌,無號誌,雙向禁止超車線,無標記,車道線(無標記),未繪設快慢車道分隔線,無,車與車,對向擦撞,駕駛者,逆向行駛,死亡1;受傷0,3,小客車(含客、貨兩用),自用,男,52,不明,不明,車的狀態,靜止(引擎熄火),其他,無撞擊,NA,NA,其他,違規(臨時)停車,否,121.524195,25.113714
20231227,20231227,2023,12,233300,A1,高雄市政府警察局,高雄市苓雅區青年一路 / 高雄市苓雅區光華一路,雨,有照明且開啟,市區道路,50,交岔路,四岔路,交叉路口,交叉路口內,柏油,濕潤,無缺陷,無障礙物,無遮蔽物,良好,行車管制號誌,正常,無,無分向設施,未繪設車道線,未繪設快慢車道分隔線,無,車與車,路口交岔撞,駕駛者,闖紅燈直行,死亡1;受傷2,1,慢車,微型電動二輪車,男,64,不明,不明,車的狀態,向前直行中,機車與自行車,右側車身,NA,NA,駕駛者,闖紅燈直行,否,120.31533,22.624414
20231227,20231227,2023,12,233300,A1,高雄市政府警察局,高雄市苓雅區青年一路 / 高雄市苓雅區光華一路,雨,有照明且開啟,市區道路,50,交岔路,四岔路,交叉路口,交叉路口內,柏油,濕潤,無缺陷,無障礙物,無遮蔽物,良好,行車管制號誌,正常,無,無分向設施,未繪設車道線,未繪設快慢車道分隔線,無,車與車,路口交岔撞,駕駛者,闖紅燈直行,死亡1;受傷2,2,機車,大型重型2(250-550C.C.),男,23,戴半罩式安全帽,未使用,車的狀態,向前直行中,機車與自行車,前車頭,NA,NA,無(車輛駕駛者因素),尚未發現肇事因素,否,120.31533,22.624414
20231227,20231227,2023,12,233300,A1,高雄市政府警察局,高雄市苓雅區青年一路 / 高雄市苓雅區光華一路,雨,有照明且開啟,市區道路,50,交岔路,四岔路,交叉路口,交叉路口內,柏油,濕潤,無缺陷,無障礙物,無遮蔽物,良好,行車管制號誌,正常,無,無分向設施,未繪設車道線,未繪設快慢車道分隔線,無,車與車,路口交岔撞,駕駛者,闖紅燈直行,死亡1;受傷2,3,人,乘客,女,25,不明,非駕駛人,人的狀態,其他,其他,非汽、機及自行車,NA,NA,無(非車輛駕駛人因素),尚未發現肇事因素,否,120.31533,22.624414
20231228,20231228,2023,12,010900,A1,高雄市政府警察局,高雄市楠梓區村高楠公路機車專用道號前0.0公尺,雨,有照明且開啟,市區道路,50,單路部分,彎曲路及附近,路段,機車專用道,柏油,濕潤,無缺陷,無障礙物,無遮蔽物,良好,無號誌,無號誌,無,無分向設施,車道線(無標記),未繪設快慢車道分隔線,無,車輛本身,撞交通島,駕駛者,恍神、緊張、心不在焉分心駕駛,死亡1;受傷0,1,機車,普通重型,女,18,戴半罩式安全帽,未使用,車的狀態,向前直行中,機車與自行車,前車頭,NA,NA,駕駛者,恍神、緊張、心不在焉分心駕駛,否,120.2939,22.71318
20231228,20231228,2023,12,010900,A1,高雄市政府警察局,高雄市楠梓區村高楠公路機車專用道號前0.0公尺,雨,有照明且開啟,市區道路,50,單路部分,彎曲路及附近,路段,機車專用道,柏油,濕潤,無缺陷,無障礙物,無遮蔽物,良好,無號誌,無號誌,無,無分向設施,車道線(無標記),未繪設快慢車道分隔線,無,車輛本身,撞交通島,駕駛者,恍神、緊張、心不在焉分心駕駛,死亡1;受傷0,2,NA,NA,無或物(動物、堆置物),112,NA,NA,NA,NA,NA,NA,NA,NA,無(非車輛駕駛人因素),尚未發現肇事因素,否,120.2939,22.71318
20231228,20231228,2023,12,115000,A1,雲林縣警察局,雲林縣東勢鄉東北村信一路與產業道路口,陰,無照明,村里道路,30,交岔路,四岔路,交叉路口,交叉路口內,柏油,乾燥,無缺陷,無障礙物,無遮蔽物,良好,無號誌,無號誌,無,無分向設施,未繪設車道線,未繪設快慢車道分隔線,無,車與車,路口交岔撞,駕駛者,無號誌路口，左方車未讓右方車先行,死亡1;受傷0,1,機車,普通重型,女,69,未戴安全帽或未繫安全帶(未使用幼童安全椅),不明,車的狀態,向前直行中,機車與自行車,右側車身,NA,NA,駕駛者,無號誌路口，左方車未讓右方車先行,否,120.265602,23.688758
20231228,20231228,2023,12,115000,A1,雲林縣警察局,雲林縣東勢鄉東北村信一路與產業道路口,陰,無照明,村里道路,30,交岔路,四岔路,交叉路口,交叉路口內,柏油,乾燥,無缺陷,無障礙物,無遮蔽物,良好,無號誌,無號誌,無,無分向設施,未繪設車道線,未繪設快慢車道分隔線,無,車與車,路口交岔撞,駕駛者,無號誌路口，左方車未讓右方車先行,死亡1;受傷0,2,小貨車(含客、貨兩用),自用,男,23,不明,不明,車的狀態,向前直行中,汽車,前車頭,NA,NA,駕駛者,未依規定減速,否,120.265602,23.688758
20231228,20231228,2023,12,115600,A1,新北市政府警察局,新北市中和區民享街 / 新北市中和區民享街,晴,有照明且開啟,市區道路,30,交岔路,四岔路,交叉路口,交叉路口內,柏油,乾燥,無缺陷,無障礙物,無遮蔽物,良好,無號誌,無號誌,雙向禁止超車線,無標記,未繪設車道線,未繪設快慢車道分隔線,無,車與車,其他,駕駛者,左轉彎未依規定,死亡1;受傷0,1,慢車,腳踏自行車,男,73,其他(無需使用保護裝備之人),未使用,車的狀態,左轉彎,其他,無撞擊,NA,NA,駕駛者,左轉彎未依規定,是,121.473218,25.000571
20231228,20231228,2023,12,115600,A1,新北市政府警察局,新北市中和區民享街 / 新北市中和區民享街,晴,有照明且開啟,市區道路,30,交岔路,四岔路,交叉路口,交叉路口內,柏油,乾燥,無缺陷,無障礙物,無遮蔽物,良好,無號誌,無號誌,雙向禁止超車線,無標記,未繪設車道線,未繪設快慢車道分隔線,無,車與車,其他,駕駛者,左轉彎未依規定,死亡1;受傷0,2,小客車(含客、貨兩用),營業用,男,58,繫安全帶(使用幼童安全椅),未使用,車的狀態,其他,汽車,前車頭,NA,NA,駕駛者,未依規定減速,否,121.473218,25.000571
20231228,20231228,2023,12,115600,A1,新北市政府警察局,新北市中和區民享街 / 新北市中和區民享街,晴,有照明且開啟,市區道路,30,交岔路,四岔路,交叉路口,交叉路口內,柏油,乾燥,無缺陷,無障礙物,無遮蔽物,良好,無號誌,無號誌,雙向禁止超車線,無標記,未繪設車道線,未繪設快慢車道分隔線,無,車與車,其他,駕駛者,左轉彎未依規定,死亡1;受傷0,3,機車,普通重型,男,62,戴半罩式安全帽,未使用,車的狀態,向前直行中,機車與自行車,前車頭,NA,NA,無(車輛駕駛者因素),尚未發現肇事因素,否,121.473218,25.000571
20231228,20231228,2023,12,141707,A1,花蓮縣警察局,花蓮縣豐濱鄉台11線 31公里20.0公尺處附近向路肩,雨,有照明且開啟,省道,50,單路部分,彎曲路及附近,路段,路肩、路緣,柏油,濕潤,無缺陷,無障礙物,無遮蔽物,良好,無號誌,無號誌,雙向禁止超車線,無標記,未繪設車道線,未繪設快慢車道分隔線,有,車與車,其他,其他,相關跡證不足且無具體影像紀錄，當事人各執一詞，經分析後無法釐清肇事原因,死亡1;受傷2,1,小客車(含客、貨兩用),自用,男,27,未戴安全帽或未繫安全帶(未使用幼童安全椅),不明,不明,不明,汽車,右前車頭(身),NA,NA,其他,相關跡證不足且無具體影像紀錄，當事人各執一詞，經分析後無法釐清肇事原因,否,121.559356,23.735908
20231228,20231228,2023,12,141707,A1,花蓮縣警察局,花蓮縣豐濱鄉台11線 31公里20.0公尺處附近向路肩,雨,有照明且開啟,省道,50,單路部分,彎曲路及附近,路段,路肩、路緣,柏油,濕潤,無缺陷,無障礙物,無遮蔽物,良好,無號誌,無號誌,雙向禁止超車線,無標記,未繪設車道線,未繪設快慢車道分隔線,有,車與車,其他,其他,相關跡證不足且無具體影像紀錄，當事人各執一詞，經分析後無法釐清肇事原因,死亡1;受傷2,2,小客車(含客、貨兩用),自用,男,30,繫安全帶(使用幼童安全椅),未使用,車的狀態,向前直行中,汽車,左前車頭(身),NA,NA,無(車輛駕駛者因素),尚未發現肇事因素,否,121.559356,23.735908
20231228,20231228,2023,12,141707,A1,花蓮縣警察局,花蓮縣豐濱鄉台11線 31公里20.0公尺處附近向路肩,雨,有照明且開啟,省道,50,單路部分,彎曲路及附近,路段,路肩、路緣,柏油,濕潤,無缺陷,無障礙物,無遮蔽物,良好,無號誌,無號誌,雙向禁止超車線,無標記,未繪設車道線,未繪設快慢車道分隔線,有,車與車,其他,其他,相關跡證不足且無具體影像紀錄，當事人各執一詞，經分析後無法釐清肇事原因,死亡1;受傷2,3,人,乘客,女,30,繫安全帶(使用幼童安全椅),非駕駛人,人的狀態,其他,其他,非汽、機及自行車,NA,NA,非駕駛者,其他引起事故之疏失或行為,否,121.559356,23.735908
20231228,20231228,2023,12,141707,A1,花蓮縣警察局,花蓮縣豐濱鄉台11線 31公里20.0公尺處附近向路肩,雨,有照明且開啟,省道,50,單路部分,彎曲路及附近,路段,路肩、路緣,柏油,濕潤,無缺陷,無障礙物,無遮蔽物,良好,無號誌,無號誌,雙向禁止超車線,無標記,未繪設車道線,未繪設快慢車道分隔線,有,車與車,其他,其他,相關跡證不足且無具體影像紀錄，當事人各執一詞，經分析後無法釐清肇事原因,死亡1;受傷2,4,人,乘客,女,0,未戴安全帽或未繫安全帶(未使用幼童安全椅),非駕駛人,人的狀態,其他,其他,非汽、機及自行車,NA,NA,非駕駛者,其他引起事故之疏失或行為,否,121.559356,23.735908
20231228,20231228,2023,12,163400,A1,桃園市政府警察局,桃園市八德區興豐路附近 / 桃園市八德區豐吉路,雨,有照明未開啟或故障,市區道路,50,交岔路,四岔路,交叉路口,交叉路口內,柏油,濕潤,有坑洞,無障礙物,無遮蔽物,良好,行車管制號誌,正常,無,無分向設施,未繪設車道線,未繪設快慢車道分隔線,無,車與車,側撞,駕駛者,右轉彎未依規定,死亡1;受傷0,1,大貨車,營業用,男,25,繫安全帶(使用幼童安全椅),未使用,車的狀態,右轉彎,汽車,右前車頭(身),NA,NA,駕駛者,右轉彎未依規定,否,121.291135,24.930169
20231228,20231228,2023,12,163400,A1,桃園市政府警察局,桃園市八德區興豐路附近 / 桃園市八德區豐吉路,雨,有照明未開啟或故障,市區道路,50,交岔路,四岔路,交叉路口,交叉路口內,柏油,濕潤,有坑洞,無障礙物,無遮蔽物,良好,行車管制號誌,正常,無,無分向設施,未繪設車道線,未繪設快慢車道分隔線,無,車與車,側撞,駕駛者,右轉彎未依規定,死亡1;受傷0,2,機車,普通重型,女,54,戴半罩式安全帽,未使用,車的狀態,向前直行中,機車與自行車,左側車身,NA,NA,駕駛者,違反其他標誌(線)禁制,否,121.291135,24.930169